# Blender 4.4.0
# www.blender.org
o QuadMesh.006
v -0.901623 -0.305422 -0.206364
v -0.906178 -0.320912 -0.150000
v -0.911347 -0.338379 -0.050000
v -0.900295 -0.201363 -0.300856
v -0.906240 -0.240818 -0.243818
v -0.922578 -0.250000 -0.150000
v -0.933158 -0.250000 -0.050000
v -0.903674 -0.150000 -0.310377
v -0.919561 -0.150000 -0.250000
v -0.939308 -0.150000 -0.150000
v -0.950145 -0.150000 -0.050000
v -0.907124 -0.050000 -0.320099
v -0.926695 -0.050000 -0.250000
v -0.947038 -0.050000 -0.150000
v -0.958235 -0.050000 -0.050000
v -0.800077 -0.600128 -0.100442
v -0.802183 -0.603780 -0.050000
v -0.801077 -0.502152 -0.302619
v -0.809051 -0.518146 -0.250000
v -0.816677 -0.553225 -0.140265
v -0.828873 -0.550000 -0.050000
v -0.801731 -0.403985 -0.403428
v -0.810730 -0.442391 -0.341571
v -0.838813 -0.450000 -0.250000
v -0.861763 -0.450000 -0.150000
v -0.873150 -0.450000 -0.050000
v -0.811443 -0.350000 -0.423003
v -0.842358 -0.350000 -0.350000
v -0.879497 -0.343253 -0.243818
v -0.890974 -0.370912 -0.150000
v -0.896461 -0.388379 -0.050000
v -0.805160 -0.220909 -0.508355
v -0.824175 -0.252545 -0.456345
v -0.876766 -0.240818 -0.340514
v -0.892811 -0.268030 -0.273030
v -0.810850 -0.150000 -0.517714
v -0.846407 -0.150000 -0.450000
v -0.885556 -0.150000 -0.360377
v -0.814407 -0.050000 -0.523763
v -0.853341 -0.050000 -0.450000
v -0.888934 -0.050000 -0.370099
v -0.604126 -0.804405 -0.309013
v -0.613463 -0.813529 -0.250000
v -0.623429 -0.822090 -0.150000
v -0.629524 -0.826121 -0.050000
v -0.500967 -0.900693 -0.302053
v -0.506542 -0.904298 -0.250000
v -0.507920 -0.904872 -0.150000
v -0.507071 -0.903376 -0.050000
v -0.521169 -0.820370 -0.429377
v -0.544401 -0.845721 -0.338866
v -0.556542 -0.863529 -0.250000
v -0.557920 -0.872090 -0.150000
v -0.557071 -0.876121 -0.050000
v -0.414914 -0.908143 -0.417672
v -0.448949 -0.915105 -0.341232
v -0.450000 -0.930559 -0.250000
v -0.450000 -0.929984 -0.150000
v -0.450000 -0.923695 -0.050000
v -0.429887 -0.823962 -0.525098
v -0.455734 -0.855499 -0.456858
v -0.481581 -0.887036 -0.368720
v -0.314251 -0.905525 -0.508036
v -0.348551 -0.919021 -0.450603
v -0.350000 -0.948795 -0.350000
v -0.350000 -0.960178 -0.250000
v -0.350000 -0.956258 -0.150000
v -0.350000 -0.945835 -0.050000
v -0.318341 -0.810131 -0.608752
v -0.349630 -0.850380 -0.549900
v -0.380918 -0.890629 -0.484338
v -0.250000 -0.912636 -0.519507
v -0.250000 -0.942231 -0.450000
v -0.250000 -0.963511 -0.350000
v -0.250000 -0.966166 -0.250000
v -0.250000 -0.957945 -0.150000
v -0.250000 -0.947132 -0.050000
v -0.250000 -0.823119 -0.621095
v -0.250000 -0.873119 -0.569507
v -0.150000 -0.916290 -0.527345
v -0.150000 -0.946672 -0.450000
v -0.150000 -0.962380 -0.350000
v -0.150000 -0.958995 -0.250000
v -0.150000 -0.944655 -0.150000
v -0.150000 -0.932309 -0.050000
v -0.150000 -0.832963 -0.632921
v -0.150000 -0.882963 -0.577345
v -0.050000 -0.914606 -0.526726
v -0.050000 -0.941504 -0.450000
v -0.050000 -0.954837 -0.350000
v -0.050000 -0.949626 -0.250000
v -0.050000 -0.931905 -0.150000
v -0.050000 -0.915046 -0.050000
v -0.050000 -0.834777 -0.637916
v -0.050000 -0.884777 -0.576726
v -0.509942 -0.223962 -0.806518
v -0.521117 -0.150000 -0.813614
v -0.529690 -0.050000 -0.818806
v -0.407315 -0.409441 -0.804125
v -0.427091 -0.350000 -0.814983
v -0.457284 -0.254377 -0.827638
v -0.450000 -0.150000 -0.852331
v -0.450000 -0.050000 -0.861718
v -0.309983 -0.508676 -0.804363
v -0.345990 -0.445665 -0.816118
v -0.350000 -0.350000 -0.850495
v -0.307210 -0.212475 -0.902490
v -0.344326 -0.247485 -0.881111
v -0.319087 -0.150000 -0.906485
v -0.369087 -0.150000 -0.888717
v -0.329978 -0.050000 -0.909964
v -0.379978 -0.050000 -0.892912
v -0.250000 -0.528286 -0.814222
v -0.250000 -0.450000 -0.849005
v -0.217441 -0.315710 -0.904579
v -0.250465 -0.349426 -0.885210
v -0.250465 -0.247485 -0.910733
v -0.284108 -0.279142 -0.895639
v -0.250000 -0.150000 -0.925295
v -0.250000 -0.050000 -0.931771
v -0.122181 -0.607545 -0.804390
v -0.153309 -0.557424 -0.823928
v -0.103747 -0.401735 -0.900658
v -0.142248 -0.441041 -0.878095
v -0.142248 -0.349426 -0.909301
v -0.170414 -0.382377 -0.894668
v -0.150000 -0.250000 -0.931454
v -0.150000 -0.150000 -0.945557
v -0.150000 -0.050000 -0.950846
v -0.050000 -0.615147 -0.808858
v -0.050000 -0.550000 -0.842167
v -0.050000 -0.407286 -0.902725
v -0.050000 -0.457286 -0.883309
v -0.050000 -0.350000 -0.919704
v -0.050000 -0.250000 -0.943065
v -0.050000 -0.150000 -0.956835
v -0.050000 -0.050000 -0.961554
v -0.706349 -0.708842 -0.223013
v -0.713510 -0.717955 -0.150000
v -0.720468 -0.726794 -0.050000
v -0.702394 -0.603971 -0.404146
v -0.714752 -0.624515 -0.350000
v -0.730608 -0.657229 -0.253808
v -0.767241 -0.640077 -0.140265
v -0.770468 -0.653780 -0.050000
v -0.700869 -0.501583 -0.501231
v -0.713980 -0.540950 -0.442488
v -0.763823 -0.541291 -0.341571
v -0.783498 -0.568146 -0.250000
v -0.794055 -0.588709 -0.167109
v -0.713488 -0.450000 -0.519050
v -0.762812 -0.442391 -0.442057
v -0.786703 -0.470652 -0.369285
v -0.707024 -0.316990 -0.608135
v -0.732534 -0.350194 -0.554501
v -0.785399 -0.350000 -0.473003
v -0.717584 -0.250000 -0.620797
v -0.772118 -0.252545 -0.545013
v -0.796752 -0.287575 -0.493909
v -0.728304 -0.150000 -0.634125
v -0.778304 -0.150000 -0.567714
v -0.732662 -0.050000 -0.640209
v -0.782662 -0.050000 -0.573763
v -0.614295 -0.718991 -0.422323
v -0.629221 -0.751395 -0.345408
v -0.668939 -0.745305 -0.253808
v -0.673429 -0.767955 -0.150000
v -0.679524 -0.776794 -0.050000
v -0.614656 -0.622286 -0.517990
v -0.647809 -0.646462 -0.446568
v -0.683432 -0.674515 -0.350000
v -0.696947 -0.695382 -0.289679
v -0.607164 -0.511572 -0.607134
v -0.644243 -0.539911 -0.542944
v -0.681322 -0.568249 -0.470813
v -0.624662 -0.450000 -0.624183
v -0.674662 -0.450000 -0.569050
v -0.607388 -0.315107 -0.706280
v -0.649887 -0.349382 -0.649956
v -0.692386 -0.383657 -0.590836
v -0.620118 -0.250000 -0.717105
v -0.670118 -0.250000 -0.670797
v -0.634144 -0.150000 -0.729384
v -0.684144 -0.150000 -0.684125
v -0.640616 -0.050000 -0.735691
v -0.690616 -0.050000 -0.690209
v -0.525303 -0.729925 -0.526327
v -0.556569 -0.757792 -0.459183
v -0.587836 -0.785658 -0.375679
v -0.518482 -0.623953 -0.615921
v -0.555226 -0.656453 -0.555492
v -0.591969 -0.688953 -0.488989
v -0.502158 -0.503012 -0.701611
v -0.543653 -0.540625 -0.644861
v -0.585149 -0.578238 -0.584656
v -0.519171 -0.450000 -0.714255
v -0.569171 -0.450000 -0.674183
v -0.554042 -0.349064 -0.732570
v -0.590069 -0.381774 -0.691777
v -0.545965 -0.254377 -0.772049
v -0.571117 -0.150000 -0.779384
v -0.579690 -0.050000 -0.785691
v -0.424779 -0.723468 -0.616963
v -0.460666 -0.760030 -0.559046
v -0.496554 -0.796592 -0.496044
v -0.407523 -0.607518 -0.704573
v -0.449484 -0.649069 -0.649775
v -0.491446 -0.690620 -0.592993
v -0.444514 -0.541807 -0.717169
v -0.474190 -0.569678 -0.682587
v -0.444389 -0.445665 -0.764863
v -0.477091 -0.350000 -0.786003
v -0.495474 -0.290629 -0.797275
v -0.351005 -0.754081 -0.635325
v -0.385008 -0.790135 -0.591764
v -0.350000 -0.630439 -0.718660
v -0.350000 -0.680439 -0.687592
v -0.345990 -0.545205 -0.768387
v -0.376650 -0.476108 -0.789098
v -0.232826 -0.715108 -0.710543
v -0.259696 -0.749065 -0.676773
v -0.259696 -0.659840 -0.737127
v -0.299493 -0.699734 -0.699827
v -0.250000 -0.578286 -0.788501
v -0.150000 -0.728538 -0.720836
v -0.150000 -0.778538 -0.682921
v -0.153309 -0.644527 -0.775286
v -0.188848 -0.595706 -0.797695
v -0.050000 -0.736262 -0.728027
v -0.050000 -0.786262 -0.687916
v -0.050000 -0.665147 -0.778027
v -0.912463 -0.341531 0.050000
v -0.909334 -0.330749 0.150000
v -0.904342 -0.314334 0.217646
v -0.935427 -0.250000 0.050000
v -0.928920 -0.250000 0.150000
v -0.911057 -0.248489 0.250587
v -0.902893 -0.214148 0.307505
v -0.952135 -0.150000 0.050000
v -0.945135 -0.150000 0.150000
v -0.927147 -0.150000 0.250000
v -0.907423 -0.150000 0.319620
v -0.960110 -0.050000 0.050000
v -0.952499 -0.050000 0.150000
v -0.934128 -0.050000 0.250000
v -0.910971 -0.050000 0.330002
v -0.803673 -0.606441 0.050000
v -0.802065 -0.603677 0.113801
v -0.831373 -0.550000 0.050000
v -0.820182 -0.556455 0.148281
v -0.813038 -0.526415 0.250000
v -0.803886 -0.507796 0.308896
v -0.875081 -0.450000 0.050000
v -0.867608 -0.450000 0.150000
v -0.847173 -0.450000 0.250000
v -0.815273 -0.444724 0.345338
v -0.803375 -0.407873 0.405941
v -0.897381 -0.391531 0.050000
v -0.893929 -0.380749 0.150000
v -0.884844 -0.348601 0.250587
v -0.849197 -0.350000 0.350000
v -0.813632 -0.350000 0.424124
v -0.895892 -0.280814 0.284312
v -0.880023 -0.248489 0.344503
v -0.825215 -0.250535 0.455734
v -0.804546 -0.217559 0.506944
v -0.887613 -0.150000 0.369620
v -0.848524 -0.150000 0.450000
v -0.810911 -0.150000 0.516833
v -0.892208 -0.050000 0.380002
v -0.858569 -0.050000 0.450000
v -0.816361 -0.050000 0.525558
v -0.635215 -0.832623 0.050000
v -0.634770 -0.835520 0.150000
v -0.623776 -0.825695 0.250000
v -0.610344 -0.811390 0.320669
v -0.518645 -0.908838 0.050000
v -0.528238 -0.915009 0.150000
v -0.520519 -0.912429 0.250000
v -0.507943 -0.905300 0.313762
v -0.568645 -0.882623 0.050000
v -0.578238 -0.885520 0.150000
v -0.570519 -0.875695 0.250000
v -0.550394 -0.851085 0.350549
v -0.519899 -0.818345 0.450000
v -0.500353 -0.800346 0.500358
v -0.450000 -0.930713 0.050000
v -0.450000 -0.943460 0.150000
v -0.450000 -0.942155 0.250000
v -0.451125 -0.919891 0.348258
v -0.418541 -0.909271 0.418209
v -0.485208 -0.890780 0.380429
v -0.451125 -0.869034 0.450926
v -0.450000 -0.818208 0.519966
v -0.350000 -0.947270 0.050000
v -0.350000 -0.959475 0.150000
v -0.350000 -0.963738 0.250000
v -0.350000 -0.951330 0.350000
v -0.345243 -0.918005 0.450926
v -0.308738 -0.902821 0.504101
v -0.375405 -0.890598 0.484876
v -0.347246 -0.849733 0.548516
v -0.319088 -0.808868 0.608328
v -0.250000 -0.946990 0.050000
v -0.250000 -0.957791 0.150000
v -0.250000 -0.966238 0.250000
v -0.250000 -0.961689 0.350000
v -0.250000 -0.933928 0.450000
v -0.250000 -0.906240 0.509715
v -0.250000 -0.868140 0.559715
v -0.250000 -0.818140 0.618100
v -0.150000 -0.932552 0.050000
v -0.150000 -0.944601 0.150000
v -0.150000 -0.956727 0.250000
v -0.150000 -0.953690 0.350000
v -0.140715 -0.922229 0.459698
v -0.167858 -0.905499 0.508852
v -0.101191 -0.899799 0.499497
v -0.140715 -0.877248 0.545311
v -0.150000 -0.821710 0.624057
v -0.050000 -0.913999 0.050000
v -0.050000 -0.929490 0.150000
v -0.050000 -0.942364 0.250000
v -0.050000 -0.937242 0.350000
v -0.050000 -0.915196 0.444243
v -0.050000 -0.898137 0.494243
v -0.050000 -0.867613 0.550000
v -0.050000 -0.819476 0.623905
v -0.723441 -0.732439 0.050000
v -0.719916 -0.729460 0.150000
v -0.708863 -0.713535 0.250000
v -0.700892 -0.701391 0.301927
v -0.773441 -0.656441 0.050000
v -0.774113 -0.642206 0.148281
v -0.746732 -0.650000 0.250000
v -0.715304 -0.644539 0.341156
v -0.704425 -0.607565 0.407311
v -0.796968 -0.594092 0.180468
v -0.787869 -0.576415 0.250000
v -0.767934 -0.544677 0.345338
v -0.716648 -0.541569 0.444387
v -0.701379 -0.502615 0.501897
v -0.788609 -0.474539 0.375563
v -0.763993 -0.444724 0.443565
v -0.713534 -0.450000 0.518515
v -0.784273 -0.350000 0.474124
v -0.730367 -0.347652 0.553674
v -0.704914 -0.312754 0.605818
v -0.795698 -0.284226 0.492890
v -0.769109 -0.250535 0.544167
v -0.714613 -0.250000 0.617225
v -0.776534 -0.150000 0.566833
v -0.726534 -0.150000 0.631319
v -0.782949 -0.050000 0.575558
v -0.732949 -0.050000 0.639174
v -0.685215 -0.782439 0.050000
v -0.684770 -0.779460 0.150000
v -0.673776 -0.763535 0.250000
v -0.647237 -0.746347 0.344631
v -0.617463 -0.724636 0.426293
v -0.684130 -0.674232 0.368593
v -0.650239 -0.650006 0.450135
v -0.616348 -0.625780 0.520068
v -0.683015 -0.569282 0.473978
v -0.645546 -0.541556 0.544316
v -0.608077 -0.513830 0.608289
v -0.674655 -0.450000 0.568515
v -0.624655 -0.450000 0.625153
v -0.691462 -0.379420 0.589456
v -0.648843 -0.346707 0.648866
v -0.606224 -0.313993 0.705386
v -0.667603 -0.250000 0.667225
v -0.617603 -0.250000 0.715153
v -0.681354 -0.150000 0.681319
v -0.631354 -0.150000 0.726664
v -0.689160 -0.050000 0.689174
v -0.639160 -0.050000 0.733083
v -0.592845 -0.791303 0.387335
v -0.572692 -0.754782 0.455776
v -0.521231 -0.750000 0.521643
v -0.594622 -0.692447 0.492960
v -0.557515 -0.659584 0.557617
v -0.520409 -0.626721 0.617245
v -0.587075 -0.580497 0.586734
v -0.545291 -0.542683 0.646100
v -0.503507 -0.504869 0.702585
v -0.570386 -0.450000 0.675152
v -0.520386 -0.450000 0.715063
v -0.590340 -0.380660 0.691915
v -0.554204 -0.348396 0.731495
v -0.544387 -0.251455 0.769887
v -0.566920 -0.150000 0.776664
v -0.575564 -0.050000 0.783083
v -0.456261 -0.754891 0.573072
v -0.427101 -0.724819 0.617824
v -0.493768 -0.693387 0.595165
v -0.451072 -0.650870 0.650868
v -0.408376 -0.608353 0.704938
v -0.475043 -0.571535 0.683912
v -0.445026 -0.542921 0.717881
v -0.443632 -0.444719 0.765418
v -0.474740 -0.350000 0.785330
v -0.493600 -0.285759 0.796274
v -0.385754 -0.791485 0.592930
v -0.343160 -0.745922 0.646410
v -0.300567 -0.700359 0.700246
v -0.367233 -0.675020 0.684491
v -0.340340 -0.645012 0.714747
v -0.344577 -0.543746 0.767966
v -0.374295 -0.474531 0.788945
v -0.250000 -0.759136 0.668100
v -0.250000 -0.709136 0.706558
v -0.250000 -0.650000 0.742624
v -0.250000 -0.572991 0.786066
v -0.150000 -0.770449 0.674057
v -0.150000 -0.720449 0.715587
v -0.142327 -0.640594 0.769686
v -0.170544 -0.591078 0.795360
v -0.050000 -0.773574 0.673905
v -0.050000 -0.723574 0.719302
v -0.050000 -0.653755 0.769302
v -0.507312 -0.219092 0.804662
v -0.516920 -0.150000 0.810689
v -0.525564 -0.050000 0.815960
v -0.406053 -0.407865 0.803181
v -0.424740 -0.350000 0.813022
v -0.456160 -0.251455 0.824246
v -0.450000 -0.150000 0.846356
v -0.450000 -0.050000 0.856297
v -0.307628 -0.506243 0.803017
v -0.344577 -0.444719 0.813729
v -0.350000 -0.350000 0.845878
v -0.341129 -0.241997 0.877724
v -0.301882 -0.203329 0.900676
v -0.361830 -0.150000 0.885667
v -0.311830 -0.150000 0.904289
v -0.374510 -0.050000 0.890337
v -0.324510 -0.050000 0.908944
v -0.250000 -0.522991 0.811394
v -0.250000 -0.450000 0.843368
v -0.246482 -0.345753 0.881854
v -0.210803 -0.309589 0.902899
v -0.277470 -0.269996 0.893792
v -0.246482 -0.241997 0.907874
v -0.250000 -0.150000 0.921836
v -0.250000 -0.050000 0.931083
v -0.103878 -0.600990 0.800602
v -0.142327 -0.554647 0.818310
v -0.150000 -0.450000 0.865560
v -0.150000 -0.377875 0.893125
v -0.150000 -0.327875 0.908358
v -0.150000 -0.250000 0.926591
v -0.150000 -0.150000 0.942811
v -0.150000 -0.050000 0.951783
v -0.050000 -0.603756 0.802325
v -0.050000 -0.550000 0.830371
v -0.050000 -0.450000 0.876624
v -0.050000 -0.395408 0.898577
v -0.050000 -0.345408 0.913581
v -0.050000 -0.250000 0.936759
v -0.050000 -0.150000 0.952385
v -0.050000 -0.050000 0.960678
v -0.904597 0.050000 -0.313083
v -0.922016 0.050000 -0.250000
v -0.943217 0.050000 -0.150000
v -0.955305 0.050000 -0.050000
v -0.901233 0.106152 -0.303625
v -0.908440 0.143691 -0.247108
v -0.928157 0.150000 -0.150000
v -0.941056 0.150000 -0.050000
v -0.903001 0.209691 -0.211846
v -0.909070 0.230058 -0.150000
v -0.913757 0.258232 -0.053918
v -0.902059 0.304598 -0.023196
v -0.812339 0.050000 -0.520551
v -0.848972 0.050000 -0.450000
v -0.886633 0.050000 -0.363083
v -0.806550 0.129387 -0.510982
v -0.827009 0.157632 -0.458949
v -0.879717 0.143691 -0.342175
v -0.894397 0.172819 -0.278513
v -0.813916 0.250000 -0.427904
v -0.846661 0.250000 -0.350000
v -0.881538 0.245815 -0.247108
v -0.893479 0.280058 -0.150000
v -0.899068 0.297053 -0.089863
v -0.802823 0.305047 -0.405623
v -0.814065 0.325028 -0.350000
v -0.829301 0.356994 -0.254191
v -0.860349 0.350000 -0.150000
v -0.879969 0.342759 -0.053918
v -0.807335 0.409642 -0.223651
v -0.816870 0.422148 -0.150000
v -0.825660 0.434339 -0.050000
v -0.528899 0.050000 -0.818193
v -0.516631 0.150000 -0.810508
v -0.505016 0.207645 -0.803193
v -0.450000 0.050000 -0.860263
v -0.450000 0.150000 -0.845338
v -0.447196 0.244587 -0.817310
v -0.411993 0.309838 -0.806023
v -0.327031 0.050000 -0.908827
v -0.377031 0.050000 -0.892069
v -0.314309 0.122608 -0.904640
v -0.348585 0.153565 -0.886487
v -0.350000 0.250000 -0.856228
v -0.350000 0.330052 -0.818223
v -0.250000 0.050000 -0.928839
v -0.253878 0.153565 -0.912925
v -0.289796 0.189275 -0.897706
v -0.223130 0.214749 -0.905032
v -0.253878 0.248850 -0.885536
v -0.255798 0.358139 -0.831407
v -0.226329 0.409393 -0.807491
v -0.150000 0.050000 -0.946672
v -0.150000 0.150000 -0.931819
v -0.150000 0.231711 -0.910757
v -0.150000 0.281711 -0.893361
v -0.150000 0.350000 -0.858481
v -0.150000 0.419097 -0.815120
v -0.050000 0.050000 -0.956826
v -0.050000 0.150000 -0.941621
v -0.050000 0.245527 -0.915600
v -0.050000 0.295527 -0.898382
v -0.050000 0.350000 -0.869018
v -0.050000 0.426283 -0.820637
v -0.730721 0.050000 -0.638339
v -0.780721 0.050000 -0.570551
v -0.721777 0.150000 -0.627184
v -0.776858 0.157632 -0.546589
v -0.799061 0.196054 -0.498249
v -0.710307 0.222741 -0.612833
v -0.736553 0.253645 -0.555844
v -0.787961 0.250000 -0.477904
v -0.718221 0.327891 -0.526407
v -0.749991 0.349802 -0.449479
v -0.783852 0.375028 -0.350000
v -0.796708 0.394990 -0.290318
v -0.715095 0.417010 -0.426668
v -0.733852 0.437286 -0.350000
v -0.753877 0.454506 -0.260897
v -0.773489 0.472148 -0.150000
v -0.784862 0.484339 -0.050000
v -0.711047 0.508967 -0.231477
v -0.723489 0.518609 -0.150000
v -0.734862 0.527047 -0.050000
v -0.639176 0.050000 -0.735069
v -0.689176 0.050000 -0.688339
v -0.628905 0.150000 -0.726133
v -0.678904 0.150000 -0.677184
v -0.614370 0.226492 -0.713021
v -0.654461 0.257950 -0.654485
v -0.694552 0.289408 -0.593073
v -0.621991 0.350000 -0.623213
v -0.674940 0.356735 -0.555844
v -0.695578 0.394558 -0.493335
v -0.601435 0.401380 -0.601482
v -0.622760 0.420490 -0.550000
v -0.655057 0.454809 -0.456907
v -0.685305 0.487286 -0.350000
v -0.699204 0.499371 -0.298143
v -0.614537 0.509735 -0.420480
v -0.635305 0.522248 -0.350000
v -0.659522 0.533125 -0.258886
v -0.650000 0.561300 -0.150000
v -0.650000 0.574985 -0.050000
v -0.578899 0.050000 -0.785069
v -0.566631 0.150000 -0.776133
v -0.550270 0.250401 -0.750543
v -0.595524 0.293158 -0.696136
v -0.528857 0.329544 -0.721399
v -0.557314 0.357727 -0.676537
v -0.550000 0.420126 -0.623569
v -0.553081 0.471665 -0.552666
v -0.588468 0.492607 -0.487147
v -0.521801 0.511521 -0.521110
v -0.553081 0.526806 -0.452288
v -0.550000 0.562111 -0.350000
v -0.550000 0.581753 -0.250000
v -0.541649 0.593973 -0.148721
v -0.576849 0.597938 -0.050000
v -0.502748 0.600235 -0.114535
v -0.526849 0.602302 -0.050000
v -0.478659 0.274311 -0.788065
v -0.453449 0.353025 -0.752151
v -0.494905 0.396211 -0.696611
v -0.428239 0.416461 -0.716236
v -0.456371 0.454291 -0.654246
v -0.484502 0.492122 -0.587777
v -0.417836 0.507685 -0.611882
v -0.450701 0.525080 -0.552666
v -0.450000 0.566084 -0.450000
v -0.450000 0.587561 -0.350000
v -0.450000 0.595816 -0.250000
v -0.458295 0.597473 -0.148721
v -0.432074 0.596805 -0.050000
v -0.497158 0.600235 -0.114535
v -0.482074 0.602302 -0.050000
v -0.350000 0.380052 -0.785472
v -0.350000 0.435265 -0.735472
v -0.350000 0.485265 -0.680961
v -0.350000 0.518490 -0.630961
v -0.350000 0.556650 -0.550000
v -0.350000 0.585657 -0.450000
v -0.350000 0.595968 -0.350000
v -0.350000 0.591938 -0.250000
v -0.350000 0.581494 -0.150000
v -0.350000 0.575970 -0.050000
v -0.292996 0.396898 -0.797726
v -0.258647 0.453310 -0.753166
v -0.290965 0.497226 -0.696067
v -0.200749 0.499465 -0.100876
v -0.203574 0.497346 -0.050000
v -0.224298 0.506570 -0.708606
v -0.254579 0.528465 -0.657640
v -0.250000 0.575499 -0.550000
v -0.250000 0.593127 -0.450000
v -0.250000 0.591287 -0.350000
v -0.250000 0.574513 -0.250000
v -0.240449 0.537157 -0.140526
v -0.253574 0.529165 -0.050000
v -0.150000 0.469097 -0.768333
v -0.100298 0.499820 -0.200263
v -0.140179 0.489546 -0.140526
v -0.154367 0.487852 -0.046189
v -0.150000 0.514101 -0.718333
v -0.150000 0.552968 -0.650000
v -0.150000 0.587390 -0.550000
v -0.150000 0.595021 -0.450000
v -0.150000 0.580334 -0.350000
v -0.140179 0.536684 -0.240158
v -0.166965 0.516025 -0.167543
v -0.123945 0.507138 -0.010315
v -0.050000 0.476283 -0.776221
v -0.050000 0.496777 -0.204658
v -0.047648 0.487396 -0.154195
v -0.079413 0.483291 -0.076982
v -0.050000 0.520400 -0.726221
v -0.050000 0.563967 -0.650000
v -0.058477 0.594767 -0.547345
v -0.058477 0.596521 -0.451929
v -0.050000 0.573327 -0.350000
v -0.050000 0.527568 -0.254658
v -0.012746 0.509457 -0.123659
v -0.044443 0.541631 -0.043402
v -0.030796 0.601758 -0.512241
v -0.030796 0.601758 -0.486548
v -0.009474 0.628031 -0.009821
v -0.957938 0.050000 0.050000
v -0.950200 0.050000 0.150000
v -0.931343 0.050000 0.250000
v -0.909573 0.050000 0.326863
v -0.944104 0.150000 0.050000
v -0.936602 0.150000 0.150000
v -0.915102 0.156044 0.256843
v -0.905142 0.126740 0.314469
v -0.918993 0.250000 0.050000
v -0.910957 0.252276 0.141910
v -0.906773 0.220459 0.228072
v -0.901889 0.304202 0.050000
v -0.900459 0.301004 0.103184
v -0.891249 0.050000 0.376863
v -0.856847 0.050000 0.450000
v -0.815598 0.050000 0.524659
v -0.898666 0.193407 0.294739
v -0.886220 0.156044 0.348682
v -0.841068 0.150000 0.450000
v -0.807292 0.150000 0.511593
v -0.895500 0.287126 0.169851
v -0.888518 0.252276 0.256843
v -0.857792 0.250000 0.350000
v -0.815459 0.241127 0.446614
v -0.800738 0.201878 0.501157
v -0.877218 0.354201 0.050000
v -0.874627 0.340602 0.141910
v -0.846874 0.350000 0.250000
v -0.816925 0.346645 0.342747
v -0.806186 0.311075 0.411024
v -0.827218 0.437546 0.050000
v -0.821658 0.430261 0.150000
v -0.810226 0.414181 0.250000
v -0.801993 0.402726 0.304578
v -0.782603 0.050000 0.574659
v -0.732603 0.050000 0.639266
v -0.773700 0.150000 0.561593
v -0.723700 0.150000 0.629072
v -0.786626 0.268544 0.477691
v -0.748939 0.247066 0.548137
v -0.711252 0.225588 0.614030
v -0.786286 0.377741 0.371245
v -0.753122 0.354793 0.454732
v -0.719959 0.331845 0.528451
v -0.788367 0.487546 0.050000
v -0.782029 0.480261 0.150000
v -0.767962 0.464181 0.250000
v -0.746237 0.446163 0.342053
v -0.719619 0.422934 0.431774
v -0.738367 0.530023 0.050000
v -0.732029 0.525778 0.150000
v -0.717962 0.514940 0.250000
v -0.706188 0.505362 0.312861
v -0.689556 0.050000 0.689266
v -0.639556 0.050000 0.733627
v -0.680249 0.150000 0.679072
v -0.630249 0.150000 0.726029
v -0.696186 0.292255 0.595118
v -0.655716 0.261094 0.656128
v -0.615245 0.229934 0.713246
v -0.698916 0.398512 0.498440
v -0.680469 0.359107 0.557071
v -0.626399 0.350000 0.628212
v -0.688168 0.489600 0.379528
v -0.660208 0.460393 0.464075
v -0.628446 0.427725 0.550000
v -0.605679 0.405780 0.606057
v -0.641267 0.584003 0.040609
v -0.641267 0.579539 0.146248
v -0.650000 0.557709 0.250000
v -0.652901 0.527119 0.347717
v -0.621501 0.514338 0.429709
v -0.602111 0.600781 0.067682
v -0.602111 0.600781 0.110414
v -0.576117 0.050000 0.783627
v -0.565929 0.150000 0.776029
v -0.597977 0.296601 0.698226
v -0.551615 0.252899 0.751664
v -0.575466 0.350000 0.678212
v -0.525466 0.350000 0.719095
v -0.596771 0.497853 0.496376
v -0.558062 0.481097 0.558294
v -0.541587 0.423744 0.643634
v -0.502644 0.402265 0.702045
v -0.599718 0.599975 0.001015
v -0.590151 0.598194 0.177080
v -0.570968 0.592769 0.250000
v -0.542684 0.580427 0.343308
v -0.558062 0.534546 0.457826
v -0.530104 0.515696 0.530491
v -0.559831 0.604746 0.040609
v -0.554090 0.605474 0.146248
v -0.520968 0.603842 0.250000
v -0.504473 0.601076 0.305514
v -0.483288 0.275863 0.790082
v -0.449973 0.350202 0.769418
v -0.496672 0.498195 0.597157
v -0.458003 0.475920 0.654094
v -0.450000 0.421254 0.719211
v -0.412274 0.598290 0.031210
v -0.467373 0.594208 0.372180
v -0.440424 0.581393 0.440322
v -0.458003 0.532711 0.558294
v -0.430005 0.513072 0.623490
v -0.447364 0.604348 0.058726
v -0.450000 0.608278 0.150000
v -0.450000 0.608052 0.250000
v -0.440424 0.602537 0.343308
v -0.400707 0.600118 0.400537
v -0.380118 0.383671 0.790237
v -0.385117 0.492740 0.690156
v -0.349284 0.450443 0.749867
v -0.359746 0.584536 0.058726
v -0.338971 0.590015 0.150000
v -0.319051 0.596385 0.231502
v -0.350000 0.592246 0.453789
v -0.350000 0.568680 0.550000
v -0.351070 0.525480 0.654094
v -0.318451 0.507221 0.709497
v -0.399577 0.600118 0.097877
v -0.388971 0.602021 0.150000
v -0.351431 0.603490 0.258901
v -0.350000 0.602846 0.350000
v -0.350000 0.600416 0.403789
v -0.204017 0.496997 0.015426
v -0.250000 0.472566 0.773913
v -0.242410 0.527674 0.049256
v -0.250000 0.556811 0.150000
v -0.259221 0.586059 0.258901
v -0.239292 0.595629 0.350000
v -0.252213 0.597611 0.442709
v -0.250000 0.585311 0.550000
v -0.250000 0.555713 0.650000
v -0.250000 0.517916 0.723913
v -0.298701 0.600205 0.298168
v -0.289292 0.600481 0.350000
v -0.287022 0.600437 0.404515
v -0.126469 0.487089 0.078766
v -0.190612 0.496997 0.015426
v -0.126469 0.487089 0.129724
v -0.150000 0.487674 0.787979
v -0.158540 0.505329 0.047096
v -0.155881 0.514413 0.157834
v -0.150000 0.551487 0.250000
v -0.150000 0.583486 0.350000
v -0.148992 0.597565 0.457181
v -0.148992 0.596223 0.548521
v -0.150000 0.574242 0.650000
v -0.150000 0.528545 0.737979
v -0.114987 0.600471 0.495302
v -0.114987 0.600471 0.514201
v -0.081857 0.487089 0.078766
v -0.024329 0.495674 0.190615
v -0.081857 0.487089 0.129724
v -0.024329 0.495674 0.206086
v -0.050000 0.493457 0.793351
v -0.045665 0.542700 0.045149
v -0.053093 0.506610 0.160170
v -0.054597 0.523168 0.243651
v -0.050000 0.573465 0.350000
v -0.050000 0.595725 0.434738
v -0.083206 0.599375 0.580868
v -0.049923 0.585912 0.641216
v -0.050000 0.532859 0.743351
v -0.009474 0.628031 0.011531
v -0.050000 0.602172 0.484738
v -0.049923 0.602104 0.548521
v -0.016539 0.600611 0.602026
v -0.526117 0.050000 0.816253
v -0.515929 0.150000 0.809999
v -0.505253 0.209196 0.803351
v -0.450000 0.050000 0.856917
v -0.450000 0.150000 0.844997
v -0.449973 0.245518 0.819472
v -0.416621 0.317004 0.808863
v -0.375435 0.050000 0.890664
v -0.325435 0.050000 0.909262
v -0.361608 0.150000 0.884998
v -0.311608 0.150000 0.904199
v -0.340211 0.240267 0.871142
v -0.300352 0.200445 0.900132
v -0.348071 0.350202 0.822584
v -0.313451 0.408147 0.805975
v -0.250000 0.050000 0.931752
v -0.250000 0.150000 0.921770
v -0.250000 0.273403 0.891496
v -0.250000 0.223403 0.906933
v -0.250000 0.350000 0.858192
v -0.250000 0.422566 0.816695
v -0.150000 0.050000 0.952544
v -0.150000 0.150000 0.943298
v -0.195741 0.297426 0.899194
v -0.157445 0.258456 0.917566
v -0.157445 0.346933 0.882562
v -0.129075 0.311555 0.905332
v -0.150000 0.437674 0.828807
v -0.050000 0.050000 0.961438
v -0.050000 0.150000 0.953217
v -0.050000 0.250000 0.932630
v -0.050000 0.370273 0.884541
v -0.050000 0.320273 0.909379
v -0.050000 0.443457 0.834541
v 0.050000 -0.914315 -0.526581
v 0.050000 -0.940987 -0.450000
v 0.050000 -0.955134 -0.350000
v 0.050000 -0.950787 -0.250000
v 0.050000 -0.932854 -0.150000
v 0.050000 -0.913883 -0.050000
v 0.050000 -0.834961 -0.638748
v 0.050000 -0.884961 -0.576581
v 0.150000 -0.916321 -0.528830
v 0.150000 -0.946452 -0.450000
v 0.150000 -0.962622 -0.350000
v 0.150000 -0.960818 -0.250000
v 0.150000 -0.946889 -0.150000
v 0.150000 -0.930883 -0.050000
v 0.150000 -0.835248 -0.636205
v 0.150000 -0.885248 -0.578830
v 0.250000 -0.913787 -0.522748
v 0.250000 -0.943827 -0.450000
v 0.250000 -0.963997 -0.350000
v 0.250000 -0.966875 -0.250000
v 0.250000 -0.959649 -0.150000
v 0.250000 -0.947370 -0.050000
v 0.250000 -0.827981 -0.626293
v 0.250000 -0.877981 -0.572748
v 0.317533 -0.906631 -0.510183
v 0.350520 -0.921088 -0.452617
v 0.350000 -0.951641 -0.350000
v 0.350000 -0.961948 -0.250000
v 0.350000 -0.958364 -0.150000
v 0.350000 -0.948151 -0.050000
v 0.323256 -0.813813 -0.612413
v 0.353728 -0.853202 -0.552074
v 0.384199 -0.892591 -0.487695
v 0.420305 -0.909855 -0.421028
v 0.452183 -0.919194 -0.348098
v 0.450000 -0.938186 -0.250000
v 0.450000 -0.938796 -0.150000
v 0.450000 -0.931518 -0.050000
v 0.450000 -0.819922 -0.520957
v 0.452183 -0.871164 -0.452617
v 0.486971 -0.892044 -0.380164
v 0.506824 -0.904433 -0.313497
v 0.517126 -0.910202 -0.250000
v 0.522364 -0.911996 -0.150000
v 0.519781 -0.909384 -0.050000
v 0.500660 -0.800639 -0.500645
v 0.521161 -0.819512 -0.450000
v 0.550523 -0.851742 -0.351310
v 0.567126 -0.874154 -0.250000
v 0.572364 -0.881685 -0.150000
v 0.569781 -0.882729 -0.050000
v 0.610627 -0.811439 -0.322457
v 0.623079 -0.824154 -0.250000
v 0.631580 -0.831685 -0.150000
v 0.634944 -0.832729 -0.050000
v 0.050000 -0.617071 -0.809976
v 0.050000 -0.550000 -0.844035
v 0.050000 -0.408738 -0.903261
v 0.050000 -0.458738 -0.884059
v 0.050000 -0.350000 -0.920785
v 0.050000 -0.250000 -0.944360
v 0.050000 -0.150000 -0.958395
v 0.050000 -0.050000 -0.963679
v 0.150000 -0.607751 -0.804504
v 0.150000 -0.550000 -0.832952
v 0.108339 -0.403672 -0.901373
v 0.145003 -0.442203 -0.880230
v 0.145003 -0.351694 -0.910891
v 0.175006 -0.386156 -0.895787
v 0.150000 -0.250000 -0.934863
v 0.150000 -0.150000 -0.949565
v 0.150000 -0.050000 -0.955411
v 0.200389 -0.600225 -0.800124
v 0.240234 -0.546715 -0.812948
v 0.250000 -0.450000 -0.852335
v 0.221522 -0.319489 -0.905789
v 0.252913 -0.351694 -0.887018
v 0.252913 -0.250846 -0.913194
v 0.288189 -0.284744 -0.896705
v 0.250000 -0.150000 -0.929601
v 0.250000 -0.050000 -0.935756
v 0.311990 -0.511191 -0.805415
v 0.347194 -0.446337 -0.817509
v 0.350000 -0.350000 -0.852597
v 0.310206 -0.218077 -0.903774
v 0.346124 -0.250846 -0.882395
v 0.322790 -0.150000 -0.908343
v 0.372790 -0.150000 -0.889477
v 0.332264 -0.050000 -0.911510
v 0.382264 -0.050000 -0.893399
v 0.408338 -0.410561 -0.804562
v 0.429219 -0.350000 -0.815665
v 0.458373 -0.256719 -0.828819
v 0.450000 -0.150000 -0.854282
v 0.450000 -0.050000 -0.863260
v 0.512144 -0.227866 -0.807411
v 0.524500 -0.150000 -0.814805
v 0.533531 -0.050000 -0.819861
v 0.050000 -0.737588 -0.729295
v 0.050000 -0.787588 -0.688748
v 0.050000 -0.667071 -0.779295
v 0.150000 -0.733217 -0.724644
v 0.150000 -0.783217 -0.686205
v 0.150000 -0.657751 -0.774644
v 0.250000 -0.717853 -0.712546
v 0.250000 -0.767853 -0.676293
v 0.240234 -0.640135 -0.763365
v 0.267056 -0.577858 -0.788880
v 0.305750 -0.704224 -0.702799
v 0.347836 -0.748371 -0.648884
v 0.389923 -0.792517 -0.593965
v 0.343450 -0.646011 -0.718531
v 0.372417 -0.676685 -0.685355
v 0.347194 -0.546715 -0.770735
v 0.378656 -0.477227 -0.789806
v 0.426901 -0.725851 -0.618688
v 0.456141 -0.755510 -0.573736
v 0.409535 -0.610019 -0.705872
v 0.451551 -0.651519 -0.651308
v 0.493568 -0.693020 -0.594949
v 0.445721 -0.543535 -0.719334
v 0.476202 -0.572559 -0.683929
v 0.445003 -0.446337 -0.767100
v 0.479219 -0.350000 -0.787952
v 0.497288 -0.294532 -0.798453
v 0.522530 -0.750000 -0.521695
v 0.574557 -0.755807 -0.457035
v 0.594222 -0.793012 -0.389124
v 0.521433 -0.626353 -0.617262
v 0.558740 -0.660591 -0.558505
v 0.596048 -0.694828 -0.495058
v 0.504564 -0.505892 -0.703212
v 0.546332 -0.544977 -0.647376
v 0.588100 -0.584061 -0.588726
v 0.523700 -0.450000 -0.716521
v 0.573700 -0.450000 -0.679454
v 0.556222 -0.353360 -0.735842
v 0.593703 -0.388933 -0.695116
v 0.547287 -0.256719 -0.775968
v 0.574500 -0.150000 -0.782855
v 0.583531 -0.050000 -0.789055
v 0.619031 -0.726345 -0.428391
v 0.648162 -0.747697 -0.346345
v 0.673079 -0.763843 -0.250000
v 0.681580 -0.776820 -0.150000
v 0.684944 -0.782204 -0.050000
v 0.619410 -0.628162 -0.522060
v 0.652553 -0.652942 -0.453432
v 0.685697 -0.677722 -0.370234
v 0.611429 -0.517394 -0.610823
v 0.648753 -0.547351 -0.548353
v 0.686076 -0.577309 -0.478474
v 0.631067 -0.450000 -0.629454
v 0.681067 -0.450000 -0.578065
v 0.611086 -0.322267 -0.709134
v 0.653874 -0.357472 -0.653612
v 0.696661 -0.392677 -0.596107
v 0.625304 -0.250000 -0.721121
v 0.675304 -0.250000 -0.676234
v 0.638920 -0.150000 -0.732855
v 0.688920 -0.150000 -0.689050
v 0.645801 -0.050000 -0.739055
v 0.695801 -0.050000 -0.695742
v 0.701565 -0.702382 -0.303567
v 0.709413 -0.713843 -0.250000
v 0.719383 -0.726820 -0.150000
v 0.724305 -0.732204 -0.050000
v 0.706671 -0.611055 -0.411807
v 0.717590 -0.646633 -0.342140
v 0.748316 -0.650000 -0.250000
v 0.773981 -0.642915 -0.150833
v 0.774305 -0.659869 -0.050000
v 0.705881 -0.510642 -0.507980
v 0.722204 -0.546385 -0.447084
v 0.771324 -0.545873 -0.347371
v 0.788903 -0.578713 -0.250000
v 0.797457 -0.595161 -0.184721
v 0.720596 -0.450000 -0.528065
v 0.771150 -0.448233 -0.447083
v 0.791121 -0.480388 -0.378952
v 0.710661 -0.326010 -0.612109
v 0.749454 -0.347147 -0.548504
v 0.788247 -0.368284 -0.478472
v 0.722798 -0.250000 -0.626234
v 0.772798 -0.250000 -0.560956
v 0.733302 -0.150000 -0.639050
v 0.783302 -0.150000 -0.575785
v 0.738277 -0.050000 -0.645742
v 0.788277 -0.050000 -0.582782
v 0.802982 -0.604859 -0.118055
v 0.805890 -0.609869 -0.050000
v 0.804872 -0.509789 -0.312285
v 0.814505 -0.528713 -0.250000
v 0.822263 -0.557097 -0.150833
v 0.836279 -0.550000 -0.050000
v 0.805874 -0.413722 -0.411805
v 0.817761 -0.448233 -0.347371
v 0.849690 -0.450000 -0.250000
v 0.870997 -0.450000 -0.150000
v 0.883801 -0.440015 -0.040207
v 0.800558 -0.301618 -0.500902
v 0.814299 -0.340971 -0.447083
v 0.854155 -0.350000 -0.350000
v 0.886195 -0.350172 -0.252557
v 0.895405 -0.385622 -0.150000
v 0.899149 -0.397209 -0.067011
v 0.806769 -0.250000 -0.510956
v 0.838684 -0.250000 -0.450000
v 0.883579 -0.251519 -0.347073
v 0.896744 -0.285865 -0.287596
v 0.815841 -0.150000 -0.525785
v 0.856444 -0.150000 -0.450000
v 0.890604 -0.150000 -0.375232
v 0.820055 -0.050000 -0.532782
v 0.864484 -0.050000 -0.450000
v 0.894429 -0.050000 -0.385060
v 0.900009 -0.400024 -0.000344
v 0.905303 -0.316953 -0.220929
v 0.910786 -0.335622 -0.150000
v 0.911167 -0.358326 -0.040207
v 0.904295 -0.219199 -0.311788
v 0.913297 -0.251519 -0.252557
v 0.932283 -0.250000 -0.150000
v 0.938275 -0.250000 -0.050000
v 0.909175 -0.150000 -0.325232
v 0.930591 -0.150000 -0.250000
v 0.948285 -0.150000 -0.150000
v 0.954250 -0.150000 -0.050000
v 0.912476 -0.050000 -0.335060
v 0.936883 -0.050000 -0.250000
v 0.954565 -0.050000 -0.150000
v 0.961141 -0.050000 -0.050000
v 0.050000 -0.909111 0.050000
v 0.050000 -0.924303 0.150000
v 0.050000 -0.938652 0.250000
v 0.050000 -0.933765 0.350000
v 0.050000 -0.913659 0.443614
v 0.050000 -0.897929 0.493614
v 0.050000 -0.866681 0.550000
v 0.050000 -0.818751 0.622995
v 0.150000 -0.925316 0.050000
v 0.150000 -0.935562 0.150000
v 0.150000 -0.948148 0.250000
v 0.150000 -0.945399 0.350000
v 0.142481 -0.917854 0.459195
v 0.170801 -0.903334 0.505447
v 0.104134 -0.899522 0.498659
v 0.142481 -0.875011 0.543268
v 0.150000 -0.819122 0.621169
v 0.250000 -0.944002 0.050000
v 0.250000 -0.951191 0.150000
v 0.250000 -0.957621 0.250000
v 0.250000 -0.953693 0.350000
v 0.250000 -0.927314 0.450000
v 0.250000 -0.903414 0.505378
v 0.250000 -0.863930 0.555378
v 0.250000 -0.813930 0.613935
v 0.350000 -0.947463 0.050000
v 0.350000 -0.955521 0.150000
v 0.350000 -0.958167 0.250000
v 0.350000 -0.947978 0.350000
v 0.342593 -0.916210 0.451282
v 0.304321 -0.901218 0.501723
v 0.370988 -0.889883 0.485470
v 0.341829 -0.847811 0.546066
v 0.312671 -0.805740 0.605412
v 0.450000 -0.934439 0.050000
v 0.450000 -0.943704 0.150000
v 0.450000 -0.942495 0.250000
v 0.453709 -0.921053 0.352339
v 0.422849 -0.909857 0.418804
v 0.489516 -0.893944 0.387232
v 0.453709 -0.870409 0.451282
v 0.450000 -0.817553 0.517942
v 0.526020 -0.911731 0.050000
v 0.533554 -0.916460 0.150000
v 0.525945 -0.914591 0.250000
v 0.511983 -0.907462 0.320565
v 0.576020 -0.886911 0.050000
v 0.583554 -0.889615 0.150000
v 0.575945 -0.880696 0.250000
v 0.553795 -0.854555 0.356581
v 0.521849 -0.820599 0.450000
v 0.500194 -0.800187 0.500180
v 0.638907 -0.836911 0.050000
v 0.638339 -0.839615 0.150000
v 0.627859 -0.830696 0.250000
v 0.613273 -0.815166 0.325930
v 0.050000 -0.772544 0.672995
v 0.050000 -0.722544 0.718518
v 0.050000 -0.653062 0.768518
v 0.150000 -0.767172 0.671169
v 0.150000 -0.717172 0.713303
v 0.140144 -0.640039 0.767251
v 0.166907 -0.589174 0.794347
v 0.255721 -0.745296 0.670014
v 0.226201 -0.708827 0.706499
v 0.292868 -0.697126 0.698109
v 0.255721 -0.658275 0.731618
v 0.250000 -0.570403 0.784649
v 0.379338 -0.788431 0.590409
v 0.347603 -0.753058 0.631753
v 0.350000 -0.677540 0.685632
v 0.350000 -0.627540 0.716717
v 0.343332 -0.542817 0.766009
v 0.372220 -0.472011 0.787725
v 0.455505 -0.753058 0.571165
v 0.425841 -0.721764 0.616066
v 0.492508 -0.692739 0.594685
v 0.449646 -0.649500 0.649982
v 0.406783 -0.606261 0.703772
v 0.473450 -0.572189 0.683898
v 0.444070 -0.543313 0.716660
v 0.442735 -0.443206 0.765478
v 0.474781 -0.350000 0.787006
v 0.495150 -0.290280 0.797540
v 0.595606 -0.794800 0.392597
v 0.575426 -0.756880 0.457562
v 0.522578 -0.750000 0.521149
v 0.596577 -0.695636 0.495937
v 0.559402 -0.660854 0.558854
v 0.522228 -0.626073 0.617232
v 0.588895 -0.585068 0.589689
v 0.546653 -0.545295 0.647550
v 0.504411 -0.505522 0.702937
v 0.573957 -0.450000 0.680016
v 0.523957 -0.450000 0.716053
v 0.594198 -0.389526 0.695486
v 0.556519 -0.353715 0.734979
v 0.545796 -0.254168 0.774553
v 0.569625 -0.150000 0.779953
v 0.575548 -0.050000 0.783741
v 0.688907 -0.786555 0.050000
v 0.688339 -0.784334 0.150000
v 0.677859 -0.769369 0.250000
v 0.650256 -0.750167 0.350280
v 0.620572 -0.728133 0.429270
v 0.687238 -0.679964 0.374631
v 0.653601 -0.654467 0.454638
v 0.619963 -0.628969 0.523022
v 0.686629 -0.577373 0.480005
v 0.649123 -0.547887 0.548761
v 0.611616 -0.518401 0.611201
v 0.680713 -0.450000 0.577269
v 0.630713 -0.450000 0.630016
v 0.696001 -0.390572 0.595194
v 0.653369 -0.356716 0.653152
v 0.610737 -0.322859 0.708958
v 0.673956 -0.250000 0.674084
v 0.623956 -0.250000 0.720037
v 0.685852 -0.150000 0.685978
v 0.635852 -0.150000 0.729953
v 0.690517 -0.050000 0.690628
v 0.640517 -0.050000 0.733741
v 0.726367 -0.736555 0.050000
v 0.723160 -0.734334 0.150000
v 0.712669 -0.719369 0.250000
v 0.703619 -0.705533 0.307964
v 0.776367 -0.660873 0.050000
v 0.777635 -0.643719 0.154010
v 0.753473 -0.650000 0.250000
v 0.720449 -0.647978 0.344778
v 0.707901 -0.613297 0.413338
v 0.798511 -0.596987 0.190016
v 0.790804 -0.581612 0.250000
v 0.773398 -0.547097 0.348557
v 0.723305 -0.546424 0.448003
v 0.705740 -0.510706 0.507832
v 0.791868 -0.481064 0.380928
v 0.770881 -0.448638 0.446611
v 0.719700 -0.450000 0.527269
v 0.789672 -0.350000 0.481990
v 0.737224 -0.354343 0.557116
v 0.709145 -0.323905 0.610817
v 0.799036 -0.296128 0.498302
v 0.775767 -0.257677 0.546695
v 0.720431 -0.250000 0.624084
v 0.780546 -0.150000 0.571456
v 0.730546 -0.150000 0.635978
v 0.784347 -0.050000 0.576406
v 0.734347 -0.050000 0.640628
v 0.050000 -0.603062 0.801903
v 0.050000 -0.550000 0.829371
v 0.050000 -0.450000 0.875511
v 0.050000 -0.393712 0.898043
v 0.050000 -0.343712 0.913083
v 0.050000 -0.250000 0.935668
v 0.050000 -0.150000 0.950975
v 0.050000 -0.050000 0.958287
v 0.100241 -0.600065 0.800040
v 0.140144 -0.553505 0.816910
v 0.150000 -0.450000 0.862909
v 0.150000 -0.373618 0.891802
v 0.150000 -0.323618 0.907085
v 0.150000 -0.250000 0.923957
v 0.150000 -0.150000 0.939489
v 0.150000 -0.050000 0.946634
v 0.250000 -0.520402 0.810087
v 0.250000 -0.450000 0.840566
v 0.244196 -0.343704 0.880065
v 0.206993 -0.306174 0.901864
v 0.279627 -0.250000 0.894436
v 0.229627 -0.250000 0.907792
v 0.299176 -0.198012 0.899779
v 0.259506 -0.158807 0.914577
v 0.250000 -0.050000 0.925321
v 0.305554 -0.504695 0.802274
v 0.343332 -0.443206 0.812144
v 0.350000 -0.350000 0.843276
v 0.350000 -0.250000 0.870545
v 0.346084 -0.158807 0.887706
v 0.310139 -0.131345 0.903449
v 0.367425 -0.050000 0.888520
v 0.317425 -0.050000 0.905940
v 0.404559 -0.405344 0.802224
v 0.424781 -0.350000 0.811868
v 0.457090 -0.254168 0.824340
v 0.450000 -0.150000 0.846551
v 0.450000 -0.050000 0.853932
v 0.509659 -0.223613 0.805755
v 0.519625 -0.150000 0.811753
v 0.525548 -0.050000 0.815412
v 0.806230 -0.610873 0.050000
v 0.803436 -0.606198 0.123350
v 0.836390 -0.550000 0.050000
v 0.822383 -0.558192 0.154010
v 0.815133 -0.531612 0.250000
v 0.805657 -0.511828 0.314261
v 0.883206 -0.440015 0.040114
v 0.869906 -0.450000 0.150000
v 0.850154 -0.450000 0.250000
v 0.818389 -0.448638 0.348557
v 0.805840 -0.414397 0.411018
v 0.898463 -0.394501 0.066856
v 0.894505 -0.380333 0.150000
v 0.885400 -0.347566 0.248951
v 0.852860 -0.350000 0.350000
v 0.816766 -0.350000 0.431990
v 0.895639 -0.276910 0.281584
v 0.881186 -0.246146 0.343236
v 0.827937 -0.257677 0.458981
v 0.806890 -0.229461 0.511159
v 0.886825 -0.150000 0.363954
v 0.849854 -0.150000 0.450000
v 0.813029 -0.150000 0.521456
v 0.888718 -0.050000 0.369679
v 0.854336 -0.050000 0.450000
v 0.815618 -0.050000 0.526406
v 0.900009 -0.400024 0.000190
v 0.910303 -0.356700 0.040114
v 0.908293 -0.330333 0.150000
v 0.903419 -0.312610 0.214918
v 0.935702 -0.250000 0.050000
v 0.926153 -0.250000 0.150000
v 0.909013 -0.246146 0.248951
v 0.901897 -0.210243 0.305393
v 0.951393 -0.150000 0.050000
v 0.941092 -0.150000 0.150000
v 0.922053 -0.150000 0.250000
v 0.904973 -0.150000 0.313954
v 0.958442 -0.050000 0.050000
v 0.947329 -0.050000 0.150000
v 0.927002 -0.050000 0.250000
v 0.907131 -0.050000 0.319679
v 0.050000 0.050000 -0.959670
v 0.050000 0.150000 -0.944842
v 0.046838 0.259902 -0.913903
v 0.011396 0.299837 -0.899940
v 0.078063 0.300224 -0.900113
v 0.046838 0.340135 -0.877689
v 0.050000 0.428294 -0.822156
v 0.150000 0.050000 -0.952244
v 0.150000 0.150000 -0.938369
v 0.140567 0.253265 -0.911468
v 0.167611 0.288775 -0.895883
v 0.100944 0.300224 -0.900113
v 0.140567 0.340135 -0.872365
v 0.150000 0.423693 -0.818544
v 0.250000 0.050000 -0.933047
v 0.257093 0.156384 -0.916251
v 0.295155 0.193973 -0.898679
v 0.228488 0.222108 -0.907432
v 0.257093 0.253265 -0.888428
v 0.250000 0.350000 -0.844104
v 0.250000 0.409702 -0.807579
v 0.329699 0.050000 -0.910307
v 0.379699 0.050000 -0.892720
v 0.316761 0.127306 -0.905746
v 0.350057 0.156384 -0.887359
v 0.350000 0.250000 -0.857753
v 0.340107 0.346333 -0.815349
v 0.300178 0.400097 -0.800074
v 0.450000 0.050000 -0.862414
v 0.450000 0.150000 -0.846952
v 0.447200 0.245019 -0.817449
v 0.412001 0.310554 -0.806022
v 0.533372 0.050000 -0.819694
v 0.519696 0.150000 -0.811761
v 0.505952 0.208364 -0.803575
v 0.050000 0.478294 -0.778576
v 0.024790 0.495882 -0.205948
v 0.081822 0.487243 -0.129829
v 0.024790 0.495882 -0.190325
v 0.081822 0.487243 -0.082490
v 0.050000 0.522489 -0.728576
v 0.050000 0.568306 -0.650000
v 0.050000 0.595816 -0.573702
v 0.050000 0.597908 -0.415606
v 0.050000 0.577590 -0.350000
v 0.054874 0.524643 -0.243569
v 0.053306 0.505476 -0.160077
v 0.047130 0.544388 -0.046156
v 0.050000 0.603693 -0.523702
v 0.050000 0.603693 -0.465606
v 0.012438 0.628031 -0.009821
v 0.150000 0.473693 -0.774547
v 0.133003 0.487243 -0.129829
v 0.188683 0.494437 -0.032630
v 0.133003 0.487243 -0.082490
v 0.150000 0.519588 -0.724547
v 0.150000 0.564439 -0.650000
v 0.150000 0.594850 -0.575811
v 0.101036 0.599907 -0.400927
v 0.140622 0.590777 -0.351540
v 0.150000 0.553693 -0.250000
v 0.159802 0.512195 -0.157897
v 0.160843 0.506388 -0.057560
v 0.150000 0.604898 -0.525811
v 0.140622 0.605620 -0.440556
v 0.167703 0.602836 -0.385899
v 0.250000 0.459702 -0.762454
v 0.207928 0.494437 -0.032630
v 0.250000 0.510144 -0.712454
v 0.250000 0.549025 -0.650000
v 0.258933 0.590987 -0.549032
v 0.298221 0.599804 -0.497888
v 0.250000 0.596761 -0.315874
v 0.250000 0.580812 -0.250000
v 0.250000 0.548537 -0.150000
v 0.244757 0.521509 -0.059578
v 0.231554 0.603365 -0.515053
v 0.258933 0.605403 -0.458733
v 0.250000 0.604230 -0.365874
v 0.366845 0.377221 -0.785094
v 0.336620 0.443873 -0.743974
v 0.373061 0.487649 -0.685476
v 0.306394 0.502424 -0.702854
v 0.343837 0.522563 -0.651286
v 0.350000 0.570438 -0.550000
v 0.355171 0.594697 -0.458733
v 0.391951 0.599092 -0.385608
v 0.304269 0.599827 -0.301932
v 0.342562 0.595871 -0.241110
v 0.350000 0.583180 -0.150000
v 0.350000 0.574055 -0.050000
v 0.325284 0.602804 -0.431221
v 0.348110 0.601989 -0.343770
v 0.370936 0.601173 -0.268516
v 0.478667 0.275031 -0.788024
v 0.454650 0.354126 -0.753225
v 0.497298 0.397697 -0.698118
v 0.430632 0.420982 -0.718427
v 0.461292 0.458135 -0.658464
v 0.491952 0.495287 -0.592621
v 0.425285 0.512220 -0.618810
v 0.455171 0.530813 -0.555573
v 0.450000 0.572307 -0.450000
v 0.448805 0.593446 -0.351365
v 0.481341 0.598468 -0.285777
v 0.401108 0.599930 -0.201850
v 0.408550 0.598766 -0.150000
v 0.415926 0.597261 -0.050000
v 0.414674 0.601173 -0.318941
v 0.441225 0.601591 -0.243813
v 0.458550 0.604025 -0.150000
v 0.465926 0.605517 -0.050000
v 0.583372 0.050000 -0.788959
v 0.569696 0.150000 -0.779591
v 0.551525 0.252160 -0.751414
v 0.597098 0.295955 -0.697675
v 0.530432 0.331030 -0.721357
v 0.558259 0.358618 -0.679873
v 0.550000 0.424296 -0.626585
v 0.555228 0.476369 -0.555573
v 0.592047 0.494887 -0.490991
v 0.525380 0.513534 -0.525954
v 0.555228 0.529928 -0.454595
v 0.550000 0.568074 -0.350000
v 0.547036 0.590295 -0.251466
v 0.578394 0.596073 -0.169131
v 0.511727 0.602009 -0.219111
v 0.547036 0.603401 -0.141478
v 0.550000 0.607157 -0.050000
v 0.645616 0.050000 -0.738959
v 0.695616 0.050000 -0.695516
v 0.634693 0.150000 -0.729591
v 0.684693 0.150000 -0.684516
v 0.617263 0.229288 -0.714804
v 0.657693 0.262969 -0.657401
v 0.698124 0.296650 -0.597774
v 0.626679 0.350000 -0.626253
v 0.676679 0.350000 -0.573516
v 0.604115 0.403774 -0.603996
v 0.642469 0.419316 -0.540148
v 0.651285 0.470354 -0.454595
v 0.685476 0.488837 -0.376984
v 0.618809 0.511496 -0.424324
v 0.651285 0.523011 -0.346190
v 0.650000 0.552536 -0.250000
v 0.640484 0.577569 -0.141478
v 0.654518 0.580758 -0.050000
v 0.600807 0.600301 -0.102464
v 0.604518 0.601639 -0.050000
v 0.737862 0.050000 -0.645516
v 0.787862 0.050000 -0.582007
v 0.728925 0.150000 -0.634516
v 0.778925 0.150000 -0.569081
v 0.714455 0.229983 -0.617126
v 0.751804 0.252784 -0.551788
v 0.789153 0.275585 -0.481876
v 0.717004 0.350000 -0.523516
v 0.766276 0.348869 -0.449125
v 0.787788 0.381448 -0.375522
v 0.700186 0.400200 -0.500247
v 0.715981 0.416777 -0.450000
v 0.746592 0.446948 -0.342920
v 0.767635 0.467274 -0.250000
v 0.782732 0.482497 -0.150000
v 0.790032 0.489679 -0.050000
v 0.705395 0.504238 -0.310317
v 0.717635 0.513518 -0.250000
v 0.732732 0.524906 -0.150000
v 0.740032 0.530758 -0.050000
v 0.819511 0.050000 -0.532007
v 0.863216 0.050000 -0.450000
v 0.893705 0.050000 -0.382781
v 0.811637 0.150000 -0.519081
v 0.848224 0.150000 -0.450000
v 0.886587 0.150000 -0.364376
v 0.803588 0.208919 -0.505801
v 0.819556 0.245351 -0.449125
v 0.870580 0.240234 -0.340211
v 0.889764 0.270226 -0.250000
v 0.897724 0.293244 -0.183971
v 0.808242 0.314781 -0.415209
v 0.820443 0.348869 -0.345313
v 0.852896 0.350000 -0.250000
v 0.878186 0.343051 -0.150382
v 0.879337 0.359186 -0.050000
v 0.803869 0.405060 -0.308856
v 0.813132 0.417274 -0.250000
v 0.824439 0.432497 -0.150000
v 0.829337 0.439679 -0.050000
v 0.911488 0.050000 -0.332781
v 0.934802 0.050000 -0.250000
v 0.952579 0.050000 -0.150000
v 0.959413 0.050000 -0.050000
v 0.905060 0.150000 -0.314376
v 0.922320 0.150000 -0.250000
v 0.940754 0.150000 -0.150000
v 0.947941 0.150000 -0.050000
v 0.900127 0.200391 -0.300351
v 0.906454 0.220226 -0.250000
v 0.914191 0.255946 -0.150382
v 0.924006 0.250000 -0.050000
v 0.902384 0.305085 -0.117304
v 0.904264 0.309186 -0.050000
v 0.093681 0.495779 0.093778
v 0.093681 0.495779 0.118176
v 0.022255 0.495674 0.190615
v 0.022255 0.495674 0.206086
v 0.050000 0.492740 0.792595
v 0.079105 0.579320 0.010343
v 0.093681 0.501981 0.093778
v 0.011204 0.578262 0.078198
v 0.050063 0.540185 0.154669
v 0.093681 0.501981 0.118176
v 0.053353 0.524080 0.243651
v 0.050000 0.575446 0.350000
v 0.050000 0.596928 0.420550
v 0.050000 0.582571 0.651929
v 0.050000 0.532571 0.742595
v 0.045154 0.624320 0.044270
v 0.077871 0.620608 0.118723
v 0.050000 0.603994 0.470550
v 0.050000 0.604585 0.550000
v 0.050000 0.600591 0.601929
v 0.188683 0.494437 0.026672
v 0.121376 0.495779 0.093778
v 0.121376 0.495779 0.118176
v 0.150000 0.486891 0.786788
v 0.153492 0.540347 0.051841
v 0.121376 0.501981 0.093778
v 0.121376 0.501981 0.118176
v 0.150980 0.551232 0.151234
v 0.150000 0.550061 0.250000
v 0.146602 0.588905 0.353071
v 0.111004 0.598772 0.409718
v 0.170916 0.598739 0.591094
v 0.142550 0.582126 0.640328
v 0.150000 0.528602 0.736788
v 0.118301 0.620608 0.077009
v 0.118301 0.620608 0.118723
v 0.177670 0.602437 0.388451
v 0.146602 0.605157 0.445831
v 0.142550 0.603800 0.554657
v 0.104249 0.600176 0.600546
v 0.207928 0.494437 0.026672
v 0.250000 0.474728 0.774991
v 0.244757 0.522746 0.056003
v 0.250000 0.548335 0.150000
v 0.257082 0.582876 0.257330
v 0.228470 0.595055 0.321785
v 0.250000 0.594419 0.575500
v 0.250000 0.564121 0.650000
v 0.250000 0.519702 0.724991
v 0.295136 0.600820 0.295550
v 0.257082 0.604752 0.353071
v 0.250000 0.609516 0.450000
v 0.250000 0.604191 0.525500
v 0.387583 0.390231 0.794294
v 0.391513 0.496289 0.695418
v 0.356215 0.453703 0.752904
v 0.350000 0.575246 0.050000
v 0.353873 0.588223 0.145049
v 0.323122 0.594501 0.228883
v 0.386636 0.598356 0.490606
v 0.351981 0.586602 0.545743
v 0.354908 0.533073 0.657251
v 0.324847 0.509141 0.711513
v 0.389789 0.602288 0.175082
v 0.353873 0.604752 0.257330
v 0.350000 0.610671 0.350000
v 0.351981 0.606556 0.454363
v 0.319969 0.602330 0.509572
v 0.488977 0.279486 0.793753
v 0.453386 0.354139 0.777746
v 0.450000 0.479341 0.676379
v 0.450000 0.429341 0.726868
v 0.411976 0.597846 0.050000
v 0.405024 0.599203 0.108416
v 0.490978 0.598445 0.388601
v 0.454587 0.591350 0.454363
v 0.450000 0.557863 0.550000
v 0.450000 0.517509 0.626379
v 0.461976 0.606193 0.050000
v 0.443015 0.606652 0.145049
v 0.450000 0.610850 0.250000
v 0.454587 0.606944 0.353160
v 0.424311 0.603934 0.423939
v 0.573595 0.050000 0.782259
v 0.564732 0.150000 0.775652
v 0.543443 0.247692 0.766133
v 0.577639 0.371009 0.680527
v 0.546583 0.342606 0.722652
v 0.574334 0.480665 0.573515
v 0.542653 0.445082 0.643474
v 0.510972 0.409500 0.708197
v 0.591864 0.598424 0.181857
v 0.576800 0.593718 0.250000
v 0.546322 0.585894 0.353160
v 0.550000 0.557024 0.450000
v 0.544601 0.518355 0.544109
v 0.507668 0.504517 0.606421
v 0.550000 0.608544 0.050000
v 0.555118 0.606029 0.149114
v 0.526800 0.605526 0.250000
v 0.510536 0.602829 0.321934
v 0.688627 0.050000 0.688663
v 0.638627 0.050000 0.732259
v 0.680202 0.150000 0.679859
v 0.630202 0.150000 0.725652
v 0.664232 0.250000 0.662754
v 0.614232 0.250000 0.712352
v 0.679855 0.368522 0.574136
v 0.641320 0.336433 0.640889
v 0.602785 0.304343 0.702471
v 0.692728 0.493376 0.384488
v 0.673556 0.474806 0.450000
v 0.642601 0.443515 0.540492
v 0.613188 0.413998 0.613860
v 0.656355 0.581132 0.050000
v 0.641953 0.579774 0.149114
v 0.650000 0.559352 0.250000
v 0.655636 0.530568 0.350693
v 0.623556 0.516604 0.450000
v 0.605348 0.503959 0.506848
v 0.606355 0.602351 0.050000
v 0.603256 0.601250 0.115191
v 0.782458 0.050000 0.573122
v 0.732458 0.050000 0.638663
v 0.774915 0.150000 0.561776
v 0.724915 0.150000 0.629859
v 0.790252 0.271580 0.481266
v 0.762636 0.242948 0.541578
v 0.710606 0.250000 0.612754
v 0.789142 0.380784 0.373860
v 0.770681 0.348470 0.448759
v 0.717816 0.341114 0.544482
v 0.701034 0.301856 0.601252
v 0.789736 0.489056 0.050000
v 0.782339 0.480834 0.150000
v 0.768946 0.465318 0.250000
v 0.748207 0.448608 0.345841
v 0.720663 0.424806 0.450000
v 0.705075 0.406365 0.507470
v 0.739736 0.531132 0.050000
v 0.732339 0.525900 0.150000
v 0.718946 0.515635 0.250000
v 0.707271 0.506234 0.317821
v 0.050000 0.050000 0.958827
v 0.050000 0.150000 0.951549
v 0.050000 0.250000 0.931985
v 0.050000 0.370291 0.884417
v 0.050000 0.320291 0.909366
v 0.050000 0.442740 0.834417
v 0.150000 0.050000 0.946916
v 0.150000 0.150000 0.939795
v 0.150000 0.250000 0.921139
v 0.150000 0.359264 0.879353
v 0.150000 0.309264 0.904242
v 0.150000 0.436891 0.829352
v 0.250000 0.050000 0.925270
v 0.298076 0.195347 0.899462
v 0.258845 0.157208 0.914544
v 0.274535 0.250000 0.893136
v 0.224535 0.250000 0.906660
v 0.240782 0.340464 0.870221
v 0.201304 0.300773 0.900342
v 0.250000 0.424728 0.819237
v 0.366787 0.050000 0.888046
v 0.316787 0.050000 0.905797
v 0.345574 0.157208 0.886570
v 0.309290 0.128680 0.903259
v 0.350000 0.250000 0.867022
v 0.352550 0.354139 0.826862
v 0.320917 0.411117 0.808470
v 0.450000 0.050000 0.852425
v 0.450000 0.150000 0.842735
v 0.453386 0.247692 0.821282
v 0.422310 0.323564 0.811580
v 0.523595 0.050000 0.814378
v 0.514732 0.150000 0.809119
v 0.505739 0.212820 0.803622
v 0.083884 0.870283 0.082969
v 0.083884 0.870283 0.121167
v 0.083884 0.919064 0.082969
v 0.083884 0.919064 0.121167
v 0.124193 0.870283 0.082969
v 0.124193 0.870283 0.121167
v 0.124193 0.919064 0.082969
v 0.124193 0.919064 0.121167
v 0.886684 0.050000 0.364769
v 0.850164 0.050000 0.450000
v 0.813479 0.050000 0.523122
v 0.896741 0.181189 0.288053
v 0.882452 0.148713 0.343999
v 0.837395 0.150000 0.450000
v 0.806887 0.150000 0.511776
v 0.895398 0.285392 0.172046
v 0.887139 0.251235 0.252832
v 0.855741 0.250000 0.350000
v 0.815624 0.242948 0.448759
v 0.801552 0.204913 0.502630
v 0.878539 0.356807 0.050000
v 0.875184 0.341148 0.143228
v 0.847457 0.350000 0.250000
v 0.817736 0.348470 0.344316
v 0.807043 0.314117 0.414599
v 0.828539 0.439056 0.050000
v 0.822432 0.430834 0.150000
v 0.811090 0.415318 0.250000
v 0.802758 0.403839 0.307193
v 0.956601 0.050000 0.050000
v 0.944946 0.050000 0.150000
v 0.923907 0.050000 0.250000
v 0.905414 0.050000 0.314769
v 0.945002 0.150000 0.050000
v 0.933185 0.150000 0.150000
v 0.911571 0.148713 0.252832
v 0.902445 0.114522 0.306666
v 0.921406 0.250000 0.050000
v 0.910390 0.251235 0.143228
v 0.905609 0.218725 0.221386
v 0.903127 0.306807 0.050000
v 0.900868 0.301914 0.105380
vn -0.9664 -0.1959 -0.1666
vn -0.9679 -0.2322 -0.0965
vn -0.9643 -0.1382 -0.2257
vn -0.9693 -0.1587 -0.1880
vn -0.9806 -0.1653 -0.1050
vn -0.9630 -0.0637 -0.2617
vn -0.9779 -0.0727 -0.1960
vn -0.9909 -0.0784 -0.1092
vn -0.9009 -0.4241 -0.0928
vn -0.8896 -0.3598 -0.2814
vn -0.8942 -0.4018 -0.1976
vn -0.9084 -0.4045 -0.1057
vn -0.8815 -0.3161 -0.3509
vn -0.8964 -0.3289 -0.2971
vn -0.9172 -0.3379 -0.2111
vn -0.9301 -0.3145 -0.1896
vn -0.9313 -0.3476 -0.1089
vn -0.9527 -0.2867 -0.1008
vn -0.8918 -0.2472 -0.3790
vn -0.9115 -0.2692 -0.3109
vn -0.9324 -0.2233 -0.2842
vn -0.9342 -0.2439 -0.2603
vn -0.8841 -0.1500 -0.4426
vn -0.9031 -0.1724 -0.3934
vn -0.9203 -0.1532 -0.3601
vn -0.8832 -0.0604 -0.4650
vn -0.9130 -0.0666 -0.4025
vn -0.9380 -0.0651 -0.3406
vn -0.6640 -0.7223 -0.1932
vn -0.6357 -0.7379 -0.2267
vn -0.5919 -0.8048 -0.0449
vn -0.6293 -0.7705 -0.1017
vn -0.5147 -0.8573 -0.0065
vn -0.5862 -0.8087 -0.0480
vn -0.3911 -0.9098 -0.1391
vn -0.4095 -0.9123 -0.0028
vn -0.3672 -0.9294 0.0377
vn -0.5155 -0.7736 -0.3685
vn -0.5936 -0.7052 -0.3877
vn -0.5623 -0.7626 -0.3197
vn -0.3107 -0.9164 -0.2524
vn -0.3059 -0.9426 -0.1340
vn -0.2691 -0.9629 0.0216
vn -0.2345 -0.9687 0.0809
vn -0.3596 -0.7694 -0.5280
vn -0.4618 -0.6843 -0.5643
vn -0.4411 -0.7868 -0.4317
vn -0.1940 -0.9118 -0.3619
vn -0.1812 -0.9527 -0.2438
vn -0.1027 -0.9923 -0.0696
vn -0.0383 -0.9974 0.0605
vn -0.0148 -0.9943 0.1056
vn -0.2744 -0.7051 -0.6539
vn -0.2536 -0.7208 -0.6451
vn -0.0522 -0.9245 -0.3776
vn -0.0163 -0.9832 -0.1818
vn 0.0415 -0.9991 0.0037
vn 0.1011 -0.9886 0.1115
vn 0.1383 -0.9838 0.1139
vn -0.1377 -0.7242 -0.6757
vn -0.1002 -0.8042 -0.5858
vn 0.0332 -0.9368 -0.3483
vn 0.0628 -0.9877 -0.1434
vn 0.0842 -0.9955 0.0428
vn 0.1086 -0.9816 0.1573
vn 0.1469 -0.9788 0.1429
vn -0.0280 -0.7592 -0.6502
vn 0.0028 -0.8455 -0.5340
vn -0.4619 -0.1654 -0.8714
vn -0.4743 -0.0842 -0.8763
vn -0.3805 -0.3122 -0.8705
vn -0.4041 -0.2426 -0.8819
vn -0.3552 -0.1483 -0.9230
vn -0.4085 -0.1786 -0.8951
vn -0.3280 -0.0719 -0.9419
vn -0.4072 -0.0839 -0.9095
vn -0.2978 -0.3663 -0.8816
vn -0.3144 -0.3276 -0.8910
vn -0.2546 -0.2349 -0.9381
vn -0.2950 -0.1983 -0.9347
vn -0.3311 -0.2685 -0.9046
vn -0.2426 -0.1288 -0.9615
vn -0.2624 -0.0622 -0.9630
vn -0.2088 -0.3966 -0.8939
vn -0.1759 -0.3174 -0.9318
vn -0.2082 -0.2859 -0.9353
vn -0.2307 -0.3432 -0.9105
vn -0.1818 -0.2066 -0.9614
vn -0.2000 -0.1403 -0.9697
vn -0.1927 -0.0576 -0.9796
vn -0.1157 -0.4396 -0.8907
vn -0.1034 -0.3863 -0.9166
vn -0.1269 -0.4058 -0.9051
vn -0.0930 -0.2575 -0.9618
vn -0.1115 -0.2252 -0.9679
vn -0.1126 -0.1372 -0.9841
vn -0.1091 -0.0497 -0.9928
vn -0.8312 -0.5286 -0.1723
vn -0.8224 -0.5582 -0.1102
vn -0.8287 -0.5508 -0.0993
vn -0.8215 -0.4197 -0.3861
vn -0.8288 -0.4687 -0.3055
vn -0.8368 -0.4598 -0.2971
vn -0.8353 -0.5084 -0.2095
vn -0.8787 -0.4301 -0.2072
vn -0.8577 -0.4882 -0.1611
vn -0.8026 -0.3816 -0.4585
vn -0.8128 -0.4111 -0.4128
vn -0.8310 -0.3903 -0.3963
vn -0.8397 -0.3983 -0.3692
vn -0.7967 -0.3442 -0.4968
vn -0.8228 -0.3390 -0.4562
vn -0.7905 -0.2515 -0.5584
vn -0.7911 -0.2901 -0.5386
vn -0.8425 -0.2134 -0.4946
vn -0.8658 -0.2728 -0.4195
vn -0.7925 -0.1703 -0.5856
vn -0.8143 -0.1589 -0.5583
vn -0.7969 -0.0711 -0.5999
vn -0.8393 -0.0659 -0.5396
vn -0.7622 -0.5928 -0.2602
vn -0.7463 -0.6480 -0.1522
vn -0.7629 -0.6258 -0.1627
vn -0.7162 -0.6923 -0.0882
vn -0.7726 -0.6260 -0.1058
vn -0.7541 -0.5202 -0.4010
vn -0.7549 -0.5148 -0.4063
vn -0.7458 -0.5852 -0.3183
vn -0.8205 -0.4759 -0.3169
vn -0.7981 -0.5588 -0.2254
vn -0.7289 -0.4456 -0.5197
vn -0.7320 -0.4486 -0.5128
vn -0.7514 -0.4527 -0.4801
vn -0.6965 -0.3916 -0.6013
vn -0.7139 -0.3964 -0.5773
vn -0.6704 -0.3576 -0.6501
vn -0.7153 -0.3185 -0.6220
vn -0.7540 -0.3568 -0.5514
vn -0.6696 -0.2676 -0.6929
vn -0.6812 -0.2636 -0.6830
vn -0.6636 -0.1859 -0.7247
vn -0.7255 -0.1784 -0.6647
vn -0.6693 -0.0890 -0.7376
vn -0.7550 -0.0805 -0.6508
vn -0.6560 -0.6395 -0.4010
vn -0.7053 -0.5725 -0.4182
vn -0.6851 -0.6402 -0.3475
vn -0.6381 -0.5259 -0.5623
vn -0.6924 -0.4727 -0.5451
vn -0.7068 -0.5256 -0.4735
vn -0.6116 -0.4441 -0.6548
vn -0.6452 -0.4267 -0.6338
vn -0.6698 -0.4478 -0.5923
vn -0.5927 -0.3826 -0.7087
vn -0.6068 -0.3836 -0.6961
vn -0.5694 -0.3460 -0.7457
vn -0.6186 -0.3171 -0.7189
vn -0.6417 -0.3505 -0.6822
vn -0.5733 -0.2612 -0.7766
vn -0.5737 -0.1815 -0.7987
vn -0.6004 -0.1897 -0.7769
vn -0.5560 -0.0951 -0.8257
vn -0.6250 -0.0959 -0.7747
vn -0.5123 -0.6397 -0.5729
vn -0.6174 -0.5302 -0.5811
vn -0.6137 -0.6442 -0.4564
vn -0.5034 -0.5160 -0.6931
vn -0.5711 -0.4644 -0.6769
vn -0.5953 -0.5225 -0.6104
vn -0.4979 -0.4447 -0.7445
vn -0.5349 -0.4317 -0.7263
vn -0.5421 -0.4383 -0.7170
vn -0.4906 -0.3739 -0.7871
vn -0.4922 -0.3325 -0.8045
vn -0.5271 -0.3377 -0.7798
vn -0.4569 -0.2738 -0.8463
vn -0.5173 -0.2267 -0.8252
vn -0.5626 -0.2924 -0.7733
vn -0.3633 -0.6212 -0.6944
vn -0.4604 -0.5407 -0.7040
vn -0.4594 -0.6282 -0.6280
vn -0.4237 -0.5087 -0.7495
vn -0.4239 -0.5014 -0.7543
vn -0.4096 -0.4232 -0.8082
vn -0.3854 -0.3990 -0.8320
vn -0.4271 -0.3813 -0.8199
vn -0.4448 -0.4115 -0.7955
vn -0.2865 -0.5769 -0.7649
vn -0.2538 -0.5419 -0.8012
vn -0.3400 -0.4693 -0.8150
vn -0.3410 -0.5669 -0.7499
vn -0.3151 -0.4606 -0.8298
vn -0.3274 -0.4700 -0.8197
vn -0.1996 -0.5985 -0.7758
vn -0.1831 -0.6327 -0.7524
vn -0.2062 -0.5251 -0.8257
vn -0.1717 -0.4803 -0.8601
vn -0.2298 -0.4233 -0.8764
vn -0.2393 -0.5137 -0.8239
vn -0.0951 -0.6124 -0.7848
vn -0.0689 -0.6951 -0.7156
vn -0.1202 -0.5337 -0.8371
vn -0.1178 -0.5564 -0.8226
vn -0.9702 -0.2415 -0.0202
vn -0.9691 -0.2393 0.0596
vn -0.9661 -0.2078 0.1534
vn -0.9859 -0.1661 -0.0210
vn -0.9845 -0.1621 0.0665
vn -0.9719 -0.1577 0.1749
vn -0.9584 -0.1392 0.2490
vn -0.9966 -0.0801 -0.0193
vn -0.9944 -0.0763 0.0726
vn -0.9814 -0.0704 0.1784
vn -0.9593 -0.0648 0.2749
vn -0.8965 -0.4424 -0.0238
vn -0.9051 -0.4206 0.0619
vn -0.9152 -0.4026 -0.0203
vn -0.9122 -0.4033 0.0727
vn -0.8973 -0.4019 0.1825
vn -0.8842 -0.3648 0.2919
vn -0.9347 -0.3550 -0.0189
vn -0.9577 -0.2870 -0.0188
vn -0.9323 -0.3549 0.0701
vn -0.9546 -0.2910 0.0628
vn -0.9190 -0.3452 0.1906
vn -0.9322 -0.3195 0.1702
vn -0.8888 -0.3329 0.3149
vn -0.8672 -0.3095 0.3901
vn -0.9385 -0.2457 0.2425
vn -0.8967 -0.2791 0.3435
vn -0.9294 -0.2044 0.3071
vn -0.8738 -0.2394 0.4234
vn -0.9097 -0.1559 0.3848
vn -0.8842 -0.1793 0.4314
vn -0.8654 -0.1645 0.4732
vn -0.9304 -0.0751 0.3589
vn -0.8967 -0.0882 0.4337
vn -0.8689 -0.0886 0.4871
vn -0.4688 -0.8768 -0.1067
vn -0.5808 -0.8075 -0.1027
vn -0.4848 -0.8704 -0.0860
vn -0.6297 -0.7752 -0.0513
vn -0.5497 -0.8301 0.0939
vn -0.6673 -0.7326 0.1344
vn -0.6202 -0.7380 0.2660
vn -0.6403 -0.7124 0.2874
vn -0.3172 -0.9452 -0.0773
vn -0.3224 -0.9408 -0.1045
vn -0.3640 -0.9308 0.0321
vn -0.3684 -0.9098 0.1911
vn -0.5284 -0.7740 0.3488
vn -0.4473 -0.8015 0.3970
vn -0.5697 -0.6947 0.4392
vn -0.4956 -0.7126 0.4966
vn -0.1898 -0.9809 -0.0415
vn -0.1595 -0.9796 -0.1222
vn -0.1847 -0.9827 -0.0145
vn -0.2528 -0.9533 0.1653
vn -0.2694 -0.9169 0.2947
vn -0.3715 -0.8033 0.4654
vn -0.3003 -0.7845 0.5426
vn -0.4119 -0.7046 0.5778
vn -0.0051 -1.0000 -0.0065
vn 0.0098 -0.9934 -0.1143
vn -0.0041 -0.9980 -0.0634
vn -0.0639 -0.9944 0.0843
vn -0.1263 -0.9483 0.2913
vn -0.1265 -0.9131 0.3877
vn -0.1736 -0.7428 0.6466
vn -0.2042 -0.7520 0.6267
vn 0.1448 -0.9895 -0.0005
vn 0.1360 -0.9843 -0.1125
vn 0.1122 -0.9885 -0.1017
vn 0.0872 -0.9955 0.0378
vn 0.0780 -0.9603 0.2678
vn 0.0420 -0.9214 0.3864
vn 0.1396 -0.8766 0.4606
vn 0.0136 -0.7953 0.6061
vn -0.0235 -0.7930 0.6087
vn 0.1763 -0.9843 0.0040
vn 0.1645 -0.9772 -0.1346
vn 0.1447 -0.9818 -0.1227
vn 0.1521 -0.9875 0.0403
vn 0.1380 -0.9595 0.2455
vn 0.1092 -0.9267 0.3595
vn 0.0714 -0.8724 0.4836
vn 0.0380 -0.8256 0.5630
vn -0.8294 -0.5566 -0.0478
vn -0.8496 -0.5263 -0.0330
vn -0.8418 -0.5366 0.0587
vn -0.8448 -0.5316 0.0606
vn -0.8404 -0.5110 0.1807
vn -0.8406 -0.4589 0.2879
vn -0.8730 -0.4690 0.1342
vn -0.8420 -0.4978 0.2081
vn -0.8870 -0.4162 0.2001
vn -0.8303 -0.4566 0.3197
vn -0.8342 -0.4581 0.3069
vn -0.8118 -0.4187 0.4071
vn -0.8331 -0.3945 0.3877
vn -0.8002 -0.4040 0.4432
vn -0.8210 -0.3772 0.4286
vn -0.7927 -0.3670 0.4867
vn -0.8061 -0.3203 0.4977
vn -0.7870 -0.3234 0.5255
vn -0.8437 -0.2605 0.4693
vn -0.7839 -0.2731 0.5576
vn -0.8238 -0.2195 0.5227
vn -0.7844 -0.2444 0.5701
vn -0.7999 -0.1767 0.5735
vn -0.7822 -0.1845 0.5950
vn -0.8238 -0.0976 0.5584
vn -0.7842 -0.1011 0.6122
vn -0.7029 -0.7064 -0.0829
vn -0.7822 -0.6192 -0.0688
vn -0.7282 -0.6854 0.0035
vn -0.8058 -0.5912 0.0336
vn -0.7530 -0.6370 0.1648
vn -0.8051 -0.5655 0.1788
vn -0.7625 -0.5763 0.2942
vn -0.7607 -0.5783 0.2949
vn -0.7691 -0.5006 0.3973
vn -0.7513 -0.4978 0.4332
vn -0.7625 -0.4825 0.4310
vn -0.7537 -0.4355 0.4922
vn -0.7308 -0.4293 0.5308
vn -0.7382 -0.4233 0.5253
vn -0.7221 -0.3718 0.5834
vn -0.7107 -0.3675 0.5999
vn -0.7569 -0.3302 0.5640
vn -0.6910 -0.3283 0.6440
vn -0.7234 -0.2987 0.6225
vn -0.6929 -0.2499 0.6764
vn -0.6848 -0.2483 0.6851
vn -0.7223 -0.1866 0.6659
vn -0.6704 -0.1842 0.7188
vn -0.7430 -0.1047 0.6610
vn -0.6622 -0.1046 0.7420
vn -0.6928 -0.6198 0.3686
vn -0.6242 -0.6377 0.4514
vn -0.7236 -0.5274 0.4453
vn -0.6610 -0.5490 0.5115
vn -0.7142 -0.5024 0.4873
vn -0.6314 -0.5173 0.5777
vn -0.6944 -0.4535 0.5587
vn -0.6757 -0.4371 0.5936
vn -0.6072 -0.4382 0.6628
vn -0.6517 -0.4113 0.6373
vn -0.6143 -0.3683 0.6979
vn -0.5960 -0.3701 0.7126
vn -0.6581 -0.3273 0.6781
vn -0.5722 -0.3261 0.7524
vn -0.6313 -0.2953 0.7171
vn -0.5741 -0.2399 0.7829
vn -0.5970 -0.1785 0.7821
vn -0.6124 -0.1007 0.7841
vn -0.5135 -0.5524 0.6567
vn -0.5857 -0.5216 0.6204
vn -0.4823 -0.5091 0.7129
vn -0.5658 -0.4541 0.6883
vn -0.5356 -0.4345 0.7241
vn -0.4827 -0.4422 0.7560
vn -0.5262 -0.4301 0.7336
vn -0.4766 -0.3623 0.8010
vn -0.5207 -0.3188 0.7920
vn -0.5579 -0.2714 0.7843
vn -0.4310 -0.6559 0.6197
vn -0.3275 -0.6414 0.6938
vn -0.4285 -0.5371 0.7266
vn -0.4166 -0.5083 0.7537
vn -0.3770 -0.5121 0.7718
vn -0.4156 -0.4913 0.7655
vn -0.3855 -0.4205 0.8213
vn -0.4243 -0.4035 0.8106
vn -0.2316 -0.5992 0.7663
vn -0.2404 -0.6168 0.7495
vn -0.2515 -0.4628 0.8500
vn -0.2936 -0.4610 0.8374
vn -0.0937 -0.6688 0.7375
vn -0.1281 -0.6195 0.7745
vn -0.1497 -0.5323 0.8332
vn -0.1873 -0.5028 0.8439
vn -0.0021 -0.7172 0.6969
vn -0.0339 -0.6557 0.7543
vn -0.0623 -0.5677 0.8209
vn -0.5719 -0.1681 0.8029
vn -0.5535 -0.0962 0.8273
vn -0.4791 -0.3160 0.8189
vn -0.4462 -0.2547 0.8579
vn -0.5128 -0.2102 0.8324
vn -0.4531 -0.1540 0.8781
vn -0.4689 -0.0871 0.8790
vn -0.3643 -0.3907 0.8454
vn -0.4069 -0.3720 0.8343
vn -0.3624 -0.3001 0.8824
vn -0.3937 -0.2286 0.8904
vn -0.4028 -0.1700 0.8994
vn -0.3634 -0.1498 0.9195
vn -0.4073 -0.0922 0.9086
vn -0.3476 -0.0876 0.9336
vn -0.2852 -0.4598 0.8410
vn -0.2747 -0.3586 0.8922
vn -0.2992 -0.3218 0.8983
vn -0.3203 -0.2559 0.9121
vn -0.2669 -0.2344 0.9348
vn -0.2971 -0.2051 0.9326
vn -0.2482 -0.1389 0.9587
vn -0.2785 -0.0842 0.9567
vn -0.1402 -0.4875 0.8618
vn -0.1908 -0.4305 0.8822
vn -0.1873 -0.4068 0.8941
vn -0.2115 -0.3391 0.9167
vn -0.1981 -0.3095 0.9300
vn -0.1812 -0.1981 0.9633
vn -0.2017 -0.1557 0.9670
vn -0.2032 -0.0888 0.9751
vn -0.0685 -0.5598 0.8258
vn -0.0787 -0.4393 0.8949
vn -0.0986 -0.4166 0.9037
vn -0.1082 -0.3618 0.9259
vn -0.1013 -0.2879 0.9523
vn -0.0948 -0.2314 0.9682
vn -0.0970 -0.1565 0.9829
vn -0.0916 -0.0856 0.9921
vn -0.9626 0.0441 -0.2674
vn -0.9783 0.0416 -0.2032
vn -0.9927 0.0335 -0.1156
vn -0.9626 0.1285 -0.2385
vn -0.9677 0.1461 -0.2056
vn -0.9820 0.1439 -0.1227
vn -0.9596 0.2071 -0.1904
vn -0.9645 0.2351 -0.1203
vn -0.8853 0.0359 -0.4636
vn -0.9147 0.0446 -0.4017
vn -0.9394 0.0465 -0.3396
vn -0.8864 0.1330 -0.4435
vn -0.9071 0.1534 -0.3919
vn -0.9250 0.1354 -0.3550
vn -0.9374 0.2028 -0.2832
vn -0.8928 0.2511 -0.3739
vn -0.9098 0.2740 -0.3117
vn -0.9346 0.2462 -0.2568
vn -0.9262 0.3117 -0.2120
vn -0.9531 0.2682 -0.1402
vn -0.8724 0.3512 -0.3399
vn -0.8786 0.3898 -0.2761
vn -0.8811 0.4058 -0.2431
vn -0.8773 0.4489 -0.1696
vn -0.9253 0.3699 -0.0834
vn -0.8444 0.4937 -0.2080
vn -0.8491 0.5104 -0.1359
vn -0.4723 0.0110 -0.8814
vn -0.4634 0.1276 -0.8769
vn -0.4166 0.2429 -0.8760
vn -0.3202 0.0188 -0.9472
vn -0.4031 0.0165 -0.9150
vn -0.3381 0.1307 -0.9320
vn -0.3844 0.1455 -0.9116
vn -0.3702 0.2736 -0.8877
vn -0.3376 0.3747 -0.8635
vn -0.2573 0.0234 -0.9660
vn -0.2263 0.1216 -0.9664
vn -0.2637 0.1952 -0.9446
vn -0.2066 0.2703 -0.9403
vn -0.3050 0.3122 -0.8997
vn -0.2540 0.4211 -0.8707
vn -0.1814 0.0349 -0.9828
vn -0.1730 0.1440 -0.9743
vn -0.1510 0.2274 -0.9620
vn -0.1676 0.3440 -0.9239
vn -0.1976 0.4376 -0.8772
vn -0.1650 0.5117 -0.8431
vn -0.1036 0.0442 -0.9936
vn -0.0982 0.1479 -0.9841
vn -0.0882 0.2557 -0.9627
vn -0.0914 0.3257 -0.9410
vn -0.1004 0.4613 -0.8815
vn -0.0867 0.5317 -0.8425
vn -0.8016 0.0307 -0.5971
vn -0.8442 0.0341 -0.5349
vn -0.8036 0.1471 -0.5767
vn -0.8263 0.1404 -0.5454
vn -0.8523 0.1889 -0.4877
vn -0.7972 0.2610 -0.5444
vn -0.7825 0.3082 -0.5410
vn -0.8699 0.2852 -0.4024
vn -0.7829 0.4091 -0.4687
vn -0.7865 0.4026 -0.4683
vn -0.7764 0.5075 -0.3737
vn -0.8298 0.4667 -0.3058
vn -0.7472 0.5545 -0.3664
vn -0.7170 0.6224 -0.3140
vn -0.7739 0.5813 -0.2511
vn -0.7245 0.6528 -0.2211
vn -0.7559 0.6363 -0.1538
vn -0.6874 0.6944 -0.2130
vn -0.6579 0.7378 -0.1509
vn -0.6778 0.0189 -0.7350
vn -0.7670 0.0250 -0.6411
vn -0.6843 0.1421 -0.7152
vn -0.7562 0.1439 -0.6383
vn -0.6954 0.2758 -0.6636
vn -0.7050 0.2742 -0.6540
vn -0.7282 0.3472 -0.5909
vn -0.6434 0.4700 -0.6042
vn -0.7358 0.4397 -0.5151
vn -0.7284 0.4866 -0.4823
vn -0.6556 0.5405 -0.5273
vn -0.6067 0.6222 -0.4948
vn -0.6926 0.5976 -0.4040
vn -0.6447 0.6716 -0.3651
vn -0.7018 0.6447 -0.3029
vn -0.5838 0.7310 -0.3533
vn -0.5097 0.8178 -0.2672
vn -0.6219 0.7520 -0.2187
vn -0.4940 0.8513 -0.1767
vn -0.4929 0.8613 -0.1233
vn -0.5522 0.0095 -0.8337
vn -0.6364 0.0119 -0.7713
vn -0.5543 0.1362 -0.8211
vn -0.6261 0.1391 -0.7673
vn -0.5836 0.2632 -0.7682
vn -0.5822 0.2695 -0.7671
vn -0.6203 0.3528 -0.7005
vn -0.5230 0.4603 -0.7173
vn -0.6329 0.4823 -0.6057
vn -0.5394 0.5505 -0.6372
vn -0.5067 0.6990 -0.5046
vn -0.5586 0.6798 -0.4752
vn -0.4429 0.7858 -0.4317
vn -0.5173 0.7581 -0.3971
vn -0.3995 0.8722 -0.2823
vn -0.3984 0.8965 -0.1937
vn -0.3395 0.9286 -0.1496
vn -0.2894 0.9476 -0.1354
vn -0.0918 0.9933 -0.0700
vn -0.4896 0.3725 -0.7884
vn -0.4453 0.4422 -0.7786
vn -0.4914 0.4520 -0.7445
vn -0.4903 0.5120 -0.7053
vn -0.3893 0.6344 -0.6678
vn -0.4910 0.6478 -0.5825
vn -0.4588 0.6935 -0.5554
vn -0.3676 0.7725 -0.5178
vn -0.4109 0.7876 -0.4591
vn -0.3251 0.8798 -0.3468
vn -0.2911 0.9222 -0.2544
vn -0.1920 0.9720 -0.1356
vn -0.0951 0.9931 -0.0680
vn -0.0390 0.9906 -0.1307
vn 0.0814 0.9963 -0.0291
vn -0.0000 0.9995 -0.0320
vn -0.3633 0.5425 -0.7574
vn -0.3582 0.5963 -0.7184
vn -0.3444 0.7078 -0.6168
vn -0.3302 0.7533 -0.5687
vn -0.2598 0.8753 -0.4078
vn -0.2302 0.9200 -0.3170
vn -0.1369 0.9783 -0.1555
vn -0.0226 0.9995 -0.0211
vn 0.0951 0.9943 0.0473
vn 0.1899 0.9818 0.0055
vn -0.2852 0.4949 -0.8209
vn -0.2259 0.6146 -0.7558
vn -0.2950 0.6688 -0.6824
vn -0.2829 0.6920 -0.6642
vn -0.2204 0.7711 -0.5973
vn -0.2529 0.8284 -0.4998
vn -0.1870 0.8970 -0.4006
vn -0.1271 0.9660 -0.2252
vn -0.0139 0.9990 -0.0423
vn 0.1093 0.9887 0.1028
vn 0.2684 0.9417 0.2027
vn 0.5735 0.8100 0.1226
vn 0.3994 0.9121 0.0922
vn -0.1815 0.6909 -0.6998
vn 0.1891 0.9808 0.0479
vn -0.1830 0.7142 -0.6757
vn -0.1601 0.8626 -0.4800
vn -0.1505 0.9214 -0.3582
vn -0.0682 0.9898 -0.1250
vn 0.0451 0.9956 0.0823
vn 0.2069 0.9427 0.2618
vn 0.3947 0.8305 0.3929
vn 0.3172 0.8945 0.3150
vn 0.3924 0.8263 0.4041
vn -0.0975 0.6707 -0.7353
vn 0.0603 0.9789 0.1951
vn 0.0527 0.9975 0.0478
vn -0.1023 0.7426 -0.6618
vn -0.0943 0.8648 -0.4932
vn -0.0866 0.9473 -0.3085
vn -0.0482 0.9977 -0.0479
vn 0.0301 0.9826 0.1831
vn 0.1074 0.9133 0.3928
vn 0.1454 0.8204 0.5530
vn -0.5465 0.7583 -0.3554
vn -0.3647 0.7724 -0.5199
vn -0.2156 0.9764 -0.0141
vn -0.9994 0.0255 -0.0225
vn -0.9968 0.0223 0.0765
vn -0.9828 0.0250 0.1829
vn -0.9611 0.0244 0.2752
vn -0.9899 0.1390 -0.0281
vn -0.9879 0.1355 0.0753
vn -0.9733 0.1348 0.1860
vn -0.9607 0.1163 0.2520
vn -0.9695 0.2434 -0.0296
vn -0.9665 0.2455 0.0753
vn -0.9600 0.2307 0.1586
vn -0.9601 0.2792 -0.0139
vn -0.9576 0.2810 0.0643
vn -0.9374 0.0220 0.3476
vn -0.9030 0.0188 0.4292
vn -0.8741 0.0130 0.4856
vn -0.9386 0.1785 0.2952
vn -0.9227 0.1284 0.3634
vn -0.8980 0.1474 0.4146
vn -0.8679 0.1357 0.4779
vn -0.9311 0.3162 0.1818
vn -0.9403 0.2598 0.2198
vn -0.8880 0.3063 0.3431
vn -0.8757 0.2602 0.4067
vn -0.8653 0.2373 0.4415
vn -0.8854 0.4646 -0.0144
vn -0.8826 0.4637 0.0781
vn -0.9149 0.3763 0.1464
vn -0.8850 0.4146 0.2117
vn -0.8713 0.3913 0.2962
vn -0.8583 0.3539 0.3716
vn -0.8581 0.5124 -0.0318
vn -0.8576 0.5061 0.0915
vn -0.8545 0.4885 0.1766
vn -0.8524 0.4501 0.2662
vn -0.8330 0.0096 0.5532
vn -0.7885 0.0052 0.6150
vn -0.8239 0.1426 0.5486
vn -0.7895 0.1398 0.5977
vn -0.7944 0.3443 0.5004
vn -0.7816 0.2556 0.5691
vn -0.7865 0.2618 0.5593
vn -0.7784 0.4763 0.4088
vn -0.7825 0.3948 0.4814
vn -0.7653 0.4044 0.5007
vn -0.7816 0.6225 -0.0397
vn -0.7834 0.6148 0.0914
vn -0.7586 0.6212 0.1966
vn -0.7164 0.6411 0.2752
vn -0.7532 0.5377 0.3790
vn -0.7346 0.5483 0.3997
vn -0.6478 0.7604 -0.0462
vn -0.6582 0.7480 0.0848
vn -0.6808 0.7071 0.1909
vn -0.7088 0.6520 0.2694
vn -0.7551 -0.0008 0.6557
vn -0.6618 -0.0050 0.7497
vn -0.7495 0.1343 0.6483
vn -0.6688 0.1274 0.7324
vn -0.7346 0.3336 0.5908
vn -0.7060 0.2728 0.6536
vn -0.6858 0.2685 0.6765
vn -0.7340 0.4576 0.5018
vn -0.7492 0.4168 0.5147
vn -0.6575 0.4470 0.6066
vn -0.6688 0.6277 0.3983
vn -0.6972 0.5756 0.4274
vn -0.6207 0.5940 0.5118
vn -0.6709 0.5172 0.5315
vn -0.4899 0.8708 -0.0414
vn -0.4941 0.8679 0.0520
vn -0.5112 0.8464 0.1491
vn -0.5085 0.8283 0.2353
vn -0.6287 0.7014 0.3358
vn -0.5615 0.7326 0.3848
vn -0.4341 0.9004 0.0271
vn -0.6185 -0.0072 0.7857
vn -0.6120 0.1191 0.7819
vn -0.6262 0.3222 0.7100
vn -0.5804 0.2505 0.7748
vn -0.6592 0.4444 0.6066
vn -0.5261 0.4271 0.7354
vn -0.5859 0.6424 0.4940
vn -0.5318 0.6671 0.5217
vn -0.5676 0.5192 0.6390
vn -0.5782 0.5183 0.6301
vn -0.3526 0.9295 -0.1078
vn -0.4091 0.8979 0.1627
vn -0.4047 0.8792 0.2514
vn -0.4064 0.8659 0.2916
vn -0.5272 0.7585 0.3831
vn -0.4303 0.7969 0.4240
vn -0.0744 0.9954 -0.0608
vn -0.2468 0.9689 -0.0206
vn -0.0953 0.9954 -0.0012
vn -0.2840 0.9548 0.0880
vn -0.1763 0.9801 0.0913
vn -0.2654 0.9479 0.1761
vn -0.5255 0.4132 0.7437
vn -0.5044 0.6553 0.5623
vn -0.4654 0.6635 0.5858
vn -0.4627 0.4889 0.7395
vn -0.3016 0.9020 0.3090
vn -0.3170 0.8884 0.3320
vn -0.4160 0.8064 0.4203
vn -0.3661 0.8005 0.4745
vn 0.1178 0.9917 -0.0522
vn 0.0051 0.9997 -0.0226
vn -0.0087 0.9997 -0.0235
vn -0.0404 0.9991 0.0157
vn -0.0603 0.9960 0.0660
vn -0.2065 0.9549 0.2133
vn -0.1745 0.9621 0.2097
vn -0.4174 0.6408 0.6443
vn -0.4213 0.5620 0.7118
vn 0.2608 0.9632 -0.0648
vn -0.2267 0.9284 0.2945
vn -0.2739 0.8866 0.3727
vn -0.3669 0.7917 0.4885
vn -0.3307 0.7399 0.5859
vn 0.2200 0.9731 -0.0686
vn 0.2502 0.9626 -0.1043
vn 0.1124 0.9926 -0.0466
vn 0.1937 0.9761 -0.0986
vn 0.0686 0.9975 -0.0183
vn 0.0198 0.9993 0.0322
vn -0.0076 0.9989 0.0463
vn -0.1049 0.9645 0.2425
vn 0.5699 0.8212 -0.0279
vn 0.4349 0.8998 -0.0336
vn 0.3856 0.9031 -0.1893
vn 0.3079 0.9319 -0.1916
vn -0.0992 0.9798 0.1738
vn -0.2081 0.9216 0.3276
vn -0.2362 0.8684 0.4360
vn -0.2876 0.6819 0.6725
vn 0.1846 0.9764 -0.1123
vn 0.1639 0.9813 -0.1012
vn 0.0502 0.9987 -0.0012
vn 0.0930 0.9956 -0.0064
vn 0.0188 0.9996 0.0224
vn -0.0246 0.9908 0.1332
vn 0.1514 0.9882 -0.0247
vn -0.2187 0.9573 -0.1891
vn 0.1849 0.8521 -0.4896
vn 0.5965 0.8007 -0.0548
vn 0.3419 0.9261 -0.1594
vn 0.3375 0.8956 -0.2898
vn 0.2133 0.9498 -0.2289
vn 0.0687 0.9948 -0.0758
vn -0.0574 0.9960 0.0690
vn -0.1387 0.9596 0.2450
vn -0.1597 0.8774 0.4525
vn -0.1860 0.7441 0.6416
vn -0.1053 0.9944 0.0121
vn -0.0000 1.0000 -0.0000
vn -0.3621 0.9283 -0.0841
vn -0.1474 0.6597 0.7369
vn -0.7498 0.6528 0.1084
vn 0.0512 0.7801 -0.6235
vn 0.5295 0.8379 -0.1322
vn 0.1658 0.9420 -0.2918
vn 0.1675 0.9144 -0.3684
vn 0.0375 0.9818 -0.1861
vn -0.1196 0.9646 0.2351
vn -0.0629 0.8857 0.4600
vn -0.0728 0.7778 0.6243
vn -0.9237 0.3828 -0.0140
vn -0.0189 0.9950 -0.0983
vn -0.0258 0.9997 0.0008
vn -0.0592 0.9972 0.0446
vn -0.0727 0.9825 0.1716
vn -0.5479 -0.0065 0.8365
vn -0.5507 0.1134 0.8270
vn -0.5825 0.2385 0.7770
vn -0.4711 -0.0053 0.8821
vn -0.4676 0.1036 0.8779
vn -0.5081 0.3261 0.7972
vn -0.4330 0.2121 0.8761
vn -0.4616 0.3827 0.8003
vn -0.4117 -0.0062 0.9113
vn -0.3487 -0.0062 0.9372
vn -0.4099 0.1080 0.9057
vn -0.3519 0.0986 0.9308
vn -0.4031 0.2340 0.8847
vn -0.3905 0.2049 0.8975
vn -0.4136 0.4479 0.7927
vn -0.3702 0.3346 0.8666
vn -0.3762 0.5411 0.7521
vn -0.2853 -0.0060 0.9584
vn -0.2794 0.0912 0.9558
vn -0.2991 0.3131 0.9014
vn -0.2424 0.1679 0.9555
vn -0.3235 0.3688 0.8714
vn -0.2953 0.6427 0.7069
vn -0.2825 0.4517 0.8463
vn -0.2031 -0.0070 0.9791
vn -0.2061 0.0936 0.9740
vn -0.2224 0.2612 0.9393
vn -0.1975 0.2057 0.9585
vn -0.2505 0.4213 0.8717
vn -0.1614 0.3631 0.9177
vn -0.1936 0.6293 0.7527
vn -0.1912 0.5010 0.8440
vn -0.0886 -0.0076 0.9960
vn -0.0933 0.0866 0.9919
vn -0.1083 0.2119 0.9713
vn -0.1071 0.4568 0.8831
vn -0.0978 0.2958 0.9502
vn -0.0794 0.6322 0.7708
vn -0.1063 0.5352 0.8380
vn 0.0041 -0.9440 -0.3299
vn 0.0011 -0.9907 -0.1361
vn -0.0073 -0.9988 0.0477
vn -0.0104 -0.9844 0.1755
vn 0.0011 -0.9843 0.1763
vn -0.0036 -0.7768 -0.6297
vn 0.0012 -0.8606 -0.5093
vn -0.0389 -0.9385 -0.3430
vn -0.0639 -0.9867 -0.1496
vn -0.0872 -0.9957 0.0306
vn -0.1180 -0.9806 0.1562
vn -0.1511 -0.9737 0.1703
vn -0.0013 -0.7670 -0.6416
vn -0.0214 -0.8557 -0.5171
vn 0.0352 -0.9289 -0.3687
vn 0.0061 -0.9839 -0.1788
vn -0.0371 -0.9993 -0.0054
vn -0.0932 -0.9901 0.1047
vn -0.1433 -0.9799 0.1386
vn 0.1069 -0.7385 -0.6658
vn 0.0743 -0.8289 -0.5544
vn 0.1840 -0.9150 -0.3590
vn 0.1644 -0.9570 -0.2391
vn 0.0859 -0.9941 -0.0655
vn 0.0310 -0.9981 0.0539
vn 0.0025 -0.9937 0.1118
vn 0.2822 -0.7165 -0.6379
vn 0.2584 -0.7419 -0.6187
vn 0.3408 -0.7816 -0.5225
vn 0.2850 -0.9224 -0.2605
vn 0.2665 -0.9539 -0.1381
vn 0.2117 -0.9772 0.0145
vn 0.1775 -0.9804 0.0857
vn 0.4577 -0.6778 -0.5755
vn 0.3987 -0.8120 -0.4262
vn 0.4463 -0.8131 -0.3737
vn 0.3669 -0.9166 -0.1589
vn 0.3655 -0.9306 -0.0208
vn 0.3251 -0.9443 0.0509
vn 0.5094 -0.6954 -0.5069
vn 0.5811 -0.6898 -0.4319
vn 0.5319 -0.7899 -0.3052
vn 0.6189 -0.7512 -0.2295
vn 0.5517 -0.8313 -0.0677
vn 0.4949 -0.8687 0.0196
vn 0.6325 -0.7318 -0.2537
vn 0.6523 -0.7512 -0.1014
vn 0.6266 -0.7793 -0.0106
vn -0.0177 -0.4539 -0.8909
vn -0.0112 -0.3602 -0.9328
vn -0.0149 -0.4036 -0.9148
vn -0.0098 -0.2850 -0.9585
vn -0.0116 -0.2285 -0.9735
vn -0.0141 -0.1377 -0.9904
vn -0.0184 -0.0499 -0.9986
vn 0.0945 -0.4458 -0.8902
vn 0.0882 -0.3826 -0.9197
vn 0.1034 -0.3973 -0.9118
vn 0.0797 -0.2613 -0.9620
vn 0.1615 -0.3166 -0.9347
vn 0.0943 -0.2306 -0.9685
vn 0.0903 -0.1416 -0.9858
vn 0.0851 -0.0554 -0.9948
vn 0.1864 -0.3997 -0.8975
vn 0.2114 -0.3855 -0.8981
vn 0.2071 -0.2849 -0.9359
vn 0.2326 -0.3455 -0.9091
vn 0.1808 -0.2154 -0.9596
vn 0.2542 -0.2430 -0.9361
vn 0.1982 -0.1472 -0.9690
vn 0.1940 -0.0588 -0.9792
vn 0.3052 -0.3652 -0.8795
vn 0.3252 -0.3275 -0.8871
vn 0.3074 -0.2002 -0.9303
vn 0.3456 -0.2784 -0.8961
vn 0.2592 -0.1336 -0.9565
vn 0.3720 -0.1496 -0.9161
vn 0.2811 -0.0580 -0.9579
vn 0.3461 -0.0660 -0.9359
vn 0.3879 -0.3137 -0.8667
vn 0.4076 -0.2496 -0.8784
vn 0.4131 -0.1765 -0.8934
vn 0.4097 -0.0780 -0.9089
vn 0.4531 -0.1657 -0.8759
vn 0.4628 -0.0828 -0.8826
vn -0.0165 -0.6277 -0.7783
vn -0.0112 -0.7217 -0.6921
vn -0.0202 -0.5238 -0.8516
vn -0.0197 -0.5767 -0.8167
vn 0.0552 -0.6189 -0.7835
vn 0.0324 -0.7088 -0.7046
vn 0.0912 -0.5157 -0.8519
vn 0.0768 -0.5635 -0.8226
vn 0.1773 -0.5889 -0.7885
vn 0.1476 -0.6582 -0.7382
vn 0.1869 -0.5301 -0.8271
vn 0.1934 -0.5308 -0.8252
vn 0.2928 -0.4483 -0.8446
vn 0.3076 -0.5828 -0.7521
vn 0.2971 -0.5803 -0.7583
vn 0.3866 -0.6139 -0.6883
vn 0.3072 -0.4686 -0.8282
vn 0.4070 -0.5019 -0.7632
vn 0.3312 -0.4314 -0.8392
vn 0.3445 -0.4591 -0.8189
vn 0.3930 -0.3884 -0.8335
vn 0.4626 -0.5223 -0.7164
vn 0.4681 -0.6285 -0.6212
vn 0.4453 -0.4805 -0.7555
vn 0.4510 -0.5014 -0.7384
vn 0.4992 -0.5038 -0.7050
vn 0.4142 -0.4197 -0.8077
vn 0.4952 -0.4438 -0.7469
vn 0.4252 -0.3720 -0.8251
vn 0.4432 -0.4029 -0.8008
vn 0.4752 -0.3328 -0.8145
vn 0.4407 -0.2758 -0.8542
vn 0.5209 -0.5472 -0.6551
vn 0.6460 -0.5542 -0.5250
vn 0.6115 -0.6501 -0.4509
vn 0.5573 -0.4635 -0.6889
vn 0.5749 -0.5200 -0.6318
vn 0.6102 -0.5280 -0.5906
vn 0.5200 -0.4340 -0.7357
vn 0.5312 -0.4460 -0.7203
vn 0.5789 -0.4570 -0.6753
vn 0.4779 -0.3745 -0.7946
vn 0.5664 -0.3926 -0.7246
vn 0.5070 -0.3402 -0.7920
vn 0.5392 -0.3495 -0.7662
vn 0.4980 -0.2236 -0.8379
vn 0.5421 -0.2945 -0.7870
vn 0.5473 -0.1806 -0.8172
vn 0.5291 -0.0952 -0.8432
vn 0.7236 -0.5298 -0.4424
vn 0.6925 -0.6334 -0.3455
vn 0.7617 -0.5893 -0.2694
vn 0.7487 -0.6500 -0.1303
vn 0.7246 -0.6876 -0.0465
vn 0.6760 -0.4676 -0.5695
vn 0.7041 -0.5168 -0.4870
vn 0.7453 -0.5142 -0.4244
vn 0.6211 -0.4337 -0.6528
vn 0.6471 -0.4599 -0.6081
vn 0.7044 -0.4603 -0.5403
vn 0.5883 -0.3913 -0.7077
vn 0.6755 -0.3956 -0.6222
vn 0.6043 -0.3118 -0.7332
vn 0.6316 -0.3548 -0.6894
vn 0.6515 -0.3557 -0.6701
vn 0.5578 -0.2606 -0.7880
vn 0.6596 -0.2662 -0.7029
vn 0.5881 -0.1870 -0.7869
vn 0.6528 -0.1792 -0.7360
vn 0.6166 -0.0975 -0.7812
vn 0.6540 -0.0934 -0.7507
vn 0.7586 -0.5909 -0.2746
vn 0.7942 -0.5888 -0.1498
vn 0.7900 -0.6096 -0.0656
vn 0.7604 -0.4987 -0.4161
vn 0.7716 -0.5145 -0.3740
vn 0.8389 -0.4725 -0.2702
vn 0.8331 -0.5281 -0.1647
vn 0.8279 -0.5547 -0.0833
vn 0.7262 -0.4470 -0.5224
vn 0.7525 -0.4640 -0.4674
vn 0.8166 -0.4349 -0.3795
vn 0.8323 -0.4654 -0.3011
vn 0.8369 -0.5082 -0.2031
vn 0.7029 -0.3956 -0.5911
vn 0.7986 -0.3793 -0.4673
vn 0.8089 -0.4193 -0.4120
vn 0.7200 -0.3013 -0.6252
vn 0.7570 -0.3436 -0.5558
vn 0.7885 -0.3430 -0.5105
vn 0.6800 -0.2616 -0.6850
vn 0.7783 -0.2480 -0.5769
vn 0.7253 -0.1729 -0.6664
vn 0.7784 -0.1655 -0.6056
vn 0.7520 -0.0883 -0.6532
vn 0.7812 -0.0812 -0.6189
vn 0.8355 -0.5426 -0.0866
vn 0.8397 -0.4581 -0.2916
vn 0.8814 -0.4262 -0.2036
vn 0.8627 -0.4854 -0.1421
vn 0.8947 -0.4386 -0.0842
vn 0.8384 -0.3787 -0.3919
vn 0.8454 -0.4021 -0.3517
vn 0.8850 -0.3730 -0.2787
vn 0.8954 -0.4036 -0.1882
vn 0.9125 -0.4005 -0.0837
vn 0.8078 -0.3165 -0.4972
vn 0.8299 -0.3339 -0.4470
vn 0.8776 -0.3109 -0.3650
vn 0.8936 -0.3367 -0.2968
vn 0.9179 -0.3436 -0.1984
vn 0.9275 -0.3647 -0.0826
vn 0.7845 -0.2422 -0.5708
vn 0.8758 -0.2267 -0.4261
vn 0.8863 -0.2517 -0.3888
vn 0.9025 -0.2853 -0.3227
vn 0.8217 -0.1615 -0.5465
vn 0.8733 -0.1515 -0.4631
vn 0.9003 -0.1669 -0.4020
vn 0.8386 -0.0763 -0.5394
vn 0.8791 -0.0704 -0.4714
vn 0.9064 -0.0742 -0.4159
vn 0.9311 -0.3182 -0.1781
vn 0.9590 -0.2747 -0.0694
vn 0.9479 -0.3175 -0.0256
vn 0.9323 -0.2120 -0.2931
vn 0.9361 -0.2572 -0.2401
vn 0.9625 -0.2209 -0.1576
vn 0.9678 -0.2454 -0.0560
vn 0.9183 -0.1530 -0.3651
vn 0.9579 -0.1404 -0.2504
vn 0.9718 -0.1583 -0.1748
vn 0.9857 -0.1576 -0.0589
vn 0.9369 -0.0671 -0.3431
vn 0.9598 -0.0595 -0.2744
vn 0.9828 -0.0618 -0.1738
vn 0.9959 -0.0656 -0.0624
vn 0.0302 -0.9991 0.0291
vn 0.0497 -0.9872 -0.1515
vn 0.0440 -0.9899 -0.1347
vn 0.0359 -0.9981 0.0499
vn 0.0251 -0.9754 0.2189
vn 0.0103 -0.9502 0.3116
vn 0.0065 -0.8759 0.4825
vn 0.0094 -0.8369 0.5473
vn -0.1636 -0.9852 0.0509
vn -0.1350 -0.9829 -0.1250
vn -0.1023 -0.9859 -0.1328
vn -0.1050 -0.9937 0.0379
vn -0.0979 -0.9696 0.2242
vn -0.0827 -0.9426 0.3234
vn -0.0967 -0.8868 0.4519
vn -0.0529 -0.8656 0.4980
vn -0.0120 -0.8235 0.5672
vn -0.1730 -0.9839 0.0440
vn -0.1685 -0.9820 -0.0856
vn -0.1240 -0.9878 -0.0939
vn -0.0884 -0.9955 0.0332
vn -0.0718 -0.9665 0.2465
vn -0.0297 -0.9322 0.3607
vn 0.0071 -0.7904 0.6126
vn 0.0476 -0.7904 0.6107
vn -0.0212 -0.9996 0.0203
vn -0.0388 -0.9964 -0.0760
vn -0.0243 -0.9987 -0.0453
vn 0.0258 -0.9972 0.0704
vn 0.0817 -0.9567 0.2794
vn 0.0897 -0.9239 0.3720
vn 0.2703 -0.7797 0.5648
vn 0.1507 -0.7337 0.6625
vn 0.1911 -0.7501 0.6331
vn 0.1467 -0.9891 -0.0110
vn 0.1228 -0.9887 -0.0856
vn 0.1362 -0.9907 -0.0071
vn 0.2008 -0.9684 0.1477
vn 0.2160 -0.9329 0.2882
vn 0.3937 -0.8183 0.4188
vn 0.3306 -0.8020 0.4975
vn 0.3806 -0.6914 0.6141
vn 0.2938 -0.9553 -0.0343
vn 0.2978 -0.9514 -0.0778
vn 0.3267 -0.9448 0.0270
vn 0.3280 -0.9287 0.1729
vn 0.4569 -0.8877 -0.0575
vn 0.4580 -0.8864 -0.0674
vn 0.5172 -0.8516 0.0853
vn 0.6058 -0.7504 0.2644
vn 0.5120 -0.7918 0.3331
vn 0.5658 -0.6658 0.4865
vn 0.4799 -0.6926 0.5385
vn 0.6142 -0.7865 -0.0642
vn 0.6470 -0.7613 -0.0431
vn 0.6784 -0.7238 0.1259
vn 0.6462 -0.7054 0.2911
vn 0.0126 -0.7355 0.6774
vn 0.0132 -0.6727 0.7398
vn 0.0114 -0.5831 0.8123
vn 0.0306 -0.7133 0.7002
vn 0.0618 -0.6579 0.7506
vn 0.0832 -0.5726 0.8156
vn 0.1170 -0.6591 0.7429
vn 0.1393 -0.6397 0.7559
vn 0.2000 -0.5661 0.7997
vn 0.1557 -0.5373 0.8289
vn 0.1923 -0.5125 0.8369
vn 0.3233 -0.6455 0.6920
vn 0.2336 -0.5988 0.7661
vn 0.3015 -0.5918 0.7476
vn 0.3065 -0.4726 0.8263
vn 0.2951 -0.4715 0.8310
vn 0.3977 -0.6489 0.6486
vn 0.4054 -0.5607 0.7220
vn 0.4580 -0.5218 0.7197
vn 0.3924 -0.5202 0.7585
vn 0.3978 -0.5108 0.7621
vn 0.4598 -0.4548 0.7627
vn 0.3808 -0.4248 0.8213
vn 0.4089 -0.4037 0.8184
vn 0.6003 -0.6352 0.4859
vn 0.6283 -0.5554 0.5447
vn 0.4866 -0.5549 0.6748
vn 0.5963 -0.5334 0.6000
vn 0.5504 -0.5346 0.6413
vn 0.5327 -0.4745 0.7008
vn 0.5661 -0.4617 0.6829
vn 0.5047 -0.4527 0.7351
vn 0.4949 -0.4433 0.7474
vn 0.5558 -0.3939 0.7321
vn 0.4449 -0.3756 0.8130
vn 0.5264 -0.3476 0.7759
vn 0.4818 -0.3370 0.8089
vn 0.5244 -0.2843 0.8026
vn 0.7090 -0.7028 -0.0581
vn 0.7262 -0.6875 0.0025
vn 0.7499 -0.6431 0.1554
vn 0.7591 -0.5798 0.2960
vn 0.6927 -0.6177 0.3723
vn 0.7139 -0.5233 0.4652
vn 0.7347 -0.5115 0.4455
vn 0.6946 -0.5159 0.5015
vn 0.6693 -0.4689 0.5763
vn 0.7038 -0.4534 0.5469
vn 0.6485 -0.4609 0.6058
vn 0.6229 -0.4244 0.6572
vn 0.6848 -0.3848 0.6188
vn 0.5887 -0.3889 0.7087
vn 0.6659 -0.3435 0.6623
vn 0.6422 -0.3504 0.6818
vn 0.6103 -0.2996 0.7333
vn 0.6729 -0.2507 0.6960
vn 0.5503 -0.2427 0.7989
vn 0.6602 -0.1586 0.7341
vn 0.5817 -0.1616 0.7972
vn 0.6555 -0.0623 0.7526
vn 0.6050 -0.0621 0.7938
vn 0.7920 -0.6084 -0.0503
vn 0.8101 -0.5856 0.0283
vn 0.8088 -0.5632 0.1691
vn 0.7612 -0.5766 0.2967
vn 0.8282 -0.5595 -0.0321
vn 0.8447 -0.5321 0.0586
vn 0.8445 -0.5072 0.1718
vn 0.8410 -0.4630 0.2797
vn 0.7705 -0.5085 0.3844
vn 0.7588 -0.4866 0.4330
vn 0.8472 -0.4915 0.2018
vn 0.8377 -0.4536 0.3042
vn 0.8164 -0.4228 0.3934
vn 0.7489 -0.4535 0.4833
vn 0.7297 -0.4308 0.5310
vn 0.8069 -0.4064 0.4288
vn 0.7981 -0.3645 0.4797
vn 0.7105 -0.3826 0.5906
vn 0.7938 -0.3217 0.5162
vn 0.7614 -0.3325 0.5566
vn 0.7245 -0.2894 0.6255
vn 0.7853 -0.2717 0.5564
vn 0.7862 -0.2392 0.5698
vn 0.6919 -0.2503 0.6772
vn 0.7883 -0.1613 0.5938
vn 0.7295 -0.1594 0.6651
vn 0.7884 -0.0594 0.6123
vn 0.7473 -0.0624 0.6615
vn 0.0089 -0.5532 0.8330
vn 0.0079 -0.4611 0.8873
vn 0.0096 -0.4194 0.9078
vn 0.0108 -0.3723 0.9280
vn 0.0098 -0.2877 0.9577
vn 0.0097 -0.2352 0.9719
vn 0.0124 -0.1528 0.9882
vn 0.0189 -0.0778 0.9968
vn 0.0829 -0.5663 0.8200
vn 0.1535 -0.4918 0.8570
vn 0.0899 -0.4348 0.8960
vn 0.1114 -0.4144 0.9033
vn 0.1232 -0.3587 0.9253
vn 0.1161 -0.2882 0.9505
vn 0.1086 -0.2281 0.9676
vn 0.1139 -0.1514 0.9819
vn 0.1146 -0.0716 0.9908
vn 0.1919 -0.4334 0.8805
vn 0.1882 -0.4043 0.8951
vn 0.2128 -0.3366 0.9173
vn 0.2009 -0.3085 0.9298
vn 0.2756 -0.2331 0.9326
vn 0.1764 -0.2001 0.9638
vn 0.2309 -0.1610 0.9596
vn 0.2036 -0.1448 0.9683
vn 0.2119 -0.0738 0.9745
vn 0.2842 -0.4652 0.8384
vn 0.3746 -0.3897 0.8413
vn 0.2712 -0.3518 0.8959
vn 0.2956 -0.3200 0.9001
vn 0.3069 -0.2534 0.9174
vn 0.3435 -0.1823 0.9213
vn 0.2949 -0.1008 0.9502
vn 0.3403 -0.0675 0.9379
vn 0.2636 -0.0639 0.9625
vn 0.3942 -0.3738 0.8396
vn 0.4412 -0.3303 0.8344
vn 0.3539 -0.3066 0.8836
vn 0.4042 -0.2663 0.8751
vn 0.3760 -0.2435 0.8941
vn 0.3805 -0.1621 0.9105
vn 0.3783 -0.0749 0.9227
vn 0.4786 -0.2092 0.8527
vn 0.5463 -0.1566 0.8228
vn 0.4268 -0.1484 0.8921
vn 0.5348 -0.0631 0.8426
vn 0.4499 -0.0625 0.8909
vn 0.8519 -0.5235 -0.0155
vn 0.8527 -0.5175 0.0710
vn 0.8939 -0.4483 -0.0043
vn 0.9006 -0.4278 0.0768
vn 0.8787 -0.4598 0.1284
vn 0.8930 -0.4058 0.1948
vn 0.8472 -0.4461 0.2886
vn 0.9190 -0.3941 0.0025
vn 0.9166 -0.3910 0.0838
vn 0.9039 -0.3893 0.1773
vn 0.8926 -0.3590 0.2727
vn 0.8502 -0.3885 0.3552
vn 0.8397 -0.3596 0.4069
vn 0.9344 -0.3444 0.0910
vn 0.9281 -0.3216 0.1876
vn 0.9042 -0.3141 0.2896
vn 0.8818 -0.2960 0.3671
vn 0.8240 -0.3134 0.4720
vn 0.9182 -0.2486 0.3085
vn 0.8937 -0.2202 0.3909
vn 0.8651 -0.2503 0.4346
vn 0.8428 -0.1960 0.5013
vn 0.9063 -0.1454 0.3969
vn 0.8850 -0.1358 0.4453
vn 0.8165 -0.1520 0.5570
vn 0.9183 -0.0405 0.3938
vn 0.8897 -0.0427 0.4546
vn 0.8420 -0.0535 0.5368
vn 0.9243 -0.3815 0.0068
vn 0.9695 -0.2446 0.0153
vn 0.9499 -0.3089 0.0476
vn 0.9631 -0.2557 0.0835
vn 0.9434 -0.2857 0.1685
vn 0.9712 -0.2372 0.0207
vn 0.9700 -0.2287 0.0822
vn 0.9692 -0.1909 0.1553
vn 0.9481 -0.2207 0.2289
vn 0.9420 -0.1877 0.2780
vn 0.9873 -0.1563 0.0268
vn 0.9838 -0.1507 0.0976
vn 0.9737 -0.1399 0.1798
vn 0.9670 -0.1137 0.2282
vn 0.9251 -0.1191 0.3606
vn 0.9972 -0.0695 0.0277
vn 0.9922 -0.0659 0.1062
vn 0.9797 -0.0548 0.1928
vn 0.9630 -0.0418 0.2663
vn 0.9385 -0.0387 0.3431
vn -0.0248 0.0436 -0.9987
vn -0.0300 0.1484 -0.9885
vn -0.0269 0.2667 -0.9634
vn -0.0363 0.3146 -0.9485
vn -0.0048 0.4114 -0.9114
vn -0.0392 0.4892 -0.8713
vn -0.0224 0.5344 -0.8450
vn 0.0782 0.0357 -0.9963
vn 0.0686 0.1417 -0.9875
vn 0.0533 0.2644 -0.9629
vn 0.0360 0.2798 -0.9594
vn 0.1273 0.4071 -0.9045
vn 0.0387 0.5288 -0.8478
vn 0.0516 0.5337 -0.8441
vn 0.1906 0.0288 -0.9812
vn 0.1897 0.1379 -0.9721
vn 0.1588 0.2383 -0.9581
vn 0.2358 0.2682 -0.9340
vn 0.1832 0.3279 -0.9268
vn 0.2136 0.4471 -0.8686
vn 0.1673 0.5180 -0.8389
vn 0.2785 0.0224 -0.9602
vn 0.3361 0.0175 -0.9416
vn 0.2539 0.1197 -0.9598
vn 0.3538 0.1320 -0.9260
vn 0.2912 0.1937 -0.9369
vn 0.3390 0.3155 -0.8863
vn 0.2954 0.4130 -0.8615
vn 0.2620 0.4756 -0.8397
vn 0.4011 0.0121 -0.9160
vn 0.3841 0.1471 -0.9115
vn 0.3774 0.2821 -0.8820
vn 0.3438 0.3812 -0.8582
vn 0.4585 0.0049 -0.8887
vn 0.4495 0.1340 -0.8832
vn 0.4083 0.2591 -0.8753
vn -0.0278 0.6604 -0.7504
vn -0.0152 0.9899 0.1411
vn -0.0309 0.7492 -0.6616
vn -0.0337 0.8655 -0.4998
vn -0.0639 0.9480 -0.3119
vn -0.0704 0.9646 0.2541
vn -0.0297 0.8976 0.4398
vn -0.0129 0.8290 0.5590
vn -0.5276 0.8356 0.1532
vn -0.1851 0.9374 -0.2951
vn 0.7551 0.6434 -0.1263
vn -0.0814 0.9307 -0.3566
vn -0.0469 0.9865 -0.1571
vn -0.0239 0.9997 -0.0000
vn -0.0514 0.9923 0.1124
vn -0.0317 0.3801 -0.9244
vn 0.0590 0.6577 -0.7510
vn 0.0548 0.7418 -0.6683
vn 0.0394 0.8598 -0.5091
vn 0.0188 0.9331 -0.3591
vn -0.1284 0.9492 0.2873
vn -0.1867 0.8968 0.4010
vn -0.1582 0.9310 0.3290
vn -0.0424 0.8023 0.5954
vn -0.6264 0.7787 0.0350
vn 0.0914 0.6285 -0.7724
vn -0.0049 0.9843 -0.1764
vn -0.0157 0.9999 -0.0061
vn -0.0563 0.9931 0.1025
vn -0.0801 0.9832 0.1639
vn 0.1763 0.6549 -0.7348
vn 0.1660 0.7102 -0.6842
vn 0.1363 0.8453 -0.5166
vn 0.1335 0.9135 -0.3843
vn -0.1993 0.9309 0.3061
vn -0.3092 0.8824 0.3546
vn -0.2848 0.9457 0.1565
vn -0.1063 0.8034 0.5859
vn 0.0737 0.9692 -0.2348
vn 0.0929 0.9832 -0.1570
vn 0.0080 0.9998 -0.0205
vn -0.0061 0.9996 0.0276
vn -0.0944 0.9761 0.1956
vn 0.3597 0.5593 -0.7468
vn 0.2568 0.6611 -0.7049
vn 0.2479 0.6609 -0.7083
vn 0.3208 0.7096 -0.6274
vn 0.2180 0.8356 -0.5041
vn 0.2201 0.8853 -0.4097
vn 0.2354 0.9279 -0.2890
vn -0.1503 0.9687 0.1976
vn -0.2531 0.9395 0.2309
vn -0.3922 0.9056 0.1611
vn 0.1101 0.9899 -0.0892
vn 0.0945 0.9939 -0.0572
vn 0.0267 0.9996 0.0090
vn -0.0270 0.9954 0.0915
vn -0.0486 0.9972 0.0568
vn 0.4425 0.4323 -0.7857
vn 0.3851 0.5036 -0.7733
vn 0.3750 0.5687 -0.7321
vn 0.4173 0.5973 -0.6849
vn 0.3772 0.6512 -0.6585
vn 0.3708 0.7388 -0.5628
vn 0.3953 0.7612 -0.5141
vn 0.2906 0.8634 -0.4125
vn 0.2866 0.9087 -0.3035
vn 0.2301 0.9545 -0.1896
vn -0.2018 0.9726 0.1153
vn -0.2970 0.9529 0.0616
vn 0.0800 0.9951 -0.0583
vn 0.0752 0.9947 -0.0700
vn 0.0022 1.0000 0.0019
vn -0.0566 0.9974 0.0442
vn -0.0747 0.9972 0.0040
vn -0.1339 0.9909 0.0099
vn 0.5241 0.0020 -0.8517
vn 0.5269 0.1445 -0.8376
vn 0.5564 0.2872 -0.7797
vn 0.4760 0.3798 -0.7932
vn 0.4846 0.4471 -0.7518
vn 0.5022 0.4602 -0.7321
vn 0.4882 0.4935 -0.7198
vn 0.5036 0.6201 -0.6016
vn 0.4871 0.6676 -0.5630
vn 0.4309 0.7919 -0.4328
vn 0.4421 0.7924 -0.4203
vn 0.3458 0.8765 -0.3350
vn 0.2976 0.9190 -0.2587
vn 0.2340 0.9514 -0.2001
vn 0.0987 0.9903 -0.0976
vn 0.1744 0.9778 -0.1165
vn 0.0064 0.9997 -0.0243
vn -0.0045 0.9996 -0.0272
vn 0.6262 0.0018 -0.7797
vn 0.6553 0.0024 -0.7554
vn 0.6111 0.1480 -0.7776
vn 0.6556 0.1470 -0.7406
vn 0.5631 0.2934 -0.7725
vn 0.6632 0.3025 -0.6846
vn 0.5964 0.3642 -0.7153
vn 0.6109 0.4887 -0.6228
vn 0.6090 0.4775 -0.6333
vn 0.5322 0.5464 -0.6468
vn 0.6335 0.5418 -0.5523
vn 0.5150 0.6879 -0.5114
vn 0.5502 0.6812 -0.4829
vn 0.4854 0.7826 -0.3898
vn 0.5245 0.7659 -0.3720
vn 0.3959 0.8695 -0.2953
vn 0.3707 0.8996 -0.2310
vn 0.3464 0.9190 -0.1880
vn 0.2635 0.9531 -0.1490
vn 0.4080 0.9096 -0.0789
vn 0.0934 0.9948 -0.0395
vn 0.7630 0.0038 -0.6464
vn 0.7844 0.0064 -0.6202
vn 0.7483 0.1455 -0.6472
vn 0.7822 0.1425 -0.6066
vn 0.6883 0.3002 -0.6604
vn 0.7739 0.2836 -0.5663
vn 0.7157 0.3507 -0.6040
vn 0.7319 0.4515 -0.5104
vn 0.7422 0.4339 -0.5107
vn 0.6250 0.5359 -0.5677
vn 0.7382 0.5044 -0.4479
vn 0.5713 0.6887 -0.4464
vn 0.7061 0.5806 -0.4053
vn 0.6291 0.6684 -0.3968
vn 0.5926 0.7277 -0.3452
vn 0.6755 0.6827 -0.2786
vn 0.4735 0.8466 -0.2431
vn 0.6505 0.7338 -0.1958
vn 0.4842 0.8596 -0.1631
vn 0.6379 0.7641 -0.0964
vn 0.4944 0.8640 -0.0959
vn 0.8444 0.0082 -0.5356
vn 0.8818 0.0098 -0.4716
vn 0.9093 0.0138 -0.4158
vn 0.8327 0.1393 -0.5359
vn 0.8755 0.1302 -0.4653
vn 0.9031 0.1373 -0.4068
vn 0.7805 0.2758 -0.5610
vn 0.8669 0.2461 -0.4336
vn 0.7932 0.3505 -0.4981
vn 0.8788 0.2651 -0.3968
vn 0.7877 0.4054 -0.4639
vn 0.8614 0.3559 -0.3623
vn 0.7777 0.4802 -0.4058
vn 0.8671 0.3921 -0.3071
vn 0.8730 0.4364 -0.2176
vn 0.7355 0.5630 -0.3768
vn 0.8439 0.4644 -0.2686
vn 0.6898 0.6674 -0.2808
vn 0.8452 0.5047 -0.1759
vn 0.7391 0.6445 -0.1957
vn 0.8503 0.5193 -0.0861
vn 0.7737 0.6268 -0.0922
vn 0.9413 0.0157 -0.3373
vn 0.9617 0.0179 -0.2734
vn 0.9844 0.0200 -0.1745
vn 0.9976 0.0185 -0.0669
vn 0.9327 0.1254 -0.3382
vn 0.9576 0.1148 -0.2640
vn 0.9770 0.1187 -0.1769
vn 0.9909 0.1154 -0.0695
vn 0.8967 0.2353 -0.3749
vn 0.9544 0.1912 -0.2293
vn 0.8982 0.3369 -0.2824
vn 0.9586 0.2305 -0.1669
vn 0.9399 0.2840 -0.1898
vn 0.9685 0.2373 -0.0751
vn 0.9162 0.3787 -0.1313
vn 0.9528 0.2968 -0.0632
vn 0.8821 0.4655 -0.0721
vn 1.0000 -0.0000 -0.0000
vn -0.4210 0.8204 0.3869
vn -0.1467 0.7582 0.6353
vn -0.7735 0.6222 0.1203
vn -0.0047 0.8023 -0.5969
vn -0.0126 0.9022 -0.4312
vn -0.0345 0.9620 -0.2710
vn -0.0075 0.8819 0.4714
vn 0.0086 0.7838 0.6210
vn 0.6004 0.6056 -0.5222
vn 0.0337 0.9988 0.0345
vn -0.5279 0.5939 0.6071
vn -0.6591 0.5838 0.4742
vn -0.0340 0.9904 -0.1338
vn -0.0217 0.9998 -0.0036
vn -0.0152 0.9983 0.0568
vn -0.0029 0.9392 0.3434
vn 0.6713 0.7317 -0.1180
vn 0.4012 0.8234 -0.4014
vn -0.0000 -0.0000 1.0000
vn -1.0000 -0.0000 -0.0000
vn -0.0000 -1.0000 -0.0000
vn -0.0000 -0.0000 -1.0000
vn -0.1847 0.9784 0.0923
vn -0.1652 0.9038 -0.3947
vn -0.1061 0.9582 -0.2658
vn 0.0635 0.8743 0.4812
vn 0.0745 0.7728 0.6302
vn 0.4940 0.5788 -0.6489
vn 0.9109 0.4124 -0.0156
vn 0.0255 0.9994 0.0247
vn -0.0104 0.4153 0.9096
vn -0.1086 0.9792 -0.1716
vn -0.0492 0.9897 -0.1343
vn -0.0016 1.0000 0.0040
vn 0.0556 0.9680 0.2449
vn 0.0064 0.9968 0.0801
vn 0.0372 0.9327 0.3588
vn -0.6008 0.7994 -0.0057
vn 0.1234 0.5856 -0.8012
vn 0.1081 0.9766 -0.1857
vn -0.1375 0.9784 -0.1543
vn -0.2303 0.9178 -0.3235
vn 0.1219 0.9185 0.3762
vn 0.1171 0.8645 0.4888
vn 0.1550 0.7465 0.6471
vn -0.1695 0.9608 -0.2195
vn -0.1387 0.9672 -0.2128
vn -0.0466 0.9971 -0.0599
vn -0.0183 0.9992 0.0358
vn 0.0569 0.9869 0.1507
vn -0.4464 0.8948 -0.0101
vn -0.4058 0.8991 -0.1639
vn -0.3241 0.9162 -0.2358
vn 0.2110 0.8924 0.3989
vn 0.2894 0.7386 0.6089
vn 0.2122 0.8426 0.4949
vn 0.2535 0.6932 0.6747
vn -0.2270 0.9635 -0.1418
vn -0.2168 0.9591 -0.1819
vn -0.0889 0.9920 -0.0899
vn -0.0152 0.9999 -0.0036
vn 0.1181 0.9701 0.2118
vn 0.0334 0.9962 0.0810
vn 0.1183 0.9633 0.2411
vn 0.3725 0.6408 0.6713
vn 0.4071 0.5745 0.7101
vn -0.3371 0.9413 -0.0150
vn -0.3113 0.9456 -0.0946
vn 0.2601 0.9041 0.3390
vn 0.2577 0.8659 0.4287
vn 0.3362 0.7818 0.5251
vn -0.1638 0.9864 -0.0127
vn -0.1609 0.9862 -0.0388
vn -0.2016 0.9752 -0.0912
vn -0.0818 0.9955 -0.0481
vn -0.0120 0.9999 -0.0102
vn 0.1600 0.9756 0.1503
vn 0.0431 0.9979 0.0476
vn 0.1446 0.9759 0.1634
vn 0.5343 0.3690 0.7605
vn 0.5654 0.5178 0.6421
vn 0.4375 0.6601 0.6106
vn 0.4568 0.4720 0.7540
vn 0.3500 0.8973 0.2689
vn 0.3558 0.8672 0.3485
vn 0.5034 0.6907 0.5192
vn 0.3587 0.8331 0.4210
vn 0.4239 0.6827 0.5951
vn -0.0232 0.9997 -0.0108
vn -0.0088 0.9999 0.0100
vn 0.1893 0.9788 0.0788
vn 0.0318 0.9994 -0.0146
vn 0.2722 0.9534 0.1299
vn 0.0809 0.9958 0.0429
vn 0.2218 0.9666 0.1286
vn 0.6549 0.0254 0.7553
vn 0.6095 0.0235 0.7924
vn 0.6622 0.1129 0.7408
vn 0.6049 0.1045 0.7894
vn 0.6741 0.2151 0.7067
vn 0.5913 0.2016 0.7808
vn 0.6959 0.3153 0.6452
vn 0.6015 0.4452 0.6633
vn 0.5425 0.3094 0.7810
vn 0.6692 0.5040 0.5461
vn 0.5545 0.6429 0.5284
vn 0.5781 0.5098 0.6370
vn 0.4240 0.8931 0.1504
vn 0.4335 0.8763 0.2102
vn 0.5630 0.7598 0.3251
vn 0.4515 0.8559 0.2523
vn 0.6243 0.6667 0.4071
vn 0.4356 0.8293 0.3500
vn 0.5403 0.6838 0.4903
vn 0.3880 0.9216 -0.0121
vn 0.1050 0.9944 -0.0114
vn 0.4150 0.9080 0.0578
vn 0.1110 0.9936 0.0205
vn 0.2882 0.9533 0.0897
vn 0.7917 0.0310 0.6101
vn 0.7517 0.0271 0.6589
vn 0.7949 0.1199 0.5948
vn 0.7435 0.1173 0.6583
vn 0.7923 0.2193 0.5694
vn 0.7209 0.2215 0.6567
vn 0.7869 0.3726 0.4918
vn 0.7989 0.3189 0.5099
vn 0.6888 0.4500 0.5684
vn 0.6702 0.3191 0.6701
vn 0.7554 0.5444 0.3647
vn 0.7035 0.6195 0.3484
vn 0.7823 0.4544 0.4261
vn 0.6393 0.6454 0.4180
vn 0.6669 0.5110 0.5423
vn 0.6394 0.7689 0.0029
vn 0.5095 0.8605 -0.0071
vn 0.6538 0.7502 0.0988
vn 0.5110 0.8555 0.0843
vn 0.6786 0.7115 0.1826
vn 0.5164 0.8444 0.1427
vn 0.7089 0.6610 0.2459
vn 0.5230 0.8271 0.2061
vn 0.6449 0.7119 0.2780
vn 0.0250 -0.0065 0.9997
vn 0.0213 0.0772 0.9968
vn 0.0113 0.1968 0.9804
vn 0.0005 0.4457 0.8952
vn 0.0031 0.3102 0.9507
vn 0.0080 0.6387 0.7694
vn 0.0030 0.5661 0.8244
vn 0.1170 -0.0041 0.9931
vn 0.1172 0.0713 0.9905
vn 0.1103 0.1866 0.9762
vn 0.0944 0.4441 0.8910
vn 0.0921 0.2905 0.9524
vn 0.0790 0.6429 0.7619
vn 0.0886 0.5523 0.8289
vn 0.2100 -0.0011 0.9777
vn 0.2160 0.0746 0.9735
vn 0.2288 0.1819 0.9563
vn 0.2024 0.1688 0.9647
vn 0.3028 0.3088 0.9016
vn 0.1684 0.4604 0.8716
vn 0.1560 0.2353 0.9593
vn 0.1604 0.6471 0.7454
vn 0.1684 0.5148 0.8406
vn 0.3318 0.0050 0.9433
vn 0.2781 0.0018 0.9606
vn 0.3485 0.0740 0.9344
vn 0.3053 0.1053 0.9464
vn 0.2684 0.0666 0.9610
vn 0.3533 0.2059 0.9125
vn 0.3057 0.3376 0.8903
vn 0.3355 0.5537 0.7621
vn 0.2598 0.6604 0.7045
vn 0.2523 0.4586 0.8521
vn 0.3899 0.0104 0.9208
vn 0.3913 0.0894 0.9159
vn 0.3964 0.1776 0.9007
vn 0.4456 0.3389 0.8286
vn 0.3976 0.4188 0.8164
vn 0.3674 0.3019 0.8797
vn 0.5377 0.0211 0.8429
vn 0.4566 0.0158 0.8895
vn 0.5458 0.0978 0.8322
vn 0.4583 0.0864 0.8846
vn 0.5734 0.1829 0.7986
vn 0.5057 0.2494 0.8259
vn 0.4363 0.1638 0.8848
vn 0.9186 0.0382 0.3934
vn 0.8923 0.0355 0.4500
vn 0.8483 0.0344 0.5284
vn 0.9136 0.1188 0.3889
vn 0.8896 0.1112 0.4431
vn 0.8401 0.1194 0.5292
vn 0.9117 0.2490 0.3269
vn 0.8995 0.2152 0.3802
vn 0.8928 0.1923 0.4074
vn 0.8304 0.2927 0.4741
vn 0.8063 0.2061 0.5545
vn 0.8924 0.3918 0.2241
vn 0.8866 0.3617 0.2882
vn 0.8816 0.3229 0.3441
vn 0.8168 0.4442 0.3680
vn 0.8289 0.3530 0.4340
vn 0.8519 0.5235 0.0147
vn 0.7881 0.6155 0.0081
vn 0.8555 0.5071 0.1046
vn 0.7809 0.6161 0.1034
vn 0.8565 0.4847 0.1775
vn 0.7582 0.6235 0.1905
vn 0.8594 0.4437 0.2540
vn 0.7269 0.6375 0.2555
vn 0.7742 0.5324 0.3422
vn 0.9995 0.0178 0.0275
vn 0.9934 0.0210 0.1131
vn 0.9789 0.0268 0.2025
vn 0.9612 0.0299 0.2743
vn 0.9369 0.0347 0.3480
vn 0.9930 0.1146 0.0286
vn 0.9866 0.1152 0.1158
vn 0.9720 0.1149 0.2051
vn 0.9626 0.0984 0.2525
vn 0.9397 0.1642 0.3001
vn 0.9237 0.1059 0.3681
vn 0.9726 0.2311 0.0269
vn 0.9674 0.2268 0.1129
vn 0.9632 0.2015 0.1781
vn 0.9361 0.2903 0.1986
vn 0.9415 0.2244 0.2516
vn 0.9500 0.3114 0.0215
vn 0.8960 0.4436 0.0192
vn 0.9557 0.2797 0.0923
vn 0.8841 0.4571 0.0966
vn 0.9185 0.3596 0.1645
s 0
f 6//1 5//1 1//1 2//1
f 7//2 6//2 2//2 3//2
f 9//3 8//3 4//3 5//3
f 10//4 9//4 5//4 6//4
f 11//5 10//5 6//5 7//5
f 13//6 12//6 8//6 9//6
f 14//7 13//7 9//7 10//7
f 15//8 14//8 10//8 11//8
f 21//9 20//9 16//9 17//9
f 24//10 23//10 18//10 19//10
f 25//11 24//11 19//11 20//11
f 26//12 25//12 20//12 21//12
f 28//13 27//13 22//13 23//13
f 29//14 28//14 23//14 24//14
f 30//15 29//15 24//15 25//15
f 30//16 2//16 1//16 29//16
f 31//17 30//17 25//17 26//17
f 31//18 3//18 2//18 30//18
f 34//19 33//19 27//19 28//19
f 35//20 34//20 28//20 29//20
f 35//21 5//21 4//21 34//21
f 5//22 35//22 29//22 1//22
f 37//23 36//23 32//23 33//23
f 38//24 37//24 33//24 34//24
f 8//25 38//25 34//25 4//25
f 40//26 39//26 36//26 37//26
f 41//27 40//27 37//27 38//27
f 12//28 41//28 38//28 8//28
f 52//29 51//29 46//29 47//29
f 52//30 43//30 42//30 51//30
f 53//31 52//31 47//31 48//31
f 53//32 44//32 43//32 52//32
f 54//33 53//33 48//33 49//33
f 54//34 45//34 44//34 53//34
f 57//35 47//35 46//35 56//35
f 58//36 48//36 47//36 57//36
f 59//37 49//37 48//37 58//37
f 62//38 61//38 55//38 56//38
f 62//39 51//39 50//39 61//39
f 51//40 62//40 56//40 46//40
f 65//41 56//41 55//41 64//41
f 66//42 57//42 56//42 65//42
f 67//43 58//43 57//43 66//43
f 68//44 59//44 58//44 67//44
f 71//45 70//45 63//45 64//45
f 71//46 61//46 60//46 70//46
f 61//47 71//47 64//47 55//47
f 73//48 64//48 63//48 72//48
f 74//49 65//49 64//49 73//49
f 75//50 66//50 65//50 74//50
f 76//51 67//51 66//51 75//51
f 77//52 68//52 67//52 76//52
f 79//53 70//53 69//53 78//53
f 70//54 79//54 72//54 63//54
f 81//55 73//55 72//55 80//55
f 82//56 74//56 73//56 81//56
f 83//57 75//57 74//57 82//57
f 84//58 76//58 75//58 83//58
f 85//59 77//59 76//59 84//59
f 87//60 79//60 78//60 86//60
f 79//61 87//61 80//61 72//61
f 89//62 81//62 80//62 88//62
f 90//63 82//63 81//63 89//63
f 91//64 83//64 82//64 90//64
f 92//65 84//65 83//65 91//65
f 93//66 85//66 84//66 92//66
f 95//67 87//67 86//67 94//67
f 87//68 95//68 88//68 80//68
f 97//69 102//69 101//69 96//69
f 98//70 103//70 102//70 97//70
f 100//71 106//71 105//71 99//71
f 101//72 108//72 106//72 100//72
f 110//73 109//73 107//73 108//73
f 102//74 110//74 108//74 101//74
f 112//75 111//75 109//75 110//75
f 103//76 112//76 110//76 102//76
f 105//77 114//77 113//77 104//77
f 106//78 116//78 114//78 105//78
f 118//79 117//79 115//79 116//79
f 118//80 108//80 107//80 117//80
f 108//81 118//81 116//81 106//81
f 109//82 119//82 117//82 107//82
f 111//83 120//83 119//83 109//83
f 114//84 124//84 122//84 113//84
f 126//85 125//85 123//85 124//85
f 126//86 116//86 115//86 125//86
f 116//87 126//87 124//87 114//87
f 117//88 127//88 125//88 115//88
f 119//89 128//89 127//89 117//89
f 120//90 129//90 128//90 119//90
f 122//91 131//91 130//91 121//91
f 133//92 124//92 123//92 132//92
f 124//93 133//93 131//93 122//93
f 125//94 134//94 132//94 123//94
f 127//95 135//95 134//95 125//95
f 128//96 136//96 135//96 127//96
f 129//97 137//97 136//97 128//97
f 144//98 143//98 138//98 139//98
f 145//99 144//99 139//99 140//99
f 145//100 17//100 16//100 144//100
f 148//101 147//101 141//101 142//101
f 149//102 148//102 142//102 143//102
f 149//103 19//103 18//103 148//103
f 150//104 149//104 143//104 144//104
f 150//105 20//105 19//105 149//105
f 20//106 150//106 144//106 16//106
f 152//107 151//107 146//107 147//107
f 153//108 152//108 147//108 148//108
f 153//109 23//109 22//109 152//109
f 23//110 153//110 148//110 18//110
f 156//111 155//111 151//111 152//111
f 27//112 156//112 152//112 22//112
f 158//113 157//113 154//113 155//113
f 159//114 158//114 155//114 156//114
f 159//115 33//115 32//115 158//115
f 33//116 159//116 156//116 27//116
f 161//117 160//117 157//117 158//117
f 36//118 161//118 158//118 32//118
f 163//119 162//119 160//119 161//119
f 39//120 163//120 161//120 36//120
f 166//121 165//121 42//121 43//121
f 167//122 166//122 43//122 44//122
f 167//123 139//123 138//123 166//123
f 168//124 167//124 44//124 45//124
f 168//125 140//125 139//125 167//125
f 171//126 170//126 164//126 165//126
f 171//127 142//127 141//127 170//127
f 172//128 171//128 165//128 166//128
f 172//129 143//129 142//129 171//129
f 143//130 172//130 166//130 138//130
f 175//131 174//131 169//131 170//131
f 175//132 147//132 146//132 174//132
f 147//133 175//133 170//133 141//133
f 177//134 176//134 173//134 174//134
f 151//135 177//135 174//135 146//135
f 180//136 179//136 176//136 177//136
f 180//137 155//137 154//137 179//137
f 155//138 180//138 177//138 151//138
f 182//139 181//139 178//139 179//139
f 157//140 182//140 179//140 154//140
f 184//141 183//141 181//141 182//141
f 160//142 184//142 182//142 157//142
f 186//143 185//143 183//143 184//143
f 162//144 186//144 184//144 160//144
f 189//145 188//145 50//145 51//145
f 189//146 165//146 164//146 188//146
f 165//147 189//147 51//147 42//147
f 192//148 191//148 187//148 188//148
f 192//149 170//149 169//149 191//149
f 170//150 192//150 188//150 164//150
f 195//151 194//151 190//151 191//151
f 195//152 174//152 173//152 194//152
f 174//153 195//153 191//153 169//153
f 197//154 196//154 193//154 194//154
f 176//155 197//155 194//155 173//155
f 199//156 198//156 196//156 197//156
f 199//157 179//157 178//157 198//157
f 179//158 199//158 197//158 176//158
f 181//159 200//159 198//159 178//159
f 201//160 97//160 96//160 200//160
f 183//161 201//161 200//161 181//161
f 202//162 98//162 97//162 201//162
f 185//163 202//163 201//163 183//163
f 205//164 204//164 60//164 61//164
f 205//165 188//165 187//165 204//165
f 188//166 205//166 61//166 50//166
f 208//167 207//167 203//167 204//167
f 208//168 191//168 190//168 207//168
f 191//169 208//169 204//169 187//169
f 210//170 209//170 206//170 207//170
f 210//171 194//171 193//171 209//171
f 194//172 210//172 207//172 190//172
f 196//173 211//173 209//173 193//173
f 212//174 100//174 99//174 211//174
f 198//175 212//175 211//175 196//175
f 213//176 101//176 100//176 212//176
f 213//177 200//177 96//177 101//177
f 200//178 213//178 212//178 198//178
f 215//179 214//179 69//179 70//179
f 215//180 204//180 203//180 214//180
f 204//181 215//181 70//181 60//181
f 217//182 207//182 206//182 216//182
f 207//183 217//183 214//183 203//183
f 209//184 218//184 216//184 206//184
f 219//185 105//185 104//185 218//185
f 219//186 211//186 99//186 105//186
f 211//187 219//187 218//187 209//187
f 214//188 221//188 78//188 69//188
f 223//189 222//189 220//189 221//189
f 223//190 217//190 216//190 222//190
f 217//191 223//191 221//191 214//191
f 224//192 218//192 104//192 113//192
f 218//193 224//193 222//193 216//193
f 226//194 221//194 220//194 225//194
f 221//195 226//195 86//195 78//195
f 222//196 227//196 225//196 220//196
f 228//197 122//197 121//197 227//197
f 228//198 224//198 113//198 122//198
f 224//199 228//199 227//199 222//199
f 230//200 226//200 225//200 229//200
f 226//201 230//201 94//201 86//201
f 231//202 227//202 121//202 130//202
f 227//203 231//203 229//203 225//203
f 235//204 7//204 3//204 232//204
f 236//205 235//205 232//205 233//205
f 237//206 236//206 233//206 234//206
f 239//207 11//207 7//207 235//207
f 240//208 239//208 235//208 236//208
f 241//209 240//209 236//209 237//209
f 242//210 241//210 237//210 238//210
f 243//211 15//211 11//211 239//211
f 244//212 243//212 239//212 240//212
f 245//213 244//213 240//213 241//213
f 246//214 245//214 241//214 242//214
f 249//215 21//215 17//215 247//215
f 250//216 249//216 247//216 248//216
f 253//217 26//217 21//217 249//217
f 254//218 253//218 249//218 250//218
f 255//219 254//219 250//219 251//219
f 256//220 255//220 251//220 252//220
f 258//221 31//221 26//221 253//221
f 258//222 232//222 3//222 31//222
f 259//223 258//223 253//223 254//223
f 259//224 233//224 232//224 258//224
f 260//225 259//225 254//225 255//225
f 260//226 234//226 233//226 259//226
f 261//227 260//227 255//227 256//227
f 262//228 261//228 256//228 257//228
f 263//229 237//229 234//229 260//229
f 264//230 263//230 260//230 261//230
f 264//231 238//231 237//231 263//231
f 265//232 264//232 261//232 262//232
f 267//233 242//233 238//233 264//233
f 268//234 267//234 264//234 265//234
f 269//235 268//235 265//235 266//235
f 270//236 246//236 242//236 267//236
f 271//237 270//237 267//237 268//237
f 272//238 271//238 268//238 269//238
f 281//239 54//239 49//239 277//239
f 281//240 273//240 45//240 54//240
f 282//241 281//241 277//241 278//241
f 282//242 274//242 273//242 281//242
f 283//243 282//243 278//243 279//243
f 283//244 275//244 274//244 282//244
f 284//245 283//245 279//245 280//245
f 284//246 276//246 275//246 283//246
f 287//247 277//247 49//247 59//247
f 288//248 278//248 277//248 287//248
f 289//249 279//249 278//249 288//249
f 290//250 280//250 279//250 289//250
f 292//251 284//251 280//251 290//251
f 293//252 292//252 290//252 291//252
f 293//253 285//253 284//253 292//253
f 294//254 286//254 285//254 293//254
f 295//255 287//255 59//255 68//255
f 296//256 288//256 287//256 295//256
f 297//257 289//257 288//257 296//257
f 298//258 290//258 289//258 297//258
f 299//259 291//259 290//259 298//259
f 301//260 293//260 291//260 299//260
f 302//261 301//261 299//261 300//261
f 302//262 294//262 293//262 301//262
f 304//263 295//263 68//263 77//263
f 305//264 296//264 295//264 304//264
f 306//265 297//265 296//265 305//265
f 307//266 298//266 297//266 306//266
f 308//267 299//267 298//267 307//267
f 309//268 300//268 299//268 308//268
f 310//269 302//269 300//269 309//269
f 311//270 303//270 302//270 310//270
f 312//271 304//271 77//271 85//271
f 313//272 305//272 304//272 312//272
f 314//273 306//273 305//273 313//273
f 315//274 307//274 306//274 314//274
f 316//275 308//275 307//275 315//275
f 317//276 309//276 308//276 316//276
f 318//277 319//277 317//277 316//277
f 319//278 310//278 309//278 317//278
f 320//279 311//279 310//279 319//279
f 321//280 312//280 85//280 93//280
f 322//281 313//281 312//281 321//281
f 323//282 314//282 313//282 322//282
f 324//283 315//283 314//283 323//283
f 325//284 316//284 315//284 324//284
f 326//285 318//285 316//285 325//285
f 327//286 319//286 318//286 326//286
f 328//287 320//287 319//287 327//287
f 333//288 145//288 140//288 329//288
f 333//289 247//289 17//289 145//289
f 334//290 333//290 329//290 330//290
f 334//291 248//291 247//291 333//291
f 335//292 334//292 330//292 331//292
f 336//293 335//293 331//293 332//293
f 338//294 250//294 248//294 334//294
f 339//295 338//295 334//295 335//295
f 339//296 251//296 250//296 338//296
f 340//297 339//297 335//297 336//297
f 340//298 252//298 251//298 339//298
f 341//299 340//299 336//299 337//299
f 343//300 256//300 252//300 340//300
f 344//301 343//301 340//301 341//301
f 344//302 257//302 256//302 343//302
f 345//303 344//303 341//303 342//303
f 346//304 262//304 257//304 344//304
f 347//305 346//305 344//305 345//305
f 349//306 265//306 262//306 346//306
f 350//307 349//307 346//307 347//307
f 350//308 266//308 265//308 349//308
f 351//309 350//309 347//309 348//309
f 352//310 269//310 266//310 350//310
f 353//311 352//311 350//311 351//311
f 354//312 272//312 269//312 352//312
f 355//313 354//313 352//313 353//313
f 356//314 168//314 45//314 273//314
f 356//315 329//315 140//315 168//315
f 357//316 356//316 273//316 274//316
f 357//317 330//317 329//317 356//317
f 358//318 357//318 274//318 275//318
f 358//319 331//319 330//319 357//319
f 359//320 358//320 275//320 276//320
f 359//321 332//321 331//321 358//321
f 361//322 336//322 332//322 359//322
f 362//323 361//323 359//323 360//323
f 362//324 337//324 336//324 361//324
f 364//325 341//325 337//325 362//325
f 365//326 364//326 362//326 363//326
f 365//327 342//327 341//327 364//327
f 367//328 345//328 342//328 365//328
f 368//329 367//329 365//329 366//329
f 369//330 347//330 345//330 367//330
f 370//331 369//331 367//331 368//331
f 370//332 348//332 347//332 369//332
f 372//333 351//333 348//333 370//333
f 373//334 372//334 370//334 371//334
f 374//335 353//335 351//335 372//335
f 375//336 374//336 372//336 373//336
f 376//337 355//337 353//337 374//337
f 377//338 376//338 374//338 375//338
f 378//339 359//339 276//339 284//339
f 379//340 378//340 284//340 285//340
f 379//341 360//341 359//341 378//341
f 380//342 379//342 285//342 286//342
f 381//343 362//343 360//343 379//343
f 382//344 381//344 379//344 380//344
f 382//345 363//345 362//345 381//345
f 384//346 365//346 363//346 382//346
f 385//347 384//347 382//347 383//347
f 385//348 366//348 365//348 384//348
f 387//349 368//349 366//349 385//349
f 388//350 387//350 385//350 386//350
f 389//351 370//351 368//351 387//351
f 390//352 389//352 387//352 388//352
f 390//353 371//353 370//353 389//353
f 391//354 373//354 371//354 390//354
f 392//355 375//355 373//355 391//355
f 393//356 377//356 375//356 392//356
f 394//357 380//357 286//357 294//357
f 396//358 382//358 380//358 394//358
f 397//359 396//359 394//359 395//359
f 397//360 383//360 382//360 396//360
f 399//361 385//361 383//361 397//361
f 400//362 399//362 397//362 398//362
f 400//363 386//363 385//363 399//363
f 401//364 388//364 386//364 400//364
f 402//365 390//365 388//365 401//365
f 403//366 391//366 390//366 402//366
f 404//367 394//367 294//367 302//367
f 405//368 404//368 302//368 303//368
f 405//369 395//369 394//369 404//369
f 407//370 397//370 395//370 405//370
f 408//371 407//371 405//371 406//371
f 408//372 398//372 397//372 407//372
f 409//373 400//373 398//373 408//373
f 410//374 401//374 400//374 409//374
f 411//375 405//375 303//375 311//375
f 412//376 406//376 405//376 411//376
f 413//377 408//377 406//377 412//377
f 414//378 409//378 408//378 413//378
f 415//379 411//379 311//379 320//379
f 416//380 412//380 411//380 415//380
f 417//381 413//381 412//381 416//381
f 418//382 414//382 413//382 417//382
f 419//383 415//383 320//383 328//383
f 420//384 416//384 415//384 419//384
f 421//385 417//385 416//385 420//385
f 423//386 392//386 391//386 422//386
f 424//387 393//387 392//387 423//387
f 426//388 402//388 401//388 425//388
f 427//389 403//389 402//389 426//389
f 427//390 422//390 391//390 403//390
f 428//391 423//391 422//391 427//391
f 429//392 424//392 423//392 428//392
f 431//393 410//393 409//393 430//393
f 431//394 425//394 401//394 410//394
f 432//395 426//395 425//395 431//395
f 433//396 427//396 426//396 432//396
f 435//397 428//397 427//397 433//397
f 436//398 435//398 433//398 434//398
f 437//399 429//399 428//399 435//399
f 438//400 437//400 435//400 436//400
f 439//401 430//401 409//401 414//401
f 440//402 431//402 430//402 439//402
f 441//403 432//403 431//403 440//403
f 443//404 433//404 432//404 441//404
f 444//405 443//405 441//405 442//405
f 444//406 434//406 433//406 443//406
f 445//407 436//407 434//407 444//407
f 446//408 438//408 436//408 445//408
f 448//409 418//409 417//409 447//409
f 448//410 439//410 414//410 418//410
f 449//411 440//411 439//411 448//411
f 450//412 441//412 440//412 449//412
f 451//413 442//413 441//413 450//413
f 452//414 444//414 442//414 451//414
f 453//415 445//415 444//415 452//415
f 454//416 446//416 445//416 453//416
f 455//417 447//417 417//417 421//417
f 456//418 448//418 447//418 455//418
f 457//419 449//419 448//419 456//419
f 458//420 450//420 449//420 457//420
f 459//421 451//421 450//421 458//421
f 460//422 452//422 451//422 459//422
f 461//423 453//423 452//423 460//423
f 462//424 454//424 453//424 461//424
f 464//425 463//425 12//425 13//425
f 465//426 464//426 13//426 14//426
f 466//427 465//427 14//427 15//427
f 468//428 467//428 463//428 464//428
f 469//429 468//429 464//429 465//429
f 470//430 469//430 465//430 466//430
f 472//431 471//431 468//431 469//431
f 473//432 472//432 469//432 470//432
f 476//433 475//433 39//433 40//433
f 477//434 476//434 40//434 41//434
f 463//435 477//435 41//435 12//435
f 479//436 478//436 475//436 476//436
f 480//437 479//437 476//437 477//437
f 467//438 480//438 477//438 463//438
f 468//439 481//439 480//439 467//439
f 483//440 482//440 479//440 480//440
f 484//441 483//441 480//441 481//441
f 471//442 484//442 481//442 468//442
f 472//443 485//443 484//443 471//443
f 473//444 486//444 485//444 472//444
f 488//445 487//445 482//445 483//445
f 489//446 488//446 483//446 484//446
f 490//447 489//447 484//447 485//447
f 491//448 490//448 485//448 486//448
f 474//449 491//449 486//449 473//449
f 493//450 492//450 489//450 490//450
f 494//451 493//451 490//451 491//451
f 495//452 498//452 103//452 98//452
f 496//453 499//453 498//453 495//453
f 497//454 500//454 499//454 496//454
f 503//455 502//455 111//455 112//455
f 498//456 503//456 112//456 103//456
f 505//457 504//457 502//457 503//457
f 499//458 505//458 503//458 498//458
f 500//459 506//459 505//459 499//459
f 501//460 507//460 506//460 500//460
f 502//461 508//461 120//461 111//461
f 504//462 509//462 508//462 502//462
f 505//463 510//463 509//463 504//463
f 512//464 511//464 509//464 510//464
f 506//465 512//465 510//465 505//465
f 507//466 513//466 512//466 506//466
f 508//467 515//467 129//467 120//467
f 509//468 516//468 515//468 508//468
f 511//469 517//469 516//469 509//469
f 512//470 518//470 517//470 511//470
f 513//471 519//471 518//471 512//471
f 514//472 520//472 519//472 513//472
f 515//473 521//473 137//473 129//473
f 516//474 522//474 521//474 515//474
f 517//475 523//475 522//475 516//475
f 518//476 524//476 523//476 517//476
f 519//477 525//477 524//477 518//477
f 520//478 526//478 525//478 519//478
f 528//479 527//479 162//479 163//479
f 475//480 528//480 163//480 39//480
f 530//481 529//481 527//481 528//481
f 478//482 530//482 528//482 475//482
f 479//483 531//483 530//483 478//483
f 533//484 532//484 529//484 530//484
f 534//485 533//485 530//485 531//485
f 482//486 534//486 531//486 479//486
f 536//487 535//487 533//487 534//487
f 487//488 536//488 534//488 482//488
f 488//489 537//489 536//489 487//489
f 489//490 538//490 537//490 488//490
f 540//491 539//491 536//491 537//491
f 541//492 540//492 537//492 538//492
f 492//493 541//493 538//493 489//493
f 493//494 542//494 541//494 492//494
f 494//495 543//495 542//495 493//495
f 545//496 544//496 541//496 542//496
f 546//497 545//497 542//497 543//497
f 548//498 547//498 185//498 186//498
f 527//499 548//499 186//499 162//499
f 550//500 549//500 547//500 548//500
f 529//501 550//501 548//501 527//501
f 552//502 551//502 549//502 550//502
f 532//503 552//503 550//503 529//503
f 533//504 553//504 552//504 532//504
f 555//505 554//505 552//505 553//505
f 535//506 555//506 553//506 533//506
f 536//507 556//507 555//507 535//507
f 558//508 557//508 554//508 555//508
f 559//509 558//509 555//509 556//509
f 539//510 559//510 556//510 536//510
f 540//511 560//511 559//511 539//511
f 541//512 561//512 560//512 540//512
f 563//513 562//513 559//513 560//513
f 564//514 563//514 560//514 561//514
f 544//515 564//515 561//515 541//515
f 545//516 565//516 564//516 544//516
f 546//517 566//517 565//517 545//517
f 567//518 495//518 98//518 202//518
f 547//519 567//519 202//519 185//519
f 568//520 496//520 495//520 567//520
f 549//521 568//521 567//521 547//521
f 569//522 497//522 496//522 568//522
f 551//523 569//523 568//523 549//523
f 552//524 570//524 569//524 551//524
f 572//525 571//525 569//525 570//525
f 554//526 572//526 570//526 552//526
f 557//527 573//527 572//527 554//527
f 558//528 574//528 573//528 557//528
f 559//529 575//529 574//529 558//529
f 577//530 576//530 574//530 575//530
f 562//531 577//531 575//531 559//531
f 563//532 578//532 577//532 562//532
f 564//533 579//533 578//533 563//533
f 565//534 580//534 579//534 564//534
f 566//535 581//535 580//535 565//535
f 583//536 582//536 580//536 581//536
f 569//537 584//537 500//537 497//537
f 585//538 501//538 500//538 584//538
f 571//539 585//539 584//539 569//539
f 572//540 586//540 585//540 571//540
f 588//541 587//541 585//541 586//541
f 573//542 588//542 586//542 572//542
f 574//543 589//543 588//543 573//543
f 591//544 590//544 588//544 589//544
f 576//545 591//545 589//545 574//545
f 577//546 592//546 591//546 576//546
f 578//547 593//547 592//547 577//547
f 579//548 594//548 593//548 578//548
f 580//549 595//549 594//549 579//549
f 582//550 597//550 595//550 580//550
f 597//551 598//551 596//551 595//551
f 583//552 598//552 597//552 582//552
f 585//553 599//553 507//553 501//553
f 587//554 600//554 599//554 585//554
f 588//555 601//555 600//555 587//555
f 590//556 602//556 601//556 588//556
f 591//557 603//557 602//557 590//557
f 592//558 604//558 603//558 591//558
f 593//559 605//559 604//559 592//559
f 594//560 606//560 605//560 593//560
f 595//561 607//561 606//561 594//561
f 596//562 608//562 607//562 595//562
f 599//563 609//563 513//563 507//563
f 610//564 514//564 513//564 609//564
f 600//565 610//565 609//565 599//565
f 601//566 611//566 610//566 600//566
f 615//567 614//567 610//567 611//567
f 602//568 615//568 611//568 601//568
f 603//569 616//569 615//569 602//569
f 604//570 617//570 616//570 603//570
f 605//571 618//571 617//571 604//571
f 606//572 619//572 618//572 605//572
f 607//573 620//573 619//573 606//573
f 620//574 621//574 613//574 612//574
f 608//575 621//575 620//575 607//575
f 610//576 622//576 520//576 514//576
f 613//577 625//577 624//577 612//577
f 614//578 626//578 622//578 610//578
f 615//579 627//579 626//579 614//579
f 616//580 628//580 627//580 615//580
f 617//581 629//581 628//581 616//581
f 618//582 630//582 629//582 617//582
f 619//583 631//583 630//583 618//583
f 631//584 632//584 624//584 623//584
f 620//585 632//585 631//585 619//585
f 632//586 620//586 612//586 624//586
f 622//587 634//587 526//587 520//587
f 624//588 636//588 635//588 623//588
f 625//589 637//589 636//589 624//589
f 626//590 638//590 634//590 622//590
f 627//591 639//591 638//591 626//591
f 628//592 640//592 639//592 627//592
f 629//593 641//593 640//593 628//593
f 630//594 642//594 641//594 629//594
f 631//595 643//595 642//595 630//595
f 643//596 631//596 623//596 635//596
f 645//597 644//597 636//597 637//597
f 633//598 645//598 637//598 625//598
f 647//599 646//599 640//599 641//599
f 649//600 466//600 15//600 243//600
f 650//601 649//601 243//601 244//601
f 651//602 650//602 244//602 245//602
f 652//603 651//603 245//603 246//603
f 653//604 470//604 466//604 649//604
f 654//605 653//605 649//605 650//605
f 655//606 654//606 650//606 651//606
f 656//607 655//607 651//607 652//607
f 657//608 473//608 470//608 653//608
f 658//609 657//609 653//609 654//609
f 659//610 658//610 654//610 655//610
f 660//611 474//611 473//611 657//611
f 661//612 660//612 657//612 658//612
f 662//613 652//613 246//613 270//613
f 663//614 662//614 270//614 271//614
f 664//615 663//615 271//615 272//615
f 656//616 666//616 665//616 655//616
f 666//617 656//617 652//617 662//617
f 667//618 666//618 662//618 663//618
f 668//619 667//619 663//619 664//619
f 659//620 670//620 669//620 658//620
f 670//621 659//621 655//621 665//621
f 671//622 670//622 665//622 666//622
f 672//623 671//623 666//623 667//623
f 673//624 672//624 667//624 668//624
f 660//625 674//625 491//625 474//625
f 661//626 675//626 674//626 660//626
f 675//627 661//627 658//627 669//627
f 676//628 675//628 669//628 670//628
f 677//629 676//629 670//629 671//629
f 678//630 677//630 671//630 672//630
f 679//631 494//631 491//631 674//631
f 680//632 679//632 674//632 675//632
f 681//633 680//633 675//633 676//633
f 682//634 681//634 676//634 677//634
f 683//635 664//635 272//635 354//635
f 684//636 683//636 354//636 355//636
f 685//637 668//637 664//637 683//637
f 686//638 685//638 683//638 684//638
f 673//639 688//639 687//639 672//639
f 688//640 673//640 668//640 685//640
f 689//641 688//641 685//641 686//641
f 678//642 691//642 690//642 677//642
f 691//643 678//643 672//643 687//643
f 692//644 691//644 687//644 688//644
f 679//645 693//645 543//645 494//645
f 680//646 694//646 693//646 679//646
f 681//647 695//647 694//647 680//647
f 682//648 696//648 695//648 681//648
f 696//649 682//649 677//649 690//649
f 697//650 696//650 690//650 691//650
f 698//651 546//651 543//651 693//651
f 699//652 698//652 693//652 694//652
f 700//653 699//653 694//653 695//653
f 701//654 700//654 695//654 696//654
f 702//655 684//655 355//655 376//655
f 703//656 702//656 376//656 377//656
f 704//657 686//657 684//657 702//657
f 705//658 704//658 702//658 703//658
f 689//659 707//659 706//659 688//659
f 707//660 689//660 686//660 704//660
f 708//661 707//661 704//661 705//661
f 692//662 710//662 709//662 691//662
f 710//663 692//663 688//663 706//663
f 711//664 710//664 706//664 707//664
f 697//665 713//665 712//665 696//665
f 713//666 697//666 691//666 709//666
f 714//667 713//667 709//667 710//667
f 715//668 714//668 710//668 711//668
f 698//669 716//669 566//669 546//669
f 699//670 717//670 716//670 698//670
f 700//671 718//671 717//671 699//671
f 701//672 719//672 718//672 700//672
f 719//673 701//673 696//673 712//673
f 720//674 719//674 712//674 713//674
f 722//675 721//675 716//675 717//675
f 723//676 703//676 377//676 393//676
f 724//677 705//677 703//677 723//677
f 708//678 726//678 725//678 707//678
f 726//679 708//679 705//679 724//679
f 727//680 711//680 707//680 725//680
f 728//681 727//681 725//681 726//681
f 714//682 730//682 729//682 713//682
f 715//683 731//683 730//683 714//683
f 731//684 715//684 711//684 727//684
f 732//685 731//685 727//685 728//685
f 716//686 733//686 581//686 566//686
f 718//687 735//687 734//687 717//687
f 719//688 736//688 735//688 718//688
f 720//689 737//689 736//689 719//689
f 737//690 720//690 713//690 729//690
f 738//691 737//691 729//691 730//691
f 739//692 583//692 581//692 733//692
f 721//693 739//693 733//693 716//693
f 722//694 740//694 739//694 721//694
f 740//695 722//695 717//695 734//695
f 741//696 740//696 734//696 735//696
f 742//697 741//697 735//697 736//697
f 744//698 728//698 726//698 743//698
f 731//699 746//699 745//699 730//699
f 732//700 747//700 746//700 731//700
f 747//701 732//701 728//701 744//701
f 737//702 750//702 749//702 736//702
f 738//703 751//703 750//703 737//703
f 751//704 738//704 730//704 745//704
f 752//705 751//705 745//705 746//705
f 598//706 753//706 748//706 596//706
f 739//707 753//707 598//707 583//707
f 740//708 754//708 753//708 739//708
f 741//709 755//709 754//709 740//709
f 742//710 756//710 755//710 741//710
f 756//711 742//711 736//711 749//711
f 757//712 756//712 749//712 750//712
f 747//713 760//713 759//713 746//713
f 760//714 747//714 744//714 758//714
f 748//715 761//715 608//715 596//715
f 751//716 765//716 764//716 750//716
f 752//717 766//717 765//717 751//717
f 766//718 752//718 746//718 759//718
f 767//719 766//719 759//719 760//719
f 753//720 768//720 761//720 748//720
f 768//721 769//721 762//721 761//721
f 754//722 769//722 768//722 753//722
f 769//723 770//723 763//723 762//723
f 755//724 770//724 769//724 754//724
f 756//725 771//725 770//725 755//725
f 757//726 772//726 771//726 756//726
f 772//727 757//727 750//727 764//727
f 621//728 775//728 773//728 613//728
f 761//729 775//729 621//729 608//729
f 762//730 776//730 775//730 761//730
f 763//731 777//731 776//731 762//731
f 765//732 780//732 779//732 764//732
f 766//733 781//733 780//733 765//733
f 767//734 782//734 781//734 766//734
f 782//735 767//735 760//735 774//735
f 770//736 783//736 777//736 763//736
f 783//737 784//737 778//737 777//737
f 771//738 784//738 783//738 770//738
f 784//739 785//739 779//739 778//739
f 772//740 785//740 784//740 771//740
f 785//741 772//741 764//741 779//741
f 773//742 787//742 625//742 613//742
f 790//743 633//743 625//743 787//743
f 775//744 790//744 787//744 773//744
f 790//745 791//745 788//745 786//745
f 776//746 791//746 790//746 775//746
f 777//747 792//747 791//747 776//747
f 778//748 793//748 792//748 777//748
f 779//749 794//749 793//749 778//749
f 780//750 795//750 794//750 779//750
f 781//751 796//751 795//751 780//751
f 782//752 797//752 796//752 781//752
f 797//753 782//753 774//753 789//753
f 799//754 798//754 794//754 795//754
f 788//755 802//755 800//755 786//755
f 790//756 805//756 645//756 633//756
f 805//757 790//757 786//757 800//757
f 806//758 805//758 800//758 802//758
f 791//759 806//759 802//759 788//759
f 806//760 807//760 803//760 801//760
f 792//761 807//761 806//761 791//761
f 793//762 808//762 807//762 792//762
f 794//763 809//763 808//763 793//763
f 796//764 811//764 810//764 795//764
f 797//765 812//765 811//765 796//765
f 812//766 797//766 789//766 804//766
f 813//767 648//767 645//767 805//767
f 798//768 814//768 809//768 794//768
f 799//769 815//769 814//769 798//769
f 815//770 799//770 795//770 810//770
f 816//771 815//771 810//771 811//771
f 817//772 723//772 393//772 424//772
f 818//773 724//773 723//773 817//773
f 819//774 726//774 724//774 818//774
f 820//775 817//775 424//775 429//775
f 821//776 818//776 817//776 820//776
f 819//777 822//777 743//777 726//777
f 822//778 819//778 818//778 821//778
f 823//779 744//779 743//779 822//779
f 824//780 820//780 429//780 437//780
f 825//781 824//781 437//781 438//781
f 826//782 821//782 820//782 824//782
f 827//783 826//783 824//783 825//783
f 828//784 822//784 821//784 826//784
f 829//785 828//785 826//785 827//785
f 823//786 830//786 758//786 744//786
f 830//787 823//787 822//787 828//787
f 831//788 760//788 758//788 830//788
f 832//789 825//789 438//789 446//789
f 833//790 827//790 825//790 832//790
f 829//791 835//791 834//791 828//791
f 835//792 829//792 827//792 833//792
f 836//793 830//793 828//793 834//793
f 831//794 837//794 774//794 760//794
f 837//795 831//795 830//795 836//795
f 838//796 832//796 446//796 454//796
f 839//797 833//797 832//797 838//797
f 835//798 841//798 840//798 834//798
f 841//799 835//799 833//799 839//799
f 842//800 836//800 834//800 840//800
f 843//801 842//801 840//801 841//801
f 837//802 844//802 789//802 774//802
f 844//803 837//803 836//803 842//803
f 845//804 838//804 454//804 462//804
f 846//805 839//805 838//805 845//805
f 847//806 841//806 839//806 846//806
f 843//807 849//807 848//807 842//807
f 849//808 843//808 841//808 847//808
f 844//809 850//809 804//809 789//809
f 850//810 844//810 842//810 848//810
f 852//811 89//811 88//811 851//811
f 853//812 90//812 89//812 852//812
f 854//813 91//813 90//813 853//813
f 855//814 92//814 91//814 854//814
f 856//815 93//815 92//815 855//815
f 858//816 95//816 94//816 857//816
f 95//817 858//817 851//817 88//817
f 860//818 852//818 851//818 859//818
f 861//819 853//819 852//819 860//819
f 862//820 854//820 853//820 861//820
f 863//821 855//821 854//821 862//821
f 864//822 856//822 855//822 863//822
f 866//823 858//823 857//823 865//823
f 858//824 866//824 859//824 851//824
f 868//825 860//825 859//825 867//825
f 869//826 861//826 860//826 868//826
f 870//827 862//827 861//827 869//827
f 871//828 863//828 862//828 870//828
f 872//829 864//829 863//829 871//829
f 874//830 866//830 865//830 873//830
f 866//831 874//831 867//831 859//831
f 876//832 868//832 867//832 875//832
f 877//833 869//833 868//833 876//833
f 878//834 870//834 869//834 877//834
f 879//835 871//835 870//835 878//835
f 880//836 872//836 871//836 879//836
f 882//837 874//837 873//837 881//837
f 874//838 882//838 875//838 867//838
f 882//839 883//839 876//839 875//839
f 885//840 877//840 876//840 884//840
f 886//841 878//841 877//841 885//841
f 887//842 879//842 878//842 886//842
f 888//843 880//843 879//843 887//843
f 890//844 883//844 882//844 889//844
f 883//845 890//845 884//845 876//845
f 890//846 891//846 885//846 884//846
f 893//847 886//847 885//847 892//847
f 894//848 887//848 886//848 893//848
f 895//849 888//849 887//849 894//849
f 897//850 890//850 889//850 896//850
f 898//851 891//851 890//851 897//851
f 891//852 898//852 892//852 885//852
f 898//853 899//853 893//853 892//853
f 899//854 900//854 894//854 893//854
f 900//855 901//855 895//855 894//855
f 903//856 899//856 898//856 902//856
f 904//857 900//857 899//857 903//857
f 905//858 901//858 900//858 904//858
f 131//859 907//859 906//859 130//859
f 909//860 133//860 132//860 908//860
f 133//861 909//861 907//861 131//861
f 134//862 910//862 908//862 132//862
f 135//863 911//863 910//863 134//863
f 136//864 912//864 911//864 135//864
f 137//865 913//865 912//865 136//865
f 907//866 915//866 914//866 906//866
f 917//867 909//867 908//867 916//867
f 909//868 917//868 915//868 907//868
f 910//869 918//869 916//869 908//869
f 918//870 919//870 917//870 916//870
f 911//871 920//871 918//871 910//871
f 912//872 921//872 920//872 911//872
f 913//873 922//873 921//873 912//873
f 915//874 924//874 923//874 914//874
f 917//875 925//875 924//875 915//875
f 927//876 919//876 918//876 926//876
f 919//877 927//877 925//877 917//877
f 920//878 928//878 926//878 918//878
f 928//879 929//879 927//879 926//879
f 921//880 930//880 928//880 920//880
f 922//881 931//881 930//881 921//881
f 925//882 933//882 932//882 924//882
f 927//883 934//883 933//883 925//883
f 936//884 929//884 928//884 935//884
f 929//885 936//885 934//885 927//885
f 930//886 937//886 935//886 928//886
f 937//887 938//887 936//887 935//887
f 931//888 939//888 937//888 930//888
f 939//889 940//889 938//889 937//889
f 934//890 942//890 941//890 933//890
f 936//891 943//891 942//891 934//891
f 938//892 944//892 943//892 936//892
f 940//893 945//893 944//893 938//893
f 944//894 947//894 946//894 943//894
f 945//895 948//895 947//895 944//895
f 950//896 230//896 229//896 949//896
f 230//897 950//897 857//897 94//897
f 951//898 231//898 130//898 906//898
f 231//899 951//899 949//899 229//899
f 953//900 950//900 949//900 952//900
f 950//901 953//901 865//901 857//901
f 954//902 951//902 906//902 914//902
f 951//903 954//903 952//903 949//903
f 956//904 953//904 952//904 955//904
f 953//905 956//905 873//905 865//905
f 957//906 954//906 914//906 923//906
f 954//907 957//907 955//907 952//907
f 924//908 958//908 957//908 923//908
f 960//909 956//909 955//909 959//909
f 956//910 960//910 881//910 873//910
f 960//911 961//911 882//911 881//911
f 957//912 962//912 959//912 955//912
f 962//913 963//913 960//913 959//913
f 964//914 958//914 924//914 932//914
f 958//915 964//915 962//915 957//915
f 933//916 965//916 964//916 932//916
f 967//917 961//917 960//917 966//917
f 961//918 967//918 889//918 882//918
f 969//919 963//919 962//919 968//919
f 963//920 969//920 966//920 960//920
f 969//921 970//921 967//921 966//921
f 964//922 971//922 968//922 962//922
f 971//923 972//923 969//923 968//923
f 973//924 965//924 933//924 941//924
f 965//925 973//925 971//925 964//925
f 942//926 974//926 973//926 941//926
f 943//927 975//927 974//927 942//927
f 967//928 976//928 896//928 889//928
f 976//929 977//929 897//929 896//929
f 977//930 978//930 898//930 897//930
f 980//931 970//931 969//931 979//931
f 970//932 980//932 976//932 967//932
f 980//933 981//933 977//933 976//933
f 983//934 972//934 971//934 982//934
f 972//935 983//935 979//935 969//935
f 983//936 984//936 980//936 979//936
f 973//937 985//937 982//937 971//937
f 985//938 986//938 983//938 982//938
f 974//939 987//939 985//939 973//939
f 987//940 988//940 986//940 985//940
f 989//941 975//941 943//941 946//941
f 975//942 989//942 987//942 974//942
f 947//943 990//943 989//943 946//943
f 948//944 991//944 990//944 947//944
f 993//945 978//945 977//945 992//945
f 978//946 993//946 902//946 898//946
f 993//947 994//947 903//947 902//947
f 994//948 995//948 904//948 903//948
f 995//949 996//949 905//949 904//949
f 998//950 981//950 980//950 997//950
f 981//951 998//951 992//951 977//951
f 998//952 999//952 993//952 992//952
f 1001//953 984//953 983//953 1000//953
f 984//954 1001//954 997//954 980//954
f 1001//955 1002//955 998//955 997//955
f 986//956 1003//956 1000//956 983//956
f 1003//957 1004//957 1001//957 1000//957
f 1006//958 988//958 987//958 1005//958
f 988//959 1006//959 1003//959 986//959
f 1006//960 1007//960 1004//960 1003//960
f 989//961 1008//961 1005//961 987//961
f 1008//962 1009//962 1006//962 1005//962
f 990//963 1010//963 1008//963 989//963
f 1010//964 1011//964 1009//964 1008//964
f 991//965 1012//965 1010//965 990//965
f 1012//966 1013//966 1011//966 1010//966
f 1015//967 994//967 993//967 1014//967
f 1016//968 995//968 994//968 1015//968
f 1017//969 996//969 995//969 1016//969
f 1019//970 999//970 998//970 1018//970
f 999//971 1019//971 1014//971 993//971
f 1019//972 1020//972 1015//972 1014//972
f 1020//973 1021//973 1016//973 1015//973
f 1021//974 1022//974 1017//974 1016//974
f 1024//975 1002//975 1001//975 1023//975
f 1002//976 1024//976 1018//976 998//976
f 1024//977 1025//977 1019//977 1018//977
f 1025//978 1026//978 1020//978 1019//978
f 1026//979 1027//979 1021//979 1020//979
f 1004//980 1028//980 1023//980 1001//980
f 1028//981 1029//981 1024//981 1023//981
f 1029//982 1030//982 1025//982 1024//982
f 1032//983 1007//983 1006//983 1031//983
f 1007//984 1032//984 1028//984 1004//984
f 1032//985 1033//985 1029//985 1028//985
f 1009//986 1034//986 1031//986 1006//986
f 1034//987 1035//987 1032//987 1031//987
f 1011//988 1036//988 1034//988 1009//988
f 1036//989 1037//989 1035//989 1034//989
f 1013//990 1038//990 1036//990 1011//990
f 1038//991 1039//991 1037//991 1036//991
f 1041//992 1022//992 1021//992 1040//992
f 1043//993 1026//993 1025//993 1042//993
f 1044//994 1027//994 1026//994 1043//994
f 1027//995 1044//995 1040//995 1021//995
f 1044//996 1045//996 1041//996 1040//996
f 1047//997 1030//997 1029//997 1046//997
f 1030//998 1047//998 1042//998 1025//998
f 1047//999 1048//999 1043//999 1042//999
f 1048//1000 1049//1000 1044//1000 1043//1000
f 1049//1001 1050//1001 1045//1001 1044//1001
f 1052//1002 1033//1002 1032//1002 1051//1002
f 1033//1003 1052//1003 1046//1003 1029//1003
f 1052//1004 1053//1004 1047//1004 1046//1004
f 1053//1005 1054//1005 1048//1005 1047//1005
f 1054//1006 1055//1006 1049//1006 1048//1006
f 1055//1007 1056//1007 1050//1007 1049//1007
f 1035//1008 1057//1008 1051//1008 1032//1008
f 1057//1009 1058//1009 1052//1009 1051//1009
f 1058//1010 1059//1010 1053//1010 1052//1010
f 1059//1011 1060//1011 1054//1011 1053//1011
f 1037//1012 1061//1012 1057//1012 1035//1012
f 1061//1013 1062//1013 1058//1013 1057//1013
f 1062//1014 1063//1014 1059//1014 1058//1014
f 1039//1015 1064//1015 1061//1015 1037//1015
f 1064//1016 1065//1016 1062//1016 1061//1016
f 1065//1017 1066//1017 1063//1017 1062//1017
f 1069//1018 1055//1018 1054//1018 1068//1018
f 1070//1019 1056//1019 1055//1019 1069//1019
f 1056//1020 1070//1020 1067//1020 1050//1020
f 1072//1021 1060//1021 1059//1021 1071//1021
f 1060//1022 1072//1022 1068//1022 1054//1022
f 1072//1023 1073//1023 1069//1023 1068//1023
f 1073//1024 1074//1024 1070//1024 1069//1024
f 1063//1025 1075//1025 1071//1025 1059//1025
f 1075//1026 1076//1026 1072//1026 1071//1026
f 1076//1027 1077//1027 1073//1027 1072//1027
f 1077//1028 1078//1028 1074//1028 1073//1028
f 1066//1029 1079//1029 1075//1029 1063//1029
f 1079//1030 1080//1030 1076//1030 1075//1030
f 1080//1031 1081//1031 1077//1031 1076//1031
f 1081//1032 1082//1032 1078//1032 1077//1032
f 1083//1033 321//1033 93//1033 856//1033
f 1084//1034 322//1034 321//1034 1083//1034
f 1085//1035 323//1035 322//1035 1084//1035
f 1086//1036 324//1036 323//1036 1085//1036
f 1087//1037 325//1037 324//1037 1086//1037
f 1088//1038 326//1038 325//1038 1087//1038
f 1089//1039 327//1039 326//1039 1088//1039
f 1090//1040 328//1040 327//1040 1089//1040
f 1091//1041 1083//1041 856//1041 864//1041
f 1092//1042 1084//1042 1083//1042 1091//1042
f 1093//1043 1085//1043 1084//1043 1092//1043
f 1094//1044 1086//1044 1085//1044 1093//1044
f 1095//1045 1087//1045 1086//1045 1094//1045
f 1097//1046 1088//1046 1087//1046 1095//1046
f 1098//1047 1097//1047 1095//1047 1096//1047
f 1098//1048 1089//1048 1088//1048 1097//1048
f 1099//1049 1090//1049 1089//1049 1098//1049
f 1100//1050 1091//1050 864//1050 872//1050
f 1101//1051 1092//1051 1091//1051 1100//1051
f 1102//1052 1093//1052 1092//1052 1101//1052
f 1103//1053 1094//1053 1093//1053 1102//1053
f 1104//1054 1095//1054 1094//1054 1103//1054
f 1105//1055 1096//1055 1095//1055 1104//1055
f 1106//1056 1098//1056 1096//1056 1105//1056
f 1107//1057 1099//1057 1098//1057 1106//1057
f 1108//1058 1100//1058 872//1058 880//1058
f 1109//1059 1101//1059 1100//1059 1108//1059
f 1110//1060 1102//1060 1101//1060 1109//1060
f 1111//1061 1103//1061 1102//1061 1110//1061
f 1112//1062 1104//1062 1103//1062 1111//1062
f 1113//1063 1105//1063 1104//1063 1112//1063
f 1114//1064 1115//1064 1113//1064 1112//1064
f 1115//1065 1106//1065 1105//1065 1113//1065
f 1116//1066 1107//1066 1106//1066 1115//1066
f 1117//1067 1108//1067 880//1067 888//1067
f 1118//1068 1109//1068 1108//1068 1117//1068
f 1119//1069 1110//1069 1109//1069 1118//1069
f 1120//1070 1111//1070 1110//1070 1119//1070
f 1121//1071 1112//1071 1111//1071 1120//1071
f 1122//1072 1123//1072 1121//1072 1120//1072
f 1123//1073 1114//1073 1112//1073 1121//1073
f 1124//1074 1115//1074 1114//1074 1123//1074
f 1125//1075 1117//1075 888//1075 895//1075
f 1126//1076 1118//1076 1117//1076 1125//1076
f 1127//1077 1119//1077 1118//1077 1126//1077
f 1128//1078 1120//1078 1119//1078 1127//1078
f 901//1079 1129//1079 1125//1079 895//1079
f 1129//1080 1130//1080 1126//1080 1125//1080
f 1130//1081 1131//1081 1127//1081 1126//1081
f 1131//1082 1132//1082 1128//1082 1127//1082
f 1132//1083 1122//1083 1120//1083 1128//1083
f 1133//1084 1123//1084 1122//1084 1132//1084
f 1134//1085 1124//1085 1123//1085 1133//1085
f 1135//1086 1129//1086 901//1086 905//1086
f 1136//1087 1130//1087 1129//1087 1135//1087
f 1137//1088 1131//1088 1130//1088 1136//1088
f 1138//1089 1132//1089 1131//1089 1137//1089
f 1139//1090 419//1090 328//1090 1090//1090
f 1140//1091 420//1091 419//1091 1139//1091
f 1141//1092 421//1092 420//1092 1140//1092
f 1142//1093 1139//1093 1090//1093 1099//1093
f 1143//1094 1140//1094 1139//1094 1142//1094
f 1144//1095 1141//1095 1140//1095 1143//1095
f 1146//1096 1142//1096 1099//1096 1107//1096
f 1147//1097 1143//1097 1142//1097 1146//1097
f 1148//1098 1149//1098 1147//1098 1146//1098
f 1149//1099 1144//1099 1143//1099 1147//1099
f 1150//1100 1145//1100 1144//1100 1149//1100
f 1151//1101 1152//1101 1116//1101 1115//1101
f 1152//1102 1146//1102 1107//1102 1116//1102
f 1153//1103 1148//1103 1146//1103 1152//1103
f 1154//1104 1149//1104 1148//1104 1153//1104
f 1155//1105 1150//1105 1149//1105 1154//1105
f 1157//1106 1151//1106 1115//1106 1124//1106
f 1158//1107 1152//1107 1151//1107 1157//1107
f 1159//1108 1160//1108 1158//1108 1157//1108
f 1160//1109 1153//1109 1152//1109 1158//1109
f 1161//1110 1154//1110 1153//1110 1160//1110
f 1162//1111 1163//1111 1161//1111 1160//1111
f 1163//1112 1155//1112 1154//1112 1161//1112
f 1164//1113 1156//1113 1155//1113 1163//1113
f 1167//1114 1168//1114 1133//1114 1132//1114
f 1168//1115 1169//1115 1134//1115 1133//1115
f 1169//1116 1157//1116 1124//1116 1134//1116
f 1170//1117 1171//1117 1169//1117 1168//1117
f 1171//1118 1159//1118 1157//1118 1169//1118
f 1172//1119 1160//1119 1159//1119 1171//1119
f 1173//1120 1174//1120 1172//1120 1171//1120
f 1174//1121 1162//1121 1160//1121 1172//1121
f 1175//1122 1163//1122 1162//1122 1174//1122
f 1176//1123 1177//1123 1175//1123 1174//1123
f 1177//1124 1164//1124 1163//1124 1175//1124
f 1178//1125 1179//1125 1177//1125 1176//1125
f 1179//1126 1165//1126 1164//1126 1177//1126
f 1180//1127 1166//1127 1165//1127 1179//1127
f 996//1128 1183//1128 1135//1128 905//1128
f 1183//1129 1184//1129 1136//1129 1135//1129
f 1184//1130 1185//1130 1137//1130 1136//1130
f 1185//1131 1186//1131 1138//1131 1137//1131
f 1186//1132 1167//1132 1132//1132 1138//1132
f 1187//1133 1168//1133 1167//1133 1186//1133
f 1188//1134 1189//1134 1187//1134 1186//1134
f 1189//1135 1170//1135 1168//1135 1187//1135
f 1190//1136 1171//1136 1170//1136 1189//1136
f 1191//1137 1192//1137 1190//1137 1189//1137
f 1192//1138 1173//1138 1171//1138 1190//1138
f 1193//1139 1174//1139 1173//1139 1192//1139
f 1194//1140 1195//1140 1193//1140 1192//1140
f 1195//1141 1176//1141 1174//1141 1193//1141
f 1196//1142 1197//1142 1195//1142 1194//1142
f 1197//1143 1178//1143 1176//1143 1195//1143
f 1198//1144 1179//1144 1178//1144 1197//1144
f 1199//1145 1200//1145 1198//1145 1197//1145
f 1200//1146 1180//1146 1179//1146 1198//1146
f 1201//1147 1202//1147 1200//1147 1199//1147
f 1202//1148 1181//1148 1180//1148 1200//1148
f 1203//1149 1204//1149 1202//1149 1201//1149
f 1204//1150 1182//1150 1181//1150 1202//1150
f 1205//1151 1183//1151 996//1151 1017//1151
f 1206//1152 1184//1152 1183//1152 1205//1152
f 1207//1153 1185//1153 1184//1153 1206//1153
f 1208//1154 1186//1154 1185//1154 1207//1154
f 1022//1155 1209//1155 1205//1155 1017//1155
f 1209//1156 1210//1156 1206//1156 1205//1156
f 1210//1157 1211//1157 1207//1157 1206//1157
f 1211//1158 1212//1158 1208//1158 1207//1158
f 1212//1159 1188//1159 1186//1159 1208//1159
f 1213//1160 1189//1160 1188//1160 1212//1160
f 1214//1161 1215//1161 1211//1161 1210//1161
f 1215//1162 1216//1162 1212//1162 1211//1162
f 1216//1163 1217//1163 1213//1163 1212//1163
f 1217//1164 1191//1164 1189//1164 1213//1164
f 1218//1165 1192//1165 1191//1165 1217//1165
f 1219//1166 1220//1166 1217//1166 1216//1166
f 1220//1167 1221//1167 1218//1167 1217//1167
f 1221//1168 1194//1168 1192//1168 1218//1168
f 1222//1169 1223//1169 1221//1169 1220//1169
f 1223//1170 1196//1170 1194//1170 1221//1170
f 1224//1171 1197//1171 1196//1171 1223//1171
f 1225//1172 1226//1172 1223//1172 1222//1172
f 1226//1173 1227//1173 1224//1173 1223//1173
f 1227//1174 1199//1174 1197//1174 1224//1174
f 1228//1175 1229//1175 1227//1175 1226//1175
f 1229//1176 1201//1176 1199//1176 1227//1176
f 1230//1177 1231//1177 1229//1177 1228//1177
f 1231//1178 1203//1178 1201//1178 1229//1178
f 1232//1179 455//1179 421//1179 1141//1179
f 1233//1180 456//1180 455//1180 1232//1180
f 1234//1181 457//1181 456//1181 1233//1181
f 1235//1182 458//1182 457//1182 1234//1182
f 1236//1183 459//1183 458//1183 1235//1183
f 1237//1184 460//1184 459//1184 1236//1184
f 1238//1185 461//1185 460//1185 1237//1185
f 1239//1186 462//1186 461//1186 1238//1186
f 1240//1187 1232//1187 1141//1187 1144//1187
f 1145//1188 1241//1188 1240//1188 1144//1188
f 1241//1189 1233//1189 1232//1189 1240//1189
f 1242//1190 1234//1190 1233//1190 1241//1190
f 1243//1191 1235//1191 1234//1191 1242//1191
f 1244//1192 1236//1192 1235//1192 1243//1192
f 1245//1193 1237//1193 1236//1193 1244//1193
f 1246//1194 1238//1194 1237//1194 1245//1194
f 1247//1195 1239//1195 1238//1195 1246//1195
f 1248//1196 1241//1196 1145//1196 1150//1196
f 1249//1197 1242//1197 1241//1197 1248//1197
f 1250//1198 1243//1198 1242//1198 1249//1198
f 1251//1199 1244//1199 1243//1199 1250//1199
f 1252//1200 1253//1200 1251//1200 1250//1200
f 1253//1201 1245//1201 1244//1201 1251//1201
f 1254//1202 1255//1202 1253//1202 1252//1202
f 1255//1203 1246//1203 1245//1203 1253//1203
f 1256//1204 1247//1204 1246//1204 1255//1204
f 1257//1205 1248//1205 1150//1205 1155//1205
f 1156//1206 1258//1206 1257//1206 1155//1206
f 1258//1207 1249//1207 1248//1207 1257//1207
f 1259//1208 1250//1208 1249//1208 1258//1208
f 1260//1209 1252//1209 1250//1209 1259//1209
f 1261//1210 1254//1210 1252//1210 1260//1210
f 1262//1211 1255//1211 1254//1211 1261//1211
f 1263//1212 1264//1212 1262//1212 1261//1212
f 1264//1213 1256//1213 1255//1213 1262//1213
f 1265//1214 1258//1214 1156//1214 1164//1214
f 1165//1215 1266//1215 1265//1215 1164//1215
f 1266//1216 1259//1216 1258//1216 1265//1216
f 1166//1217 1267//1217 1266//1217 1165//1217
f 1267//1218 1260//1218 1259//1218 1266//1218
f 1268//1219 1261//1219 1260//1219 1267//1219
f 1269//1220 1263//1220 1261//1220 1268//1220
f 1270//1221 1267//1221 1166//1221 1180//1221
f 1181//1222 1271//1222 1270//1222 1180//1222
f 1271//1223 1268//1223 1267//1223 1270//1223
f 1182//1224 1272//1224 1271//1224 1181//1224
f 1272//1225 1269//1225 1268//1225 1271//1225
f 1273//1226 1209//1226 1022//1226 1041//1226
f 1274//1227 1210//1227 1209//1227 1273//1227
f 1045//1228 1275//1228 1273//1228 1041//1228
f 1275//1229 1276//1229 1274//1229 1273//1229
f 1276//1230 1214//1230 1210//1230 1274//1230
f 1277//1231 1215//1231 1214//1231 1276//1231
f 1278//1232 1216//1232 1215//1232 1277//1232
f 1050//1233 1279//1233 1275//1233 1045//1233
f 1279//1234 1280//1234 1276//1234 1275//1234
f 1280//1235 1281//1235 1277//1235 1276//1235
f 1281//1236 1282//1236 1278//1236 1277//1236
f 1282//1237 1219//1237 1216//1237 1278//1237
f 1283//1238 1220//1238 1219//1238 1282//1238
f 1284//1239 1285//1239 1280//1239 1279//1239
f 1285//1240 1286//1240 1281//1240 1280//1240
f 1286//1241 1287//1241 1282//1241 1281//1241
f 1287//1242 1288//1242 1283//1242 1282//1242
f 1288//1243 1222//1243 1220//1243 1283//1243
f 1289//1244 1290//1244 1287//1244 1286//1244
f 1290//1245 1291//1245 1288//1245 1287//1245
f 1291//1246 1225//1246 1222//1246 1288//1246
f 1292//1247 1226//1247 1225//1247 1291//1247
f 1293//1248 1294//1248 1291//1248 1290//1248
f 1294//1249 1295//1249 1292//1249 1291//1249
f 1295//1250 1228//1250 1226//1250 1292//1250
f 1296//1251 1297//1251 1294//1251 1293//1251
f 1297//1252 1298//1252 1295//1252 1294//1252
f 1298//1253 1230//1253 1228//1253 1295//1253
f 1299//1254 1279//1254 1050//1254 1067//1254
f 1070//1255 1300//1255 1299//1255 1067//1255
f 1300//1256 1284//1256 1279//1256 1299//1256
f 1301//1257 1285//1257 1284//1257 1300//1257
f 1302//1258 1286//1258 1285//1258 1301//1258
f 1074//1259 1303//1259 1300//1259 1070//1259
f 1303//1260 1304//1260 1301//1260 1300//1260
f 1304//1261 1305//1261 1302//1261 1301//1261
f 1305//1262 1289//1262 1286//1262 1302//1262
f 1306//1263 1290//1263 1289//1263 1305//1263
f 1078//1264 1307//1264 1303//1264 1074//1264
f 1307//1265 1308//1265 1304//1265 1303//1265
f 1308//1266 1309//1266 1305//1266 1304//1266
f 1309//1267 1310//1267 1306//1267 1305//1267
f 1310//1268 1293//1268 1290//1268 1306//1268
f 1082//1269 1311//1269 1307//1269 1078//1269
f 1311//1270 1312//1270 1308//1270 1307//1270
f 1312//1271 1313//1271 1309//1271 1308//1271
f 1313//1272 1314//1272 1310//1272 1309//1272
f 1314//1273 1296//1273 1293//1273 1310//1273
f 521//1274 1315//1274 913//1274 137//1274
f 522//1275 1316//1275 1315//1275 521//1275
f 523//1276 1317//1276 1316//1276 522//1276
f 524//1277 1318//1277 1317//1277 523//1277
f 1320//1278 1319//1278 1317//1278 1318//1278
f 525//1279 1320//1279 1318//1279 524//1279
f 526//1280 1321//1280 1320//1280 525//1280
f 1315//1281 1322//1281 922//1281 913//1281
f 1316//1282 1323//1282 1322//1282 1315//1282
f 1317//1283 1324//1283 1323//1283 1316//1283
f 1319//1284 1326//1284 1324//1284 1317//1284
f 1326//1285 1327//1285 1325//1285 1324//1285
f 1320//1286 1327//1286 1326//1286 1319//1286
f 1321//1287 1328//1287 1327//1287 1320//1287
f 1322//1288 1329//1288 931//1288 922//1288
f 1323//1289 1330//1289 1329//1289 1322//1289
f 1324//1290 1332//1290 1330//1290 1323//1290
f 1332//1291 1333//1291 1331//1291 1330//1291
f 1325//1292 1333//1292 1332//1292 1324//1292
f 1327//1293 1334//1293 1333//1293 1325//1293
f 1328//1294 1335//1294 1334//1294 1327//1294
f 1329//1295 1336//1295 939//1295 931//1295
f 1336//1296 1337//1296 940//1296 939//1296
f 1330//1297 1338//1297 1336//1297 1329//1297
f 1338//1298 1339//1298 1337//1298 1336//1298
f 1331//1299 1339//1299 1338//1299 1330//1299
f 1333//1300 1340//1300 1339//1300 1331//1300
f 1334//1301 1341//1301 1340//1301 1333//1301
f 1335//1302 1342//1302 1341//1302 1334//1302
f 1337//1303 1343//1303 945//1303 940//1303
f 1339//1304 1344//1304 1343//1304 1337//1304
f 1340//1305 1345//1305 1344//1305 1339//1305
f 1341//1306 1346//1306 1345//1306 1340//1306
f 1343//1307 1347//1307 948//1307 945//1307
f 1344//1308 1348//1308 1347//1308 1343//1308
f 1345//1309 1349//1309 1348//1309 1344//1309
f 634//1310 1350//1310 1321//1310 526//1310
f 636//1311 1353//1311 1351//1311 635//1311
f 638//1312 1355//1312 1350//1312 634//1312
f 639//1313 1356//1313 1355//1313 638//1313
f 640//1314 1357//1314 1356//1314 639//1314
f 642//1315 1359//1315 1358//1315 641//1315
f 643//1316 1360//1316 1359//1316 642//1316
f 1360//1317 643//1317 635//1317 1351//1317
f 1361//1318 1360//1318 1351//1318 1353//1318
f 644//1319 1361//1319 1353//1319 636//1319
f 1361//1320 1362//1320 1354//1320 1352//1320
f 645//1321 1362//1321 1361//1321 644//1321
f 646//1322 1363//1322 1357//1322 640//1322
f 647//1323 1364//1323 1363//1323 646//1323
f 1364//1324 647//1324 641//1324 1358//1324
f 648//1325 1365//1325 1362//1325 645//1325
f 1350//1326 1366//1326 1328//1326 1321//1326
f 1354//755 1369//755 1367//755 1352//755
f 1355//1327 1370//1327 1366//1327 1350//1327
f 1356//1328 1371//1328 1370//1328 1355//1328
f 1357//1329 1372//1329 1371//1329 1356//1329
f 1359//1330 1374//1330 1373//1330 1358//1330
f 1360//1331 1375//1331 1374//1331 1359//1331
f 1361//1332 1376//1332 1375//1332 1360//1332
f 1376//1333 1361//1333 1352//1333 1367//1333
f 1377//1334 1376//1334 1367//1334 1369//1334
f 1362//1335 1377//1335 1369//1335 1354//1335
f 1363//1336 1378//1336 1372//1336 1357//1336
f 1364//1337 1379//1337 1378//1337 1363//1337
f 1379//1338 1364//1338 1358//1338 1373//1338
f 1380//1339 1379//1339 1373//1339 1374//1339
f 1366//1340 1381//1340 1335//1340 1328//1340
f 1370//1341 1383//1341 1381//1341 1366//1341
f 1371//1342 1384//1342 1383//1342 1370//1342
f 1372//1343 1385//1343 1384//1343 1371//1343
f 1375//1344 1388//1344 1387//1344 1374//1344
f 1376//1345 1389//1345 1388//1345 1375//1345
f 1377//1346 1390//1346 1389//1346 1376//1346
f 1390//1347 1377//1347 1368//1347 1382//1347
f 1378//1348 1391//1348 1385//1348 1372//1348
f 1391//1349 1392//1349 1386//1349 1385//1349
f 1379//1350 1392//1350 1391//1350 1378//1350
f 1380//1351 1393//1351 1392//1351 1379//1351
f 1393//1352 1380//1352 1374//1352 1387//1352
f 1342//1353 1395//1353 1394//1353 1341//1353
f 1381//1354 1395//1354 1342//1354 1335//1354
f 1383//1355 1397//1355 1395//1355 1381//1355
f 1397//1356 1398//1356 1396//1356 1395//1356
f 1384//1357 1398//1357 1397//1357 1383//1357
f 1385//1358 1399//1358 1398//1358 1384//1358
f 1386//1359 1400//1359 1399//1359 1385//1359
f 1388//1360 1403//1360 1402//1360 1387//1360
f 1389//1361 1404//1361 1403//1361 1388//1361
f 1390//1362 1405//1362 1404//1362 1389//1362
f 1392//1363 1406//1363 1400//1363 1386//1363
f 1406//1364 1407//1364 1401//1364 1400//1364
f 1393//1365 1407//1365 1406//1365 1392//1365
f 1407//1366 1393//1366 1387//1366 1402//1366
f 1408//1367 1407//1367 1402//1367 1403//1367
f 1346//1368 1410//1368 1409//1368 1345//1368
f 1394//1369 1410//1369 1346//1369 1341//1369
f 1395//1370 1412//1370 1410//1370 1394//1370
f 1412//1371 1413//1371 1411//1371 1410//1371
f 1396//1372 1413//1372 1412//1372 1395//1372
f 1398//1373 1415//1373 1413//1373 1396//1373
f 1415//1374 1416//1374 1414//1374 1413//1374
f 1399//1375 1416//1375 1415//1375 1398//1375
f 1400//1376 1417//1376 1416//1376 1399//1376
f 1401//1377 1418//1377 1417//1377 1400//1377
f 1404//1378 1421//1378 1420//1378 1403//1378
f 1405//1379 1422//1379 1421//1379 1404//1379
f 1407//1380 1423//1380 1418//1380 1401//1380
f 1423//1381 1424//1381 1419//1381 1418//1381
f 1408//1382 1424//1382 1423//1382 1407//1382
f 1424//1383 1408//1383 1403//1383 1420//1383
f 1425//1384 1424//1384 1420//1384 1421//1384
f 1426//1385 1425//1385 1421//1385 1422//1385
f 1347//1386 1427//1386 991//1386 948//1386
f 1348//1387 1428//1387 1427//1387 1347//1387
f 1349//1388 1429//1388 1428//1388 1348//1388
f 1409//1389 1429//1389 1349//1389 1345//1389
f 1410//1390 1431//1390 1429//1390 1409//1390
f 1431//1391 1432//1391 1430//1391 1429//1391
f 1411//1392 1432//1392 1431//1392 1410//1392
f 1413//1393 1433//1393 1432//1393 1411//1393
f 1414//1394 1434//1394 1433//1394 1413//1394
f 1416//1395 1436//1395 1434//1395 1414//1395
f 1436//1396 1437//1396 1435//1396 1434//1396
f 1417//1397 1437//1397 1436//1397 1416//1397
f 1418//1398 1438//1398 1437//1398 1417//1398
f 1419//1399 1439//1399 1438//1399 1418//1399
f 1424//1400 1441//1400 1439//1400 1419//1400
f 1441//1401 1442//1401 1440//1401 1439//1401
f 1425//1402 1442//1402 1441//1402 1424//1402
f 1426//1403 1443//1403 1442//1403 1425//1403
f 1427//1404 1444//1404 1012//1404 991//1404
f 1444//1405 1445//1405 1013//1405 1012//1405
f 1428//1406 1446//1406 1444//1406 1427//1406
f 1446//1407 1447//1407 1445//1407 1444//1407
f 1429//1408 1448//1408 1446//1408 1428//1408
f 1448//1409 1449//1409 1447//1409 1446//1409
f 1430//1410 1449//1410 1448//1410 1429//1410
f 1432//1411 1451//1411 1449//1411 1430//1411
f 1451//1412 1452//1412 1450//1412 1449//1412
f 1433//1413 1453//1413 1451//1413 1432//1413
f 1453//1414 1454//1414 1452//1414 1451//1414
f 1434//1415 1454//1415 1453//1415 1433//1415
f 1435//1416 1455//1416 1454//1416 1434//1416
f 1437//1417 1457//1417 1455//1417 1435//1417
f 1457//1418 1458//1418 1456//1418 1455//1418
f 1438//1419 1458//1419 1457//1419 1437//1419
f 1439//1420 1459//1420 1458//1420 1438//1420
f 1440//1421 1460//1421 1459//1421 1439//1421
f 1442//1422 1462//1422 1460//1422 1440//1422
f 1462//1423 1463//1423 1461//1423 1460//1423
f 1443//1424 1463//1424 1462//1424 1442//1424
f 1445//1425 1464//1425 1038//1425 1013//1425
f 1464//1426 1465//1426 1039//1426 1038//1426
f 1447//1427 1466//1427 1464//1427 1445//1427
f 1466//1428 1467//1428 1465//1428 1464//1428
f 1449//1429 1468//1429 1466//1429 1447//1429
f 1468//1430 1469//1430 1467//1430 1466//1430
f 1450//1431 1469//1431 1468//1431 1449//1431
f 1452//1432 1471//1432 1469//1432 1450//1432
f 1471//1433 1472//1433 1470//1433 1469//1433
f 1454//1434 1474//1434 1471//1434 1452//1434
f 1474//1435 1475//1435 1472//1435 1471//1435
f 1455//1436 1475//1436 1474//1436 1454//1436
f 1475//1437 1476//1437 1473//1437 1472//1437
f 1456//1438 1476//1438 1475//1438 1455//1438
f 1458//1439 1480//1439 1476//1439 1456//1439
f 1480//1440 1481//1440 1477//1440 1476//1440
f 1459//1441 1481//1441 1480//1441 1458//1441
f 1481//1442 1482//1442 1478//1442 1477//1442
f 1460//1443 1482//1443 1481//1443 1459//1443
f 1482//1444 1483//1444 1479//1444 1478//1444
f 1461//1445 1483//1445 1482//1445 1460//1445
f 1465//1446 1484//1446 1064//1446 1039//1446
f 1484//1447 1485//1447 1065//1447 1064//1447
f 1485//1448 1486//1448 1066//1448 1065//1448
f 1467//1449 1487//1449 1484//1449 1465//1449
f 1487//1450 1488//1450 1485//1450 1484//1450
f 1488//1451 1489//1451 1486//1451 1485//1451
f 1469//1452 1490//1452 1487//1452 1467//1452
f 1490//1453 1491//1453 1488//1453 1487//1453
f 1470//1454 1491//1454 1490//1454 1469//1454
f 1491//1455 1492//1455 1489//1455 1488//1455
f 1472//1456 1495//1456 1491//1456 1470//1456
f 1495//1457 1496//1457 1492//1457 1491//1457
f 1473//1458 1496//1458 1495//1458 1472//1458
f 1496//1459 1497//1459 1493//1459 1492//1459
f 1497//1460 1498//1460 1494//1460 1493//1460
f 1476//1461 1500//1461 1496//1461 1473//1461
f 1500//1462 1501//1462 1497//1462 1496//1462
f 1477//1463 1501//1463 1500//1463 1476//1463
f 1501//1464 1502//1464 1498//1464 1497//1464
f 1478//1465 1502//1465 1501//1465 1477//1465
f 1502//1466 1503//1466 1499//1466 1498//1466
f 1479//1467 1503//1467 1502//1467 1478//1467
f 1486//1468 1504//1468 1079//1468 1066//1468
f 1504//1469 1505//1469 1080//1469 1079//1469
f 1505//1470 1506//1470 1081//1470 1080//1470
f 1506//1471 1507//1471 1082//1471 1081//1471
f 1489//1472 1508//1472 1504//1472 1486//1472
f 1508//1473 1509//1473 1505//1473 1504//1473
f 1509//1474 1510//1474 1506//1474 1505//1474
f 1510//1475 1511//1475 1507//1475 1506//1475
f 1492//1476 1512//1476 1508//1476 1489//1476
f 1512//1477 1513//1477 1509//1477 1508//1477
f 1493//1478 1513//1478 1512//1478 1492//1478
f 1513//1479 1514//1479 1510//1479 1509//1479
f 1494//1480 1514//1480 1513//1480 1493//1480
f 1514//1481 1515//1481 1511//1481 1510//1481
f 1498//1482 1516//1482 1514//1482 1494//1482
f 1516//1483 1517//1483 1515//1483 1514//1483
f 1499//1484 1517//1484 1516//1484 1498//1484
f 803//755 1521//755 1520//755 801//755
f 1524//1485 1527//1485 1519//1485 1518//1485
f 806//1486 1526//1486 1525//1486 805//1486
f 1526//1487 806//1487 801//1487 1520//1487
f 1528//1488 1526//1488 1520//1488 1521//1488
f 807//1489 1528//1489 1521//1489 803//1489
f 808//1490 1529//1490 1528//1490 807//1490
f 809//1491 1530//1491 1529//1491 808//1491
f 812//1492 1532//1492 1531//1492 811//1492
f 1532//1493 812//1493 804//1493 1522//1493
f 1365//1494 1533//1494 1523//1494 1362//1494
f 813//1495 1533//1495 1365//1495 648//1495
f 1533//1496 813//1496 805//1496 1525//1496
f 1534//1497 1533//1497 1525//1497 1526//1497
f 814//1498 1535//1498 1530//1498 809//1498
f 815//1499 1536//1499 1535//1499 814//1499
f 816//1500 1537//1500 1536//1500 815//1500
f 1537//1501 816//1501 811//1501 1531//1501
f 1519//755 1540//755 1539//755 1518//755
f 1377//1502 1542//1502 1538//1502 1368//1502
f 1523//1503 1542//1503 1377//1503 1362//1503
f 1543//1504 1524//1504 1518//1504 1539//1504
f 1544//1505 1543//1505 1539//1505 1540//1505
f 1544//1506 1527//1506 1524//1506 1543//1506
f 1527//1507 1544//1507 1540//1507 1519//1507
f 1528//1508 1546//1508 1545//1508 1526//1508
f 1529//1509 1547//1509 1546//1509 1528//1509
f 1530//1510 1548//1510 1547//1510 1529//1510
f 1532//1511 1551//1511 1550//1511 1531//1511
f 1551//1512 1532//1512 1522//1512 1541//1512
f 1533//1513 1552//1513 1542//1513 1523//1513
f 1552//1514 1553//1514 1545//1514 1542//1514
f 1534//1515 1553//1515 1552//1515 1533//1515
f 1553//1516 1534//1516 1526//1516 1545//1516
f 1555//1517 1554//1517 1547//1517 1548//1517
f 1535//1518 1555//1518 1548//1518 1530//1518
f 1536//1519 1556//1519 1555//1519 1535//1519
f 1556//1520 1557//1520 1550//1520 1549//1520
f 1537//1521 1557//1521 1556//1521 1536//1521
f 1557//1522 1537//1522 1531//1522 1550//1522
f 1538//755 1558//755 1382//755 1368//755
f 1560//1523 1390//1523 1382//1523 1558//1523
f 1542//1524 1560//1524 1558//1524 1538//1524
f 1545//1525 1561//1525 1560//1525 1542//1525
f 1546//1526 1562//1526 1561//1526 1545//1526
f 1547//1527 1563//1527 1562//1527 1546//1527
f 1550//1528 1565//1528 1564//1528 1549//1528
f 1551//1529 1566//1529 1565//1529 1550//1529
f 1566//1530 1551//1530 1541//1530 1559//1530
f 1568//1531 1567//1531 1562//1531 1563//1531
f 1554//1532 1568//1532 1563//1532 1547//1532
f 1555//1533 1569//1533 1568//1533 1554//1533
f 1556//1534 1570//1534 1569//1534 1555//1534
f 1570//1535 1556//1535 1549//1535 1564//1535
f 1560//1536 1574//1536 1405//1536 1390//1536
f 1561//1537 1575//1537 1574//1537 1560//1537
f 1562//1538 1576//1538 1575//1538 1561//1538
f 1565//1539 1579//1539 1578//1539 1564//1539
f 1579//1540 1580//1540 1573//1540 1572//1540
f 1566//1541 1580//1541 1579//1541 1565//1541
f 1580//1542 1566//1542 1559//1542 1573//1542
f 1582//1543 1581//1543 1575//1543 1576//1543
f 1567//1544 1582//1544 1576//1544 1562//1544
f 1568//1545 1583//1545 1582//1545 1567//1545
f 1569//1546 1584//1546 1583//1546 1568//1546
f 1584//1547 1585//1547 1578//1547 1577//1547
f 1570//1548 1585//1548 1584//1548 1569//1548
f 1585//1549 1570//1549 1564//1549 1578//1549
f 1573//1550 1589//1550 1588//1550 1572//1550
f 1589//1551 1573//1551 1571//1551 1587//1551
f 1574//1552 1590//1552 1422//1552 1405//1552
f 1575//1553 1591//1553 1590//1553 1574//1553
f 1578//1554 1594//1554 1593//1554 1577//1554
f 1579//1555 1595//1555 1594//1555 1578//1555
f 1595//1556 1579//1556 1572//1556 1588//1556
f 1596//1557 1426//1557 1422//1557 1590//1557
f 1597//1558 1596//1558 1590//1558 1591//1558
f 1581//1559 1597//1559 1591//1559 1575//1559
f 1582//1560 1598//1560 1597//1560 1581//1560
f 1583//1561 1599//1561 1598//1561 1582//1561
f 1599//1562 1600//1562 1593//1562 1592//1562
f 1584//1563 1600//1563 1599//1563 1583//1563
f 1600//1564 1584//1564 1577//1564 1593//1564
f 1605//1565 1587//1565 1586//1565 1603//1565
f 1607//1566 1608//1566 1605//1566 1604//1566
f 1589//1567 1608//1567 1607//1567 1588//1567
f 1608//1568 1589//1568 1587//1568 1605//1568
f 1593//1569 1612//1569 1611//1569 1592//1569
f 1594//1570 1613//1570 1612//1570 1593//1570
f 1613//1571 1614//1571 1607//1571 1606//1571
f 1595//1572 1614//1572 1613//1572 1594//1572
f 1614//1573 1595//1573 1588//1573 1607//1573
f 1596//1574 1615//1574 1443//1574 1426//1574
f 1597//1575 1616//1575 1615//1575 1596//1575
f 1616//1576 1617//1576 1610//1576 1609//1576
f 1598//1577 1617//1577 1616//1577 1597//1577
f 1617//1578 1618//1578 1611//1578 1610//1578
f 1599//1579 1618//1579 1617//1579 1598//1579
f 1618//1580 1599//1580 1592//1580 1611//1580
f 1619//1581 1620//1581 1204//1581 1203//1581
f 1620//1582 1601//1582 1182//1582 1204//1582
f 1621//1583 1622//1583 1620//1583 1619//1583
f 1622//1584 1602//1584 1601//1584 1620//1584
f 1623//1585 1624//1585 1622//1585 1621//1585
f 1624//1586 1603//1586 1602//1586 1622//1586
f 1626//1587 1627//1587 1624//1587 1623//1587
f 1605//1588 1627//1588 1626//1588 1604//1588
f 1627//1589 1605//1589 1603//1589 1624//1589
f 1630//1590 1631//1590 1626//1590 1625//1590
f 1607//1591 1631//1591 1630//1591 1606//1591
f 1631//1592 1607//1592 1604//1592 1626//1592
f 1610//1593 1634//1593 1633//1593 1609//1593
f 1611//1594 1635//1594 1634//1594 1610//1594
f 1635//1595 1636//1595 1629//1595 1628//1595
f 1612//1596 1636//1596 1635//1596 1611//1596
f 1636//1597 1637//1597 1630//1597 1629//1597
f 1613//1598 1637//1598 1636//1598 1612//1598
f 1637//1599 1613//1599 1606//1599 1630//1599
f 1463//1600 1638//1600 1632//1600 1461//1600
f 1615//1601 1638//1601 1463//1601 1443//1601
f 1638//1602 1639//1602 1633//1602 1632//1602
f 1616//1603 1639//1603 1638//1603 1615//1603
f 1639//1604 1616//1604 1609//1604 1633//1604
f 1640//1605 1641//1605 1231//1605 1230//1605
f 1641//1606 1619//1606 1203//1606 1231//1606
f 1642//1607 1643//1607 1641//1607 1640//1607
f 1643//1608 1621//1608 1619//1608 1641//1608
f 1645//1609 1646//1609 1643//1609 1642//1609
f 1646//1610 1623//1610 1621//1610 1643//1610
f 1648//1611 1649//1611 1645//1611 1644//1611
f 1649//1612 1650//1612 1646//1612 1645//1612
f 1626//1613 1650//1613 1649//1613 1625//1613
f 1650//1614 1626//1614 1623//1614 1646//1614
f 1654//1615 1655//1615 1648//1615 1647//1615
f 1629//1616 1655//1616 1654//1616 1628//1616
f 1655//1617 1656//1617 1649//1617 1648//1617
f 1630//1618 1656//1618 1655//1618 1629//1618
f 1656//1619 1630//1619 1625//1619 1649//1619
f 1483//1620 1657//1620 1651//1620 1479//1620
f 1632//1621 1657//1621 1483//1621 1461//1621
f 1657//1622 1658//1622 1652//1622 1651//1622
f 1633//1623 1658//1623 1657//1623 1632//1623
f 1658//1624 1659//1624 1653//1624 1652//1624
f 1634//1625 1659//1625 1658//1625 1633//1625
f 1659//1626 1660//1626 1654//1626 1653//1626
f 1635//1627 1660//1627 1659//1627 1634//1627
f 1660//1628 1635//1628 1628//1628 1654//1628
f 1661//1629 845//1629 462//1629 1239//1629
f 1662//1630 846//1630 845//1630 1661//1630
f 1663//1631 847//1631 846//1631 1662//1631
f 849//1632 1665//1632 1664//1632 848//1632
f 1665//1633 849//1633 847//1633 1663//1633
f 850//1634 1666//1634 1522//1634 804//1634
f 1666//1635 850//1635 848//1635 1664//1635
f 1667//1636 1661//1636 1239//1636 1247//1636
f 1668//1637 1662//1637 1661//1637 1667//1637
f 1669//1638 1663//1638 1662//1638 1668//1638
f 1665//1639 1671//1639 1670//1639 1664//1639
f 1671//1640 1665//1640 1663//1640 1669//1640
f 1666//1641 1672//1641 1541//1641 1522//1641
f 1672//1642 1666//1642 1664//1642 1670//1642
f 1673//1643 1667//1643 1247//1643 1256//1643
f 1675//1644 1668//1644 1667//1644 1673//1644
f 1676//1645 1677//1645 1675//1645 1674//1645
f 1677//1646 1669//1646 1668//1646 1675//1646
f 1678//1647 1679//1647 1677//1647 1676//1647
f 1671//1648 1679//1648 1678//1648 1670//1648
f 1679//1649 1671//1649 1669//1649 1677//1649
f 1672//1650 1680//1650 1559//1650 1541//1650
f 1680//1651 1672//1651 1670//1651 1678//1651
f 1681//1652 1682//1652 1264//1652 1263//1652
f 1682//1653 1673//1653 1256//1653 1264//1653
f 1683//1654 1684//1654 1682//1654 1681//1654
f 1675//1655 1684//1655 1683//1655 1674//1655
f 1684//1656 1675//1656 1673//1656 1682//1656
f 1685//1657 1676//1657 1674//1657 1683//1657
f 1686//1658 1678//1658 1676//1658 1685//1658
f 1573//1659 1687//1659 1686//1659 1571//1659
f 1680//1660 1687//1660 1573//1660 1559//1660
f 1687//1661 1680//1661 1678//1661 1686//1661
f 1688//1662 1681//1662 1263//1662 1269//1662
f 1689//1663 1683//1663 1681//1663 1688//1663
f 1690//1664 1685//1664 1683//1664 1689//1664
f 1587//1665 1691//1665 1690//1665 1586//1665
f 1686//1666 1691//1666 1587//1666 1571//1666
f 1691//1667 1686//1667 1685//1667 1690//1667
f 1601//1668 1692//1668 1272//1668 1182//1668
f 1692//1669 1688//1669 1269//1669 1272//1669
f 1602//1670 1693//1670 1692//1670 1601//1670
f 1693//1671 1689//1671 1688//1671 1692//1671
f 1603//1672 1694//1672 1693//1672 1602//1672
f 1690//1673 1694//1673 1603//1673 1586//1673
f 1694//1674 1690//1674 1689//1674 1693//1674
f 1698//1505 1697//1505 1695//1505 1696//1505
f 1700//1506 1696//1506 1695//1506 1699//1506
f 1697//1507 1701//1507 1699//1507 1695//1507
f 1701//1485 1702//1485 1700//1485 1699//1485
f 1698//755 1702//755 1701//755 1697//755
f 1702//1504 1698//1504 1696//1504 1700//1504
f 1703//1675 1704//1675 1297//1675 1296//1675
f 1704//1676 1705//1676 1298//1676 1297//1676
f 1705//1677 1640//1677 1230//1677 1298//1677
f 1707//1678 1708//1678 1704//1678 1703//1678
f 1708//1679 1709//1679 1705//1679 1704//1679
f 1709//1680 1642//1680 1640//1680 1705//1680
f 1711//1681 1712//1681 1707//1681 1706//1681
f 1712//1682 1713//1682 1708//1682 1707//1682
f 1713//1683 1714//1683 1709//1683 1708//1683
f 1645//1684 1714//1684 1713//1684 1644//1684
f 1714//1685 1645//1685 1642//1685 1709//1685
f 1716//1686 1717//1686 1711//1686 1710//1686
f 1717//1687 1718//1687 1712//1687 1711//1687
f 1718//1688 1719//1688 1713//1688 1712//1688
f 1648//1689 1719//1689 1718//1689 1647//1689
f 1719//1690 1648//1690 1644//1690 1713//1690
f 1503//1691 1720//1691 1715//1691 1499//1691
f 1651//1692 1720//1692 1503//1692 1479//1692
f 1720//1693 1721//1693 1716//1693 1715//1693
f 1652//1694 1721//1694 1720//1694 1651//1694
f 1721//1695 1722//1695 1717//1695 1716//1695
f 1653//1696 1722//1696 1721//1696 1652//1696
f 1722//1697 1723//1697 1718//1697 1717//1697
f 1654//1698 1723//1698 1722//1698 1653//1698
f 1723//1699 1654//1699 1647//1699 1718//1699
f 1507//1700 1724//1700 1311//1700 1082//1700
f 1724//1701 1725//1701 1312//1701 1311//1701
f 1725//1702 1726//1702 1313//1702 1312//1702
f 1726//1703 1727//1703 1314//1703 1313//1703
f 1727//1704 1703//1704 1296//1704 1314//1704
f 1511//1705 1728//1705 1724//1705 1507//1705
f 1728//1706 1729//1706 1725//1706 1724//1706
f 1729//1707 1730//1707 1726//1707 1725//1707
f 1730//1708 1731//1708 1727//1708 1726//1708
f 1707//1709 1731//1709 1730//1709 1706//1709
f 1731//1710 1707//1710 1703//1710 1727//1710
f 1515//1711 1732//1711 1728//1711 1511//1711
f 1732//1712 1733//1712 1729//1712 1728//1712
f 1733//1713 1734//1713 1730//1713 1729//1713
f 1711//1714 1734//1714 1733//1714 1710//1714
f 1734//1715 1711//1715 1706//1715 1730//1715
f 1517//1716 1735//1716 1732//1716 1515//1716
f 1715//1717 1735//1717 1517//1717 1499//1717
f 1735//1718 1736//1718 1733//1718 1732//1718
f 1716//1719 1736//1719 1735//1719 1715//1719
f 1736//1720 1716//1720 1710//1720 1733//1720
