# Blender 4.4.0
# www.blender.org
o QuadMesh.004
v -0.705268 -0.749439 -0.048477
v -0.707080 -0.751687 -0.022022
v -0.707262 -0.708294 -0.229280
v -0.710665 -0.712792 -0.198194
v -0.714502 -0.717840 -0.154151
v -0.717781 -0.722131 -0.110108
v -0.717894 -0.730060 -0.064321
v -0.725676 -0.726712 -0.022022
v -0.838949 -0.358361 -0.357605
v -0.798350 -0.453426 -0.364855
v -0.798005 -0.408720 -0.407416
v -0.806182 -0.421405 -0.377469
v -0.796567 -0.362480 -0.447646
v -0.804635 -0.376043 -0.420622
v -0.826902 -0.373572 -0.373119
v -0.755550 -0.541212 -0.366570
v -0.755716 -0.498707 -0.410014
v -0.765367 -0.510631 -0.378497
v -0.755144 -0.453964 -0.451538
v -0.764976 -0.466168 -0.422181
v -0.787102 -0.465845 -0.377469
v -0.753354 -0.406481 -0.492175
v -0.763092 -0.420061 -0.464713
v -0.786144 -0.421405 -0.420622
v -0.791775 -0.438082 -0.394218
v -0.750420 -0.356582 -0.530936
v -0.758850 -0.372505 -0.506712
v -0.783195 -0.376043 -0.462378
v -0.790995 -0.391842 -0.436778
v -0.710080 -0.625388 -0.363604
v -0.711319 -0.584319 -0.408290
v -0.720052 -0.597233 -0.376718
v -0.711244 -0.540340 -0.451375
v -0.721275 -0.553229 -0.421147
v -0.743111 -0.553752 -0.378497
v -0.710052 -0.494815 -0.492520
v -0.720310 -0.508296 -0.464615
v -0.743386 -0.510631 -0.422181
v -0.748512 -0.528069 -0.395932
v -0.707552 -0.446041 -0.532371
v -0.717162 -0.461415 -0.506919
v -0.741532 -0.466168 -0.464713
v -0.748169 -0.483326 -0.439376
v -0.714457 -0.418410 -0.541602
v -0.737659 -0.420061 -0.506712
v -0.746616 -0.435843 -0.480900
v -0.710270 -0.365193 -0.579568
v -0.727242 -0.375569 -0.551205
v -0.744214 -0.385945 -0.521537
v -0.882914 -0.402138 -0.145732
v -0.885255 -0.408706 -0.110108
v -0.887402 -0.414801 -0.066065
v -0.888598 -0.417759 -0.022022
v -0.882463 -0.356985 -0.225930
v -0.885624 -0.366478 -0.198194
v -0.889184 -0.378485 -0.157908
v -0.897130 -0.374367 -0.110108
v -0.901454 -0.374367 -0.066065
v -0.903802 -0.374367 -0.022022
v -0.837575 -0.530023 -0.093879
v -0.838803 -0.532497 -0.066065
v -0.840085 -0.535224 -0.022022
v -0.839640 -0.490622 -0.188294
v -0.842925 -0.498112 -0.154151
v -0.844732 -0.509313 -0.109179
v -0.850402 -0.506496 -0.066065
v -0.852931 -0.506496 -0.022022
v -0.838262 -0.443918 -0.268678
v -0.842093 -0.453015 -0.242237
v -0.847296 -0.466024 -0.201063
v -0.858333 -0.462453 -0.154151
v -0.864691 -0.462453 -0.110108
v -0.869141 -0.462453 -0.066065
v -0.871454 -0.462453 -0.022022
v -0.839252 -0.402494 -0.314758
v -0.843391 -0.417669 -0.284528
v -0.855749 -0.418410 -0.242237
v -0.867037 -0.418410 -0.198194
v -0.875474 -0.417456 -0.157908
v -0.877389 -0.430728 -0.110108
v -0.879565 -0.436822 -0.066065
v -0.880629 -0.439780 -0.022022
v -0.844140 -0.373572 -0.329793
v -0.858776 -0.374367 -0.286281
v -0.872639 -0.372746 -0.241261
v -0.878078 -0.388500 -0.198194
v -0.880699 -0.395912 -0.175094
v -0.794069 -0.618729 -0.057272
v -0.795405 -0.621014 -0.022022
v -0.795897 -0.578496 -0.189775
v -0.799504 -0.585132 -0.154151
v -0.803021 -0.591496 -0.110108
v -0.803715 -0.598831 -0.069598
v -0.809728 -0.594583 -0.022022
v -0.795987 -0.534933 -0.273395
v -0.800692 -0.543985 -0.242237
v -0.805511 -0.554660 -0.201951
v -0.817693 -0.550540 -0.154151
v -0.826685 -0.547038 -0.109179
v -0.827502 -0.554519 -0.066065
v -0.829121 -0.557245 -0.022022
v -0.797643 -0.494872 -0.321054
v -0.803585 -0.508330 -0.287358
v -0.818704 -0.506496 -0.242237
v -0.829704 -0.505781 -0.201063
v -0.832988 -0.520134 -0.154151
v -0.835632 -0.525873 -0.123241
v -0.805775 -0.465845 -0.333571
v -0.826011 -0.460141 -0.284528
v -0.832811 -0.475036 -0.242237
v -0.836218 -0.483085 -0.217656
v -0.827397 -0.417669 -0.329793
v -0.833363 -0.431856 -0.298040
v -0.833680 -0.387723 -0.344120
v -0.749404 -0.661682 -0.179098
v -0.751476 -0.664809 -0.154151
v -0.754832 -0.669806 -0.110108
v -0.757694 -0.674190 -0.066065
v -0.759871 -0.677715 -0.022022
v -0.751000 -0.620316 -0.270603
v -0.755241 -0.627196 -0.242237
v -0.758955 -0.640468 -0.195545
v -0.768325 -0.638626 -0.154151
v -0.775116 -0.638626 -0.110108
v -0.782239 -0.635496 -0.069598
v -0.781893 -0.643036 -0.022022
v -0.753663 -0.581704 -0.320375
v -0.759251 -0.595664 -0.285682
v -0.773813 -0.594583 -0.242237
v -0.784828 -0.593740 -0.201951
v -0.787604 -0.607154 -0.154151
v -0.791039 -0.613518 -0.110108
v -0.792630 -0.616344 -0.086634
v -0.763378 -0.553752 -0.333163
v -0.783105 -0.549984 -0.287358
v -0.789327 -0.566007 -0.242237
v -0.792525 -0.572088 -0.219137
v -0.786392 -0.508330 -0.333571
v -0.790757 -0.524234 -0.302757
v -0.792020 -0.482788 -0.350416
v -0.707497 -0.665095 -0.314711
v -0.712645 -0.673118 -0.286281
v -0.718116 -0.685572 -0.243271
v -0.734290 -0.678885 -0.195545
v -0.736524 -0.686830 -0.154151
v -0.739803 -0.691828 -0.110108
v -0.742784 -0.696212 -0.066065
v -0.745308 -0.699736 -0.022022
v -0.716623 -0.639492 -0.329764
v -0.735686 -0.636449 -0.285682
v -0.741565 -0.649218 -0.242237
v -0.746057 -0.656377 -0.208460
v -0.740707 -0.595664 -0.333163
v -0.745744 -0.611066 -0.299965
v -0.747637 -0.570574 -0.349737
v -0.883209 -0.188457 -0.358296
v -0.885788 -0.154151 -0.364727
v -0.888228 -0.110108 -0.370568
v -0.889376 -0.066065 -0.373382
v -0.889351 -0.022022 -0.373522
v -0.837877 -0.311459 -0.398673
v -0.842836 -0.327813 -0.373119
v -0.841498 -0.286281 -0.406499
v -0.854788 -0.286281 -0.374367
v -0.838609 -0.227821 -0.444052
v -0.846086 -0.242396 -0.420724
v -0.865884 -0.242237 -0.374367
v -0.841597 -0.198194 -0.449964
v -0.856382 -0.198194 -0.418410
v -0.874797 -0.201161 -0.373533
v -0.845103 -0.154151 -0.456573
v -0.863276 -0.154151 -0.418410
v -0.877015 -0.154151 -0.386749
v -0.836903 -0.089051 -0.484624
v -0.845404 -0.106282 -0.465509
v -0.867946 -0.110108 -0.418410
v -0.879299 -0.110108 -0.392590
v -0.837215 -0.066065 -0.485195
v -0.849087 -0.066065 -0.462453
v -0.870301 -0.066065 -0.418410
v -0.880450 -0.066065 -0.395404
v -0.837489 -0.022022 -0.485702
v -0.849540 -0.022022 -0.462453
v -0.870541 -0.022022 -0.418410
v -0.880512 -0.022022 -0.395544
v -0.794043 -0.311775 -0.486626
v -0.801107 -0.328003 -0.462378
v -0.824411 -0.327813 -0.415376
v -0.832884 -0.340821 -0.386968
v -0.797888 -0.286281 -0.493127
v -0.814273 -0.286281 -0.462453
v -0.831184 -0.286281 -0.428521
v -0.793136 -0.221703 -0.529092
v -0.801754 -0.238726 -0.507723
v -0.826968 -0.242396 -0.460221
v -0.835160 -0.257183 -0.436947
v -0.795363 -0.198194 -0.532676
v -0.811000 -0.198194 -0.506496
v -0.830436 -0.198194 -0.471985
v -0.798788 -0.154151 -0.538188
v -0.817755 -0.154151 -0.506496
v -0.833766 -0.154151 -0.478595
v -0.801225 -0.110108 -0.542104
v -0.825248 -0.106282 -0.502182
v -0.835633 -0.118413 -0.482227
v -0.802638 -0.066065 -0.544380
v -0.824660 -0.066065 -0.507217
v -0.803027 -0.022022 -0.544968
v -0.825048 -0.022022 -0.507724
v -0.755394 -0.330324 -0.538123
v -0.778012 -0.328003 -0.503383
v -0.788650 -0.341137 -0.477008
v -0.750257 -0.269125 -0.574610
v -0.760867 -0.284796 -0.552368
v -0.784780 -0.286281 -0.515148
v -0.753874 -0.242237 -0.579504
v -0.777366 -0.238726 -0.546480
v -0.789601 -0.251065 -0.523222
v -0.758972 -0.198194 -0.586458
v -0.780994 -0.198194 -0.554697
v -0.762694 -0.154151 -0.591704
v -0.784716 -0.154151 -0.560210
v -0.750011 -0.099623 -0.618291
v -0.762747 -0.112626 -0.598700
v -0.787313 -0.110108 -0.564125
v -0.751063 -0.066065 -0.619711
v -0.769127 -0.066065 -0.594583
v -0.788820 -0.066065 -0.566402
v -0.751602 -0.022022 -0.620479
v -0.770062 -0.022022 -0.594583
v -0.789215 -0.022022 -0.566990
v -0.717504 -0.330324 -0.588715
v -0.739525 -0.330324 -0.560144
v -0.709567 -0.278588 -0.622056
v -0.727562 -0.288537 -0.595532
v -0.745557 -0.298487 -0.568268
v -0.715060 -0.242237 -0.628343
v -0.737082 -0.242237 -0.601526
v -0.720514 -0.198194 -0.634881
v -0.742536 -0.198194 -0.608480
v -0.706777 -0.144105 -0.662926
v -0.721828 -0.156932 -0.642723
v -0.746569 -0.154151 -0.613725
v -0.709280 -0.110108 -0.665707
v -0.734576 -0.112626 -0.635234
v -0.748380 -0.128985 -0.616126
v -0.711371 -0.066065 -0.668063
v -0.733392 -0.066065 -0.641733
v -0.712283 -0.022022 -0.669151
v -0.734305 -0.022022 -0.642500
v -0.926442 -0.270667 -0.102325
v -0.928315 -0.277835 -0.066065
v -0.929640 -0.282570 -0.022022
v -0.925342 -0.222491 -0.178441
v -0.927185 -0.232735 -0.154151
v -0.929954 -0.246483 -0.114247
v -0.935705 -0.242237 -0.066065
v -0.938440 -0.242237 -0.022022
v -0.925081 -0.177183 -0.220995
v -0.927032 -0.194396 -0.195151
v -0.933277 -0.198194 -0.154151
v -0.939227 -0.198194 -0.110108
v -0.943645 -0.198194 -0.066065
v -0.946330 -0.198194 -0.022022
v -0.926446 -0.154151 -0.227143
v -0.932138 -0.154151 -0.198194
v -0.939703 -0.154151 -0.154151
v -0.945873 -0.154151 -0.110108
v -0.950200 -0.154151 -0.066065
v -0.952787 -0.154151 -0.022022
v -0.928719 -0.110108 -0.237517
v -0.936887 -0.110108 -0.198194
v -0.944620 -0.110108 -0.154151
v -0.950788 -0.110108 -0.110108
v -0.955078 -0.110108 -0.066065
v -0.957650 -0.110108 -0.022022
v -0.924952 -0.055056 -0.264420
v -0.928919 -0.068268 -0.246600
v -0.939491 -0.066065 -0.198194
v -0.947535 -0.066065 -0.154151
v -0.953737 -0.066065 -0.110108
v -0.958155 -0.066065 -0.066065
v -0.960803 -0.066065 -0.022022
v -0.924952 -0.035777 -0.264420
v -0.929094 -0.021467 -0.246552
v -0.939989 -0.022022 -0.198194
v -0.948327 -0.022022 -0.154151
v -0.954657 -0.022022 -0.110108
v -0.959231 -0.022022 -0.066065
v -0.962057 -0.022022 -0.022022
v -0.882762 -0.314592 -0.270767
v -0.886492 -0.329693 -0.241261
v -0.896588 -0.330324 -0.198194
v -0.904635 -0.330324 -0.154151
v -0.910595 -0.330324 -0.110108
v -0.914839 -0.330324 -0.066065
v -0.917117 -0.330324 -0.022022
v -0.882392 -0.270059 -0.312604
v -0.886343 -0.285356 -0.285781
v -0.898095 -0.286281 -0.242237
v -0.908165 -0.286281 -0.198194
v -0.915969 -0.286281 -0.154151
v -0.921546 -0.285721 -0.114247
v -0.922810 -0.299857 -0.066065
v -0.923935 -0.304592 -0.022022
v -0.885394 -0.242237 -0.321547
v -0.896225 -0.242237 -0.286281
v -0.908025 -0.242237 -0.242237
v -0.918923 -0.239198 -0.195151
v -0.923081 -0.254756 -0.154151
v -0.924859 -0.263994 -0.131687
v -0.889313 -0.201161 -0.333934
v -0.904832 -0.198194 -0.286281
v -0.917985 -0.194396 -0.238300
v -0.922513 -0.206545 -0.207803
v -0.897938 -0.154151 -0.330324
v -0.911584 -0.154151 -0.286281
v -0.921455 -0.154151 -0.249165
v -0.902684 -0.110108 -0.330324
v -0.916274 -0.110108 -0.286281
v -0.923839 -0.110108 -0.259539
v -0.904925 -0.066065 -0.330324
v -0.919719 -0.068268 -0.281973
v -0.924891 -0.084418 -0.264189
v -0.904994 -0.022022 -0.330324
v -0.919782 -0.021467 -0.281973
v -0.924870 -0.006415 -0.264110
v -0.858464 -0.330324 -0.330324
v -0.873646 -0.329693 -0.285781
v -0.878309 -0.343954 -0.255292
v -0.872419 -0.285356 -0.328501
v -0.878432 -0.299421 -0.300129
v -0.877665 -0.242237 -0.343568
v -0.880401 -0.217819 -0.351021
v -0.662244 -0.706931 -0.355485
v -0.621863 -0.755526 -0.362202
v -0.625031 -0.715931 -0.410756
v -0.638128 -0.726112 -0.373525
v -0.572817 -0.793060 -0.396806
v -0.578772 -0.799423 -0.374367
v -0.575460 -0.752342 -0.444649
v -0.581692 -0.768516 -0.414256
v -0.602385 -0.770427 -0.375877
v -0.576856 -0.710282 -0.489900
v -0.585568 -0.725663 -0.460579
v -0.607847 -0.729052 -0.422626
v -0.613987 -0.745293 -0.391565
v -0.529459 -0.837732 -0.397896
v -0.535940 -0.843770 -0.374367
v -0.533965 -0.798620 -0.447884
v -0.546393 -0.810521 -0.412032
v -0.557962 -0.821445 -0.374367
v -0.535532 -0.757011 -0.492753
v -0.549429 -0.769358 -0.460948
v -0.563327 -0.781705 -0.426168
v -0.535321 -0.712936 -0.535697
v -0.550108 -0.726290 -0.506007
v -0.564894 -0.739644 -0.474011
v -0.491457 -0.886062 -0.364623
v -0.490426 -0.842118 -0.447832
v -0.505663 -0.848679 -0.414910
v -0.506281 -0.868131 -0.377329
v -0.493336 -0.801479 -0.494187
v -0.506562 -0.814731 -0.462539
v -0.519789 -0.827982 -0.427258
v -0.493331 -0.758441 -0.537001
v -0.508014 -0.772407 -0.508151
v -0.522698 -0.786373 -0.477246
v -0.491057 -0.711955 -0.578302
v -0.506875 -0.727126 -0.551030
v -0.522693 -0.742298 -0.522115
v -0.442742 -0.882520 -0.443117
v -0.452071 -0.888655 -0.418410
v -0.465974 -0.897418 -0.377329
v -0.448724 -0.843626 -0.492626
v -0.460414 -0.857553 -0.460155
v -0.474093 -0.872982 -0.418410
v -0.483003 -0.879738 -0.393985
v -0.449997 -0.801181 -0.536805
v -0.464042 -0.816011 -0.508088
v -0.478087 -0.830842 -0.477194
v -0.447779 -0.756039 -0.578185
v -0.463569 -0.771921 -0.551584
v -0.479359 -0.787803 -0.523549
v -0.443347 -0.707477 -0.618661
v -0.460244 -0.724397 -0.592924
v -0.477141 -0.741317 -0.566363
v -0.398897 -0.926056 -0.399429
v -0.407598 -0.929659 -0.374367
v -0.399277 -0.882644 -0.486994
v -0.415739 -0.888926 -0.459660
v -0.415511 -0.910714 -0.415830
v -0.429620 -0.919679 -0.374367
v -0.403336 -0.841879 -0.533668
v -0.415988 -0.857434 -0.504491
v -0.428639 -0.872988 -0.472479
v -0.402277 -0.797091 -0.576448
v -0.417488 -0.813817 -0.549918
v -0.432698 -0.830544 -0.521988
v -0.397529 -0.749723 -0.617322
v -0.414584 -0.767562 -0.591998
v -0.431639 -0.785401 -0.566167
v -0.414690 -0.723980 -0.625025
v -0.426891 -0.736839 -0.607547
v -0.356046 -0.926385 -0.443686
v -0.372183 -0.930121 -0.415830
v -0.374367 -0.941322 -0.374367
v -0.374367 -0.888961 -0.496153
v -0.372183 -0.910958 -0.460001
v -0.385409 -0.920225 -0.428791
v -0.374367 -0.850654 -0.543020
v -0.374367 -0.872675 -0.518175
v -0.374367 -0.806611 -0.584601
v -0.374367 -0.828632 -0.565042
v -0.374367 -0.758072 -0.623508
v -0.374367 -0.780094 -0.606623
v -0.360743 -0.710990 -0.665039
v -0.375001 -0.726088 -0.646500
v -0.660841 -0.792984 -0.089814
v -0.662448 -0.794680 -0.066065
v -0.665721 -0.798162 -0.022022
v -0.662996 -0.751863 -0.270843
v -0.667331 -0.757245 -0.242237
v -0.672436 -0.763272 -0.198194
v -0.676043 -0.766949 -0.154151
v -0.675563 -0.774224 -0.106740
v -0.687682 -0.766774 -0.064321
v -0.687743 -0.773708 -0.022022
v -0.667772 -0.714381 -0.330324
v -0.674617 -0.728716 -0.285826
v -0.691430 -0.724470 -0.243271
v -0.694458 -0.734814 -0.198194
v -0.698064 -0.739862 -0.154151
v -0.701168 -0.744153 -0.110108
v -0.703304 -0.746972 -0.077839
v -0.617604 -0.837605 -0.053071
v -0.620111 -0.839570 -0.022022
v -0.621979 -0.798825 -0.278465
v -0.627432 -0.804804 -0.242237
v -0.632073 -0.809564 -0.198194
v -0.635209 -0.811954 -0.154151
v -0.642167 -0.809311 -0.106740
v -0.634822 -0.820422 -0.067077
v -0.642133 -0.820184 -0.022022
v -0.629298 -0.764676 -0.330324
v -0.639806 -0.772211 -0.289335
v -0.649454 -0.779266 -0.242237
v -0.654095 -0.785294 -0.198194
v -0.657231 -0.788970 -0.154151
v -0.659210 -0.791218 -0.119176
v -0.651320 -0.736403 -0.330324
v -0.657633 -0.744733 -0.300205
v -0.573810 -0.838065 -0.311045
v -0.578329 -0.842183 -0.286281
v -0.584838 -0.847784 -0.242237
v -0.589161 -0.850984 -0.198194
v -0.591399 -0.852233 -0.154151
v -0.592782 -0.852491 -0.110108
v -0.598609 -0.850288 -0.067077
v -0.594583 -0.857556 -0.022022
v -0.586823 -0.815542 -0.327565
v -0.603490 -0.814023 -0.290400
v -0.606860 -0.826826 -0.242237
v -0.611183 -0.831585 -0.198194
v -0.613421 -0.833976 -0.154151
v -0.614804 -0.835311 -0.110108
v -0.615974 -0.836314 -0.082433
v -0.611474 -0.786698 -0.330324
v -0.616419 -0.792560 -0.307827
v -0.532822 -0.884160 -0.276719
v -0.537301 -0.887374 -0.242237
v -0.540465 -0.889147 -0.198194
v -0.541053 -0.888810 -0.154151
v -0.540517 -0.887892 -0.110108
v -0.540633 -0.887469 -0.066065
v -0.543196 -0.888416 -0.022022
v -0.551508 -0.850995 -0.327565
v -0.548718 -0.867142 -0.289352
v -0.559322 -0.869806 -0.242237
v -0.562486 -0.873005 -0.198194
v -0.563074 -0.874255 -0.154151
v -0.562539 -0.874513 -0.110108
v -0.562655 -0.875088 -0.066065
v -0.565217 -0.876828 -0.022022
v -0.566835 -0.830718 -0.340407
v -0.500093 -0.891877 -0.330324
v -0.510397 -0.896164 -0.289352
v -0.506496 -0.907664 -0.242237
v -0.506496 -0.910412 -0.198194
v -0.506496 -0.908865 -0.154151
v -0.506496 -0.905834 -0.110108
v -0.506496 -0.903772 -0.066065
v -0.506496 -0.904855 -0.022022
v -0.522115 -0.875626 -0.330324
v -0.527679 -0.880207 -0.306081
v -0.445756 -0.927639 -0.319191
v -0.452539 -0.930705 -0.286281
v -0.458999 -0.933228 -0.242237
v -0.460840 -0.933926 -0.198194
v -0.457953 -0.932468 -0.154151
v -0.452052 -0.929502 -0.110108
v -0.446241 -0.926959 -0.066065
v -0.443816 -0.925906 -0.022022
v -0.461244 -0.915487 -0.332453
v -0.474560 -0.919539 -0.286281
v -0.481020 -0.923175 -0.242237
v -0.482861 -0.924150 -0.198194
v -0.479975 -0.922940 -0.154151
v -0.474074 -0.920827 -0.110108
v -0.468262 -0.919188 -0.066065
v -0.465838 -0.919324 -0.022022
v -0.421468 -0.934511 -0.332453
v -0.418410 -0.944217 -0.286281
v -0.418410 -0.948753 -0.242237
v -0.418410 -0.949848 -0.198194
v -0.418410 -0.946752 -0.154151
v -0.418410 -0.940617 -0.110108
v -0.418410 -0.935013 -0.066065
v -0.418410 -0.932429 -0.022022
v -0.438188 -0.923886 -0.348554
v -0.374367 -0.950747 -0.330324
v -0.374367 -0.957179 -0.286281
v -0.374367 -0.960711 -0.242237
v -0.374367 -0.961019 -0.198194
v -0.374367 -0.957640 -0.154151
v -0.374367 -0.951196 -0.110108
v -0.374367 -0.944670 -0.066065
v -0.374367 -0.941099 -0.022022
v -0.578851 -0.364474 -0.709830
v -0.532496 -0.446601 -0.707681
v -0.541411 -0.418410 -0.714297
v -0.530405 -0.355664 -0.750118
v -0.550749 -0.374750 -0.726850
v -0.493521 -0.497092 -0.711214
v -0.507520 -0.461751 -0.718533
v -0.492330 -0.408550 -0.754058
v -0.506805 -0.421302 -0.738127
v -0.506805 -0.371954 -0.759523
v -0.521692 -0.385026 -0.743871
v -0.441076 -0.573262 -0.705093
v -0.450727 -0.550540 -0.711321
v -0.442349 -0.486816 -0.749932
v -0.462613 -0.506635 -0.726852
v -0.451562 -0.462453 -0.755734
v -0.473584 -0.462453 -0.741772
v -0.440548 -0.396554 -0.792848
v -0.461632 -0.417233 -0.770144
v -0.482717 -0.437912 -0.747609
v -0.447487 -0.374367 -0.797037
v -0.469509 -0.374367 -0.783204
v -0.397415 -0.617590 -0.705288
v -0.414621 -0.590599 -0.710820
v -0.400700 -0.533310 -0.751214
v -0.416593 -0.549010 -0.733142
v -0.416593 -0.503497 -0.756663
v -0.430062 -0.516178 -0.742490
v -0.399309 -0.443851 -0.794309
v -0.415758 -0.460101 -0.777673
v -0.415758 -0.414105 -0.798330
v -0.428671 -0.425916 -0.786231
v -0.418410 -0.374367 -0.812643
v -0.374367 -0.627151 -0.711232
v -0.355975 -0.575608 -0.750454
v -0.372141 -0.592006 -0.733071
v -0.372141 -0.549010 -0.757120
v -0.385337 -0.562672 -0.743269
v -0.356820 -0.489099 -0.794990
v -0.372648 -0.504867 -0.779427
v -0.372648 -0.460101 -0.800315
v -0.386183 -0.473213 -0.787634
v -0.374367 -0.418410 -0.817244
v -0.363791 -0.366859 -0.841947
v -0.376830 -0.378671 -0.831651
v -0.664282 -0.666076 -0.402602
v -0.670355 -0.681522 -0.371846
v -0.665038 -0.623608 -0.447307
v -0.673243 -0.638424 -0.417734
v -0.694794 -0.639492 -0.376718
v -0.664442 -0.578712 -0.489767
v -0.673391 -0.593869 -0.462174
v -0.696511 -0.597233 -0.421147
v -0.702976 -0.613681 -0.392966
v -0.662409 -0.531578 -0.530815
v -0.671375 -0.547971 -0.505267
v -0.695768 -0.553229 -0.464615
v -0.703063 -0.569703 -0.437653
v -0.669448 -0.506496 -0.539929
v -0.692699 -0.508296 -0.506919
v -0.702332 -0.524177 -0.480737
v -0.667034 -0.452504 -0.579924
v -0.683508 -0.463954 -0.551584
v -0.699983 -0.475403 -0.521882
v -0.661608 -0.398223 -0.617623
v -0.673362 -0.415107 -0.594596
v -0.697842 -0.418410 -0.563624
v -0.667344 -0.374367 -0.623654
v -0.691928 -0.377671 -0.594383
v -0.703853 -0.394555 -0.571473
v -0.626288 -0.675055 -0.454636
v -0.640341 -0.685246 -0.421360
v -0.654393 -0.695438 -0.384847
v -0.626021 -0.630787 -0.497310
v -0.640835 -0.641878 -0.465652
v -0.655650 -0.652970 -0.431964
v -0.624416 -0.585036 -0.537801
v -0.639900 -0.596555 -0.508219
v -0.655383 -0.608074 -0.476669
v -0.620984 -0.535524 -0.577339
v -0.637381 -0.548232 -0.548989
v -0.653778 -0.560940 -0.519129
v -0.629786 -0.506496 -0.586854
v -0.651808 -0.506496 -0.561950
v -0.624482 -0.454455 -0.624416
v -0.641822 -0.468161 -0.598064
v -0.659162 -0.481866 -0.570797
v -0.617461 -0.397921 -0.661421
v -0.635653 -0.412753 -0.635700
v -0.653845 -0.427585 -0.609286
v -0.623434 -0.374367 -0.666798
v -0.645456 -0.374367 -0.645675
v -0.575365 -0.664500 -0.531709
v -0.585425 -0.680577 -0.505347
v -0.610051 -0.686909 -0.466571
v -0.616409 -0.704417 -0.440118
v -0.572706 -0.616815 -0.572712
v -0.582251 -0.634348 -0.548050
v -0.608387 -0.642731 -0.509793
v -0.616265 -0.660149 -0.483998
v -0.580019 -0.594583 -0.580289
v -0.604066 -0.597664 -0.551705
v -0.615125 -0.614399 -0.526672
v -0.577573 -0.536193 -0.621254
v -0.594648 -0.550540 -0.594708
v -0.611723 -0.564886 -0.567163
v -0.587034 -0.506496 -0.629957
v -0.609056 -0.506496 -0.608876
v -0.579706 -0.452310 -0.666874
v -0.597958 -0.468064 -0.641768
v -0.616209 -0.483818 -0.616203
v -0.594465 -0.414925 -0.672962
v -0.609068 -0.427283 -0.653778
v -0.593953 -0.377240 -0.691300
v -0.532336 -0.665534 -0.576147
v -0.548510 -0.679698 -0.548384
v -0.564684 -0.693862 -0.519262
v -0.548426 -0.634348 -0.583112
v -0.561698 -0.646177 -0.561071
v -0.538395 -0.585989 -0.625342
v -0.552061 -0.598235 -0.604669
v -0.531720 -0.533221 -0.663250
v -0.549738 -0.549388 -0.637979
v -0.567757 -0.565556 -0.612077
v -0.540610 -0.506496 -0.670454
v -0.562632 -0.506496 -0.651979
v -0.551649 -0.464137 -0.683678
v -0.570802 -0.481672 -0.659121
v -0.563433 -0.418410 -0.697482
v -0.571093 -0.393836 -0.703534
v -0.486318 -0.662835 -0.618075
v -0.503368 -0.678865 -0.591905
v -0.520419 -0.694896 -0.565059
v -0.496154 -0.638626 -0.626072
v -0.518175 -0.638626 -0.607658
v -0.491682 -0.581465 -0.666070
v -0.509624 -0.598408 -0.641231
v -0.527566 -0.615351 -0.615771
v -0.506417 -0.548957 -0.673611
v -0.521044 -0.562583 -0.654704
v -0.507520 -0.509663 -0.694259
v -0.522884 -0.475963 -0.700482
v -0.459798 -0.679577 -0.626030
v -0.472710 -0.692197 -0.607664
v -0.450259 -0.627527 -0.667349
v -0.463945 -0.640776 -0.649105
v -0.460349 -0.592044 -0.681391
v -0.479621 -0.610827 -0.657119
v -0.472748 -0.550540 -0.696921
v -0.482876 -0.526454 -0.703591
v -0.407031 -0.670091 -0.666839
v -0.420391 -0.683931 -0.649521
v -0.416904 -0.637240 -0.681775
v -0.436393 -0.656890 -0.658148
v -0.426777 -0.602624 -0.696712
v -0.375001 -0.683931 -0.675191
v -0.390105 -0.699453 -0.657226
v -0.374367 -0.649172 -0.697555
v -0.690533 -0.680933 -0.329764
v -0.698369 -0.695139 -0.286281
v -0.703040 -0.702189 -0.258642
v -0.700958 -0.654750 -0.344073
v -0.663311 -0.146079 -0.707169
v -0.666426 -0.110108 -0.710146
v -0.668945 -0.066065 -0.712642
v -0.670076 -0.022022 -0.713840
v -0.621552 -0.276244 -0.709007
v -0.627930 -0.242237 -0.714584
v -0.635119 -0.198194 -0.720874
v -0.617490 -0.136286 -0.749478
v -0.638995 -0.155863 -0.726962
v -0.619882 -0.110108 -0.751487
v -0.641904 -0.110108 -0.732168
v -0.622803 -0.066065 -0.753972
v -0.644825 -0.066065 -0.734664
v -0.624354 -0.022022 -0.755336
v -0.646376 -0.022022 -0.735862
v -0.587420 -0.330324 -0.716785
v -0.574314 -0.268217 -0.750049
v -0.594879 -0.286911 -0.727023
v -0.579432 -0.242237 -0.753866
v -0.601454 -0.242237 -0.736606
v -0.587282 -0.198194 -0.759736
v -0.609304 -0.198194 -0.742895
v -0.597511 -0.152240 -0.761656
v -0.614144 -0.165648 -0.746755
v -0.594583 -0.110108 -0.770544
v -0.572897 -0.047076 -0.793018
v -0.590380 -0.063480 -0.778797
v -0.573717 -0.022022 -0.793599
v -0.595738 -0.022022 -0.777358
v -0.537222 -0.330324 -0.755074
v -0.559243 -0.330324 -0.738806
v -0.551966 -0.284251 -0.760889
v -0.567598 -0.297579 -0.745039
v -0.530455 -0.225034 -0.794102
v -0.547297 -0.240724 -0.777582
v -0.535124 -0.198194 -0.797233
v -0.557146 -0.198194 -0.781757
v -0.541448 -0.154151 -0.801434
v -0.563470 -0.154151 -0.786351
v -0.546322 -0.110108 -0.804649
v -0.568343 -0.110108 -0.789813
v -0.554157 -0.063480 -0.804242
v -0.571250 -0.076438 -0.791854
v -0.550540 -0.022022 -0.808953
v -0.487582 -0.313690 -0.794733
v -0.503956 -0.329152 -0.778188
v -0.494611 -0.286281 -0.799167
v -0.516633 -0.286281 -0.784963
v -0.508337 -0.240724 -0.803733
v -0.524245 -0.254396 -0.789970
v -0.506496 -0.198194 -0.815104
v -0.486045 -0.138443 -0.837724
v -0.503034 -0.153535 -0.825393
v -0.489198 -0.110108 -0.839515
v -0.511220 -0.110108 -0.826671
v -0.492749 -0.066065 -0.841466
v -0.514770 -0.066065 -0.828949
v -0.494694 -0.022022 -0.842530
v -0.516716 -0.022022 -0.830152
v -0.463624 -0.329152 -0.803723
v -0.479086 -0.343052 -0.789370
v -0.462453 -0.286281 -0.818154
v -0.447405 -0.234725 -0.840520
v -0.462233 -0.246538 -0.829338
v -0.455001 -0.198194 -0.844442
v -0.477023 -0.198194 -0.832669
v -0.465521 -0.153535 -0.846247
v -0.482247 -0.167805 -0.835595
v -0.462453 -0.110108 -0.853192
v -0.462453 -0.066065 -0.856920
v -0.462453 -0.022022 -0.858869
v -0.403106 -0.318381 -0.840115
v -0.418037 -0.331967 -0.828060
v -0.412373 -0.286281 -0.844842
v -0.434394 -0.286281 -0.833785
v -0.422762 -0.246538 -0.849827
v -0.440345 -0.264087 -0.836776
v -0.418410 -0.198194 -0.862279
v -0.397090 -0.134721 -0.881173
v -0.414427 -0.151302 -0.871245
v -0.399960 -0.110108 -0.882435
v -0.421982 -0.110108 -0.872518
v -0.403769 -0.066065 -0.884088
v -0.425790 -0.066065 -0.874295
v -0.405614 -0.022022 -0.884875
v -0.427635 -0.022022 -0.875181
v -0.376830 -0.331967 -0.847667
v -0.393153 -0.347743 -0.835296
v -0.374367 -0.286281 -0.862136
v -0.356692 -0.228527 -0.882524
v -0.372571 -0.242820 -0.873266
v -0.363751 -0.198194 -0.885149
v -0.385773 -0.198194 -0.876678
v -0.376479 -0.151302 -0.886918
v -0.392568 -0.164083 -0.879387
v -0.374367 -0.110108 -0.892045
v -0.374367 -0.066065 -0.895174
v -0.374367 -0.022022 -0.896647
v -0.661151 -0.309432 -0.661142
v -0.674460 -0.326597 -0.639250
v -0.699557 -0.330324 -0.610736
v -0.665456 -0.286281 -0.665443
v -0.690842 -0.290473 -0.637492
v -0.704559 -0.307950 -0.616454
v -0.672957 -0.242237 -0.673010
v -0.694978 -0.242237 -0.650365
v -0.679183 -0.198194 -0.679495
v -0.701204 -0.198194 -0.656903
v -0.683765 -0.159773 -0.683741
v -0.704219 -0.173467 -0.660135
v -0.688448 -0.110108 -0.687729
v -0.690967 -0.066065 -0.690084
v -0.692098 -0.022022 -0.691173
v -0.639172 -0.326597 -0.673609
v -0.654217 -0.338794 -0.654347
v -0.637190 -0.289067 -0.690310
v -0.649952 -0.242237 -0.695032
v -0.657141 -0.198194 -0.701517
v -0.660499 -0.175441 -0.704556
v -0.609441 -0.330324 -0.698500
v -0.615445 -0.305606 -0.703691
v -0.268505 -0.706994 -0.706253
v -0.242237 -0.713096 -0.710476
v -0.198194 -0.721740 -0.716730
v -0.143781 -0.751898 -0.707115
v -0.156738 -0.730605 -0.720031
v -0.110108 -0.755296 -0.709817
v -0.093651 -0.705874 -0.749588
v -0.109042 -0.723018 -0.734355
v -0.066065 -0.758214 -0.712375
v -0.066065 -0.707925 -0.751083
v -0.066065 -0.729946 -0.734397
v -0.022022 -0.759874 -0.713955
v -0.022022 -0.710189 -0.752780
v -0.022022 -0.732211 -0.735976
v -0.330324 -0.930047 -0.452884
v -0.330324 -0.941783 -0.418410
v -0.330324 -0.952967 -0.374367
v -0.320196 -0.885935 -0.534711
v -0.333056 -0.897774 -0.509923
v -0.330324 -0.920219 -0.474906
v -0.322023 -0.843693 -0.579189
v -0.335790 -0.861630 -0.553389
v -0.349558 -0.879568 -0.526889
v -0.317699 -0.797946 -0.620818
v -0.334542 -0.817108 -0.596639
v -0.351385 -0.836270 -0.572067
v -0.309064 -0.749192 -0.660976
v -0.328063 -0.769375 -0.637636
v -0.347061 -0.789558 -0.614089
v -0.326376 -0.726088 -0.669914
v -0.338426 -0.740353 -0.654454
v -0.276654 -0.927827 -0.490102
v -0.289313 -0.934922 -0.466059
v -0.286281 -0.951296 -0.418410
v -0.286281 -0.960727 -0.374367
v -0.286281 -0.891744 -0.542227
v -0.289313 -0.915643 -0.505468
v -0.306016 -0.924322 -0.483143
v -0.286281 -0.851212 -0.586628
v -0.286281 -0.873233 -0.564249
v -0.286281 -0.805440 -0.627117
v -0.286281 -0.827461 -0.608649
v -0.286281 -0.755347 -0.665434
v -0.286281 -0.777369 -0.649139
v -0.284424 -0.723690 -0.688528
v -0.242237 -0.930673 -0.496008
v -0.242237 -0.944400 -0.462453
v -0.242237 -0.957426 -0.418410
v -0.242237 -0.965034 -0.374367
v -0.226272 -0.882377 -0.574275
v -0.241467 -0.894643 -0.553386
v -0.242237 -0.918974 -0.518030
v -0.226712 -0.838887 -0.618512
v -0.241173 -0.858693 -0.594163
v -0.255634 -0.878498 -0.569965
v -0.241731 -0.817423 -0.632105
v -0.256074 -0.833854 -0.614050
v -0.242237 -0.765488 -0.673126
v -0.242237 -0.787510 -0.656570
v -0.242237 -0.735117 -0.695147
v -0.198194 -0.932634 -0.500827
v -0.198194 -0.947740 -0.462453
v -0.198194 -0.959794 -0.418410
v -0.198194 -0.966254 -0.374367
v -0.198194 -0.884382 -0.576754
v -0.198194 -0.903406 -0.550539
v -0.198194 -0.921909 -0.522848
v -0.198194 -0.842007 -0.621656
v -0.198194 -0.864028 -0.598776
v -0.188427 -0.796114 -0.663468
v -0.201142 -0.812397 -0.646736
v -0.201142 -0.774739 -0.677130
v -0.217789 -0.792076 -0.660088
v -0.198194 -0.743762 -0.701156
v -0.154151 -0.932929 -0.502034
v -0.154151 -0.947698 -0.462453
v -0.154151 -0.958606 -0.418410
v -0.154151 -0.964562 -0.374367
v -0.154151 -0.885896 -0.578863
v -0.154151 -0.905694 -0.550539
v -0.154151 -0.922683 -0.524056
v -0.154151 -0.844879 -0.624972
v -0.154151 -0.866900 -0.600884
v -0.154151 -0.799745 -0.666747
v -0.154151 -0.821767 -0.646994
v -0.156738 -0.768249 -0.691584
v -0.173143 -0.747882 -0.704075
v -0.110108 -0.931786 -0.499940
v -0.110108 -0.945020 -0.462453
v -0.110108 -0.955094 -0.418410
v -0.110108 -0.960358 -0.374367
v -0.110108 -0.885975 -0.579311
v -0.110108 -0.904912 -0.550539
v -0.110108 -0.921822 -0.521962
v -0.110108 -0.846192 -0.626908
v -0.110108 -0.868214 -0.601332
v -0.110108 -0.802903 -0.669894
v -0.110108 -0.824925 -0.648930
v -0.110108 -0.777318 -0.691915
v -0.066065 -0.930310 -0.497166
v -0.066065 -0.941742 -0.462453
v -0.066065 -0.951038 -0.418410
v -0.066065 -0.955520 -0.374367
v -0.066065 -0.885524 -0.579014
v -0.066065 -0.903333 -0.550539
v -0.066065 -0.920693 -0.519187
v -0.066065 -0.846733 -0.627950
v -0.066065 -0.868755 -0.601036
v -0.066065 -0.804526 -0.671759
v -0.066065 -0.826548 -0.649972
v -0.066065 -0.780236 -0.693780
v -0.022022 -0.929405 -0.495364
v -0.022022 -0.939580 -0.462453
v -0.022022 -0.948382 -0.418410
v -0.022022 -0.952588 -0.374367
v -0.022022 -0.885153 -0.578710
v -0.022022 -0.902235 -0.550539
v -0.022022 -0.919966 -0.517385
v -0.022022 -0.846906 -0.628448
v -0.022022 -0.868927 -0.600732
v -0.022022 -0.805279 -0.672772
v -0.022022 -0.827300 -0.650470
v -0.022022 -0.781896 -0.694794
v -0.330324 -0.960506 -0.330324
v -0.330324 -0.964957 -0.286281
v -0.330324 -0.966755 -0.242237
v -0.330324 -0.966572 -0.198194
v -0.330324 -0.963441 -0.154151
v -0.330324 -0.956824 -0.110108
v -0.330324 -0.949633 -0.066065
v -0.330324 -0.945356 -0.022022
v -0.286281 -0.965967 -0.330324
v -0.286281 -0.967780 -0.286281
v -0.286281 -0.968052 -0.242237
v -0.286281 -0.967498 -0.198194
v -0.286281 -0.964290 -0.154151
v -0.286281 -0.957760 -0.110108
v -0.286281 -0.950683 -0.066065
v -0.286281 -0.946394 -0.022022
v -0.242237 -0.967823 -0.330324
v -0.242237 -0.968065 -0.286281
v -0.242237 -0.967458 -0.242237
v -0.242237 -0.965241 -0.198194
v -0.242237 -0.960654 -0.154151
v -0.242237 -0.954310 -0.110108
v -0.242237 -0.948335 -0.066065
v -0.242237 -0.944815 -0.022022
v -0.198194 -0.968020 -0.330324
v -0.198194 -0.967441 -0.286281
v -0.198194 -0.964972 -0.242237
v -0.198194 -0.960152 -0.198194
v -0.198194 -0.953743 -0.154151
v -0.198194 -0.947027 -0.110108
v -0.198194 -0.941978 -0.066065
v -0.198194 -0.939764 -0.022022
v -0.154151 -0.966355 -0.330324
v -0.154151 -0.964933 -0.286281
v -0.154151 -0.960555 -0.242237
v -0.154151 -0.953675 -0.198194
v -0.154151 -0.945429 -0.154151
v -0.154151 -0.937072 -0.110108
v -0.150449 -0.930419 -0.064677
v -0.150449 -0.929472 -0.019084
v -0.133300 -0.924568 -0.049071
v -0.133300 -0.924568 -0.031807
v -0.110108 -0.961843 -0.330324
v -0.110108 -0.960131 -0.286281
v -0.110108 -0.955294 -0.242237
v -0.110108 -0.947703 -0.198194
v -0.110108 -0.937564 -0.154151
v -0.112883 -0.928066 -0.112577
v -0.129415 -0.925556 -0.078433
v -0.131921 -0.924974 -0.002445
v -0.100053 -0.922074 -0.099542
v -0.112883 -0.919438 -0.064677
v -0.114387 -0.918143 -0.019084
v -0.066065 -0.956496 -0.330324
v -0.066065 -0.954710 -0.286281
v -0.066065 -0.950179 -0.242237
v -0.066065 -0.942870 -0.198194
v -0.062768 -0.930852 -0.149992
v -0.075252 -0.925722 -0.128904
v -0.045890 -0.924795 -0.132539
v -0.062768 -0.920104 -0.112577
v -0.066065 -0.906663 -0.066065
v -0.066065 -0.901157 -0.022022
v -0.022022 -0.953327 -0.330324
v -0.022022 -0.951405 -0.286281
v -0.022022 -0.946981 -0.242237
v -0.022022 -0.939928 -0.198194
v -0.022022 -0.930314 -0.155316
v -0.022022 -0.924608 -0.133295
v -0.022022 -0.917127 -0.110108
v -0.022022 -0.902549 -0.066065
v -0.022022 -0.896352 -0.022022
v -0.320683 -0.669189 -0.710173
v -0.333348 -0.642067 -0.721553
v -0.330324 -0.585619 -0.756163
v -0.330324 -0.607641 -0.743678
v -0.311576 -0.531112 -0.794126
v -0.327884 -0.547692 -0.778160
v -0.327884 -0.504867 -0.799805
v -0.340938 -0.518461 -0.787871
v -0.330324 -0.462453 -0.818116
v -0.322826 -0.410870 -0.842416
v -0.334634 -0.422694 -0.833219
v -0.334634 -0.378671 -0.849710
v -0.352188 -0.396221 -0.836758
v -0.284424 -0.683390 -0.715469
v -0.278456 -0.625263 -0.754076
v -0.290394 -0.639417 -0.740847
v -0.290394 -0.598797 -0.765122
v -0.307818 -0.616287 -0.748549
v -0.286281 -0.540204 -0.798765
v -0.286281 -0.562225 -0.787234
v -0.286281 -0.506496 -0.814929
v -0.278723 -0.452189 -0.841812
v -0.290554 -0.465103 -0.832087
v -0.290554 -0.422694 -0.849452
v -0.308085 -0.440232 -0.836742
v -0.266564 -0.354501 -0.881571
v -0.283259 -0.371256 -0.870531
v -0.222922 -0.661977 -0.749567
v -0.239457 -0.679062 -0.733488
v -0.239457 -0.639417 -0.758241
v -0.252284 -0.654625 -0.744972
v -0.231833 -0.578475 -0.796055
v -0.244803 -0.593727 -0.783629
v -0.244803 -0.553927 -0.805215
v -0.261195 -0.570867 -0.791881
v -0.230454 -0.490894 -0.839734
v -0.243976 -0.505943 -0.828907
v -0.243976 -0.465103 -0.847049
v -0.259816 -0.481551 -0.835541
v -0.242237 -0.418410 -0.866189
v -0.242237 -0.364708 -0.884975
v -0.242237 -0.386729 -0.877611
v -0.198194 -0.667165 -0.752894
v -0.198194 -0.689186 -0.738752
v -0.198194 -0.638626 -0.770278
v -0.198194 -0.586458 -0.800464
v -0.198194 -0.608480 -0.788140
v -0.198194 -0.550540 -0.819384
v -0.198194 -0.499863 -0.843774
v -0.198194 -0.521884 -0.833719
v -0.198194 -0.462453 -0.860012
v -0.190320 -0.405151 -0.884025
v -0.202279 -0.419263 -0.876163
v -0.202279 -0.378559 -0.890387
v -0.219682 -0.396035 -0.880742
v -0.154151 -0.675524 -0.758190
v -0.154151 -0.697546 -0.744070
v -0.141396 -0.619999 -0.794755
v -0.155307 -0.636259 -0.782022
v -0.155307 -0.597748 -0.804169
v -0.170758 -0.614539 -0.791606
v -0.145525 -0.534065 -0.839606
v -0.157784 -0.549463 -0.829245
v -0.157784 -0.510551 -0.847905
v -0.174887 -0.527935 -0.836549
v -0.136105 -0.442354 -0.881653
v -0.152132 -0.459202 -0.871355
v -0.152132 -0.419263 -0.886817
v -0.165467 -0.434513 -0.878691
v -0.154151 -0.374367 -0.901784
v -0.109042 -0.685750 -0.760196
v -0.123013 -0.702485 -0.747296
v -0.110108 -0.624740 -0.797507
v -0.110108 -0.646762 -0.784443
v -0.110108 -0.594583 -0.814285
v -0.110108 -0.540109 -0.842552
v -0.110108 -0.562130 -0.831576
v -0.110108 -0.506496 -0.858125
v -0.110108 -0.447015 -0.883547
v -0.110108 -0.469037 -0.874415
v -0.110108 -0.418410 -0.893977
v -0.110108 -0.374367 -0.908879
v -0.066065 -0.682669 -0.767803
v -0.066065 -0.629793 -0.800453
v -0.066065 -0.651815 -0.787475
v -0.066065 -0.594583 -0.820133
v -0.066065 -0.545801 -0.845299
v -0.066065 -0.567823 -0.834479
v -0.066065 -0.506496 -0.863529
v -0.066065 -0.453295 -0.886075
v -0.066065 -0.475316 -0.877072
v -0.066065 -0.418410 -0.898967
v -0.066065 -0.374367 -0.913687
v -0.022022 -0.682669 -0.771361
v -0.022022 -0.632934 -0.802310
v -0.022022 -0.654956 -0.789336
v -0.022022 -0.594583 -0.823732
v -0.022022 -0.549339 -0.846936
v -0.022022 -0.571361 -0.836220
v -0.022022 -0.506496 -0.866688
v -0.022022 -0.456946 -0.887531
v -0.022022 -0.478967 -0.878594
v -0.022022 -0.418410 -0.901784
v -0.022022 -0.374367 -0.916330
v -0.333348 -0.683390 -0.695528
v -0.350045 -0.659043 -0.703666
v -0.297867 -0.698551 -0.700733
v -0.309227 -0.309466 -0.881195
v -0.326474 -0.326618 -0.869763
v -0.317353 -0.286281 -0.884098
v -0.339375 -0.286281 -0.876135
v -0.332606 -0.242820 -0.888305
v -0.348808 -0.257889 -0.879584
v -0.330324 -0.198194 -0.897053
v -0.330324 -0.154151 -0.903069
v -0.330324 -0.110108 -0.907532
v -0.330324 -0.066065 -0.910363
v -0.330324 -0.022022 -0.911637
v -0.283259 -0.326618 -0.884353
v -0.295926 -0.338828 -0.876943
v -0.286281 -0.286281 -0.893882
v -0.286281 -0.242237 -0.903304
v -0.286281 -0.198194 -0.910802
v -0.286281 -0.154151 -0.916560
v -0.268904 -0.102211 -0.926123
v -0.284663 -0.114178 -0.920907
v -0.272532 -0.066065 -0.927054
v -0.294554 -0.066065 -0.921299
v -0.274516 -0.022022 -0.927505
v -0.296538 -0.022022 -0.921886
v -0.242237 -0.330324 -0.895138
v -0.242237 -0.286281 -0.906354
v -0.220268 -0.220293 -0.924920
v -0.237864 -0.237880 -0.917289
v -0.226687 -0.198194 -0.926526
v -0.248709 -0.198194 -0.920919
v -0.237516 -0.154151 -0.929231
v -0.259538 -0.154151 -0.923712
v -0.246527 -0.114178 -0.930721
v -0.264069 -0.131573 -0.924858
v -0.242237 -0.066065 -0.934603
v -0.242237 -0.022022 -0.935363
v -0.198194 -0.330324 -0.905849
v -0.178796 -0.266632 -0.925447
v -0.195364 -0.283300 -0.918143
v -0.195364 -0.237880 -0.927035
v -0.208158 -0.249655 -0.922394
v -0.198194 -0.198194 -0.932589
v -0.198194 -0.154151 -0.937918
v -0.198194 -0.110108 -0.941899
v -0.198194 -0.066065 -0.944223
v -0.198194 -0.022022 -0.944664
v -0.154151 -0.330324 -0.914718
v -0.154151 -0.276630 -0.927740
v -0.154151 -0.298652 -0.922669
v -0.154151 -0.242237 -0.934191
v -0.154151 -0.198194 -0.940915
v -0.154151 -0.154151 -0.946072
v -0.154151 -0.110108 -0.949828
v -0.154151 -0.066065 -0.951762
v -0.154151 -0.022022 -0.951801
v -0.101744 -0.315046 -0.926644
v -0.113898 -0.329966 -0.921279
v -0.113898 -0.290350 -0.930947
v -0.131106 -0.307743 -0.924776
v -0.110108 -0.242237 -0.940915
v -0.110108 -0.198194 -0.947501
v -0.110108 -0.154151 -0.952519
v -0.110108 -0.110108 -0.955983
v -0.110108 -0.066065 -0.957484
v -0.110108 -0.022022 -0.957229
v -0.066065 -0.322253 -0.928480
v -0.066065 -0.344275 -0.922816
v -0.066065 -0.286281 -0.937044
v -0.066065 -0.242237 -0.945526
v -0.066065 -0.198194 -0.952110
v -0.066065 -0.154151 -0.957068
v -0.066065 -0.110108 -0.960305
v -0.066065 -0.066065 -0.961673
v -0.066065 -0.022022 -0.961448
v -0.022022 -0.327193 -0.929720
v -0.022022 -0.349215 -0.924099
v -0.022022 -0.286281 -0.939490
v -0.022022 -0.242237 -0.948022
v -0.022022 -0.198194 -0.954680
v -0.022022 -0.154151 -0.959605
v -0.022022 -0.110108 -0.962902
v -0.022022 -0.066065 -0.964487
v -0.022022 -0.022022 -0.964419
v -0.709314 -0.754530 0.022022
v -0.710021 -0.755803 0.066065
v -0.709254 -0.755201 0.110108
v -0.706918 -0.751983 0.154151
v -0.705127 -0.749373 0.178379
v -0.729492 -0.726712 0.022022
v -0.730544 -0.726712 0.066065
v -0.728650 -0.726712 0.110108
v -0.723764 -0.726712 0.154151
v -0.715336 -0.728860 0.195114
v -0.711935 -0.715792 0.242237
v -0.707235 -0.708572 0.271312
v -0.880924 -0.440582 0.033491
v -0.880924 -0.440582 0.046092
v -0.887391 -0.422776 0.020094
v -0.887083 -0.422191 0.062890
v -0.887413 -0.414552 0.110108
v -0.885276 -0.408530 0.154151
v -0.882901 -0.402001 0.187307
v -0.904499 -0.374367 0.022022
v -0.903833 -0.374367 0.066065
v -0.901552 -0.374367 0.110108
v -0.897298 -0.374367 0.154151
v -0.889076 -0.377666 0.200470
v -0.884995 -0.364005 0.242237
v -0.881822 -0.355053 0.267332
v -0.840528 -0.536193 0.022022
v -0.840105 -0.535276 0.066065
v -0.838618 -0.532225 0.110108
v -0.837318 -0.529543 0.135887
v -0.853647 -0.506496 0.022022
v -0.852770 -0.506496 0.066065
v -0.849947 -0.506496 0.110108
v -0.844325 -0.508949 0.152001
v -0.842135 -0.496376 0.198194
v -0.838832 -0.488916 0.228263
v -0.873727 -0.458139 0.020094
v -0.873151 -0.458139 0.062890
v -0.868750 -0.462453 0.110108
v -0.864212 -0.462453 0.154151
v -0.856977 -0.462453 0.198194
v -0.845983 -0.464631 0.242661
v -0.841639 -0.451402 0.277749
v -0.880840 -0.440368 0.004128
v -0.880485 -0.439393 0.075454
v -0.879443 -0.436573 0.110108
v -0.877227 -0.430551 0.154151
v -0.874721 -0.417373 0.200470
v -0.865034 -0.418410 0.242237
v -0.849104 -0.422143 0.289971
v -0.842131 -0.409951 0.321687
v -0.880198 -0.394546 0.216669
v -0.877111 -0.386027 0.242237
v -0.870346 -0.371587 0.283720
v -0.849523 -0.377958 0.333950
v -0.796173 -0.622461 0.022022
v -0.795847 -0.621979 0.066065
v -0.794367 -0.619388 0.110108
v -0.793119 -0.617203 0.134616
v -0.811054 -0.594583 0.022022
v -0.810231 -0.594583 0.066065
v -0.807269 -0.594583 0.110108
v -0.801220 -0.597013 0.151239
v -0.799069 -0.584821 0.198194
v -0.795332 -0.577515 0.229536
v -0.829680 -0.558214 0.022022
v -0.829182 -0.557297 0.066065
v -0.827700 -0.554247 0.110108
v -0.826552 -0.546750 0.152001
v -0.816464 -0.550540 0.198194
v -0.803966 -0.553221 0.243426
v -0.797938 -0.538526 0.286281
v -0.793558 -0.530052 0.310210
v -0.835340 -0.525265 0.165249
v -0.832194 -0.518398 0.198194
v -0.827837 -0.504757 0.242661
v -0.813402 -0.506496 0.286281
v -0.798736 -0.504042 0.327064
v -0.835119 -0.480764 0.257625
v -0.831307 -0.464631 0.289971
v -0.816495 -0.462453 0.330324
v -0.836374 -0.439314 0.307112
v -0.832368 -0.422143 0.333950
v -0.836289 -0.395033 0.351049
v -0.761064 -0.679911 0.022022
v -0.760974 -0.680345 0.066065
v -0.759519 -0.678474 0.110108
v -0.756853 -0.674254 0.154151
v -0.752889 -0.667667 0.198194
v -0.749901 -0.662657 0.224053
v -0.783085 -0.644483 0.022022
v -0.782995 -0.644001 0.066065
v -0.781540 -0.641410 0.110108
v -0.780616 -0.634581 0.151239
v -0.769786 -0.638626 0.198194
v -0.758313 -0.639583 0.240136
v -0.752652 -0.623312 0.286281
v -0.748738 -0.616612 0.308312
v -0.791046 -0.613315 0.163978
v -0.787652 -0.606842 0.198194
v -0.783130 -0.593151 0.243426
v -0.768410 -0.594583 0.286281
v -0.754305 -0.591753 0.325925
v -0.791262 -0.569690 0.258899
v -0.786514 -0.560548 0.286281
v -0.777441 -0.547056 0.327064
v -0.787298 -0.517086 0.339572
v -0.746890 -0.701933 0.022022
v -0.747235 -0.702367 0.066065
v -0.746108 -0.700495 0.110108
v -0.743558 -0.696276 0.154151
v -0.739692 -0.689689 0.198194
v -0.734879 -0.679470 0.240136
v -0.716603 -0.684298 0.286108
v -0.710708 -0.670702 0.321452
v -0.745345 -0.654902 0.253415
v -0.739695 -0.645334 0.286281
v -0.726365 -0.638027 0.329563
v -0.742022 -0.604548 0.337674
v -0.841820 -0.365671 0.362750
v -0.794289 -0.487724 0.355460
v -0.799184 -0.459292 0.371832
v -0.793706 -0.442504 0.398107
v -0.815429 -0.418410 0.374367
v -0.798638 -0.418410 0.407170
v -0.830528 -0.377958 0.376206
v -0.807218 -0.377081 0.421600
v -0.797439 -0.364209 0.448227
v -0.750170 -0.575186 0.355212
v -0.756243 -0.548259 0.371682
v -0.750611 -0.532057 0.399692
v -0.778355 -0.504042 0.371832
v -0.755505 -0.502685 0.415988
v -0.749216 -0.485463 0.441219
v -0.787022 -0.471866 0.384822
v -0.776421 -0.459292 0.415037
v -0.754627 -0.462453 0.450028
v -0.786437 -0.418410 0.429191
v -0.763981 -0.420468 0.465254
v -0.753238 -0.407158 0.491259
v -0.791629 -0.393571 0.438407
v -0.783425 -0.377081 0.462726
v -0.758083 -0.370918 0.506162
v -0.749392 -0.353938 0.529417
v -0.711073 -0.627392 0.374367
v -0.705231 -0.617511 0.397327
v -0.732570 -0.591753 0.371682
v -0.710172 -0.590180 0.414569
v -0.704692 -0.572563 0.440434
v -0.742647 -0.561419 0.384574
v -0.732225 -0.548259 0.415988
v -0.710642 -0.550539 0.449974
v -0.741986 -0.514825 0.429054
v -0.726371 -0.505757 0.461867
v -0.710756 -0.496689 0.493040
v -0.741001 -0.462453 0.472049
v -0.717753 -0.461392 0.507231
v -0.707410 -0.446003 0.532205
v -0.747039 -0.436520 0.481802
v -0.737219 -0.420468 0.506162
v -0.713589 -0.418410 0.540580
v -0.743198 -0.383300 0.520621
v -0.726175 -0.373164 0.549846
v -0.709153 -0.363028 0.578141
v -0.930057 -0.284126 0.022022
v -0.929867 -0.283505 0.066065
v -0.928709 -0.279053 0.110108
v -0.926526 -0.270548 0.154151
v -0.925044 -0.264812 0.177060
v -0.939379 -0.242237 0.022022
v -0.938830 -0.242237 0.066065
v -0.936442 -0.242237 0.110108
v -0.932186 -0.242237 0.154151
v -0.926996 -0.239305 0.194322
v -0.925339 -0.222669 0.221966
v -0.947356 -0.198194 0.022022
v -0.946533 -0.198194 0.066065
v -0.944067 -0.198194 0.110108
v -0.939860 -0.198194 0.154151
v -0.933492 -0.198194 0.198194
v -0.927361 -0.198194 0.230334
v -0.953732 -0.154151 0.022022
v -0.952659 -0.154151 0.066065
v -0.950250 -0.154151 0.110108
v -0.945989 -0.154151 0.154151
v -0.939464 -0.154151 0.198194
v -0.929806 -0.154679 0.244877
v -0.925815 -0.140350 0.267518
v -0.958497 -0.110108 0.022022
v -0.957335 -0.110108 0.066065
v -0.954959 -0.110108 0.110108
v -0.950594 -0.110108 0.154151
v -0.943977 -0.110108 0.198194
v -0.935076 -0.110108 0.242237
v -0.927386 -0.110108 0.273123
v -0.961675 -0.066065 0.022022
v -0.960622 -0.066065 0.066065
v -0.957996 -0.066065 0.110108
v -0.953336 -0.066065 0.154151
v -0.946586 -0.066065 0.198194
v -0.937607 -0.066065 0.242237
v -0.928667 -0.066065 0.277703
v -0.963069 -0.022022 0.022022
v -0.962096 -0.022022 0.066065
v -0.959184 -0.022022 0.110108
v -0.954221 -0.022022 0.154151
v -0.947183 -0.022022 0.198194
v -0.937984 -0.022022 0.242237
v -0.928809 -0.022022 0.278281
v -0.917843 -0.330324 0.022022
v -0.917403 -0.330324 0.066065
v -0.915136 -0.330324 0.110108
v -0.910892 -0.330324 0.154151
v -0.904439 -0.330324 0.198194
v -0.895268 -0.330324 0.242237
v -0.884709 -0.326802 0.283720
v -0.881279 -0.309773 0.309353
v -0.924343 -0.306147 0.022022
v -0.924184 -0.305526 0.066065
v -0.923018 -0.301074 0.110108
v -0.920892 -0.292569 0.154151
v -0.917839 -0.282208 0.194322
v -0.907122 -0.286281 0.242237
v -0.894877 -0.286281 0.286281
v -0.884475 -0.286281 0.317571
v -0.922705 -0.252032 0.206422
v -0.918146 -0.239305 0.238883
v -0.904709 -0.242237 0.286281
v -0.888634 -0.242485 0.332703
v -0.921954 -0.198194 0.252355
v -0.912536 -0.198194 0.286281
v -0.897709 -0.198194 0.330324
v -0.924188 -0.169712 0.261318
v -0.919514 -0.154679 0.283832
v -0.904315 -0.154151 0.330324
v -0.921103 -0.110108 0.295145
v -0.909217 -0.110108 0.330324
v -0.922428 -0.066065 0.299725
v -0.912061 -0.066065 0.330324
v -0.922618 -0.022022 0.300302
v -0.912674 -0.022022 0.330324
v -0.877042 -0.339135 0.296694
v -0.869512 -0.326802 0.326550
v -0.875806 -0.286281 0.339592
v -0.879536 -0.257331 0.348971
v -0.882318 -0.227969 0.355746
v -0.885105 -0.198194 0.362364
v -0.888495 -0.154151 0.370635
v -0.889903 -0.113942 0.378620
v -0.882416 -0.101817 0.399634
v -0.895288 -0.066065 0.374367
v -0.883634 -0.066065 0.402248
v -0.896372 -0.022022 0.374367
v -0.884294 -0.022022 0.403746
v -0.846790 -0.330544 0.376206
v -0.839173 -0.316010 0.400958
v -0.860515 -0.286281 0.374367
v -0.843551 -0.286281 0.409589
v -0.872207 -0.242485 0.372003
v -0.847983 -0.244342 0.421825
v -0.839164 -0.231064 0.444645
v -0.875511 -0.198194 0.384385
v -0.859238 -0.198194 0.418410
v -0.842569 -0.198194 0.450798
v -0.879211 -0.154151 0.392657
v -0.866695 -0.154151 0.418410
v -0.846326 -0.154151 0.457706
v -0.880754 -0.131179 0.396137
v -0.873093 -0.113942 0.415953
v -0.847522 -0.111415 0.466103
v -0.838136 -0.097606 0.486709
v -0.873138 -0.066065 0.424269
v -0.853665 -0.066065 0.462453
v -0.839369 -0.066065 0.488834
v -0.873963 -0.022022 0.425767
v -0.855423 -0.022022 0.462453
v -0.840302 -0.022022 0.490465
v -0.834659 -0.345372 0.392112
v -0.826334 -0.330544 0.416747
v -0.801531 -0.326929 0.462726
v -0.793320 -0.309986 0.485344
v -0.832202 -0.286281 0.431611
v -0.814455 -0.286281 0.462453
v -0.797051 -0.286281 0.491392
v -0.835959 -0.260426 0.438782
v -0.826928 -0.244342 0.460577
v -0.803079 -0.242237 0.501281
v -0.830047 -0.198194 0.472820
v -0.806737 -0.201590 0.510525
v -0.795713 -0.189173 0.532867
v -0.834081 -0.154151 0.479728
v -0.818115 -0.154151 0.506496
v -0.798832 -0.154151 0.537508
v -0.836097 -0.126968 0.483217
v -0.826201 -0.111415 0.503433
v -0.802066 -0.110108 0.542412
v -0.826302 -0.066065 0.510855
v -0.804281 -0.066065 0.545779
v -0.827365 -0.022022 0.512487
v -0.805343 -0.022022 0.547557
v -0.788516 -0.339348 0.477589
v -0.776395 -0.326929 0.502614
v -0.753473 -0.330324 0.535054
v -0.782943 -0.286281 0.513413
v -0.760921 -0.286281 0.545273
v -0.789407 -0.242237 0.523302
v -0.765883 -0.246379 0.554850
v -0.752448 -0.234459 0.577555
v -0.792376 -0.218535 0.527892
v -0.781525 -0.201590 0.548745
v -0.756991 -0.198194 0.583754
v -0.783509 -0.154151 0.559529
v -0.761488 -0.154151 0.590051
v -0.787055 -0.110108 0.564433
v -0.762610 -0.110970 0.598212
v -0.750129 -0.096864 0.618297
v -0.789450 -0.066065 0.567800
v -0.770200 -0.066065 0.594583
v -0.751505 -0.066065 0.619983
v -0.790705 -0.022022 0.569578
v -0.772761 -0.022022 0.594583
v -0.752811 -0.022022 0.621580
v -0.737307 -0.330324 0.557076
v -0.715285 -0.330324 0.585791
v -0.744884 -0.286281 0.567294
v -0.720983 -0.286889 0.597415
v -0.707615 -0.272614 0.619925
v -0.748617 -0.263821 0.572404
v -0.737009 -0.246379 0.593175
v -0.712144 -0.242237 0.625053
v -0.740144 -0.198194 0.605776
v -0.718122 -0.198194 0.631757
v -0.745132 -0.154151 0.612073
v -0.719756 -0.151541 0.641577
v -0.705240 -0.135120 0.661258
v -0.747717 -0.126227 0.615313
v -0.732689 -0.110970 0.635237
v -0.707419 -0.110108 0.663713
v -0.732194 -0.066065 0.642004
v -0.710172 -0.066065 0.666787
v -0.733691 -0.022022 0.643602
v -0.711669 -0.022022 0.668445
v -0.668504 -0.801436 0.022022
v -0.670408 -0.804022 0.066065
v -0.670914 -0.805116 0.110108
v -0.668950 -0.803037 0.154151
v -0.665188 -0.798376 0.198194
v -0.662224 -0.794716 0.225493
v -0.690525 -0.776552 0.022022
v -0.692430 -0.777825 0.066065
v -0.692936 -0.777223 0.110108
v -0.690971 -0.774005 0.154151
v -0.689204 -0.766735 0.195114
v -0.673423 -0.772869 0.240999
v -0.667629 -0.758810 0.286281
v -0.662417 -0.751306 0.312217
v -0.702187 -0.744973 0.207741
v -0.697457 -0.737814 0.242237
v -0.690917 -0.724637 0.286108
v -0.671768 -0.726785 0.328268
v -0.624262 -0.843080 0.022022
v -0.627768 -0.846335 0.066065
v -0.629422 -0.848310 0.110108
v -0.628294 -0.848062 0.154151
v -0.624840 -0.845192 0.198194
v -0.620739 -0.841092 0.233480
v -0.646284 -0.823457 0.022022
v -0.649790 -0.826043 0.066065
v -0.651444 -0.827137 0.110108
v -0.650315 -0.825059 0.154151
v -0.646862 -0.820397 0.198194
v -0.639254 -0.815502 0.244167
v -0.629797 -0.808507 0.286281
v -0.622393 -0.799602 0.320561
v -0.657768 -0.788960 0.254855
v -0.651819 -0.780832 0.286281
v -0.639005 -0.771286 0.331070
v -0.655618 -0.741514 0.341579
v -0.573703 -0.881550 0.040033
v -0.576932 -0.883648 0.066065
v -0.581114 -0.886669 0.110108
v -0.582248 -0.888034 0.154151
v -0.579582 -0.886463 0.198194
v -0.575723 -0.883484 0.229787
v -0.590863 -0.867147 0.024020
v -0.598953 -0.868357 0.066065
v -0.603135 -0.870331 0.110108
v -0.604270 -0.870084 0.154151
v -0.601604 -0.867214 0.198194
v -0.595920 -0.860220 0.246314
v -0.589167 -0.852594 0.286281
v -0.578769 -0.842970 0.330324
v -0.616116 -0.836287 0.262842
v -0.611188 -0.830528 0.286281
v -0.603233 -0.814489 0.333275
v -0.615403 -0.791266 0.349923
v -0.552871 -0.889462 0.024020
v -0.550540 -0.897614 0.066065
v -0.550540 -0.904354 0.110108
v -0.550540 -0.907883 0.154151
v -0.550540 -0.905782 0.198194
v -0.553864 -0.895384 0.243576
v -0.542986 -0.891601 0.286281
v -0.534927 -0.885795 0.319950
v -0.569106 -0.879018 0.010671
v -0.570761 -0.879349 0.259149
v -0.565007 -0.874615 0.286281
v -0.549981 -0.867360 0.332908
v -0.488914 -0.926553 0.079468
v -0.495549 -0.929094 0.110108
v -0.501367 -0.931638 0.154151
v -0.501100 -0.932286 0.198194
v -0.495865 -0.930582 0.242237
v -0.489691 -0.927673 0.275015
v -0.506496 -0.909767 0.022022
v -0.504756 -0.917759 0.065298
v -0.517571 -0.920570 0.110108
v -0.523389 -0.922734 0.154151
v -0.523122 -0.922203 0.198194
v -0.517887 -0.919071 0.242237
v -0.505222 -0.915252 0.288330
v -0.509833 -0.897269 0.332908
v -0.526738 -0.879519 0.349313
v -0.449782 -0.927317 0.022022
v -0.464226 -0.930746 0.065298
v -0.462453 -0.939252 0.110108
v -0.462453 -0.945073 0.154151
v -0.462453 -0.947097 0.198194
v -0.462453 -0.944187 0.242237
v -0.465599 -0.934957 0.288330
v -0.452109 -0.930312 0.330324
v -0.471803 -0.921556 0.022022
v -0.480089 -0.923735 0.050106
v -0.482376 -0.923861 0.304377
v -0.474131 -0.919693 0.330324
v -0.418410 -0.934478 0.022022
v -0.418410 -0.940942 0.066065
v -0.418410 -0.949111 0.110108
v -0.418410 -0.955928 0.154151
v -0.418410 -0.958978 0.198194
v -0.418410 -0.957512 0.242237
v -0.418410 -0.952206 0.286281
v -0.418410 -0.943013 0.330324
v -0.374367 -0.941893 0.022022
v -0.374367 -0.947042 0.066065
v -0.374367 -0.954917 0.110108
v -0.374367 -0.962055 0.154151
v -0.374367 -0.965472 0.198194
v -0.374367 -0.965437 0.242237
v -0.374367 -0.962348 0.286281
v -0.374367 -0.955464 0.330324
v -0.665634 -0.712152 0.361786
v -0.624948 -0.760175 0.374367
v -0.618078 -0.750820 0.398764
v -0.647963 -0.726785 0.375627
v -0.626196 -0.724588 0.415431
v -0.619339 -0.708491 0.444367
v -0.572890 -0.837156 0.352910
v -0.583822 -0.813685 0.370301
v -0.577521 -0.798261 0.403880
v -0.608412 -0.782197 0.374367
v -0.592993 -0.768750 0.416003
v -0.579104 -0.757319 0.449464
v -0.608466 -0.737853 0.428126
v -0.593965 -0.725877 0.461596
v -0.579464 -0.713901 0.492837
v -0.549713 -0.848303 0.370301
v -0.534480 -0.842285 0.404771
v -0.563842 -0.827623 0.382272
v -0.551011 -0.815205 0.419006
v -0.538179 -0.802787 0.452670
v -0.567541 -0.786681 0.433242
v -0.553148 -0.773879 0.465748
v -0.538754 -0.761077 0.496117
v -0.568116 -0.743263 0.478826
v -0.552883 -0.729680 0.509158
v -0.537650 -0.716096 0.537836
v -0.496217 -0.888933 0.374367
v -0.487231 -0.882848 0.399876
v -0.518239 -0.872943 0.374367
v -0.505425 -0.858237 0.417004
v -0.494256 -0.844826 0.451546
v -0.523619 -0.832150 0.434133
v -0.510331 -0.818328 0.466789
v -0.497043 -0.804506 0.497305
v -0.526405 -0.790439 0.482032
v -0.511284 -0.775918 0.511392
v -0.496163 -0.761396 0.539068
v -0.525525 -0.745458 0.525479
v -0.509388 -0.729925 0.553133
v -0.493252 -0.714392 0.580211
v -0.443419 -0.926336 0.356128
v -0.459841 -0.911209 0.372232
v -0.460909 -0.890152 0.416098
v -0.445198 -0.883906 0.445203
v -0.474560 -0.874188 0.429238
v -0.463063 -0.859523 0.463055
v -0.451566 -0.844858 0.494278
v -0.480928 -0.833868 0.480908
v -0.466970 -0.818368 0.510472
v -0.453013 -0.802869 0.538814
v -0.482375 -0.790758 0.526667
v -0.466258 -0.774537 0.553622
v -0.450141 -0.758316 0.579764
v -0.479503 -0.743754 0.568430
v -0.462482 -0.726536 0.594669
v -0.445462 -0.709318 0.619949
v -0.417032 -0.931149 0.372232
v -0.401433 -0.927054 0.401170
v -0.430795 -0.920679 0.385490
v -0.417032 -0.912648 0.416875
v -0.415763 -0.889686 0.460912
v -0.399317 -0.882410 0.486685
v -0.428679 -0.874221 0.474565
v -0.416678 -0.858140 0.505163
v -0.404676 -0.842059 0.534210
v -0.434038 -0.832231 0.523640
v -0.419287 -0.815171 0.551193
v -0.404537 -0.798111 0.577584
v -0.433899 -0.787678 0.568177
v -0.416638 -0.769469 0.593355
v -0.399376 -0.751260 0.618428
v -0.428738 -0.738680 0.609126
v -0.415798 -0.725084 0.627060
v -0.374367 -0.944537 0.374367
v -0.371170 -0.930556 0.416875
v -0.354357 -0.925617 0.441809
v -0.383719 -0.920341 0.430532
v -0.371170 -0.910011 0.458875
v -0.374367 -0.887690 0.494405
v -0.374367 -0.871718 0.516426
v -0.374367 -0.849696 0.543380
v -0.374367 -0.829393 0.565401
v -0.374367 -0.807372 0.585800
v -0.374367 -0.781734 0.607821
v -0.374367 -0.759713 0.624872
v -0.375940 -0.726563 0.648191
v -0.362307 -0.711782 0.665575
v -0.701787 -0.700064 0.300674
v -0.696701 -0.684298 0.333809
v -0.703972 -0.659443 0.350814
v -0.675753 -0.684324 0.375627
v -0.666874 -0.670747 0.406996
v -0.697811 -0.649413 0.374367
v -0.681691 -0.637099 0.416842
v -0.667146 -0.627325 0.450309
v -0.696508 -0.601926 0.426689
v -0.681129 -0.591729 0.460052
v -0.665750 -0.581532 0.491617
v -0.696540 -0.550539 0.471996
v -0.673463 -0.549210 0.506378
v -0.663512 -0.533642 0.532201
v -0.703401 -0.526051 0.482515
v -0.694143 -0.509421 0.507231
v -0.670451 -0.506496 0.541092
v -0.700216 -0.475365 0.522402
v -0.683480 -0.463939 0.551584
v -0.666744 -0.452514 0.579661
v -0.696926 -0.418410 0.562601
v -0.672240 -0.414404 0.594438
v -0.660959 -0.397052 0.616954
v -0.702922 -0.392390 0.570275
v -0.690293 -0.376372 0.593526
v -0.665998 -0.374367 0.622604
v -0.657744 -0.700109 0.391148
v -0.650245 -0.684324 0.420370
v -0.626799 -0.680165 0.460410
v -0.618667 -0.663814 0.487178
v -0.658160 -0.656688 0.436358
v -0.649604 -0.640654 0.463975
v -0.624882 -0.634542 0.503714
v -0.616957 -0.617138 0.528938
v -0.657347 -0.610894 0.479671
v -0.646679 -0.595561 0.506378
v -0.623640 -0.594583 0.536888
v -0.654994 -0.563004 0.520980
v -0.638500 -0.550267 0.550411
v -0.622005 -0.537530 0.578649
v -0.652685 -0.506496 0.563114
v -0.628139 -0.502622 0.593831
v -0.617084 -0.485357 0.617098
v -0.659310 -0.481876 0.570963
v -0.647339 -0.465298 0.594438
v -0.622994 -0.462453 0.623193
v -0.654006 -0.426414 0.609023
v -0.635660 -0.412104 0.635606
v -0.617315 -0.397794 0.661302
v -0.645019 -0.374367 0.644626
v -0.622998 -0.374367 0.666515
v -0.608826 -0.693177 0.473729
v -0.593102 -0.680364 0.504689
v -0.577378 -0.667551 0.534038
v -0.606740 -0.646500 0.516540
v -0.590747 -0.633146 0.546169
v -0.574754 -0.619792 0.574816
v -0.604667 -0.594583 0.558909
v -0.582645 -0.594583 0.582872
v -0.613176 -0.566892 0.568620
v -0.596034 -0.552486 0.596033
v -0.578891 -0.538080 0.622553
v -0.608253 -0.514720 0.608011
v -0.593976 -0.502622 0.628945
v -0.594829 -0.466220 0.647968
v -0.580312 -0.454050 0.667556
v -0.609674 -0.427156 0.654257
v -0.594829 -0.414849 0.673434
v -0.593918 -0.377492 0.691207
v -0.567012 -0.696913 0.522199
v -0.550632 -0.682445 0.550618
v -0.534252 -0.667976 0.577791
v -0.563614 -0.649154 0.563400
v -0.546658 -0.633640 0.590984
v -0.529701 -0.618127 0.617656
v -0.559842 -0.594583 0.604893
v -0.537820 -0.594583 0.624928
v -0.569100 -0.567442 0.613416
v -0.551250 -0.551485 0.639283
v -0.533400 -0.535528 0.664598
v -0.564746 -0.506496 0.653682
v -0.542725 -0.506496 0.672111
v -0.571940 -0.483412 0.660093
v -0.552701 -0.465760 0.684450
v -0.564378 -0.418410 0.698161
v -0.571387 -0.394257 0.703757
v -0.522614 -0.697339 0.567199
v -0.505476 -0.681343 0.593682
v -0.488338 -0.665348 0.619632
v -0.517700 -0.647489 0.607153
v -0.504410 -0.635135 0.626500
v -0.507273 -0.596629 0.648328
v -0.493110 -0.583312 0.666747
v -0.522472 -0.564890 0.656013
v -0.507273 -0.550341 0.675319
v -0.508112 -0.510581 0.696077
v -0.523870 -0.477469 0.701344
v -0.474824 -0.694710 0.609574
v -0.461067 -0.681085 0.628250
v -0.464872 -0.641502 0.651309
v -0.451803 -0.628738 0.668195
v -0.481165 -0.612674 0.658380
v -0.461725 -0.593691 0.682152
v -0.474544 -0.550539 0.698046
v -0.484060 -0.527985 0.704412
v -0.421191 -0.684811 0.651406
v -0.408365 -0.671558 0.667447
v -0.437727 -0.658100 0.659004
v -0.417878 -0.638082 0.682502
v -0.427392 -0.604070 0.697557
v -0.391669 -0.700920 0.658225
v -0.375940 -0.684811 0.676199
v -0.374367 -0.650129 0.698413
v -0.578794 -0.364895 0.709851
v -0.533462 -0.448107 0.708343
v -0.542356 -0.418410 0.714924
v -0.550836 -0.374886 0.726948
v -0.530285 -0.355515 0.750012
v -0.494507 -0.498622 0.711848
v -0.508112 -0.462654 0.719573
v -0.506937 -0.421871 0.738891
v -0.492549 -0.409497 0.754077
v -0.521911 -0.384877 0.744045
v -0.506937 -0.371864 0.759222
v -0.442286 -0.574708 0.705849
v -0.452522 -0.550539 0.712195
v -0.463155 -0.507315 0.727374
v -0.442249 -0.486646 0.749735
v -0.473968 -0.462453 0.742575
v -0.451946 -0.462453 0.755209
v -0.483329 -0.438859 0.748046
v -0.466170 -0.421871 0.764703
v -0.462830 -0.377121 0.784256
v -0.448400 -0.364277 0.797289
v -0.398030 -0.618065 0.705550
v -0.414991 -0.591466 0.711354
v -0.416261 -0.548464 0.733763
v -0.400148 -0.532400 0.750729
v -0.429510 -0.516008 0.742900
v -0.416261 -0.503394 0.756014
v -0.414918 -0.459170 0.777013
v -0.397909 -0.442301 0.793555
v -0.429114 -0.418410 0.786709
v -0.407092 -0.418410 0.798280
v -0.438502 -0.393639 0.791735
v -0.421656 -0.377121 0.806544
v -0.374367 -0.628108 0.711358
v -0.371734 -0.591682 0.733095
v -0.355298 -0.575068 0.750080
v -0.384660 -0.561762 0.743140
v -0.371734 -0.548464 0.755936
v -0.371175 -0.503197 0.778228
v -0.354366 -0.486317 0.793622
v -0.383728 -0.471663 0.787233
v -0.371175 -0.459170 0.797995
v -0.374367 -0.418410 0.813273
v -0.374877 -0.375839 0.829203
v -0.360536 -0.362139 0.840334
v -0.697103 -0.330324 0.607813
v -0.675081 -0.330324 0.632739
v -0.702431 -0.301976 0.613984
v -0.683785 -0.289429 0.639877
v -0.665138 -0.276882 0.665244
v -0.692502 -0.242237 0.647075
v -0.670481 -0.242237 0.670688
v -0.698509 -0.198194 0.653778
v -0.676487 -0.198194 0.676589
v -0.702508 -0.164482 0.658226
v -0.681870 -0.149727 0.681866
v -0.685707 -0.110108 0.685735
v -0.688906 -0.066065 0.688809
v -0.690629 -0.022022 0.690466
v -0.654895 -0.330324 0.654761
v -0.632874 -0.330324 0.675615
v -0.659844 -0.306244 0.659829
v -0.640109 -0.289987 0.684021
v -0.647636 -0.242237 0.692710
v -0.653997 -0.198194 0.698611
v -0.658215 -0.164335 0.702474
v -0.608684 -0.330324 0.697637
v -0.614493 -0.303091 0.702798
v -0.661232 -0.134973 0.705214
v -0.663685 -0.110108 0.707387
v -0.666885 -0.066065 0.710275
v -0.668608 -0.022022 0.711892
v -0.620373 -0.273729 0.708075
v -0.625615 -0.242237 0.712754
v -0.631975 -0.198194 0.718489
v -0.641571 -0.151453 0.719777
v -0.635117 -0.110515 0.732619
v -0.618097 -0.096105 0.749960
v -0.641846 -0.066065 0.732296
v -0.619824 -0.066065 0.751376
v -0.643718 -0.022022 0.733914
v -0.621697 -0.022022 0.752921
v -0.586663 -0.330324 0.716377
v -0.593909 -0.284559 0.726275
v -0.573326 -0.266028 0.749303
v -0.599394 -0.242237 0.734776
v -0.577373 -0.242237 0.752310
v -0.606440 -0.198194 0.740511
v -0.584419 -0.198194 0.757511
v -0.612195 -0.154151 0.745178
v -0.590173 -0.154151 0.761702
v -0.615247 -0.125467 0.747642
v -0.598172 -0.110515 0.762491
v -0.594583 -0.066065 0.770070
v -0.594583 -0.022022 0.773104
v -0.558491 -0.330324 0.738399
v -0.536470 -0.330324 0.754455
v -0.566715 -0.295390 0.744474
v -0.551436 -0.282937 0.759552
v -0.550540 -0.242237 0.771583
v -0.548785 -0.202340 0.782125
v -0.532935 -0.190422 0.795748
v -0.559611 -0.154151 0.783724
v -0.537590 -0.154151 0.798852
v -0.564288 -0.110108 0.787033
v -0.542266 -0.110108 0.801870
v -0.567739 -0.066065 0.789450
v -0.545718 -0.066065 0.804051
v -0.569909 -0.022022 0.790938
v -0.547887 -0.022022 0.805397
v -0.503079 -0.327742 0.777444
v -0.486119 -0.311340 0.793755
v -0.514450 -0.286281 0.783851
v -0.492428 -0.286281 0.797434
v -0.524116 -0.242237 0.790028
v -0.502095 -0.242237 0.803167
v -0.528370 -0.219785 0.792684
v -0.510812 -0.202340 0.806621
v -0.506496 -0.154151 0.817615
v -0.502801 -0.108929 0.825792
v -0.485656 -0.093463 0.837479
v -0.509508 -0.066065 0.826073
v -0.487487 -0.066065 0.838491
v -0.511679 -0.022022 0.827418
v -0.489657 -0.022022 0.839674
v -0.477762 -0.340703 0.788955
v -0.462830 -0.327742 0.801659
v -0.462453 -0.286281 0.814623
v -0.460321 -0.243688 0.826870
v -0.444218 -0.229973 0.838835
v -0.471942 -0.198194 0.829875
v -0.449921 -0.198194 0.841853
v -0.478567 -0.154151 0.833562
v -0.456545 -0.154151 0.845314
v -0.482413 -0.122825 0.835677
v -0.465620 -0.108929 0.846151
v -0.462453 -0.066065 0.851465
v -0.462453 -0.022022 0.853630
v -0.416208 -0.329280 0.825813
v -0.400058 -0.313903 0.838513
v -0.430479 -0.286281 0.831988
v -0.408457 -0.286281 0.842314
v -0.438173 -0.259335 0.835745
v -0.421459 -0.243688 0.846590
v -0.418410 -0.198194 0.856738
v -0.418410 -0.154151 0.863474
v -0.414010 -0.105719 0.871176
v -0.396395 -0.088113 0.880866
v -0.419915 -0.066065 0.871816
v -0.397894 -0.066065 0.881526
v -0.422245 -0.022022 0.872799
v -0.400223 -0.022022 0.882549
v -0.389898 -0.343265 0.834011
v -0.374877 -0.329280 0.844764
v -0.374367 -0.286281 0.857347
v -0.370224 -0.238404 0.870205
v -0.352781 -0.221167 0.881041
v -0.379487 -0.198194 0.873726
v -0.357466 -0.198194 0.882933
v -0.387159 -0.154151 0.877002
v -0.365138 -0.154151 0.886038
v -0.392373 -0.117475 0.879186
v -0.376362 -0.105719 0.886959
v -0.374367 -0.066065 0.890878
v -0.374367 -0.022022 0.892897
v -0.330324 -0.945530 0.022022
v -0.330324 -0.950046 0.066065
v -0.330324 -0.957340 0.110108
v -0.330324 -0.964273 0.154151
v -0.330324 -0.967630 0.198194
v -0.330324 -0.968045 0.242237
v -0.330324 -0.967118 0.286281
v -0.330324 -0.963233 0.330324
v -0.286281 -0.946299 0.022022
v -0.286281 -0.950263 0.066065
v -0.286281 -0.956846 0.110108
v -0.286281 -0.963358 0.154151
v -0.286281 -0.967160 0.198194
v -0.286281 -0.968102 0.242237
v -0.286281 -0.968128 0.286281
v -0.286281 -0.966904 0.330324
v -0.242237 -0.944619 0.022022
v -0.242237 -0.947750 0.066065
v -0.242237 -0.953391 0.110108
v -0.242237 -0.959691 0.154151
v -0.242237 -0.964778 0.198194
v -0.242237 -0.967426 0.242237
v -0.242237 -0.968091 0.286281
v -0.242237 -0.967877 0.330324
v -0.198194 -0.939919 0.022022
v -0.198194 -0.942275 0.066065
v -0.198194 -0.947155 0.110108
v -0.198194 -0.953699 0.154151
v -0.198194 -0.960165 0.198194
v -0.198194 -0.965032 0.242237
v -0.198194 -0.967144 0.286281
v -0.198194 -0.966538 0.330324
v -0.154151 -0.931110 0.022022
v -0.154151 -0.933256 0.066065
v -0.154151 -0.938451 0.110108
v -0.154151 -0.946182 0.154151
v -0.154151 -0.954039 0.198194
v -0.154151 -0.960039 0.242237
v -0.154151 -0.962731 0.286281
v -0.154151 -0.961274 0.330324
v -0.131148 -0.925214 0.022022
v -0.126732 -0.926349 0.066065
v -0.110854 -0.929070 0.111456
v -0.110108 -0.937954 0.154151
v -0.110108 -0.946786 0.198194
v -0.110108 -0.952627 0.242237
v -0.110108 -0.954361 0.286281
v -0.110108 -0.951818 0.330324
v -0.109127 -0.917964 0.022022
v -0.104711 -0.919983 0.066065
v -0.096671 -0.922610 0.097673
v -0.082196 -0.926100 0.127035
v -0.066935 -0.930008 0.153302
v -0.066065 -0.939789 0.198194
v -0.066065 -0.945028 0.242237
v -0.066065 -0.945287 0.286281
v -0.066065 -0.941774 0.330324
v -0.066065 -0.902349 0.022022
v -0.066065 -0.907572 0.066065
v -0.066935 -0.918889 0.111456
v -0.052834 -0.923147 0.138055
v -0.022022 -0.927670 0.164651
v -0.022022 -0.934823 0.198194
v -0.022022 -0.939860 0.242237
v -0.022022 -0.938972 0.286281
v -0.022022 -0.935079 0.330324
v -0.022022 -0.896418 0.022022
v -0.022022 -0.901175 0.066065
v -0.022022 -0.913730 0.110108
v -0.022022 -0.922651 0.142629
v -0.330324 -0.954685 0.374367
v -0.330324 -0.940764 0.418410
v -0.330324 -0.928665 0.448094
v -0.330324 -0.917262 0.470116
v -0.330058 -0.893745 0.508710
v -0.315200 -0.883164 0.531483
v -0.344562 -0.878111 0.524867
v -0.333144 -0.859983 0.551744
v -0.321727 -0.841854 0.578069
v -0.351089 -0.836264 0.572004
v -0.334671 -0.816930 0.596310
v -0.318254 -0.797596 0.620783
v -0.347616 -0.790208 0.614552
v -0.328855 -0.769976 0.637975
v -0.310094 -0.749743 0.661373
v -0.339456 -0.741144 0.655167
v -0.326994 -0.726563 0.670561
v -0.286281 -0.960956 0.374367
v -0.286281 -0.948529 0.418410
v -0.286281 -0.932871 0.457418
v -0.286281 -0.922280 0.479439
v -0.286281 -0.905968 0.506496
v -0.286281 -0.886572 0.536243
v -0.286281 -0.869093 0.558264
v -0.286281 -0.847071 0.583943
v -0.286281 -0.825566 0.605965
v -0.286281 -0.803545 0.626121
v -0.286281 -0.776909 0.648143
v -0.286281 -0.754888 0.665310
v -0.283941 -0.723316 0.688516
v -0.242237 -0.963272 0.374367
v -0.242237 -0.951877 0.418410
v -0.241364 -0.933042 0.466334
v -0.226100 -0.925179 0.484964
v -0.255462 -0.924471 0.483602
v -0.241364 -0.913892 0.502385
v -0.242237 -0.889443 0.540865
v -0.242237 -0.873257 0.562887
v -0.242237 -0.851235 0.589062
v -0.242237 -0.831306 0.611084
v -0.242237 -0.809285 0.631673
v -0.242237 -0.784481 0.653695
v -0.242237 -0.762459 0.671419
v -0.242237 -0.732832 0.693440
v -0.198194 -0.961516 0.374367
v -0.198194 -0.950517 0.418410
v -0.200547 -0.932590 0.465675
v -0.216796 -0.925179 0.484964
v -0.187434 -0.923993 0.482505
v -0.200547 -0.913871 0.502385
v -0.198194 -0.889776 0.541816
v -0.198194 -0.874584 0.563837
v -0.198194 -0.852562 0.591510
v -0.198194 -0.834045 0.613532
v -0.198194 -0.812024 0.635423
v -0.198194 -0.789134 0.657445
v -0.198194 -0.767112 0.675867
v -0.198194 -0.739244 0.697889
v -0.154151 -0.955320 0.374367
v -0.154151 -0.944200 0.418410
v -0.154151 -0.931089 0.455126
v -0.154151 -0.921840 0.477147
v -0.154151 -0.907110 0.506496
v -0.154151 -0.888155 0.539753
v -0.154151 -0.873518 0.561774
v -0.154151 -0.851496 0.591462
v -0.154151 -0.834255 0.613483
v -0.154151 -0.812233 0.637150
v -0.154151 -0.791204 0.659172
v -0.154151 -0.769182 0.678701
v -0.154151 -0.743479 0.700723
v -0.110108 -0.945292 0.374367
v -0.106916 -0.932960 0.421881
v -0.119469 -0.927585 0.447313
v -0.090107 -0.924482 0.438876
v -0.106916 -0.919277 0.462178
v -0.110108 -0.900526 0.506496
v -0.110108 -0.885223 0.535694
v -0.110108 -0.871406 0.557716
v -0.110108 -0.849385 0.589972
v -0.110108 -0.833288 0.611994
v -0.110108 -0.811266 0.637570
v -0.110108 -0.791730 0.659592
v -0.110108 -0.769708 0.680074
v -0.110108 -0.745537 0.702096
v -0.066065 -0.935061 0.374367
v -0.066065 -0.927853 0.407729
v -0.066065 -0.922567 0.429750
v -0.066065 -0.912500 0.462453
v -0.066065 -0.894517 0.506496
v -0.066065 -0.882562 0.531496
v -0.066065 -0.869520 0.553518
v -0.066065 -0.847499 0.588269
v -0.066065 -0.832241 0.610291
v -0.066065 -0.810219 0.637596
v -0.066065 -0.791815 0.659617
v -0.066065 -0.769794 0.680892
v -0.066065 -0.746639 0.702913
v -0.021792 -0.928286 0.377381
v -0.036320 -0.925329 0.398383
v -0.006958 -0.924539 0.394072
v -0.021792 -0.920872 0.415203
v -0.022022 -0.908091 0.462453
v -0.020628 -0.889093 0.510614
v -0.034379 -0.881282 0.529299
v -0.005017 -0.880643 0.528040
v -0.020628 -0.870836 0.546604
v -0.022022 -0.846472 0.587184
v -0.022022 -0.831610 0.609206
v -0.022022 -0.809589 0.637200
v -0.022022 -0.791475 0.659222
v -0.022022 -0.769454 0.681263
v -0.022022 -0.747129 0.703285
v -0.267701 -0.706371 0.705823
v -0.242237 -0.710810 0.708955
v -0.198194 -0.717222 0.713589
v -0.154151 -0.721458 0.717039
v -0.110108 -0.723515 0.719129
v -0.066065 -0.724618 0.720282
v -0.022022 -0.725108 0.720904
v -0.333989 -0.683358 0.696258
v -0.351114 -0.659844 0.704201
v -0.297063 -0.698499 0.700879
v -0.321752 -0.669137 0.709850
v -0.333989 -0.642548 0.720824
v -0.330324 -0.606154 0.743010
v -0.330324 -0.584132 0.755126
v -0.330324 -0.550539 0.772506
v -0.330324 -0.518628 0.788136
v -0.330324 -0.496607 0.798512
v -0.330324 -0.462453 0.813553
v -0.332092 -0.420230 0.830177
v -0.318590 -0.406763 0.840804
v -0.347952 -0.391501 0.835055
v -0.332092 -0.375839 0.846721
v -0.283941 -0.683358 0.714530
v -0.288967 -0.638340 0.739687
v -0.276077 -0.623468 0.752650
v -0.305440 -0.614845 0.747752
v -0.288967 -0.597931 0.762552
v -0.290368 -0.551610 0.786527
v -0.278412 -0.537642 0.797200
v -0.307774 -0.528171 0.792608
v -0.290368 -0.510693 0.806336
v -0.287445 -0.462169 0.829088
v -0.273540 -0.447299 0.839723
v -0.302902 -0.436125 0.835120
v -0.287445 -0.420230 0.846132
v -0.286281 -0.374367 0.863359
v -0.242237 -0.682669 0.726897
v -0.242237 -0.653709 0.744654
v -0.242237 -0.631687 0.757507
v -0.240697 -0.591593 0.780532
v -0.224989 -0.574919 0.794080
v -0.254351 -0.567004 0.790033
v -0.240697 -0.551610 0.801406
v -0.239782 -0.503287 0.825065
v -0.223463 -0.486467 0.837740
v -0.252826 -0.476661 0.833513
v -0.239782 -0.462169 0.843337
v -0.242237 -0.418410 0.860253
v -0.244575 -0.375181 0.875477
v -0.231452 -0.361042 0.883795
v -0.199934 -0.680181 0.737716
v -0.186412 -0.663841 0.750704
v -0.215774 -0.659213 0.747868
v -0.199934 -0.642169 0.761063
v -0.198194 -0.602109 0.784689
v -0.198194 -0.580087 0.796947
v -0.198194 -0.550539 0.812212
v -0.198194 -0.514376 0.830063
v -0.198194 -0.492354 0.840521
v -0.198194 -0.462453 0.853463
v -0.197084 -0.415910 0.872392
v -0.181662 -0.399561 0.882063
v -0.211024 -0.390405 0.878850
v -0.197084 -0.375181 0.887068
v -0.154151 -0.689959 0.739061
v -0.154151 -0.667937 0.753369
v -0.154151 -0.638626 0.771494
v -0.154151 -0.609626 0.788881
v -0.154151 -0.587604 0.801147
v -0.154151 -0.550539 0.820703
v -0.154151 -0.523421 0.834355
v -0.154151 -0.501399 0.844807
v -0.154151 -0.462453 0.862048
v -0.154151 -0.428053 0.876083
v -0.154151 -0.406031 0.884468
v -0.154151 -0.374367 0.895496
v -0.110108 -0.693721 0.741151
v -0.110108 -0.671700 0.756029
v -0.107244 -0.634487 0.780209
v -0.090654 -0.617047 0.793051
v -0.120016 -0.614304 0.791466
v -0.107244 -0.597607 0.802260
v -0.112952 -0.547839 0.828339
v -0.100167 -0.531357 0.838228
v -0.129529 -0.527889 0.836517
v -0.112952 -0.510523 0.846710
v -0.110108 -0.462453 0.868651
v -0.110108 -0.436519 0.879367
v -0.110108 -0.414497 0.887712
v -0.110108 -0.374367 0.901889
v -0.066065 -0.695754 0.742303
v -0.066065 -0.673732 0.757688
v -0.066065 -0.640528 0.779710
v -0.066065 -0.618507 0.793973
v -0.066065 -0.594583 0.807759
v -0.066065 -0.556441 0.828585
v -0.066065 -0.534420 0.839740
v -0.066065 -0.506496 0.853122
v -0.069647 -0.459255 0.873900
v -0.057354 -0.442441 0.881693
v -0.086716 -0.440212 0.880777
v -0.069647 -0.422683 0.888500
v -0.066065 -0.374367 0.906016
v -0.022022 -0.696836 0.742925
v -0.022022 -0.674814 0.758676
v -0.022022 -0.642314 0.780698
v -0.022022 -0.620293 0.795094
v -0.022022 -0.594583 0.809993
v -0.022022 -0.558628 0.829697
v -0.022022 -0.536606 0.840822
v -0.022022 -0.506496 0.855188
v -0.022022 -0.466092 0.873208
v -0.022022 -0.444070 0.882366
v -0.022022 -0.418410 0.892142
v -0.022022 -0.374367 0.907732
v -0.330324 -0.330324 0.862148
v -0.330059 -0.287266 0.874395
v -0.315202 -0.273242 0.883169
v -0.344564 -0.250529 0.878192
v -0.330059 -0.238404 0.885374
v -0.330324 -0.198194 0.892278
v -0.330324 -0.154151 0.898607
v -0.330324 -0.110108 0.903672
v -0.330324 -0.066065 0.907216
v -0.330324 -0.022022 0.909282
v -0.288037 -0.332886 0.876029
v -0.274527 -0.319913 0.884239
v -0.303889 -0.302604 0.879401
v -0.288037 -0.287266 0.888552
v -0.286281 -0.242237 0.899022
v -0.286281 -0.198194 0.906496
v -0.286281 -0.154151 0.912694
v -0.283253 -0.109319 0.918855
v -0.266553 -0.094112 0.925586
v -0.291736 -0.066065 0.919885
v -0.269714 -0.066065 0.926516
v -0.295273 -0.022022 0.920955
v -0.273252 -0.022022 0.927561
v -0.260814 -0.349275 0.879946
v -0.244575 -0.332886 0.888893
v -0.242237 -0.286281 0.902069
v -0.242237 -0.242237 0.911478
v -0.240032 -0.197186 0.919467
v -0.223881 -0.181833 0.925801
v -0.253084 -0.154151 0.922146
v -0.231063 -0.154151 0.927618
v -0.260376 -0.123474 0.923928
v -0.244312 -0.109319 0.929583
v -0.242237 -0.066065 0.933724
v -0.242237 -0.022022 0.935842
v -0.198194 -0.330324 0.900756
v -0.198194 -0.286281 0.912458
v -0.198869 -0.244511 0.921282
v -0.184638 -0.231345 0.926811
v -0.214000 -0.211195 0.923484
v -0.198869 -0.197186 0.929030
v -0.198194 -0.154151 0.935072
v -0.198194 -0.110108 0.940228
v -0.198194 -0.066065 0.943879
v -0.198194 -0.022022 0.945982
v -0.154151 -0.330324 0.909021
v -0.155841 -0.285327 0.920616
v -0.142286 -0.270010 0.926280
v -0.171648 -0.260708 0.924279
v -0.155841 -0.244511 0.929234
v -0.154151 -0.198194 0.937056
v -0.154151 -0.154151 0.943088
v -0.154151 -0.110108 0.948203
v -0.154151 -0.066065 0.951838
v -0.154151 -0.022022 0.953912
v -0.110108 -0.330324 0.915224
v -0.110108 -0.300673 0.923068
v -0.110108 -0.278652 0.928364
v -0.110108 -0.242237 0.935673
v -0.110108 -0.198194 0.942921
v -0.110108 -0.154151 0.948910
v -0.110108 -0.110108 0.953936
v -0.110108 -0.066065 0.957470
v -0.110108 -0.022022 0.959468
v -0.066927 -0.326948 0.920092
v -0.052821 -0.310017 0.925352
v -0.082183 -0.307060 0.924605
v -0.066927 -0.289940 0.929491
v -0.066065 -0.242237 0.939568
v -0.066065 -0.198194 0.946667
v -0.066065 -0.154151 0.952506
v -0.066065 -0.110108 0.957418
v -0.066065 -0.066065 0.960785
v -0.066065 -0.022022 0.962720
v -0.022022 -0.334096 0.919978
v -0.022022 -0.312075 0.925910
v -0.022022 -0.286281 0.932210
v -0.022022 -0.242237 0.941223
v -0.022022 -0.198194 0.948151
v -0.022022 -0.154151 0.953941
v -0.022022 -0.110108 0.958700
v -0.022022 -0.066065 0.961793
v -0.022022 -0.022022 0.963552
v -0.888193 0.022022 -0.370871
v -0.885960 0.066065 -0.365572
v -0.882898 0.110108 -0.357745
v -0.880988 0.132802 -0.352684
v -0.837268 0.005405 -0.485300
v -0.845925 0.020860 -0.465973
v -0.868467 0.022022 -0.418410
v -0.879444 0.022022 -0.392893
v -0.845752 0.066065 -0.458020
v -0.864294 0.066065 -0.418410
v -0.877384 0.066065 -0.387594
v -0.842760 0.110108 -0.452181
v -0.858388 0.110108 -0.418410
v -0.874469 0.110108 -0.379767
v -0.839560 0.145677 -0.445853
v -0.847759 0.157875 -0.422499
v -0.870953 0.150150 -0.370166
v -0.843009 0.198194 -0.410308
v -0.857965 0.198194 -0.374367
v -0.838797 0.225668 -0.400793
v -0.844356 0.241105 -0.373852
v -0.839497 0.270441 -0.358827
v -0.802219 0.022022 -0.543630
v -0.826294 0.020860 -0.502587
v -0.836050 0.034767 -0.483001
v -0.800220 0.066065 -0.540477
v -0.819935 0.066065 -0.506496
v -0.834513 0.066065 -0.480042
v -0.797054 0.110108 -0.535402
v -0.813717 0.110108 -0.506496
v -0.831461 0.110108 -0.474202
v -0.794290 0.139105 -0.530927
v -0.803620 0.153932 -0.509159
v -0.828994 0.157875 -0.461302
v -0.836580 0.175039 -0.439905
v -0.799445 0.198194 -0.496167
v -0.817747 0.198194 -0.462453
v -0.833100 0.198194 -0.432329
v -0.794951 0.225981 -0.488287
v -0.802676 0.241292 -0.462943
v -0.825704 0.241105 -0.416648
v -0.833332 0.255030 -0.388189
v -0.797139 0.273338 -0.448588
v -0.804798 0.287324 -0.419569
v -0.826346 0.285585 -0.373852
v -0.797256 0.316371 -0.405661
v -0.803626 0.330761 -0.373567
v -0.750831 0.022022 -0.619444
v -0.768440 0.022022 -0.594583
v -0.788364 0.022022 -0.565651
v -0.749534 0.051920 -0.617680
v -0.761718 0.066387 -0.598416
v -0.786385 0.066065 -0.562499
v -0.761126 0.110108 -0.590144
v -0.783148 0.110108 -0.557424
v -0.756514 0.154151 -0.583538
v -0.780341 0.153932 -0.547581
v -0.791039 0.168467 -0.525615
v -0.752259 0.186801 -0.577482
v -0.763518 0.200167 -0.553699
v -0.786592 0.198194 -0.518189
v -0.756463 0.242237 -0.540436
v -0.779208 0.241292 -0.504379
v -0.789219 0.255343 -0.477951
v -0.750868 0.268453 -0.531802
v -0.759055 0.284393 -0.505914
v -0.782570 0.287324 -0.462943
v -0.790060 0.302700 -0.435023
v -0.752679 0.314932 -0.490844
v -0.760186 0.329897 -0.461447
v -0.781880 0.330761 -0.419569
v -0.788835 0.345733 -0.387715
v -0.711598 0.022022 -0.668467
v -0.733620 0.022022 -0.641465
v -0.709447 0.066065 -0.666069
v -0.734501 0.066387 -0.634867
v -0.748033 0.081283 -0.615652
v -0.707072 0.099064 -0.663369
v -0.721101 0.112290 -0.642452
v -0.745439 0.110108 -0.612165
v -0.718468 0.154151 -0.633896
v -0.740490 0.154151 -0.605559
v -0.711895 0.198194 -0.625673
v -0.736037 0.200167 -0.593131
v -0.747329 0.216163 -0.570487
v -0.706915 0.225381 -0.619357
v -0.718129 0.240932 -0.595618
v -0.741841 0.242237 -0.562458
v -0.711587 0.276853 -0.581628
v -0.727475 0.287334 -0.551410
v -0.743363 0.297815 -0.520207
v -0.714001 0.322765 -0.541655
v -0.728724 0.333530 -0.509567
v -0.743446 0.344294 -0.475457
v -0.929254 0.022022 -0.237934
v -0.938249 0.022022 -0.198194
v -0.946769 0.022022 -0.154151
v -0.953305 0.022022 -0.110108
v -0.958069 0.022022 -0.066065
v -0.961058 0.022022 -0.022022
v -0.927168 0.066065 -0.229077
v -0.934069 0.066065 -0.198194
v -0.942704 0.066065 -0.154151
v -0.949503 0.066065 -0.110108
v -0.954560 0.066065 -0.066065
v -0.957755 0.066065 -0.022022
v -0.925623 0.092130 -0.222938
v -0.928374 0.108130 -0.197318
v -0.936615 0.110108 -0.154151
v -0.943610 0.110108 -0.110108
v -0.948825 0.110108 -0.066065
v -0.952105 0.110108 -0.022022
v -0.926156 0.138407 -0.182052
v -0.928846 0.153513 -0.153544
v -0.935746 0.154151 -0.110108
v -0.941069 0.154151 -0.066065
v -0.944368 0.154151 -0.022022
v -0.926176 0.181428 -0.138458
v -0.928238 0.190059 -0.110108
v -0.930539 0.201746 -0.068682
v -0.934986 0.198194 -0.022022
v -0.926244 0.225045 -0.055745
v -0.927285 0.228928 -0.022022
v -0.902766 0.022022 -0.330324
v -0.916370 0.022022 -0.286281
v -0.923819 0.022022 -0.259956
v -0.898246 0.066065 -0.330324
v -0.911744 0.066065 -0.286281
v -0.921480 0.066065 -0.251099
v -0.892084 0.110108 -0.330324
v -0.905414 0.110108 -0.286281
v -0.918447 0.108130 -0.239466
v -0.923017 0.121492 -0.211415
v -0.885060 0.150150 -0.329739
v -0.897299 0.154151 -0.286281
v -0.909114 0.154151 -0.242237
v -0.919847 0.153513 -0.197318
v -0.923212 0.167769 -0.167820
v -0.882862 0.183866 -0.314668
v -0.887148 0.198406 -0.286897
v -0.899267 0.198194 -0.242237
v -0.909671 0.198194 -0.198194
v -0.919317 0.196943 -0.153544
v -0.922925 0.212080 -0.110108
v -0.924565 0.218794 -0.085108
v -0.883255 0.227801 -0.272627
v -0.887024 0.242384 -0.241491
v -0.897534 0.242237 -0.198194
v -0.906939 0.242237 -0.154151
v -0.914601 0.242237 -0.110108
v -0.920364 0.240731 -0.068682
v -0.921184 0.250949 -0.022022
v -0.882509 0.268446 -0.226313
v -0.885841 0.277386 -0.198194
v -0.890266 0.289866 -0.157126
v -0.900354 0.286281 -0.110108
v -0.906576 0.286281 -0.066065
v -0.910041 0.286281 -0.022022
v -0.883508 0.314116 -0.144429
v -0.886656 0.320962 -0.110108
v -0.888397 0.332559 -0.063315
v -0.892725 0.330324 -0.022022
v -0.878216 0.162164 -0.344030
v -0.874105 0.198406 -0.329739
v -0.879021 0.213228 -0.301990
v -0.860255 0.242237 -0.330324
v -0.874240 0.242384 -0.286897
v -0.878523 0.257163 -0.255675
v -0.844048 0.285585 -0.328535
v -0.857855 0.286281 -0.286281
v -0.871934 0.284388 -0.241491
v -0.877324 0.299408 -0.198194
v -0.880341 0.306937 -0.173791
v -0.838366 0.311321 -0.312661
v -0.842732 0.319798 -0.286281
v -0.848717 0.333304 -0.243982
v -0.862739 0.330324 -0.198194
v -0.873272 0.329408 -0.157126
v -0.876265 0.342983 -0.110108
v -0.879090 0.348730 -0.076162
v -0.833054 0.299803 -0.342023
v -0.823534 0.327731 -0.328535
v -0.831040 0.341819 -0.286281
v -0.835497 0.349973 -0.259826
v -0.795465 0.356607 -0.358353
v -0.751912 0.357096 -0.446095
v -0.757815 0.372813 -0.415399
v -0.778174 0.372519 -0.373567
v -0.749952 0.397941 -0.398710
v -0.755458 0.404731 -0.374367
v -0.714084 0.365483 -0.498928
v -0.727944 0.375971 -0.464371
v -0.741804 0.386459 -0.428073
v -0.712441 0.405488 -0.453285
v -0.724805 0.416395 -0.415051
v -0.736804 0.426753 -0.374367
v -0.707806 0.443749 -0.402029
v -0.714782 0.451080 -0.374367
v -0.881270 0.353115 -0.046800
v -0.881846 0.354234 -0.022022
v -0.839827 0.357511 -0.230464
v -0.844256 0.365306 -0.198194
v -0.848292 0.377231 -0.154680
v -0.859315 0.374367 -0.110108
v -0.869435 0.370425 -0.063315
v -0.870186 0.376256 -0.022022
v -0.838709 0.399074 -0.140351
v -0.841891 0.403699 -0.110108
v -0.845887 0.409476 -0.066065
v -0.848164 0.413107 -0.022022
v -0.801016 0.365474 -0.330324
v -0.808379 0.377908 -0.289157
v -0.826314 0.373062 -0.243982
v -0.831246 0.387327 -0.198194
v -0.835241 0.393822 -0.169713
v -0.797124 0.402104 -0.276393
v -0.802658 0.409187 -0.242237
v -0.806909 0.420815 -0.197085
v -0.822464 0.415617 -0.154680
v -0.825456 0.425720 -0.110108
v -0.829974 0.431497 -0.066065
v -0.832850 0.435129 -0.022022
v -0.794401 0.442404 -0.181664
v -0.798037 0.446766 -0.154151
v -0.803434 0.453226 -0.110108
v -0.807953 0.458873 -0.066065
v -0.807826 0.466451 -0.023242
v -0.793790 0.485527 -0.009375
v -0.786853 0.387495 -0.330324
v -0.791811 0.394951 -0.305755
v -0.762834 0.419748 -0.328802
v -0.780155 0.417435 -0.289157
v -0.785161 0.431209 -0.242237
v -0.790050 0.437100 -0.211026
v -0.750772 0.442823 -0.313107
v -0.755702 0.448406 -0.286281
v -0.763139 0.456578 -0.242237
v -0.770850 0.462742 -0.198554
v -0.778195 0.468788 -0.154151
v -0.784099 0.475248 -0.110108
v -0.789370 0.480895 -0.066065
v -0.792126 0.483797 -0.038737
v -0.751651 0.487192 -0.186082
v -0.756173 0.491435 -0.154151
v -0.762078 0.496960 -0.110108
v -0.767349 0.501702 -0.066065
v -0.774769 0.501571 -0.023242
v -0.744392 0.435322 -0.342469
v -0.725764 0.461748 -0.328141
v -0.734677 0.470427 -0.286281
v -0.742767 0.478599 -0.242237
v -0.747286 0.483081 -0.215444
v -0.707136 0.486623 -0.313812
v -0.712655 0.491557 -0.286281
v -0.720746 0.498754 -0.242237
v -0.726328 0.506386 -0.197004
v -0.730820 0.513457 -0.154151
v -0.736954 0.518982 -0.110108
v -0.742628 0.523723 -0.066065
v -0.746873 0.527078 -0.022022
v -0.705371 0.529024 -0.178563
v -0.708798 0.531465 -0.154151
v -0.714933 0.535634 -0.110108
v -0.720606 0.539311 -0.066065
v -0.724852 0.542153 -0.022022
v -0.669565 0.022022 -0.713449
v -0.667424 0.066065 -0.711415
v -0.663787 0.110108 -0.707818
v -0.661139 0.133995 -0.705180
v -0.624048 0.022022 -0.755106
v -0.646070 0.022022 -0.735471
v -0.621868 0.066065 -0.753254
v -0.643889 0.066065 -0.733437
v -0.619250 0.099155 -0.751010
v -0.635809 0.112345 -0.733151
v -0.640806 0.150866 -0.719365
v -0.628400 0.198194 -0.715489
v -0.621357 0.229230 -0.709023
v -0.573766 0.014435 -0.793632
v -0.590902 0.026278 -0.780249
v -0.594583 0.066065 -0.774318
v -0.598432 0.112345 -0.764490
v -0.615679 0.128517 -0.747954
v -0.589795 0.154151 -0.762020
v -0.611816 0.154151 -0.744688
v -0.581355 0.198194 -0.755554
v -0.603376 0.198194 -0.737511
v -0.575063 0.224668 -0.750677
v -0.594229 0.241630 -0.726425
v -0.582140 0.286281 -0.712849
v -0.573861 0.309883 -0.705794
v -0.554931 0.026278 -0.805446
v -0.572540 0.043797 -0.792762
v -0.549185 0.066065 -0.806501
v -0.571207 0.066065 -0.791819
v -0.544863 0.110108 -0.803665
v -0.566885 0.110108 -0.788743
v -0.538178 0.154151 -0.799252
v -0.560199 0.154151 -0.784041
v -0.532500 0.184010 -0.795439
v -0.548524 0.198492 -0.779168
v -0.551003 0.240504 -0.760725
v -0.565993 0.254030 -0.743828
v -0.536631 0.274684 -0.754508
v -0.551003 0.288131 -0.736178
v -0.547391 0.326868 -0.713640
v -0.494491 0.022022 -0.842425
v -0.516512 0.022022 -0.829993
v -0.491896 0.066065 -0.840954
v -0.513918 0.066065 -0.828523
v -0.488337 0.100899 -0.838967
v -0.504409 0.113391 -0.827723
v -0.506496 0.154151 -0.818403
v -0.508549 0.198492 -0.804855
v -0.524598 0.213372 -0.790363
v -0.492726 0.242237 -0.797603
v -0.514748 0.242237 -0.784286
v -0.484716 0.264531 -0.792917
v -0.504878 0.284289 -0.769907
v -0.525040 0.304046 -0.746292
v -0.495678 0.319165 -0.755944
v -0.508814 0.332437 -0.737704
v -0.462453 0.022022 -0.858492
v -0.462453 0.066065 -0.855683
v -0.466487 0.113391 -0.847822
v -0.483858 0.130261 -0.836502
v -0.456959 0.154151 -0.844947
v -0.478980 0.154151 -0.833950
v -0.448404 0.188857 -0.840752
v -0.462832 0.201400 -0.829303
v -0.462453 0.242237 -0.814210
v -0.458982 0.282039 -0.798225
v -0.471349 0.293893 -0.785306
v -0.441987 0.309695 -0.793623
v -0.460862 0.329111 -0.769856
v -0.479738 0.348527 -0.745901
v -0.404921 0.022022 -0.884566
v -0.426943 0.022022 -0.874909
v -0.401869 0.066065 -0.883227
v -0.423890 0.066065 -0.873570
v -0.398840 0.094748 -0.881914
v -0.415476 0.109701 -0.872181
v -0.418410 0.154151 -0.862723
v -0.421966 0.201400 -0.848858
v -0.439018 0.218219 -0.836186
v -0.409656 0.234825 -0.842633
v -0.421966 0.246598 -0.832470
v -0.418410 0.286281 -0.816158
v -0.418410 0.318503 -0.799099
v -0.418410 0.340525 -0.784776
v -0.374367 0.022022 -0.896003
v -0.374367 0.066065 -0.893259
v -0.376599 0.109701 -0.887470
v -0.392768 0.124111 -0.879565
v -0.362479 0.154151 -0.884371
v -0.384501 0.154151 -0.876618
v -0.354797 0.179090 -0.881708
v -0.371433 0.195541 -0.870862
v -0.378726 0.246598 -0.850455
v -0.396313 0.264187 -0.836790
v -0.366951 0.276769 -0.842490
v -0.378726 0.289382 -0.831926
v -0.376567 0.333245 -0.808392
v -0.392715 0.349873 -0.791119
v -0.691586 0.022022 -0.690489
v -0.689446 0.066065 -0.688090
v -0.689090 0.112290 -0.679897
v -0.703865 0.128426 -0.659684
v -0.675322 0.150866 -0.684855
v -0.700643 0.154151 -0.655918
v -0.671523 0.198194 -0.672490
v -0.693545 0.198194 -0.647694
v -0.665039 0.229441 -0.665454
v -0.682645 0.242092 -0.638501
v -0.700252 0.254743 -0.610990
v -0.669670 0.286281 -0.626883
v -0.693588 0.289433 -0.595618
v -0.703518 0.306215 -0.571017
v -0.662436 0.310887 -0.618632
v -0.671786 0.327470 -0.592577
v -0.697045 0.334597 -0.554018
v -0.704534 0.352127 -0.528290
v -0.656940 0.163357 -0.700993
v -0.650421 0.198194 -0.694512
v -0.639606 0.244017 -0.683625
v -0.657854 0.258803 -0.657644
v -0.627577 0.286281 -0.671500
v -0.649599 0.286281 -0.648905
v -0.619347 0.311961 -0.663332
v -0.635247 0.326105 -0.635025
v -0.651147 0.340249 -0.605921
v -0.613395 0.258592 -0.701795
v -0.604162 0.286281 -0.693521
v -0.590409 0.325603 -0.678902
v -0.606956 0.341323 -0.651419
v -0.559972 0.339245 -0.694472
v -0.530610 0.354353 -0.706263
v -0.502112 0.371167 -0.712757
v -0.484508 0.396413 -0.704714
v -0.450376 0.360108 -0.754406
v -0.464015 0.374620 -0.734893
v -0.462453 0.403460 -0.711535
v -0.416729 0.374620 -0.761311
v -0.430289 0.389470 -0.743156
v -0.400927 0.398974 -0.751001
v -0.416124 0.417065 -0.725472
v -0.401958 0.443365 -0.707789
v -0.363353 0.359414 -0.797567
v -0.376567 0.374204 -0.780867
v -0.374367 0.405744 -0.757112
v -0.374367 0.427766 -0.736597
v -0.374367 0.449498 -0.714575
v -0.663915 0.356507 -0.576559
v -0.673224 0.372460 -0.548557
v -0.696966 0.377845 -0.510764
v -0.703483 0.394845 -0.482647
v -0.663817 0.399721 -0.532553
v -0.673130 0.409591 -0.506496
v -0.686791 0.422755 -0.468591
v -0.699461 0.434850 -0.431391
v -0.670099 0.449361 -0.454534
v -0.681156 0.461236 -0.415686
v -0.692144 0.473102 -0.374367
v -0.662850 0.486249 -0.399981
v -0.670122 0.492291 -0.374367
v -0.621785 0.358331 -0.622057
v -0.636724 0.372100 -0.592404
v -0.651663 0.385869 -0.561916
v -0.622301 0.401929 -0.578887
v -0.635473 0.415506 -0.546802
v -0.651334 0.431613 -0.506496
v -0.660232 0.440022 -0.483896
v -0.619283 0.442821 -0.531688
v -0.629313 0.451298 -0.506496
v -0.642123 0.465627 -0.467196
v -0.653375 0.478723 -0.429343
v -0.624012 0.490034 -0.450496
v -0.638667 0.496321 -0.416161
v -0.637311 0.515791 -0.374988
v -0.621754 0.531375 -0.360721
v -0.577594 0.357625 -0.665109
v -0.592988 0.372659 -0.637099
v -0.608382 0.387693 -0.608249
v -0.579020 0.402075 -0.622778
v -0.592501 0.416683 -0.592443
v -0.605983 0.431291 -0.561051
v -0.576621 0.443648 -0.576637
v -0.592614 0.451851 -0.548038
v -0.596784 0.474799 -0.509654
v -0.612933 0.481893 -0.479858
v -0.583571 0.491901 -0.497079
v -0.596784 0.500896 -0.464088
v -0.596444 0.521503 -0.422351
v -0.612365 0.526247 -0.390083
v -0.583003 0.533803 -0.410297
v -0.596444 0.539535 -0.374988
v -0.546725 0.370670 -0.679573
v -0.562840 0.386988 -0.652141
v -0.533478 0.400374 -0.664674
v -0.547255 0.415905 -0.635742
v -0.561033 0.431437 -0.605999
v -0.531671 0.442714 -0.619343
v -0.548027 0.451628 -0.592624
v -0.553750 0.475933 -0.553528
v -0.570571 0.483221 -0.526441
v -0.541209 0.492073 -0.540840
v -0.549847 0.506668 -0.505760
v -0.561542 0.522853 -0.462453
v -0.571945 0.528219 -0.439659
v -0.529124 0.528800 -0.485079
v -0.539521 0.533622 -0.462453
v -0.554574 0.542394 -0.422351
v -0.546591 0.562229 -0.370540
v -0.529277 0.572794 -0.353308
v -0.513870 0.383715 -0.694036
v -0.502112 0.407370 -0.680681
v -0.506496 0.432118 -0.651376
v -0.506496 0.450725 -0.629355
v -0.509302 0.474181 -0.596164
v -0.525854 0.482956 -0.570202
v -0.496492 0.491041 -0.582537
v -0.509302 0.501667 -0.553528
v -0.506496 0.523062 -0.517661
v -0.506496 0.533712 -0.495639
v -0.506496 0.547441 -0.462453
v -0.504359 0.563909 -0.416532
v -0.517615 0.569198 -0.382670
v -0.488252 0.573709 -0.400598
v -0.504359 0.575871 -0.370540
v -0.466512 0.428238 -0.683923
v -0.483899 0.440043 -0.660229
v -0.454537 0.448674 -0.670079
v -0.466383 0.464955 -0.641387
v -0.478228 0.481236 -0.611899
v -0.448866 0.488713 -0.622545
v -0.463110 0.498778 -0.596164
v -0.466580 0.522546 -0.553018
v -0.484012 0.528326 -0.528119
v -0.454650 0.534212 -0.539990
v -0.466580 0.542726 -0.510661
v -0.460770 0.563996 -0.460522
v -0.474330 0.569662 -0.429961
v -0.444967 0.573831 -0.444553
v -0.460770 0.576669 -0.416532
v -0.462453 0.584869 -0.374367
v -0.431320 0.435155 -0.699441
v -0.414025 0.460701 -0.680143
v -0.426092 0.478036 -0.651907
v -0.396730 0.484625 -0.660845
v -0.414210 0.493230 -0.637786
v -0.419997 0.518577 -0.594057
v -0.435735 0.526871 -0.569352
v -0.406373 0.531989 -0.579025
v -0.419997 0.540015 -0.553018
v -0.415104 0.562355 -0.502903
v -0.427580 0.569223 -0.473915
v -0.398218 0.573029 -0.485827
v -0.415104 0.576085 -0.460522
v -0.418410 0.585032 -0.418410
v -0.418410 0.592281 -0.374367
v -0.374367 0.471519 -0.688666
v -0.374367 0.488995 -0.666645
v -0.370148 0.511830 -0.634323
v -0.382016 0.524039 -0.608387
v -0.352654 0.528613 -0.616773
v -0.370148 0.535232 -0.594057
v -0.374367 0.554413 -0.550540
v -0.374367 0.568114 -0.515444
v -0.374367 0.575181 -0.493422
v -0.374367 0.582937 -0.462453
v -0.374367 0.591569 -0.418410
v -0.374367 0.596795 -0.374367
v -0.700440 0.480674 -0.343174
v -0.684523 0.499208 -0.329226
v -0.681192 0.516014 -0.288817
v -0.694225 0.520775 -0.242237
v -0.700539 0.525581 -0.207926
v -0.665525 0.531676 -0.275826
v -0.672203 0.535812 -0.242237
v -0.684582 0.538639 -0.195224
v -0.682669 0.548101 -0.154151
v -0.682669 0.555677 -0.110108
v -0.679951 0.563371 -0.068735
v -0.688942 0.564175 -0.022022
v -0.663458 0.573915 -0.055835
v -0.666921 0.575560 -0.022022
v -0.652380 0.523302 -0.330324
v -0.659156 0.527597 -0.305189
v -0.630359 0.536275 -0.330324
v -0.642135 0.541666 -0.288817
v -0.638626 0.554668 -0.242237
v -0.636297 0.564275 -0.199287
v -0.647973 0.567176 -0.154151
v -0.655723 0.570582 -0.110108
v -0.659759 0.572216 -0.085197
v -0.620063 0.573906 -0.185334
v -0.625951 0.576076 -0.154151
v -0.633702 0.578924 -0.110108
v -0.642497 0.580464 -0.068735
v -0.638626 0.586532 -0.022022
v -0.594583 0.554083 -0.330324
v -0.593185 0.565503 -0.287062
v -0.607568 0.569395 -0.242237
v -0.614226 0.571751 -0.214696
v -0.577573 0.574213 -0.272901
v -0.585547 0.576915 -0.242237
v -0.597560 0.579428 -0.199287
v -0.594583 0.585942 -0.154151
v -0.594583 0.590624 -0.110108
v -0.594583 0.594856 -0.066065
v -0.594583 0.598613 -0.022022
v -0.559353 0.568348 -0.330324
v -0.568872 0.571405 -0.302263
v -0.537331 0.575265 -0.330324
v -0.552731 0.578783 -0.287062
v -0.550540 0.586117 -0.242237
v -0.550540 0.591524 -0.198194
v -0.550540 0.595701 -0.154151
v -0.550540 0.599043 -0.110108
v -0.550540 0.602040 -0.066065
v -0.550540 0.604997 -0.022022
v -0.506496 0.582923 -0.330324
v -0.506496 0.589446 -0.286281
v -0.506496 0.594105 -0.242237
v -0.506496 0.597373 -0.198194
v -0.506496 0.599932 -0.154151
v -0.506496 0.602201 -0.110108
v -0.506496 0.604460 -0.066065
v -0.506496 0.607039 -0.022022
v -0.462453 0.591466 -0.330324
v -0.462453 0.595580 -0.286281
v -0.462453 0.597959 -0.242237
v -0.462453 0.599293 -0.198194
v -0.462453 0.599972 -0.154151
v -0.462453 0.600649 -0.110108
v -0.462453 0.601983 -0.066065
v -0.462453 0.604224 -0.022022
v -0.418410 0.596701 -0.330324
v -0.418410 0.598570 -0.286281
v -0.418410 0.598430 -0.242237
v -0.418410 0.597415 -0.198194
v -0.418410 0.596385 -0.154151
v -0.418410 0.595568 -0.110108
v -0.418410 0.595642 -0.066065
v -0.418410 0.597224 -0.022022
v -0.374367 0.598982 -0.330324
v -0.374367 0.598683 -0.286281
v -0.374367 0.596325 -0.242237
v -0.374367 0.592696 -0.198194
v -0.374367 0.589033 -0.154151
v -0.374367 0.586375 -0.110108
v -0.374367 0.585376 -0.066065
v -0.374367 0.586340 -0.022022
v -0.330324 0.022022 -0.910951
v -0.330324 0.066065 -0.908091
v -0.330324 0.110108 -0.902899
v -0.330324 0.154151 -0.895013
v -0.328508 0.195541 -0.885600
v -0.341978 0.208452 -0.877425
v -0.312616 0.224183 -0.882272
v -0.328508 0.240214 -0.870979
v -0.333024 0.289382 -0.849084
v -0.349505 0.306131 -0.835791
v -0.320142 0.315635 -0.840933
v -0.333024 0.330319 -0.827593
v -0.272663 0.022022 -0.926977
v -0.294684 0.022022 -0.921536
v -0.268173 0.056227 -0.925848
v -0.284225 0.068971 -0.920929
v -0.286281 0.110108 -0.915399
v -0.286281 0.154151 -0.907553
v -0.286281 0.198194 -0.896939
v -0.286281 0.233797 -0.885766
v -0.286281 0.255818 -0.877691
v -0.286281 0.286281 -0.864924
v -0.282512 0.330319 -0.844421
v -0.294680 0.344997 -0.832361
v -0.242237 0.022022 -0.934229
v -0.246136 0.068971 -0.930001
v -0.263416 0.085589 -0.924712
v -0.233079 0.110108 -0.927813
v -0.255101 0.110108 -0.922855
v -0.223528 0.135943 -0.925636
v -0.239821 0.152035 -0.918848
v -0.242237 0.198194 -0.907418
v -0.246148 0.246317 -0.891059
v -0.263436 0.263718 -0.880658
v -0.234074 0.272624 -0.884256
v -0.246148 0.286895 -0.875268
v -0.242237 0.330324 -0.855386
v -0.198194 0.022022 -0.943144
v -0.198194 0.066065 -0.939754
v -0.198194 0.110108 -0.934208
v -0.194462 0.152035 -0.927284
v -0.206655 0.165305 -0.922774
v -0.177293 0.176816 -0.925080
v -0.194462 0.194176 -0.917601
v -0.198194 0.242237 -0.902214
v -0.198194 0.281450 -0.887725
v -0.198194 0.303471 -0.878826
v -0.198194 0.330324 -0.865127
v -0.154151 0.022022 -0.950065
v -0.154151 0.066065 -0.946473
v -0.154151 0.110108 -0.940817
v -0.154151 0.154151 -0.932813
v -0.154151 0.182743 -0.926661
v -0.154151 0.204764 -0.920699
v -0.154151 0.242237 -0.908973
v -0.158358 0.290610 -0.890398
v -0.175844 0.308177 -0.880812
v -0.146482 0.312762 -0.883028
v -0.158358 0.328595 -0.872992
v -0.110108 0.022022 -0.955482
v -0.110108 0.066065 -0.951821
v -0.110108 0.110108 -0.946002
v -0.110108 0.154151 -0.937869
v -0.110108 0.192047 -0.929155
v -0.110108 0.214068 -0.923244
v -0.110108 0.242237 -0.914049
v -0.110108 0.286281 -0.897857
v -0.110108 0.316893 -0.885031
v -0.110108 0.338914 -0.873943
v -0.066065 0.022022 -0.959614
v -0.066065 0.066065 -0.955809
v -0.066065 0.110108 -0.949877
v -0.066065 0.154151 -0.941626
v -0.066916 0.201619 -0.930178
v -0.082165 0.218583 -0.924465
v -0.052803 0.222149 -0.925554
v -0.066916 0.238993 -0.918683
v -0.066065 0.286281 -0.901322
v -0.066065 0.320462 -0.886749
v -0.066065 0.342483 -0.875836
v -0.022022 0.022022 -0.962516
v -0.022022 0.066065 -0.958650
v -0.022022 0.110108 -0.952722
v -0.022022 0.154151 -0.944368
v -0.022022 0.198194 -0.933896
v -0.022022 0.224799 -0.926460
v -0.022022 0.246820 -0.918862
v -0.022022 0.286281 -0.904015
v -0.022022 0.323147 -0.888038
v -0.022022 0.345168 -0.877228
v -0.326023 0.374204 -0.801822
v -0.337837 0.388776 -0.786999
v -0.308475 0.396466 -0.792840
v -0.325193 0.416053 -0.768742
v -0.341912 0.435639 -0.744134
v -0.312550 0.442233 -0.750484
v -0.325401 0.460591 -0.724549
v -0.308890 0.484700 -0.704964
v -0.265318 0.352859 -0.837148
v -0.282512 0.370271 -0.819545
v -0.286281 0.401087 -0.796549
v -0.286281 0.423109 -0.777552
v -0.286281 0.447331 -0.755530
v -0.286281 0.469353 -0.731599
v -0.286281 0.488460 -0.709577
v -0.242237 0.357727 -0.840204
v -0.242237 0.379748 -0.825435
v -0.242237 0.409617 -0.803413
v -0.242237 0.431639 -0.785155
v -0.242237 0.454808 -0.763133
v -0.242237 0.476829 -0.739868
v -0.242237 0.495115 -0.717846
v -0.198194 0.365749 -0.845143
v -0.198194 0.387771 -0.830988
v -0.195736 0.420876 -0.806187
v -0.208778 0.437201 -0.789984
v -0.179416 0.441307 -0.793541
v -0.193972 0.461435 -0.769776
v -0.208528 0.481564 -0.745351
v -0.179166 0.485222 -0.749568
v -0.195586 0.497833 -0.729087
v -0.151156 0.376689 -0.846850
v -0.163840 0.392919 -0.834510
v -0.134478 0.396983 -0.837241
v -0.151156 0.414362 -0.820568
v -0.154151 0.444360 -0.796217
v -0.154151 0.466382 -0.774616
v -0.154151 0.487975 -0.752594
v -0.151061 0.512342 -0.722653
v -0.134319 0.528907 -0.705265
v -0.110108 0.374367 -0.853673
v -0.110108 0.398883 -0.838572
v -0.110108 0.420904 -0.821827
v -0.110108 0.448519 -0.799805
v -0.110108 0.470540 -0.778844
v -0.110108 0.491896 -0.756822
v -0.110108 0.513918 -0.729598
v -0.110108 0.530474 -0.707576
v -0.066065 0.374367 -0.857548
v -0.066065 0.401735 -0.840554
v -0.066065 0.423756 -0.824143
v -0.066065 0.451305 -0.802122
v -0.066065 0.473326 -0.781790
v -0.066065 0.494637 -0.759768
v -0.066065 0.516659 -0.733261
v -0.066065 0.533032 -0.711239
v -0.022022 0.374367 -0.860257
v -0.022022 0.403610 -0.841871
v -0.022022 0.425632 -0.825643
v -0.022022 0.453096 -0.803622
v -0.022022 0.475118 -0.783684
v -0.022022 0.496545 -0.761663
v -0.022022 0.518567 -0.735903
v -0.022022 0.534909 -0.713881
v -0.338252 0.478948 -0.697808
v -0.326272 0.494545 -0.682944
v -0.330324 0.518914 -0.644621
v -0.330324 0.531880 -0.622600
v -0.330324 0.545779 -0.594583
v -0.330862 0.565316 -0.548753
v -0.345901 0.571315 -0.524415
v -0.316539 0.574067 -0.532881
v -0.330862 0.578261 -0.508439
v -0.330324 0.588901 -0.462453
v -0.330324 0.595468 -0.418410
v -0.330324 0.598594 -0.374367
v -0.286281 0.507477 -0.682669
v -0.286281 0.525513 -0.655498
v -0.286281 0.537731 -0.633477
v -0.286281 0.556342 -0.594583
v -0.286281 0.569150 -0.562860
v -0.286281 0.576219 -0.540838
v -0.286281 0.584933 -0.506496
v -0.286281 0.592874 -0.462453
v -0.286281 0.597073 -0.418410
v -0.286281 0.597999 -0.374367
v -0.246628 0.519409 -0.681952
v -0.264237 0.528512 -0.660638
v -0.234875 0.532243 -0.666794
v -0.246628 0.542042 -0.643024
v -0.244091 0.565768 -0.593142
v -0.260009 0.571786 -0.569943
v -0.230646 0.574360 -0.577501
v -0.244091 0.578827 -0.553373
v -0.242237 0.589534 -0.506496
v -0.242237 0.595237 -0.462453
v -0.242237 0.597003 -0.418410
v -0.242237 0.595344 -0.374367
v -0.198194 0.522633 -0.695681
v -0.198194 0.536422 -0.673660
v -0.198194 0.554706 -0.638626
v -0.198194 0.568823 -0.606596
v -0.198194 0.576577 -0.584574
v -0.198194 0.585807 -0.550540
v -0.198194 0.593378 -0.506496
v -0.198194 0.596653 -0.462453
v -0.198194 0.596025 -0.418410
v -0.198194 0.591592 -0.374367
v -0.163682 0.526254 -0.701213
v -0.151061 0.538303 -0.684987
v -0.153662 0.563763 -0.635557
v -0.168017 0.571340 -0.613001
v -0.138655 0.573511 -0.618830
v -0.153662 0.578378 -0.596825
v -0.154151 0.590403 -0.550540
v -0.154151 0.596722 -0.506496
v -0.154151 0.597811 -0.462453
v -0.154151 0.594899 -0.418410
v -0.154151 0.588027 -0.374367
v -0.110108 0.545398 -0.682669
v -0.110108 0.565464 -0.644928
v -0.110108 0.575258 -0.622907
v -0.110108 0.584084 -0.594583
v -0.110108 0.594001 -0.550540
v -0.110108 0.599246 -0.506496
v -0.110108 0.599106 -0.462453
v -0.110108 0.594159 -0.418410
v -0.110108 0.585227 -0.374367
v -0.066065 0.550250 -0.682669
v -0.066065 0.567757 -0.649963
v -0.066065 0.577304 -0.627942
v -0.066065 0.587938 -0.594583
v -0.066065 0.596978 -0.550540
v -0.066065 0.601223 -0.506496
v -0.066065 0.600326 -0.462453
v -0.066065 0.594150 -0.418410
v -0.066065 0.583510 -0.374367
v -0.022022 0.553773 -0.682669
v -0.022022 0.569403 -0.653434
v -0.022022 0.578631 -0.631412
v -0.022022 0.590665 -0.594583
v -0.022022 0.599483 -0.550540
v -0.022022 0.602983 -0.506496
v -0.022022 0.601628 -0.462453
v -0.022022 0.595075 -0.418410
v -0.022022 0.583532 -0.374367
v -0.312711 0.571139 -0.140054
v -0.318101 0.568948 -0.110108
v -0.321915 0.566860 -0.066065
v -0.321664 0.566637 -0.022022
v -0.330324 0.598763 -0.330324
v -0.330324 0.596084 -0.286281
v -0.330324 0.591196 -0.242237
v -0.330324 0.584876 -0.198194
v -0.328564 0.578029 -0.154501
v -0.340123 0.576598 -0.110108
v -0.343937 0.575865 -0.066065
v -0.343685 0.576219 -0.022022
v -0.275394 0.568707 -0.190682
v -0.288558 0.564856 -0.154501
v -0.286281 0.555228 -0.110108
v -0.286281 0.549577 -0.066065
v -0.286281 0.548439 -0.022022
v -0.286281 0.595624 -0.330324
v -0.286281 0.590548 -0.286281
v -0.286281 0.582896 -0.242237
v -0.288558 0.575569 -0.202496
v -0.304757 0.573724 -0.169416
v -0.221601 0.527704 -0.134228
v -0.227373 0.523908 -0.110108
v -0.234681 0.518601 -0.066065
v -0.236548 0.516809 -0.022022
v -0.220434 0.572506 -0.264478
v -0.231285 0.568973 -0.242237
v -0.246557 0.561395 -0.202496
v -0.238664 0.542075 -0.151006
v -0.249394 0.536820 -0.110108
v -0.256702 0.533256 -0.066065
v -0.258569 0.532342 -0.022022
v -0.242237 0.590319 -0.330324
v -0.237964 0.580439 -0.282008
v -0.253306 0.575212 -0.242237
v -0.264118 0.572606 -0.220044
v -0.178335 0.482726 -0.091844
v -0.182490 0.479068 -0.066065
v -0.185555 0.476234 -0.022022
v -0.181325 0.525833 -0.181431
v -0.196881 0.520451 -0.151006
v -0.195087 0.501245 -0.107958
v -0.204512 0.496580 -0.066065
v -0.207577 0.494787 -0.022022
v -0.198194 0.569351 -0.273311
v -0.198194 0.558176 -0.242237
v -0.196881 0.539987 -0.196945
v -0.210687 0.533172 -0.163591
v -0.198194 0.583943 -0.330324
v -0.198194 0.575872 -0.295333
v -0.137087 0.435424 -0.056324
v -0.139651 0.432821 -0.022022
v -0.139570 0.479266 -0.139789
v -0.154211 0.472033 -0.107958
v -0.152721 0.454265 -0.069029
v -0.161673 0.454213 -0.022022
v -0.135127 0.527300 -0.222316
v -0.151545 0.520046 -0.196945
v -0.154211 0.497191 -0.154343
v -0.168932 0.489210 -0.121206
v -0.141988 0.570540 -0.314104
v -0.155662 0.563967 -0.288987
v -0.151545 0.541459 -0.239093
v -0.164489 0.533027 -0.210793
v -0.155662 0.577532 -0.329401
v -0.171350 0.573512 -0.305472
v -0.090713 0.394510 -0.048461
v -0.091853 0.393662 -0.022022
v -0.101643 0.430055 -0.102262
v -0.110859 0.418059 -0.067074
v -0.113875 0.410800 -0.022022
v -0.093153 0.482007 -0.179311
v -0.108744 0.471294 -0.154343
v -0.113838 0.446890 -0.114209
v -0.131006 0.441334 -0.085686
v -0.110108 0.523032 -0.228796
v -0.108744 0.500381 -0.195673
v -0.122515 0.488938 -0.169151
v -0.110108 0.568002 -0.320224
v -0.110108 0.553355 -0.286281
v -0.110108 0.535893 -0.250817
v -0.110108 0.576104 -0.342245
v -0.050429 0.393005 -0.092764
v -0.050429 0.393005 -0.084521
v -0.085853 0.394510 -0.048461
v -0.083676 0.393662 -0.022022
v -0.057849 0.433803 -0.138763
v -0.068820 0.417248 -0.112194
v -0.068141 0.402995 -0.066491
v -0.061654 0.409718 -0.022022
v -0.066065 0.477258 -0.184610
v -0.069944 0.452509 -0.153727
v -0.087211 0.440821 -0.131624
v -0.066065 0.516980 -0.237187
v -0.066065 0.494959 -0.206632
v -0.066065 0.565674 -0.324705
v -0.066065 0.546774 -0.286281
v -0.066065 0.531640 -0.259208
v -0.066065 0.574807 -0.346726
v -0.022022 0.390035 -0.096726
v -0.022022 0.390035 -0.079050
v -0.022022 0.429407 -0.142981
v -0.022022 0.407386 -0.118747
v -0.022022 0.409198 -0.057028
v -0.023525 0.429572 -0.023712
v -0.022022 0.473082 -0.188955
v -0.022022 0.451061 -0.165003
v -0.015133 0.462453 -0.015624
v -0.022022 0.514140 -0.240626
v -0.022022 0.492118 -0.210977
v -0.015590 0.506496 -0.016190
v -0.022022 0.564874 -0.325622
v -0.022022 0.543936 -0.286281
v -0.022022 0.529602 -0.262648
v -0.015266 0.550540 -0.015946
v -0.022022 0.574550 -0.347643
v -0.013335 0.594583 -0.014120
v -0.008426 0.638626 -0.009117
v -0.003354 0.669103 -0.003680
v -0.962225 0.022022 0.022022
v -0.961373 0.022022 0.066065
v -0.958466 0.022022 0.110108
v -0.953306 0.022022 0.154151
v -0.945933 0.022022 0.198194
v -0.936590 0.022022 0.242237
v -0.928071 0.022022 0.275724
v -0.959128 0.066065 0.022022
v -0.958498 0.066065 0.066065
v -0.955767 0.066065 0.110108
v -0.950546 0.066065 0.154151
v -0.942983 0.066065 0.198194
v -0.933594 0.066065 0.242237
v -0.926562 0.066065 0.270304
v -0.953566 0.110108 0.022022
v -0.953075 0.110108 0.066065
v -0.950416 0.110108 0.110108
v -0.945355 0.110108 0.154151
v -0.937935 0.110108 0.198194
v -0.928859 0.107953 0.242434
v -0.925483 0.091836 0.266362
v -0.945696 0.154151 0.022022
v -0.945121 0.154151 0.066065
v -0.942456 0.154151 0.110108
v -0.937662 0.154151 0.154151
v -0.929840 0.156067 0.200110
v -0.926753 0.142664 0.227883
v -0.936102 0.198194 0.022022
v -0.935308 0.198194 0.066065
v -0.932499 0.198194 0.110108
v -0.928381 0.197938 0.149814
v -0.926740 0.183086 0.186707
v -0.927784 0.230756 0.022022
v -0.927324 0.228858 0.066065
v -0.925835 0.223448 0.110108
v -0.924922 0.220270 0.132242
v -0.921924 0.022022 0.297746
v -0.911339 0.022022 0.330324
v -0.920416 0.066065 0.292326
v -0.908325 0.066065 0.330324
v -0.923211 0.121198 0.257245
v -0.918271 0.107953 0.283138
v -0.903283 0.110108 0.330324
v -0.924167 0.172026 0.216069
v -0.920826 0.156067 0.242434
v -0.909625 0.154151 0.286281
v -0.895778 0.154151 0.330324
v -0.922801 0.212448 0.161604
v -0.920292 0.197938 0.200110
v -0.911108 0.198194 0.242237
v -0.899432 0.198194 0.286281
v -0.886413 0.195999 0.329332
v -0.921686 0.252778 0.022022
v -0.921016 0.250880 0.066065
v -0.919260 0.245470 0.110108
v -0.916975 0.237866 0.149814
v -0.907606 0.242237 0.198194
v -0.898077 0.242237 0.242237
v -0.886800 0.241630 0.285287
v -0.882875 0.226544 0.313990
v -0.910653 0.286281 0.022022
v -0.908984 0.286281 0.066065
v -0.905187 0.286281 0.110108
v -0.899548 0.286281 0.154151
v -0.890113 0.289503 0.200191
v -0.886025 0.276813 0.242237
v -0.882514 0.268288 0.269943
v -0.893025 0.330324 0.022022
v -0.889251 0.334061 0.066567
v -0.888812 0.326003 0.110108
v -0.885862 0.319459 0.154151
v -0.883034 0.313145 0.186841
v -0.877647 0.209217 0.343352
v -0.878137 0.255906 0.299305
v -0.872487 0.241630 0.329332
v -0.880031 0.306332 0.216203
v -0.876862 0.298835 0.242237
v -0.871092 0.284293 0.285287
v -0.855189 0.286281 0.330324
v -0.880336 0.351234 0.081583
v -0.878812 0.348025 0.110108
v -0.875723 0.341480 0.154151
v -0.872949 0.328825 0.200191
v -0.862589 0.330324 0.242237
v -0.848320 0.333028 0.288156
v -0.841226 0.317580 0.330324
v -0.835386 0.349512 0.304087
v -0.830411 0.339602 0.330324
v -0.895196 0.022022 0.374367
v -0.883759 0.022022 0.402653
v -0.892075 0.066065 0.374367
v -0.882144 0.066065 0.399169
v -0.886967 0.106719 0.375643
v -0.881142 0.089778 0.396986
v -0.884492 0.154151 0.361385
v -0.881905 0.179855 0.354930
v -0.873514 0.022022 0.424674
v -0.854568 0.022022 0.462453
v -0.839896 0.022022 0.489770
v -0.871856 0.066065 0.421190
v -0.851166 0.066065 0.462453
v -0.838152 0.066065 0.486766
v -0.878687 0.119140 0.391175
v -0.870074 0.106719 0.414364
v -0.845095 0.106466 0.464149
v -0.837055 0.089357 0.484879
v -0.875347 0.154151 0.383406
v -0.859080 0.154151 0.418410
v -0.842575 0.154151 0.451056
v -0.870014 0.195999 0.371513
v -0.846821 0.198082 0.420019
v -0.838992 0.183327 0.444431
v -0.850693 0.246640 0.378770
v -0.841814 0.234893 0.406410
v -0.842004 0.286281 0.363765
v -0.837069 0.308825 0.352893
v -0.826983 0.022022 0.511791
v -0.804961 0.022022 0.547135
v -0.825206 0.066065 0.508787
v -0.803184 0.066065 0.544417
v -0.834286 0.118719 0.479960
v -0.823500 0.106466 0.502335
v -0.800049 0.110108 0.539692
v -0.830378 0.154151 0.473077
v -0.807282 0.157974 0.510662
v -0.796179 0.145842 0.533781
v -0.834436 0.212689 0.435772
v -0.825203 0.198082 0.460448
v -0.802065 0.198194 0.499861
v -0.836819 0.264255 0.396386
v -0.830740 0.246640 0.420019
v -0.806571 0.243813 0.465075
v -0.796536 0.230182 0.490706
v -0.831738 0.286281 0.385786
v -0.810489 0.290608 0.422746
v -0.799711 0.278812 0.452141
v -0.819850 0.326233 0.370291
v -0.798919 0.330324 0.407708
v -0.790438 0.022022 0.569156
v -0.772374 0.022022 0.594583
v -0.752691 0.022022 0.621475
v -0.788599 0.066065 0.566439
v -0.768847 0.066065 0.594583
v -0.751003 0.066065 0.619435
v -0.785469 0.110108 0.561714
v -0.761036 0.108392 0.597275
v -0.749619 0.092566 0.617708
v -0.792529 0.175204 0.528120
v -0.782703 0.157974 0.549293
v -0.758349 0.154151 0.586088
v -0.788629 0.198194 0.521882
v -0.765700 0.201294 0.554266
v -0.753180 0.188680 0.578769
v -0.790972 0.259544 0.481504
v -0.781862 0.243813 0.505831
v -0.758465 0.242237 0.542500
v -0.792713 0.308174 0.440317
v -0.786213 0.290608 0.465075
v -0.761972 0.286189 0.507350
v -0.752311 0.271447 0.533610
v -0.786734 0.330324 0.429730
v -0.764884 0.332221 0.464604
v -0.754345 0.318805 0.493238
v -0.733756 0.022022 0.643497
v -0.711734 0.022022 0.668499
v -0.732225 0.066065 0.641457
v -0.710204 0.066065 0.666807
v -0.746549 0.121929 0.613751
v -0.731709 0.108392 0.634884
v -0.707070 0.110108 0.663330
v -0.742240 0.154151 0.608109
v -0.717189 0.150015 0.640109
v -0.704818 0.132576 0.660794
v -0.747936 0.218042 0.571431
v -0.737257 0.201294 0.593903
v -0.712964 0.198194 0.626535
v -0.742972 0.242237 0.564522
v -0.719393 0.241734 0.596318
v -0.707515 0.226717 0.620033
v -0.744784 0.300810 0.522600
v -0.733561 0.286189 0.549190
v -0.710708 0.286281 0.580459
v -0.746363 0.348168 0.480719
v -0.737517 0.332221 0.507350
v -0.712650 0.326157 0.548060
v -0.704918 0.308699 0.572858
v -0.882037 0.354606 0.022022
v -0.881524 0.353612 0.052221
v -0.870510 0.376628 0.022022
v -0.871344 0.370722 0.066567
v -0.864856 0.374367 0.110108
v -0.858387 0.374367 0.154151
v -0.848144 0.377289 0.198824
v -0.844570 0.365863 0.242237
v -0.840184 0.358158 0.274725
v -0.848488 0.414030 0.022022
v -0.847338 0.412502 0.066065
v -0.844885 0.408919 0.110108
v -0.841505 0.403745 0.154151
v -0.838689 0.399356 0.184563
v -0.835366 0.393918 0.213925
v -0.831702 0.387884 0.242237
v -0.826411 0.373450 0.288156
v -0.807750 0.377091 0.332053
v -0.833645 0.436051 0.022022
v -0.832598 0.434524 0.066065
v -0.830131 0.430941 0.110108
v -0.826623 0.425767 0.154151
v -0.824076 0.415787 0.198824
v -0.808096 0.421890 0.244165
v -0.802863 0.410682 0.286281
v -0.796914 0.402305 0.318524
v -0.813208 0.462453 0.022022
v -0.807676 0.466855 0.070442
v -0.808110 0.460333 0.110108
v -0.804601 0.455709 0.154151
v -0.799959 0.449621 0.198194
v -0.795771 0.444174 0.230769
v -0.794362 0.486134 0.022022
v -0.793877 0.485635 0.058678
v -0.790877 0.393588 0.347886
v -0.791558 0.438891 0.260131
v -0.786818 0.432703 0.286281
v -0.779636 0.417556 0.332053
v -0.792773 0.484470 0.088040
v -0.790910 0.482355 0.110108
v -0.786846 0.477730 0.154151
v -0.781629 0.471643 0.198194
v -0.778088 0.460295 0.244165
v -0.762099 0.463636 0.283258
v -0.755754 0.448589 0.330324
v -0.766447 0.512153 0.021656
v -0.770833 0.506713 0.067289
v -0.768889 0.503677 0.110108
v -0.764824 0.499795 0.154151
v -0.759607 0.494906 0.198194
v -0.753309 0.488964 0.242237
v -0.749593 0.485330 0.266562
v -0.748893 0.528654 0.036093
v -0.748893 0.528654 0.046538
v -0.743610 0.479106 0.295924
v -0.735659 0.470610 0.330324
v -0.748574 0.528394 0.006731
v -0.747848 0.527791 0.075900
v -0.745379 0.525699 0.110108
v -0.740976 0.521816 0.154151
v -0.735611 0.516927 0.198194
v -0.724672 0.513815 0.244484
v -0.728042 0.498179 0.283258
v -0.713638 0.492417 0.330324
v -0.731020 0.540664 0.021656
v -0.730585 0.540576 0.063157
v -0.723357 0.541874 0.110108
v -0.718955 0.539100 0.154151
v -0.713589 0.535362 0.198194
v -0.708630 0.531632 0.231300
v -0.798666 0.361585 0.374367
v -0.793059 0.352784 0.396915
v -0.784154 0.383607 0.374367
v -0.769301 0.372129 0.415757
v -0.755422 0.362111 0.451356
v -0.760296 0.418132 0.371580
v -0.753818 0.403266 0.405238
v -0.750140 0.441996 0.355041
v -0.745234 0.391473 0.434600
v -0.737520 0.375822 0.464604
v -0.714579 0.371914 0.503717
v -0.706998 0.355598 0.531726
v -0.742295 0.432628 0.384403
v -0.729083 0.421456 0.422279
v -0.714473 0.408663 0.462453
v -0.706553 0.398859 0.487183
v -0.724678 0.460340 0.370603
v -0.712933 0.449323 0.409958
v -0.707062 0.486631 0.356803
v -0.690726 0.022022 0.690521
v -0.689154 0.066065 0.688829
v -0.685889 0.110108 0.685352
v -0.700553 0.161938 0.655779
v -0.680913 0.148053 0.680894
v -0.694453 0.198194 0.648556
v -0.672432 0.198194 0.672973
v -0.701045 0.256079 0.612157
v -0.683430 0.243676 0.639363
v -0.665816 0.231273 0.666097
v -0.693203 0.286281 0.602481
v -0.671181 0.286281 0.628790
v -0.696057 0.338061 0.561088
v -0.679857 0.325589 0.591035
v -0.663657 0.313118 0.620124
v -0.656741 0.163530 0.700995
v -0.650455 0.198194 0.694995
v -0.658837 0.260635 0.658694
v -0.640220 0.245490 0.684334
v -0.651538 0.286281 0.650812
v -0.629517 0.286281 0.673268
v -0.654249 0.342480 0.609212
v -0.637600 0.328601 0.637503
v -0.620950 0.314723 0.664912
v -0.614358 0.259707 0.702572
v -0.606640 0.286281 0.695290
v -0.610789 0.344085 0.654882
v -0.593496 0.328762 0.681623
v -0.564991 0.342801 0.698334
v -0.668704 0.022022 0.712083
v -0.667133 0.066065 0.710729
v -0.663867 0.110108 0.707701
v -0.661273 0.134168 0.705281
v -0.644145 0.022022 0.734105
v -0.622124 0.022022 0.753261
v -0.642783 0.066065 0.732751
v -0.620762 0.066065 0.752122
v -0.635526 0.112418 0.733155
v -0.618778 0.099278 0.750503
v -0.640686 0.150970 0.719490
v -0.628434 0.198194 0.715684
v -0.621602 0.230345 0.709338
v -0.594583 0.022022 0.773607
v -0.594583 0.066065 0.771260
v -0.615825 0.128640 0.748118
v -0.598520 0.112418 0.763218
v -0.611646 0.154151 0.744769
v -0.589624 0.154151 0.761123
v -0.603033 0.198194 0.737706
v -0.581011 0.198194 0.754904
v -0.594668 0.242203 0.726979
v -0.574979 0.224699 0.750525
v -0.584619 0.286281 0.714958
v -0.576204 0.313438 0.707814
v -0.570141 0.022022 0.791102
v -0.548119 0.022022 0.805546
v -0.568402 0.066065 0.789893
v -0.546381 0.066065 0.804423
v -0.565016 0.110108 0.787534
v -0.542995 0.110108 0.802183
v -0.558935 0.154151 0.783145
v -0.536914 0.154151 0.798265
v -0.548006 0.198240 0.778756
v -0.531636 0.183589 0.794846
v -0.566997 0.254061 0.744620
v -0.551605 0.240523 0.761269
v -0.551605 0.290007 0.738976
v -0.537635 0.277811 0.755386
v -0.550402 0.329001 0.718287
v -0.511949 0.022022 0.827568
v -0.489927 0.022022 0.839831
v -0.510063 0.066065 0.826444
v -0.488041 0.066065 0.838808
v -0.503028 0.109621 0.826063
v -0.486035 0.094615 0.837692
v -0.506496 0.154151 0.816303
v -0.524911 0.212951 0.790545
v -0.508737 0.198240 0.804139
v -0.516181 0.242237 0.785081
v -0.494159 0.242237 0.798379
v -0.527695 0.307173 0.748144
v -0.507004 0.286968 0.771333
v -0.486313 0.266764 0.793855
v -0.518495 0.330324 0.741365
v -0.496473 0.330324 0.756712
v -0.462453 0.022022 0.853851
v -0.462453 0.066065 0.851862
v -0.482417 0.123977 0.835713
v -0.465623 0.109621 0.846203
v -0.477148 0.154151 0.832836
v -0.455126 0.154151 0.844388
v -0.462230 0.202428 0.829278
v -0.447401 0.190570 0.840433
v -0.462453 0.242237 0.816479
v -0.475288 0.296126 0.787280
v -0.461346 0.283379 0.801073
v -0.461346 0.329790 0.778990
v -0.445926 0.314753 0.795997
v -0.422360 0.022022 0.872861
v -0.400339 0.022022 0.882607
v -0.420437 0.066065 0.871896
v -0.398415 0.066065 0.881766
v -0.414335 0.106896 0.871141
v -0.396936 0.090074 0.881111
v -0.418410 0.154151 0.861883
v -0.440271 0.219932 0.836744
v -0.422718 0.202428 0.849132
v -0.432335 0.242237 0.832898
v -0.410313 0.242237 0.843222
v -0.416433 0.284763 0.824420
v -0.400434 0.269071 0.838702
v -0.432724 0.344116 0.788523
v -0.418190 0.329790 0.803259
v -0.374367 0.022022 0.893078
v -0.374367 0.066065 0.891407
v -0.392507 0.119436 0.879255
v -0.376443 0.106896 0.887235
v -0.385640 0.154151 0.876337
v -0.363618 0.154151 0.885390
v -0.372501 0.198273 0.872351
v -0.356576 0.183645 0.882587
v -0.374367 0.242237 0.859217
v -0.387833 0.298433 0.832767
v -0.373638 0.284763 0.844658
v -0.373638 0.329728 0.825439
v -0.358471 0.314650 0.839624
v -0.703215 0.527391 0.260662
v -0.697735 0.522986 0.286281
v -0.682394 0.516867 0.333811
v -0.691765 0.565620 0.022022
v -0.692108 0.565510 0.066065
v -0.690157 0.563895 0.110108
v -0.686150 0.561122 0.154151
v -0.678666 0.559012 0.195097
v -0.686188 0.543071 0.244484
v -0.675714 0.538751 0.286281
v -0.667530 0.533357 0.321454
v -0.669743 0.576973 0.022022
v -0.670086 0.577335 0.066065
v -0.668135 0.576566 0.110108
v -0.664129 0.574510 0.154151
v -0.661316 0.572945 0.178352
v -0.659704 0.527873 0.350817
v -0.655941 0.570216 0.207714
v -0.649176 0.566395 0.242237
v -0.636677 0.562087 0.286857
v -0.642464 0.544082 0.333811
v -0.638626 0.589288 0.022022
v -0.638626 0.590034 0.066065
v -0.638626 0.588707 0.110108
v -0.638626 0.585010 0.154151
v -0.640206 0.579255 0.195097
v -0.627154 0.577485 0.242237
v -0.620697 0.574632 0.272559
v -0.612545 0.570822 0.301922
v -0.603534 0.566365 0.330324
v -0.594583 0.601301 0.022022
v -0.594583 0.602418 0.066065
v -0.594583 0.601823 0.110108
v -0.594583 0.599463 0.154151
v -0.594583 0.595528 0.198194
v -0.594583 0.589675 0.242237
v -0.596552 0.580471 0.286857
v -0.581513 0.576080 0.330324
v -0.550540 0.607630 0.022022
v -0.550540 0.609394 0.066065
v -0.550540 0.609778 0.110108
v -0.550540 0.608586 0.154151
v -0.550540 0.605788 0.198194
v -0.550540 0.601274 0.242237
v -0.550540 0.594926 0.286281
v -0.550540 0.586120 0.330324
v -0.506496 0.609640 0.022022
v -0.506496 0.611806 0.066065
v -0.506496 0.612861 0.110108
v -0.506496 0.612388 0.154151
v -0.506496 0.610713 0.198194
v -0.506496 0.607961 0.242237
v -0.506496 0.603566 0.286281
v -0.506496 0.596924 0.330324
v -0.462453 0.606994 0.022022
v -0.462453 0.609585 0.066065
v -0.462453 0.611259 0.110108
v -0.462453 0.611959 0.154151
v -0.462453 0.611815 0.198194
v -0.462453 0.610593 0.242237
v -0.462453 0.608016 0.286281
v -0.462453 0.603543 0.330324
v -0.418410 0.600076 0.022022
v -0.418410 0.603289 0.066065
v -0.418410 0.606037 0.110108
v -0.418410 0.608112 0.154151
v -0.418410 0.609332 0.198194
v -0.418410 0.609814 0.242237
v -0.418410 0.609357 0.286281
v -0.418410 0.606859 0.330324
v -0.374367 0.589032 0.022022
v -0.374367 0.592870 0.066065
v -0.374367 0.596971 0.110108
v -0.374367 0.600649 0.154151
v -0.374367 0.603836 0.198194
v -0.374367 0.606507 0.242237
v -0.374367 0.608050 0.286281
v -0.374367 0.607717 0.330324
v -0.696061 0.384960 0.516545
v -0.681378 0.372676 0.548795
v -0.666695 0.360391 0.579850
v -0.703991 0.439646 0.439320
v -0.696238 0.430684 0.462453
v -0.680410 0.415975 0.503319
v -0.666699 0.403729 0.536503
v -0.698649 0.478685 0.386165
v -0.686639 0.466687 0.424830
v -0.674216 0.454158 0.462453
v -0.664758 0.444476 0.490093
v -0.683448 0.498409 0.372637
v -0.669287 0.491506 0.410340
v -0.655180 0.389753 0.565865
v -0.640034 0.376250 0.596172
v -0.624887 0.362746 0.625520
v -0.653724 0.433091 0.519455
v -0.639771 0.419802 0.551874
v -0.625818 0.406513 0.583133
v -0.660150 0.484051 0.439703
v -0.651427 0.476180 0.462453
v -0.636606 0.460696 0.503808
v -0.624362 0.447553 0.537883
v -0.652028 0.522297 0.374367
v -0.640443 0.507803 0.420977
v -0.629405 0.493829 0.462453
v -0.619488 0.486683 0.488160
v -0.630006 0.536636 0.374367
v -0.620736 0.531183 0.402252
v -0.612775 0.392109 0.612495
v -0.597101 0.377307 0.641077
v -0.581427 0.362505 0.668972
v -0.611891 0.435875 0.567245
v -0.597652 0.421573 0.597756
v -0.583413 0.407272 0.627272
v -0.607175 0.476915 0.517522
v -0.594852 0.462862 0.550785
v -0.582528 0.448809 0.583018
v -0.609601 0.524101 0.431614
v -0.594785 0.516683 0.463563
v -0.593329 0.495053 0.504303
v -0.577813 0.488052 0.534326
v -0.590966 0.558656 0.371023
v -0.594785 0.538704 0.417524
v -0.580239 0.532785 0.449621
v -0.573875 0.573151 0.354113
v -0.568269 0.391867 0.656634
v -0.551949 0.375818 0.683937
v -0.568213 0.436634 0.612380
v -0.553560 0.421558 0.641516
v -0.538907 0.406481 0.669540
v -0.563892 0.478171 0.563688
v -0.551372 0.463275 0.595340
v -0.538851 0.448380 0.626398
v -0.567340 0.525682 0.478983
v -0.551811 0.518621 0.507948
v -0.549743 0.496137 0.549620
v -0.534530 0.488209 0.578300
v -0.561077 0.567925 0.383475
v -0.548053 0.561099 0.416116
v -0.551811 0.540200 0.463563
v -0.537978 0.533093 0.494235
v -0.548053 0.576642 0.371023
v -0.531715 0.573750 0.399906
v -0.521029 0.389132 0.698902
v -0.522676 0.435843 0.655760
v -0.507171 0.419372 0.683205
v -0.518704 0.477742 0.607662
v -0.506009 0.462097 0.638229
v -0.493314 0.446452 0.667507
v -0.523344 0.525964 0.523597
v -0.507796 0.518536 0.551385
v -0.505012 0.495366 0.593621
v -0.489342 0.487347 0.620699
v -0.516868 0.568509 0.429268
v -0.503911 0.561459 0.459759
v -0.507796 0.539985 0.507948
v -0.493981 0.532720 0.537268
v -0.506496 0.587461 0.374367
v -0.503911 0.576894 0.416116
v -0.487506 0.573534 0.443282
v -0.474117 0.432262 0.696869
v -0.471526 0.475814 0.650061
v -0.458141 0.459570 0.679421
v -0.477785 0.525383 0.566630
v -0.462843 0.516796 0.594121
v -0.459088 0.492853 0.636678
v -0.442164 0.485478 0.661973
v -0.470403 0.568215 0.472644
v -0.458414 0.560523 0.502394
v -0.462843 0.538719 0.551385
v -0.448422 0.531876 0.579132
v -0.462453 0.596487 0.374367
v -0.462453 0.586440 0.418410
v -0.458414 0.575898 0.459759
v -0.441041 0.572736 0.484977
v -0.418410 0.473650 0.692269
v -0.430021 0.523925 0.608494
v -0.416568 0.513447 0.636117
v -0.418410 0.491102 0.670247
v -0.418410 0.567933 0.515558
v -0.418410 0.554443 0.550539
v -0.416568 0.536376 0.594121
v -0.400659 0.530240 0.619764
v -0.418410 0.601983 0.374367
v -0.418410 0.594416 0.418410
v -0.418410 0.583849 0.462453
v -0.418410 0.575220 0.493536
v -0.391858 0.481829 0.701483
v -0.374367 0.523012 0.651287
v -0.376053 0.500633 0.685149
v -0.391563 0.571629 0.525416
v -0.375876 0.566399 0.549804
v -0.374367 0.549567 0.594583
v -0.374367 0.534549 0.629265
v -0.374367 0.604920 0.374367
v -0.374367 0.599410 0.418410
v -0.374367 0.591183 0.462453
v -0.375876 0.579196 0.509040
v -0.362201 0.574396 0.534633
v -0.535628 0.359769 0.710138
v -0.503822 0.371853 0.724792
v -0.486615 0.354574 0.750187
v -0.491667 0.402900 0.710083
v -0.470423 0.383936 0.739446
v -0.458427 0.371300 0.756099
v -0.457589 0.414592 0.723565
v -0.441061 0.396922 0.749129
v -0.444755 0.443326 0.707684
v -0.418190 0.373603 0.778305
v -0.403362 0.358412 0.796400
v -0.418410 0.428096 0.738442
v -0.418410 0.406074 0.755856
v -0.418410 0.451629 0.716421
v -0.385426 0.387774 0.787196
v -0.372194 0.373603 0.802563
v -0.392826 0.438131 0.746699
v -0.374445 0.418636 0.770838
v -0.356064 0.399141 0.794640
v -0.377661 0.464186 0.728716
v -0.363464 0.446543 0.754481
v -0.362496 0.489384 0.710733
v -0.330324 0.022022 0.909574
v -0.330324 0.066065 0.907872
v -0.330324 0.110108 0.904094
v -0.330324 0.154151 0.897603
v -0.347502 0.213007 0.879131
v -0.331822 0.198273 0.888100
v -0.331822 0.244778 0.875481
v -0.318140 0.231791 0.884333
v -0.330324 0.286281 0.861746
v -0.342832 0.344012 0.832964
v -0.329020 0.329728 0.844675
v -0.295742 0.022022 0.921125
v -0.273721 0.022022 0.927682
v -0.292735 0.066065 0.920252
v -0.270713 0.066065 0.926785
v -0.283677 0.110486 0.919202
v -0.267260 0.096057 0.925782
v -0.286281 0.154151 0.912158
v -0.286281 0.198194 0.903402
v -0.305602 0.261153 0.879928
v -0.289065 0.244778 0.890288
v -0.289065 0.288788 0.875778
v -0.276240 0.275778 0.884893
v -0.286281 0.330324 0.860131
v -0.242237 0.022022 0.936079
v -0.242237 0.066065 0.934302
v -0.261352 0.125419 0.924161
v -0.244898 0.110486 0.930036
v -0.252933 0.154151 0.921967
v -0.230911 0.154151 0.927657
v -0.239325 0.195548 0.917525
v -0.222702 0.179103 0.925554
v -0.242237 0.242237 0.905012
v -0.259899 0.305140 0.879698
v -0.244025 0.288788 0.889664
v -0.244025 0.329869 0.873661
v -0.230536 0.314885 0.883565
v -0.198194 0.022022 0.946225
v -0.198194 0.066065 0.944559
v -0.198194 0.110108 0.941162
v -0.198194 0.154151 0.935309
v -0.208965 0.208465 0.922250
v -0.195848 0.195548 0.928156
v -0.195848 0.239616 0.917375
v -0.179603 0.223187 0.925699
v -0.198194 0.286281 0.902216
v -0.206691 0.344247 0.877427
v -0.194484 0.329869 0.886435
v -0.154151 0.022022 0.954185
v -0.154151 0.066065 0.952608
v -0.154151 0.110108 0.949302
v -0.154151 0.154151 0.943716
v -0.154151 0.198194 0.935744
v -0.154151 0.253950 0.922145
v -0.154151 0.231929 0.927948
v -0.154151 0.286281 0.911471
v -0.154151 0.330324 0.894490
v -0.110108 0.022022 0.959784
v -0.110108 0.066065 0.958342
v -0.110108 0.110108 0.955148
v -0.110108 0.154151 0.949881
v -0.110108 0.198194 0.942340
v -0.128572 0.262224 0.924376
v -0.112378 0.245421 0.931015
v -0.112378 0.284661 0.918894
v -0.099210 0.268900 0.926539
v -0.110108 0.330324 0.901505
v -0.066065 0.022022 0.963083
v -0.066065 0.066065 0.961723
v -0.066065 0.110108 0.958659
v -0.066065 0.154151 0.953738
v -0.066065 0.198194 0.946505
v -0.066065 0.242237 0.936589
v -0.066065 0.295195 0.920150
v -0.066065 0.273173 0.928052
v -0.066065 0.330324 0.906186
v -0.022022 0.022022 0.964026
v -0.022022 0.066065 0.962832
v -0.022022 0.110108 0.959904
v -0.022022 0.154151 0.955211
v -0.022022 0.198194 0.948152
v -0.022022 0.242237 0.938546
v -0.022022 0.298305 0.921266
v -0.022022 0.276284 0.929161
v -0.022022 0.330324 0.908415
v -0.318310 0.568186 0.022022
v -0.313325 0.570422 0.057387
v -0.340332 0.577514 0.022022
v -0.328933 0.578313 0.069667
v -0.330324 0.583998 0.110108
v -0.330324 0.589826 0.154151
v -0.330324 0.595627 0.198194
v -0.330324 0.600779 0.242237
v -0.330324 0.604576 0.286281
v -0.330324 0.606367 0.330324
v -0.286281 0.551718 0.022022
v -0.290413 0.561110 0.069667
v -0.281145 0.564828 0.110108
v -0.272545 0.569183 0.146471
v -0.307850 0.572767 0.086749
v -0.303166 0.574570 0.110108
v -0.286848 0.577034 0.158351
v -0.286281 0.584402 0.198194
v -0.286281 0.592469 0.242237
v -0.286281 0.598723 0.286281
v -0.286281 0.602702 0.330324
v -0.233710 0.518944 0.022022
v -0.226663 0.524156 0.066065
v -0.221466 0.527743 0.090252
v -0.255732 0.534071 0.022022
v -0.248684 0.537830 0.066065
v -0.238583 0.542518 0.107003
v -0.246515 0.560993 0.158351
v -0.233157 0.567779 0.198194
v -0.223002 0.571688 0.223487
v -0.264047 0.572639 0.175833
v -0.255179 0.575282 0.198194
v -0.239505 0.580331 0.239796
v -0.242237 0.590505 0.286281
v -0.242237 0.596892 0.330324
v -0.182464 0.479013 0.022022
v -0.178313 0.482719 0.048272
v -0.204486 0.496923 0.022022
v -0.195074 0.501068 0.064198
v -0.197900 0.519331 0.107003
v -0.183024 0.524553 0.140964
v -0.212386 0.532799 0.119614
v -0.197900 0.538074 0.155048
v -0.198194 0.553894 0.198194
v -0.196163 0.567586 0.239796
v -0.180128 0.571442 0.268352
v -0.209490 0.575460 0.252849
v -0.196163 0.579512 0.284332
v -0.198194 0.589338 0.330324
v -0.137201 0.435293 0.013906
v -0.152790 0.453843 0.025961
v -0.155065 0.470730 0.064198
v -0.140994 0.477731 0.099412
v -0.170356 0.488584 0.077634
v -0.155065 0.494483 0.112499
v -0.155449 0.515577 0.155048
v -0.141634 0.523741 0.185590
v -0.170996 0.530985 0.170326
v -0.155449 0.536536 0.199440
v -0.154151 0.553425 0.242237
v -0.151516 0.567905 0.284332
v -0.135078 0.571850 0.310731
v -0.164441 0.575313 0.297714
v -0.151516 0.579663 0.327377
v -0.090482 0.394632 0.009372
v -0.111143 0.416408 0.026320
v -0.102064 0.427633 0.066065
v -0.092369 0.436913 0.092604
v -0.131803 0.440704 0.043268
v -0.124086 0.446589 0.066065
v -0.110719 0.462693 0.110689
v -0.099708 0.477018 0.142806
v -0.129070 0.486330 0.128774
v -0.112677 0.493087 0.156152
v -0.110603 0.516446 0.199440
v -0.096252 0.525262 0.226193
v -0.125614 0.531033 0.214952
v -0.110603 0.537942 0.241419
v -0.110108 0.557175 0.286281
v -0.110108 0.569303 0.317424
v -0.110108 0.576471 0.339446
v -0.050685 0.394673 0.042076
v -0.084438 0.394632 0.009372
v -0.050685 0.394673 0.052190
v -0.066109 0.416069 0.022760
v -0.050685 0.398863 0.042076
v -0.050685 0.398863 0.052190
v -0.063903 0.421814 0.063774
v -0.062538 0.429444 0.108414
v -0.045506 0.439603 0.133073
v -0.047780 0.443522 0.036149
v -0.047780 0.443522 0.047566
v -0.074868 0.447656 0.121966
v -0.063588 0.464330 0.152620
v -0.052308 0.481004 0.180720
v -0.081670 0.487069 0.172168
v -0.066619 0.497256 0.196518
v -0.066065 0.520527 0.233800
v -0.066065 0.532957 0.255821
v -0.066065 0.548257 0.286281
v -0.066065 0.565839 0.325668
v -0.066065 0.574263 0.347689
v -0.033806 0.394673 0.042076
v -0.011754 0.394079 0.075149
v -0.033806 0.394673 0.052190
v -0.011754 0.394079 0.091255
v -0.033806 0.398863 0.042076
v -0.039209 0.434614 0.006787
v -0.010087 0.426316 0.035876
v -0.025601 0.411711 0.061358
v -0.033806 0.398863 0.052190
v -0.024670 0.411037 0.107605
v -0.022022 0.436183 0.136596
v -0.025554 0.454340 0.021399
v -0.039449 0.443522 0.047566
v -0.022022 0.455494 0.158618
v -0.022022 0.477516 0.184799
v -0.015590 0.506496 0.012615
v -0.022022 0.494385 0.206820
v -0.022022 0.516407 0.239561
v -0.015266 0.550540 0.015385
v -0.022022 0.530104 0.261583
v -0.022022 0.543874 0.286281
v -0.022022 0.564310 0.327737
v -0.013335 0.594583 0.017283
v -0.022022 0.573643 0.349759
v -0.008426 0.638626 0.019047
v -0.003354 0.669103 0.013312
v -0.351026 0.528025 0.659689
v -0.333937 0.519902 0.683131
v -0.339096 0.569886 0.563995
v -0.326778 0.563345 0.590735
v -0.333937 0.541213 0.642455
v -0.321664 0.532999 0.668758
v -0.330324 0.605559 0.374367
v -0.330324 0.602043 0.418410
v -0.330324 0.595809 0.462453
v -0.330324 0.586843 0.506496
v -0.326778 0.576368 0.549804
v -0.309734 0.572837 0.573490
v -0.296776 0.524423 0.698120
v -0.286281 0.568638 0.603570
v -0.286281 0.556274 0.638626
v -0.283769 0.536887 0.683131
v -0.286281 0.604155 0.374367
v -0.286281 0.602651 0.418410
v -0.286281 0.598268 0.462453
v -0.286281 0.591422 0.506496
v -0.286281 0.582210 0.550539
v -0.286281 0.574779 0.581548
v -0.259054 0.571653 0.612977
v -0.243519 0.566556 0.637576
v -0.242237 0.548283 0.682669
v -0.242237 0.600615 0.374367
v -0.242237 0.601299 0.418410
v -0.242237 0.599181 0.462453
v -0.242237 0.594627 0.506496
v -0.242237 0.587825 0.550539
v -0.243519 0.578080 0.596811
v -0.229692 0.574162 0.622196
v -0.206751 0.569745 0.651558
v -0.194520 0.560916 0.678582
v -0.198194 0.595481 0.374367
v -0.198194 0.598845 0.418410
v -0.198194 0.599363 0.462453
v -0.198194 0.597442 0.506496
v -0.198194 0.593111 0.550539
v -0.198194 0.585750 0.594583
v -0.194520 0.576179 0.637576
v -0.177389 0.572799 0.661175
v -0.154151 0.564004 0.686754
v -0.154151 0.590133 0.374367
v -0.154151 0.596503 0.418410
v -0.154151 0.599859 0.462453
v -0.154151 0.600427 0.506496
v -0.154151 0.597912 0.550539
v -0.154151 0.592031 0.594583
v -0.154151 0.582133 0.638626
v -0.154151 0.574262 0.664733
v -0.110108 0.566796 0.692243
v -0.110108 0.585862 0.374367
v -0.110108 0.595204 0.418410
v -0.110108 0.601053 0.462453
v -0.110108 0.603295 0.506496
v -0.110108 0.602061 0.550539
v -0.110108 0.597223 0.594583
v -0.110108 0.587223 0.638626
v -0.110108 0.576568 0.670222
v -0.066065 0.568460 0.695995
v -0.066065 0.583138 0.374367
v -0.066065 0.595092 0.418410
v -0.066065 0.602314 0.462453
v -0.066065 0.605401 0.506496
v -0.066065 0.605045 0.550539
v -0.066065 0.600651 0.594583
v -0.066065 0.590558 0.638626
v -0.066065 0.578210 0.673974
v -0.022022 0.569370 0.697983
v -0.022022 0.582511 0.374367
v -0.022022 0.595337 0.418410
v -0.022022 0.603012 0.462453
v -0.022022 0.606536 0.506496
v -0.022022 0.606599 0.550539
v -0.022022 0.602174 0.594583
v -0.022022 0.592080 0.638626
v -0.022022 0.579072 0.675961
v -0.329020 0.372116 0.822874
v -0.313470 0.355934 0.838800
v -0.330324 0.429611 0.784671
v -0.330324 0.407590 0.800259
v -0.330324 0.477676 0.741851
v -0.330324 0.455655 0.762649
v -0.330324 0.496096 0.719829
v -0.286281 0.386761 0.831100
v -0.286281 0.364739 0.843764
v -0.303525 0.437933 0.790903
v -0.287819 0.421315 0.808053
v -0.307130 0.483980 0.748195
v -0.290646 0.464387 0.772452
v -0.274163 0.444794 0.796502
v -0.287272 0.506854 0.727215
v -0.277768 0.489286 0.754002
v -0.267413 0.529589 0.706235
v -0.260568 0.394643 0.835762
v -0.244427 0.377724 0.849754
v -0.244427 0.416981 0.825653
v -0.231206 0.401347 0.839854
v -0.242237 0.473021 0.782388
v -0.242237 0.451000 0.801633
v -0.242237 0.517166 0.733597
v -0.242237 0.495144 0.760366
v -0.242237 0.533087 0.711575
v -0.194484 0.370284 0.867029
v -0.177329 0.352880 0.881146
v -0.198194 0.429910 0.829538
v -0.198194 0.407889 0.844126
v -0.198194 0.480236 0.788951
v -0.198194 0.458214 0.807516
v -0.198194 0.522929 0.741312
v -0.198194 0.500907 0.766930
v -0.198194 0.538096 0.719290
v -0.154151 0.378570 0.870744
v -0.154151 0.356548 0.883142
v -0.154151 0.436415 0.833900
v -0.154151 0.414393 0.848723
v -0.172471 0.483775 0.792115
v -0.156335 0.466438 0.809093
v -0.154151 0.526750 0.746430
v -0.156335 0.501753 0.774763
v -0.143109 0.486267 0.794502
v -0.154151 0.541983 0.724408
v -0.110108 0.384793 0.874181
v -0.110108 0.362772 0.886601
v -0.125740 0.439382 0.836038
v -0.110679 0.422185 0.849694
v -0.110679 0.458805 0.821754
v -0.096378 0.441692 0.837824
v -0.131013 0.528346 0.748512
v -0.113842 0.513880 0.767803
v -0.110108 0.488328 0.796552
v -0.113842 0.542698 0.730983
v -0.101651 0.530476 0.751154
v -0.066065 0.388859 0.876521
v -0.066065 0.366838 0.888921
v -0.066065 0.418410 0.856654
v -0.066065 0.465133 0.820216
v -0.066065 0.443111 0.838975
v -0.066065 0.511950 0.774887
v -0.066065 0.489929 0.798195
v -0.066065 0.549786 0.726712
v -0.066065 0.531866 0.752865
v -0.022022 0.390794 0.877641
v -0.022022 0.368772 0.890035
v -0.022022 0.418410 0.858699
v -0.022022 0.466238 0.820801
v -0.022022 0.444216 0.839899
v -0.022022 0.512506 0.775388
v -0.022022 0.490484 0.798780
v -0.022022 0.551098 0.726712
v -0.022022 0.532268 0.753366
v 0.022022 -0.760360 -0.714420
v 0.022022 -0.710904 -0.753329
v 0.022022 -0.732926 -0.736442
v 0.066065 -0.759937 -0.714001
v 0.066065 -0.710192 -0.752736
v 0.066065 -0.732214 -0.736022
v 0.110108 -0.758530 -0.712610
v 0.110108 -0.708287 -0.751307
v 0.110108 -0.730308 -0.734631
v 0.154151 -0.756095 -0.710347
v 0.138559 -0.706232 -0.749840
v 0.153604 -0.723233 -0.734757
v 0.189489 -0.752723 -0.707631
v 0.201780 -0.730847 -0.720160
v 0.242237 -0.720954 -0.715723
v 0.276797 -0.712144 -0.709766
v 0.022022 -0.929160 -0.494731
v 0.022022 -0.938999 -0.462453
v 0.022022 -0.947885 -0.418410
v 0.022022 -0.952497 -0.374367
v 0.022022 -0.884983 -0.578587
v 0.022022 -0.901768 -0.550539
v 0.022022 -0.919670 -0.516752
v 0.022022 -0.847002 -0.628624
v 0.022022 -0.869023 -0.600608
v 0.022022 -0.805517 -0.673123
v 0.022022 -0.827538 -0.650645
v 0.022022 -0.782381 -0.695145
v 0.066065 -0.929708 -0.495776
v 0.066065 -0.940427 -0.462453
v 0.066065 -0.949924 -0.418410
v 0.066065 -0.955235 -0.374367
v 0.066065 -0.885246 -0.578921
v 0.066065 -0.902443 -0.550539
v 0.066065 -0.920082 -0.517798
v 0.066065 -0.847073 -0.628577
v 0.066065 -0.869095 -0.600942
v 0.066065 -0.805428 -0.672889
v 0.066065 -0.827450 -0.650598
v 0.066065 -0.781959 -0.694910
v 0.110108 -0.931065 -0.498839
v 0.110108 -0.943590 -0.462453
v 0.110108 -0.954036 -0.418410
v 0.110108 -0.960263 -0.374367
v 0.110108 -0.886169 -0.580016
v 0.110108 -0.904726 -0.550539
v 0.110108 -0.921442 -0.520861
v 0.110108 -0.847363 -0.628549
v 0.110108 -0.869385 -0.602037
v 0.110108 -0.805066 -0.672118
v 0.110108 -0.827087 -0.650571
v 0.110108 -0.780552 -0.694140
v 0.154151 -0.932556 -0.501972
v 0.154151 -0.946896 -0.462453
v 0.154151 -0.958092 -0.418410
v 0.154151 -0.964646 -0.374367
v 0.154151 -0.886970 -0.580840
v 0.154151 -0.906884 -0.550539
v 0.154151 -0.922799 -0.523994
v 0.154151 -0.847346 -0.628155
v 0.154151 -0.869368 -0.602861
v 0.154151 -0.804041 -0.670614
v 0.154151 -0.826063 -0.650176
v 0.154151 -0.778117 -0.692635
v 0.198194 -0.933053 -0.502347
v 0.198194 -0.948394 -0.462453
v 0.198194 -0.960010 -0.418410
v 0.198194 -0.966155 -0.374367
v 0.198194 -0.886719 -0.580136
v 0.198194 -0.906650 -0.550539
v 0.198194 -0.922816 -0.524368
v 0.198194 -0.845932 -0.626170
v 0.198194 -0.867954 -0.602158
v 0.198194 -0.800830 -0.667392
v 0.198194 -0.822852 -0.648192
v 0.201780 -0.768744 -0.692282
v 0.218851 -0.748284 -0.704378
v 0.242237 -0.931789 -0.498651
v 0.242237 -0.946154 -0.462453
v 0.242237 -0.958272 -0.418410
v 0.242237 -0.965379 -0.374367
v 0.242237 -0.884097 -0.576537
v 0.242237 -0.901853 -0.550539
v 0.242237 -0.920641 -0.520672
v 0.242237 -0.841967 -0.621713
v 0.242237 -0.863988 -0.598558
v 0.230532 -0.796447 -0.663591
v 0.244023 -0.812596 -0.646362
v 0.244023 -0.774191 -0.676874
v 0.259894 -0.791162 -0.659389
v 0.242237 -0.742976 -0.700744
v 0.286281 -0.928038 -0.490574
v 0.286281 -0.939356 -0.462453
v 0.286281 -0.952998 -0.418410
v 0.286281 -0.961914 -0.374367
v 0.266279 -0.881575 -0.573375
v 0.283089 -0.891836 -0.551631
v 0.286281 -0.916067 -0.512595
v 0.268340 -0.838435 -0.618145
v 0.281991 -0.857226 -0.592782
v 0.295642 -0.876017 -0.567040
v 0.284325 -0.816142 -0.630246
v 0.297702 -0.831719 -0.612189
v 0.286281 -0.762737 -0.670899
v 0.286281 -0.784759 -0.654522
v 0.289399 -0.726780 -0.694746
v 0.309308 -0.925244 -0.485105
v 0.326523 -0.930367 -0.461210
v 0.330324 -0.944381 -0.418410
v 0.330324 -0.955104 -0.374367
v 0.330324 -0.886475 -0.535941
v 0.326523 -0.908997 -0.502470
v 0.338670 -0.920270 -0.475062
v 0.330324 -0.846259 -0.582337
v 0.330324 -0.868281 -0.557963
v 0.330324 -0.800311 -0.622717
v 0.330324 -0.822332 -0.604359
v 0.316363 -0.754339 -0.664584
v 0.330756 -0.769714 -0.645904
v 0.330756 -0.728172 -0.675239
v 0.345725 -0.743826 -0.657286
v 0.022022 -0.953668 -0.330324
v 0.022022 -0.952021 -0.286281
v 0.022022 -0.947645 -0.242237
v 0.022022 -0.940319 -0.198194
v 0.022022 -0.930384 -0.156902
v 0.022022 -0.924054 -0.134880
v 0.022022 -0.915567 -0.110108
v 0.022022 -0.901063 -0.066065
v 0.022022 -0.897010 -0.022022
v 0.066065 -0.957300 -0.330324
v 0.066065 -0.956362 -0.286281
v 0.066065 -0.952017 -0.242237
v 0.066065 -0.944120 -0.198194
v 0.065826 -0.931238 -0.151261
v 0.080348 -0.925865 -0.128587
v 0.050986 -0.924056 -0.134653
v 0.065826 -0.918767 -0.112387
v 0.066065 -0.905359 -0.066065
v 0.066065 -0.901761 -0.022022
v 0.110108 -0.962850 -0.330324
v 0.110108 -0.962164 -0.286281
v 0.110108 -0.958135 -0.242237
v 0.110108 -0.950505 -0.198194
v 0.110108 -0.939633 -0.154151
v 0.112342 -0.928931 -0.112387
v 0.128512 -0.925894 -0.078210
v 0.099150 -0.921925 -0.099225
v 0.112342 -0.919508 -0.064543
v 0.110108 -0.915581 -0.022022
v 0.154151 -0.966854 -0.330324
v 0.154151 -0.966409 -0.286281
v 0.154151 -0.963501 -0.242237
v 0.154151 -0.957428 -0.198194
v 0.154151 -0.949027 -0.154151
v 0.154151 -0.939426 -0.110108
v 0.150800 -0.930740 -0.064543
v 0.158534 -0.929276 -0.022022
v 0.133885 -0.924444 -0.048848
v 0.136513 -0.923835 -0.022022
v 0.198194 -0.967895 -0.330324
v 0.198194 -0.967850 -0.286281
v 0.198194 -0.966708 -0.242237
v 0.198194 -0.963021 -0.198194
v 0.198194 -0.957103 -0.154151
v 0.198194 -0.949700 -0.110108
v 0.198194 -0.942533 -0.066065
v 0.198194 -0.937864 -0.022022
v 0.242237 -0.967880 -0.330324
v 0.242237 -0.967909 -0.286281
v 0.242237 -0.967817 -0.242237
v 0.242237 -0.966604 -0.198194
v 0.242237 -0.962803 -0.154151
v 0.242237 -0.956477 -0.110108
v 0.242237 -0.949405 -0.066065
v 0.242237 -0.944196 -0.022022
v 0.286281 -0.966633 -0.330324
v 0.286281 -0.967903 -0.286281
v 0.286281 -0.967898 -0.242237
v 0.286281 -0.967789 -0.198194
v 0.286281 -0.965486 -0.154151
v 0.286281 -0.959302 -0.110108
v 0.286281 -0.951740 -0.066065
v 0.286281 -0.946617 -0.022022
v 0.330324 -0.962273 -0.330324
v 0.330324 -0.966036 -0.286281
v 0.330324 -0.967254 -0.242237
v 0.330324 -0.966896 -0.198194
v 0.330324 -0.964255 -0.154151
v 0.330324 -0.958108 -0.110108
v 0.330324 -0.950711 -0.066065
v 0.330324 -0.946180 -0.022022
v 0.022022 -0.682669 -0.772497
v 0.022022 -0.633914 -0.802867
v 0.022022 -0.655935 -0.789923
v 0.022022 -0.594583 -0.824673
v 0.022022 -0.550096 -0.847201
v 0.022022 -0.572117 -0.836605
v 0.022022 -0.506496 -0.867157
v 0.022022 -0.457394 -0.887669
v 0.022022 -0.479416 -0.878798
v 0.022022 -0.418410 -0.902006
v 0.022022 -0.374367 -0.916504
v 0.066065 -0.682669 -0.771068
v 0.066065 -0.632522 -0.802057
v 0.066065 -0.654544 -0.789087
v 0.066065 -0.594583 -0.823026
v 0.066065 -0.548383 -0.846388
v 0.066065 -0.570405 -0.835767
v 0.066065 -0.506496 -0.865455
v 0.066065 -0.455236 -0.886813
v 0.066065 -0.477257 -0.877909
v 0.066065 -0.418410 -0.900292
v 0.066065 -0.374367 -0.914858
v 0.110108 -0.682669 -0.767745
v 0.110108 -0.629267 -0.800135
v 0.110108 -0.651289 -0.787193
v 0.110108 -0.594583 -0.819112
v 0.110108 -0.544316 -0.844437
v 0.110108 -0.566337 -0.833775
v 0.110108 -0.506496 -0.861524
v 0.110108 -0.450311 -0.884836
v 0.110108 -0.472332 -0.875928
v 0.110108 -0.418410 -0.896363
v 0.110108 -0.374367 -0.910949
v 0.153604 -0.685699 -0.760070
v 0.167921 -0.702400 -0.747260
v 0.154151 -0.623721 -0.796853
v 0.154151 -0.645742 -0.784096
v 0.154151 -0.594583 -0.812332
v 0.154151 -0.537183 -0.840994
v 0.154151 -0.559205 -0.830277
v 0.154151 -0.506496 -0.854704
v 0.141961 -0.444759 -0.882571
v 0.155646 -0.460645 -0.873697
v 0.155646 -0.421372 -0.888566
v 0.171323 -0.438028 -0.880000
v 0.154151 -0.374367 -0.904711
v 0.198194 -0.674752 -0.757305
v 0.198194 -0.696774 -0.743844
v 0.181682 -0.618994 -0.794127
v 0.197095 -0.635655 -0.780632
v 0.197095 -0.596332 -0.802073
v 0.211044 -0.612179 -0.790469
v 0.181821 -0.531350 -0.838182
v 0.197179 -0.547835 -0.826355
v 0.197179 -0.507968 -0.844940
v 0.211183 -0.523631 -0.834596
v 0.198194 -0.462453 -0.864158
v 0.198194 -0.407867 -0.884954
v 0.198194 -0.429888 -0.877051
v 0.198194 -0.374367 -0.896315
v 0.232776 -0.667063 -0.752570
v 0.245369 -0.682114 -0.739546
v 0.245369 -0.642365 -0.763125
v 0.262138 -0.659538 -0.748073
v 0.242237 -0.581292 -0.797262
v 0.242237 -0.603313 -0.785867
v 0.242237 -0.550540 -0.812487
v 0.234246 -0.494269 -0.841213
v 0.246251 -0.507968 -0.831258
v 0.246251 -0.466570 -0.849324
v 0.263608 -0.483995 -0.836612
v 0.224010 -0.399415 -0.881952
v 0.240109 -0.415822 -0.871186
v 0.240109 -0.373263 -0.886207
v 0.253372 -0.387208 -0.877648
v 0.289399 -0.686233 -0.720998
v 0.286281 -0.629313 -0.756001
v 0.286281 -0.651335 -0.743290
v 0.266118 -0.573947 -0.793487
v 0.282992 -0.591010 -0.777935
v 0.282992 -0.548913 -0.799284
v 0.295480 -0.562510 -0.787713
v 0.286281 -0.506496 -0.818066
v 0.286281 -0.452522 -0.841918
v 0.286281 -0.474544 -0.832486
v 0.286281 -0.418410 -0.855370
v 0.270139 -0.357846 -0.882736
v 0.285405 -0.373263 -0.872279
v 0.330324 -0.671877 -0.711532
v 0.312551 -0.619978 -0.750648
v 0.328468 -0.636246 -0.733649
v 0.328468 -0.593640 -0.757523
v 0.341913 -0.607693 -0.743832
v 0.313552 -0.533148 -0.795069
v 0.329069 -0.548913 -0.780276
v 0.329069 -0.505597 -0.801256
v 0.342914 -0.519678 -0.788568
v 0.310207 -0.442351 -0.837631
v 0.327062 -0.459201 -0.822984
v 0.327062 -0.414469 -0.841371
v 0.339569 -0.426522 -0.831283
v 0.330324 -0.374367 -0.855086
v 0.306159 -0.703290 -0.703809
v 0.330324 -0.693899 -0.697956
v 0.022022 -0.327525 -0.929781
v 0.022022 -0.349546 -0.924189
v 0.022022 -0.286281 -0.939634
v 0.022022 -0.242237 -0.948280
v 0.022022 -0.198194 -0.955038
v 0.022022 -0.154151 -0.960092
v 0.022022 -0.110108 -0.963707
v 0.022022 -0.066065 -0.965614
v 0.022022 -0.022022 -0.965715
v 0.066065 -0.324460 -0.929001
v 0.066065 -0.346482 -0.923400
v 0.066065 -0.286281 -0.938097
v 0.066065 -0.242237 -0.946801
v 0.066065 -0.198194 -0.953588
v 0.066065 -0.154151 -0.958706
v 0.066065 -0.110108 -0.962443
v 0.066065 -0.066065 -0.964507
v 0.066065 -0.022022 -0.964862
v 0.110108 -0.317074 -0.927150
v 0.110108 -0.339096 -0.921443
v 0.110108 -0.286281 -0.934408
v 0.110108 -0.242237 -0.943223
v 0.110108 -0.198194 -0.950144
v 0.110108 -0.154151 -0.955322
v 0.110108 -0.110108 -0.959098
v 0.110108 -0.066065 -0.961246
v 0.110108 -0.022022 -0.961842
v 0.136494 -0.310754 -0.925547
v 0.152365 -0.327391 -0.918766
v 0.152365 -0.286897 -0.928869
v 0.165856 -0.301989 -0.923369
v 0.154151 -0.242237 -0.937721
v 0.154151 -0.198194 -0.944814
v 0.154151 -0.154151 -0.950043
v 0.154151 -0.110108 -0.953800
v 0.154151 -0.066065 -0.955961
v 0.154151 -0.022022 -0.956530
v 0.198194 -0.330324 -0.909526
v 0.185507 -0.272627 -0.926884
v 0.199390 -0.286897 -0.920439
v 0.199390 -0.242776 -0.929698
v 0.214869 -0.257816 -0.923754
v 0.198194 -0.198194 -0.937252
v 0.198194 -0.154151 -0.942607
v 0.198194 -0.110108 -0.946437
v 0.198194 -0.066065 -0.948596
v 0.198194 -0.022022 -0.949000
v 0.242237 -0.330324 -0.898724
v 0.242237 -0.286281 -0.910414
v 0.226327 -0.228454 -0.926374
v 0.241500 -0.242776 -0.920071
v 0.241500 -0.195023 -0.928231
v 0.255689 -0.207589 -0.922806
v 0.242237 -0.154151 -0.933073
v 0.242237 -0.110108 -0.936917
v 0.242237 -0.066065 -0.938975
v 0.242237 -0.022022 -0.939321
v 0.285405 -0.328929 -0.886503
v 0.299502 -0.342680 -0.877983
v 0.286281 -0.286281 -0.897869
v 0.286281 -0.242237 -0.907683
v 0.265356 -0.178227 -0.925240
v 0.282535 -0.195023 -0.917131
v 0.269216 -0.154151 -0.926379
v 0.291238 -0.154151 -0.919671
v 0.275569 -0.110108 -0.928213
v 0.297591 -0.110108 -0.921682
v 0.279173 -0.066065 -0.929196
v 0.301194 -0.066065 -0.922807
v 0.279980 -0.022022 -0.929361
v 0.302001 -0.022022 -0.923079
v 0.312107 -0.313318 -0.882320
v 0.328202 -0.328929 -0.871207
v 0.321718 -0.286281 -0.885910
v 0.343740 -0.286281 -0.877454
v 0.334370 -0.245960 -0.890487
v 0.351748 -0.263122 -0.880632
v 0.330324 -0.198194 -0.900770
v 0.330324 -0.154151 -0.906699
v 0.330324 -0.110108 -0.910778
v 0.330324 -0.066065 -0.913175
v 0.330324 -0.022022 -0.913852
v 0.358702 -0.927384 -0.445700
v 0.373777 -0.932350 -0.418231
v 0.374367 -0.945161 -0.374367
v 0.353456 -0.881458 -0.529256
v 0.370629 -0.889394 -0.505076
v 0.373777 -0.913434 -0.461210
v 0.388064 -0.921526 -0.432792
v 0.356781 -0.839571 -0.575330
v 0.369800 -0.856384 -0.547432
v 0.382818 -0.873197 -0.518811
v 0.352992 -0.793242 -0.616982
v 0.369568 -0.811228 -0.591657
v 0.386143 -0.829213 -0.565607
v 0.370351 -0.768507 -0.625200
v 0.382354 -0.781690 -0.607983
v 0.364283 -0.714464 -0.667231
v 0.377125 -0.728172 -0.650441
v 0.403155 -0.927836 -0.403430
v 0.418066 -0.931569 -0.372563
v 0.402366 -0.884441 -0.489449
v 0.417592 -0.892381 -0.462068
v 0.418066 -0.914498 -0.418231
v 0.432517 -0.921303 -0.386041
v 0.406945 -0.843835 -0.536245
v 0.419336 -0.859576 -0.507329
v 0.431728 -0.875317 -0.476492
v 0.405066 -0.799851 -0.578621
v 0.420686 -0.816682 -0.552193
v 0.436307 -0.833514 -0.525209
v 0.400447 -0.752328 -0.619233
v 0.417437 -0.769923 -0.593991
v 0.434428 -0.787519 -0.568141
v 0.416441 -0.725253 -0.628128
v 0.429809 -0.738961 -0.609362
v 0.443507 -0.926395 -0.356679
v 0.447140 -0.885182 -0.447130
v 0.462074 -0.891966 -0.417302
v 0.459894 -0.912317 -0.372563
v 0.453251 -0.845955 -0.495847
v 0.464877 -0.860663 -0.464882
v 0.476503 -0.875372 -0.431245
v 0.453098 -0.804152 -0.538779
v 0.467856 -0.819673 -0.511301
v 0.482613 -0.835193 -0.482634
v 0.450172 -0.758156 -0.580000
v 0.466316 -0.774503 -0.553680
v 0.482460 -0.790850 -0.526754
v 0.445287 -0.709599 -0.620098
v 0.462410 -0.726642 -0.594591
v 0.479534 -0.743685 -0.568581
v 0.488776 -0.883972 -0.401883
v 0.497953 -0.889851 -0.374367
v 0.496154 -0.846009 -0.453272
v 0.507146 -0.859468 -0.419251
v 0.519975 -0.874351 -0.374367
v 0.497671 -0.805831 -0.497392
v 0.511594 -0.819871 -0.468061
v 0.525516 -0.833912 -0.436620
v 0.496633 -0.761488 -0.539218
v 0.511833 -0.776338 -0.511719
v 0.527034 -0.791188 -0.482851
v 0.493264 -0.714322 -0.579819
v 0.509629 -0.730127 -0.553313
v 0.525995 -0.745931 -0.526047
v 0.536124 -0.843565 -0.407258
v 0.550699 -0.850064 -0.371518
v 0.539418 -0.804550 -0.453488
v 0.552452 -0.816947 -0.421242
v 0.565486 -0.829344 -0.384300
v 0.539948 -0.761826 -0.496685
v 0.554364 -0.775055 -0.466997
v 0.568780 -0.788285 -0.435226
v 0.538309 -0.716569 -0.538046
v 0.553809 -0.730701 -0.510012
v 0.569310 -0.744833 -0.480506
v 0.573964 -0.838213 -0.354938
v 0.578912 -0.799982 -0.405864
v 0.585850 -0.814717 -0.371518
v 0.580606 -0.758923 -0.451144
v 0.594440 -0.770444 -0.418108
v 0.610142 -0.784404 -0.374367
v 0.580770 -0.715471 -0.493976
v 0.595369 -0.727779 -0.463525
v 0.609968 -0.740088 -0.430353
v 0.619407 -0.752603 -0.400991
v 0.626826 -0.762383 -0.374367
v 0.621044 -0.710726 -0.446544
v 0.628905 -0.725929 -0.416767
v 0.650355 -0.727846 -0.377207
v 0.666863 -0.713921 -0.364419
v 0.374367 -0.954110 -0.330324
v 0.374367 -0.959880 -0.286281
v 0.374367 -0.962765 -0.242237
v 0.374367 -0.962769 -0.198194
v 0.374367 -0.959566 -0.154151
v 0.374367 -0.953520 -0.110108
v 0.374367 -0.947069 -0.066065
v 0.374367 -0.943304 -0.022022
v 0.418410 -0.941839 -0.330324
v 0.418410 -0.949075 -0.286281
v 0.418410 -0.952974 -0.242237
v 0.418410 -0.954062 -0.198194
v 0.418410 -0.951325 -0.154151
v 0.418410 -0.945598 -0.110108
v 0.418410 -0.940042 -0.066065
v 0.418410 -0.937276 -0.022022
v 0.451042 -0.929758 -0.330324
v 0.464692 -0.932835 -0.285942
v 0.462453 -0.939152 -0.242237
v 0.462453 -0.940864 -0.198194
v 0.462453 -0.938724 -0.154151
v 0.462453 -0.934020 -0.110108
v 0.464897 -0.929204 -0.070406
v 0.457472 -0.929142 -0.022022
v 0.473064 -0.919220 -0.330324
v 0.480865 -0.923131 -0.300398
v 0.481207 -0.924042 -0.058620
v 0.479494 -0.923627 -0.022022
v 0.487206 -0.926349 -0.271036
v 0.491092 -0.928107 -0.242237
v 0.493846 -0.929043 -0.198194
v 0.492461 -0.928165 -0.154151
v 0.487671 -0.926153 -0.110108
v 0.484492 -0.924913 -0.087982
v 0.510294 -0.896657 -0.333575
v 0.503731 -0.913770 -0.285942
v 0.513113 -0.916689 -0.242237
v 0.515868 -0.918854 -0.198194
v 0.514482 -0.918853 -0.154151
v 0.509692 -0.917538 -0.110108
v 0.502102 -0.917343 -0.070406
v 0.506496 -0.914456 -0.022022
v 0.527507 -0.880117 -0.350424
v 0.534693 -0.885406 -0.321062
v 0.541868 -0.890296 -0.286281
v 0.553111 -0.892547 -0.240657
v 0.550540 -0.899462 -0.198194
v 0.550540 -0.900166 -0.154151
v 0.550540 -0.897915 -0.110108
v 0.550540 -0.895235 -0.066065
v 0.550540 -0.894964 -0.022022
v 0.549840 -0.868306 -0.333575
v 0.563890 -0.873870 -0.286281
v 0.569506 -0.878434 -0.254284
v 0.573875 -0.881931 -0.224922
v 0.576007 -0.883492 -0.198194
v 0.577135 -0.884198 -0.154151
v 0.576008 -0.883262 -0.110108
v 0.574316 -0.882019 -0.066065
v 0.574604 -0.882113 -0.022022
v 0.579696 -0.843705 -0.330324
v 0.589063 -0.851849 -0.286281
v 0.594845 -0.859069 -0.243150
v 0.598028 -0.864610 -0.198194
v 0.599157 -0.866115 -0.154151
v 0.598030 -0.866009 -0.110108
v 0.596338 -0.866089 -0.066065
v 0.596626 -0.867167 -0.022022
v 0.604523 -0.814727 -0.334355
v 0.611084 -0.830601 -0.286281
v 0.615815 -0.835989 -0.261378
v 0.616318 -0.792425 -0.351724
v 0.619444 -0.839705 -0.232016
v 0.622422 -0.842588 -0.198194
v 0.624164 -0.844093 -0.154151
v 0.624365 -0.843987 -0.110108
v 0.624866 -0.844068 -0.066065
v 0.626445 -0.845145 -0.022022
v 0.622764 -0.799997 -0.322362
v 0.630070 -0.808580 -0.286281
v 0.638603 -0.814685 -0.241917
v 0.644444 -0.817869 -0.198194
v 0.646185 -0.820648 -0.154151
v 0.646386 -0.821716 -0.110108
v 0.646887 -0.822920 -0.066065
v 0.648467 -0.824936 -0.022022
v 0.639778 -0.772252 -0.332869
v 0.652092 -0.781465 -0.286281
v 0.657761 -0.789029 -0.251818
v 0.656793 -0.743283 -0.343376
v 0.661151 -0.793382 -0.222456
v 0.663167 -0.795848 -0.198194
v 0.665536 -0.798626 -0.154151
v 0.666557 -0.799694 -0.110108
v 0.667715 -0.800898 -0.066065
v 0.669711 -0.802914 -0.022022
v 0.663024 -0.752079 -0.314013
v 0.668168 -0.759443 -0.286281
v 0.672472 -0.772911 -0.239177
v 0.682259 -0.770755 -0.198194
v 0.690517 -0.767003 -0.154269
v 0.688578 -0.773075 -0.110108
v 0.689736 -0.774911 -0.066065
v 0.691732 -0.777563 -0.022022
v 0.673311 -0.727846 -0.329346
v 0.691789 -0.724873 -0.286997
v 0.697072 -0.737666 -0.242237
v 0.701761 -0.744655 -0.198194
v 0.703912 -0.747648 -0.169028
v 0.354308 -0.662340 -0.705730
v 0.371140 -0.636238 -0.712367
v 0.358389 -0.578331 -0.751852
v 0.373589 -0.593640 -0.735440
v 0.373589 -0.549651 -0.758652
v 0.387751 -0.563740 -0.744186
v 0.357907 -0.490316 -0.795506
v 0.373300 -0.505597 -0.780436
v 0.373300 -0.460712 -0.801080
v 0.387269 -0.474233 -0.788158
v 0.353014 -0.397160 -0.837124
v 0.370364 -0.414469 -0.821916
v 0.362448 -0.374367 -0.841384
v 0.384469 -0.374367 -0.831219
v 0.399675 -0.619965 -0.706666
v 0.415978 -0.591603 -0.712778
v 0.401759 -0.534378 -0.751674
v 0.417228 -0.549651 -0.734818
v 0.417228 -0.504640 -0.757801
v 0.431121 -0.518083 -0.743399
v 0.400147 -0.444870 -0.794742
v 0.416261 -0.460712 -0.778934
v 0.416261 -0.414674 -0.799094
v 0.429509 -0.426864 -0.786896
v 0.418410 -0.374367 -0.814243
v 0.442574 -0.574936 -0.706062
v 0.459334 -0.546217 -0.711166
v 0.443932 -0.488721 -0.750843
v 0.460149 -0.504640 -0.732624
v 0.460149 -0.458075 -0.755291
v 0.473294 -0.469837 -0.741826
v 0.441243 -0.397501 -0.793246
v 0.458536 -0.414674 -0.775480
v 0.449238 -0.374367 -0.797822
v 0.471259 -0.374367 -0.784895
v 0.484585 -0.528654 -0.704765
v 0.493151 -0.506496 -0.710576
v 0.484506 -0.440475 -0.748754
v 0.504901 -0.460205 -0.725751
v 0.492137 -0.418410 -0.753545
v 0.514159 -0.418410 -0.739266
v 0.508203 -0.374703 -0.762041
v 0.524022 -0.389608 -0.745805
v 0.535612 -0.450572 -0.709677
v 0.550392 -0.415903 -0.715618
v 0.533435 -0.360245 -0.752059
v 0.549086 -0.374703 -0.735010
v 0.574483 -0.399551 -0.706164
v 0.581864 -0.374367 -0.711754
v 0.373977 -0.682290 -0.682472
v 0.393645 -0.702240 -0.659051
v 0.383670 -0.649327 -0.697713
v 0.408778 -0.672877 -0.668351
v 0.421439 -0.685603 -0.652087
v 0.418907 -0.639154 -0.682968
v 0.438140 -0.658344 -0.659164
v 0.429037 -0.604298 -0.697585
v 0.460962 -0.680669 -0.628235
v 0.474649 -0.694017 -0.609182
v 0.451669 -0.628982 -0.668223
v 0.464791 -0.641648 -0.651096
v 0.461803 -0.593772 -0.682317
v 0.481031 -0.612607 -0.658200
v 0.471936 -0.558016 -0.696410
v 0.487994 -0.664655 -0.619298
v 0.505310 -0.681255 -0.593713
v 0.522626 -0.697856 -0.567408
v 0.504203 -0.635227 -0.626225
v 0.517356 -0.647642 -0.607607
v 0.493461 -0.583245 -0.667048
v 0.507484 -0.596589 -0.648496
v 0.503704 -0.547123 -0.680766
v 0.522823 -0.565592 -0.656416
v 0.515173 -0.506496 -0.695337
v 0.525295 -0.479934 -0.702425
v 0.534967 -0.668493 -0.578245
v 0.551319 -0.683461 -0.551330
v 0.567671 -0.698428 -0.523339
v 0.529884 -0.618280 -0.617712
v 0.547106 -0.634279 -0.591631
v 0.564329 -0.650278 -0.564614
v 0.539264 -0.594583 -0.625273
v 0.561285 -0.594583 -0.606807
v 0.534358 -0.536230 -0.665122
v 0.552600 -0.553244 -0.640270
v 0.570842 -0.570257 -0.615129
v 0.549639 -0.503580 -0.671626
v 0.563720 -0.516317 -0.653486
v 0.550392 -0.464133 -0.692009
v 0.564974 -0.428913 -0.699093
v 0.579210 -0.669066 -0.535252
v 0.594671 -0.682384 -0.506554
v 0.610132 -0.695703 -0.475906
v 0.575804 -0.620916 -0.575655
v 0.592188 -0.635461 -0.548103
v 0.608572 -0.650006 -0.519132
v 0.585460 -0.594583 -0.584786
v 0.607482 -0.594583 -0.563304
v 0.581284 -0.540895 -0.624124
v 0.598582 -0.556199 -0.598398
v 0.615879 -0.571504 -0.571825
v 0.574306 -0.486955 -0.662056
v 0.592476 -0.503298 -0.636787
v 0.610647 -0.519641 -0.611030
v 0.582469 -0.462453 -0.668516
v 0.604490 -0.462453 -0.650187
v 0.593936 -0.417321 -0.682101
v 0.613389 -0.435090 -0.657898
v 0.603885 -0.374367 -0.694514
v 0.620684 -0.666341 -0.489770
v 0.630479 -0.681681 -0.461717
v 0.653603 -0.685797 -0.422737
v 0.659225 -0.702563 -0.393781
v 0.619322 -0.620643 -0.531592
v 0.629182 -0.636645 -0.505269
v 0.653931 -0.642961 -0.466425
v 0.660571 -0.660532 -0.440302
v 0.628051 -0.594583 -0.541283
v 0.651878 -0.598535 -0.509311
v 0.660131 -0.615851 -0.483754
v 0.625611 -0.542142 -0.581668
v 0.642061 -0.555617 -0.554300
v 0.658511 -0.569093 -0.525868
v 0.620235 -0.490279 -0.620087
v 0.637604 -0.504831 -0.593550
v 0.654974 -0.519384 -0.566136
v 0.628603 -0.462453 -0.628165
v 0.650624 -0.462453 -0.606453
v 0.621690 -0.405728 -0.665109
v 0.640011 -0.420955 -0.640015
v 0.658333 -0.436182 -0.614241
v 0.630145 -0.374367 -0.672493
v 0.652167 -0.374367 -0.652551
v 0.668850 -0.673201 -0.410940
v 0.682537 -0.682253 -0.373913
v 0.669759 -0.631170 -0.454392
v 0.683985 -0.640710 -0.420707
v 0.698212 -0.650251 -0.383407
v 0.669571 -0.586488 -0.496506
v 0.684346 -0.596999 -0.464873
v 0.699121 -0.607509 -0.430475
v 0.667412 -0.539731 -0.536774
v 0.683173 -0.551087 -0.507072
v 0.698933 -0.562443 -0.475355
v 0.663801 -0.490022 -0.576070
v 0.680288 -0.502413 -0.547661
v 0.696774 -0.514803 -0.517637
v 0.671262 -0.462453 -0.584431
v 0.693283 -0.462453 -0.558692
v 0.666077 -0.406820 -0.622133
v 0.683542 -0.419863 -0.595486
v 0.701008 -0.432907 -0.568081
v 0.674211 -0.374367 -0.630529
v 0.696232 -0.374367 -0.606978
v 0.696716 -0.692116 -0.330324
v 0.702523 -0.701310 -0.302156
v 0.377643 -0.333107 -0.848821
v 0.394509 -0.349644 -0.835941
v 0.374367 -0.286281 -0.864417
v 0.359009 -0.233760 -0.883598
v 0.373961 -0.245960 -0.874766
v 0.366906 -0.198194 -0.886891
v 0.388928 -0.198194 -0.877724
v 0.377613 -0.154043 -0.888564
v 0.394458 -0.168651 -0.880052
v 0.374367 -0.110108 -0.894260
v 0.374367 -0.066065 -0.897055
v 0.374367 -0.022022 -0.898063
v 0.404123 -0.320282 -0.840673
v 0.418647 -0.333107 -0.829122
v 0.418647 -0.283698 -0.844541
v 0.433485 -0.296658 -0.833293
v 0.418410 -0.242237 -0.855207
v 0.418410 -0.198194 -0.864161
v 0.398139 -0.139289 -0.881632
v 0.415056 -0.154043 -0.872359
v 0.401579 -0.110108 -0.883142
v 0.423601 -0.110108 -0.873401
v 0.405155 -0.066065 -0.884665
v 0.427177 -0.066065 -0.875056
v 0.406822 -0.022022 -0.885269
v 0.428844 -0.022022 -0.875895
v 0.464607 -0.330989 -0.805011
v 0.480723 -0.346114 -0.790553
v 0.442136 -0.267296 -0.837710
v 0.459072 -0.283698 -0.823463
v 0.447824 -0.242237 -0.840632
v 0.469845 -0.242237 -0.828949
v 0.456880 -0.198194 -0.845279
v 0.478902 -0.198194 -0.833865
v 0.466317 -0.156431 -0.847306
v 0.483573 -0.172632 -0.836344
v 0.462453 -0.110108 -0.854923
v 0.462453 -0.066065 -0.858445
v 0.462453 -0.022022 -0.860213
v 0.489514 -0.316752 -0.795755
v 0.505116 -0.330989 -0.781062
v 0.498094 -0.286281 -0.800747
v 0.520116 -0.286281 -0.787606
v 0.509964 -0.244452 -0.805755
v 0.526957 -0.260610 -0.791828
v 0.506496 -0.198194 -0.818400
v 0.487210 -0.143270 -0.838296
v 0.503733 -0.156431 -0.827362
v 0.491149 -0.110108 -0.840364
v 0.513170 -0.110108 -0.828440
v 0.494813 -0.066065 -0.842231
v 0.516834 -0.066065 -0.830539
v 0.496811 -0.022022 -0.843159
v 0.518833 -0.022022 -0.831675
v 0.541890 -0.330324 -0.757779
v 0.563911 -0.330324 -0.742771
v 0.553882 -0.288659 -0.764572
v 0.570792 -0.304926 -0.747519
v 0.532830 -0.231248 -0.795541
v 0.548723 -0.244452 -0.781626
v 0.538807 -0.198194 -0.799333
v 0.560828 -0.198194 -0.784980
v 0.545155 -0.154151 -0.803334
v 0.567177 -0.154151 -0.789204
v 0.553802 -0.109075 -0.804155
v 0.570657 -0.123068 -0.791522
v 0.550540 -0.066065 -0.810457
v 0.550540 -0.022022 -0.812935
v 0.596467 -0.329536 -0.718931
v 0.578049 -0.275564 -0.752665
v 0.593471 -0.288659 -0.736368
v 0.584798 -0.242237 -0.757528
v 0.606819 -0.242237 -0.741217
v 0.596675 -0.195415 -0.760503
v 0.612751 -0.208244 -0.745747
v 0.594583 -0.154151 -0.769934
v 0.573725 -0.093706 -0.793550
v 0.590876 -0.109075 -0.779316
v 0.575485 -0.066065 -0.794717
v 0.597506 -0.066065 -0.779294
v 0.577558 -0.022022 -0.796058
v 0.599580 -0.022022 -0.780737
v 0.619454 -0.314330 -0.707013
v 0.625725 -0.286281 -0.712166
v 0.634123 -0.242237 -0.719196
v 0.617407 -0.178882 -0.749384
v 0.638711 -0.198484 -0.726762
v 0.620002 -0.154151 -0.751486
v 0.642023 -0.154151 -0.733193
v 0.624186 -0.110108 -0.754870
v 0.646207 -0.110108 -0.736700
v 0.627199 -0.066065 -0.757272
v 0.649220 -0.066065 -0.739232
v 0.628956 -0.022022 -0.758716
v 0.650978 -0.022022 -0.740704
v 0.663970 -0.188724 -0.707776
v 0.667568 -0.154151 -0.711172
v 0.671269 -0.110108 -0.714678
v 0.673883 -0.066065 -0.717211
v 0.675352 -0.022022 -0.718682
v 0.612405 -0.343692 -0.701342
v 0.639195 -0.331360 -0.683161
v 0.658936 -0.348390 -0.659004
v 0.647747 -0.286281 -0.693369
v 0.656145 -0.242237 -0.700708
v 0.660014 -0.218086 -0.704128
v 0.665064 -0.319028 -0.664981
v 0.683864 -0.333179 -0.639858
v 0.702665 -0.347329 -0.614280
v 0.671582 -0.286281 -0.671347
v 0.693604 -0.286281 -0.649221
v 0.679003 -0.242237 -0.678686
v 0.701025 -0.242237 -0.656860
v 0.684146 -0.203682 -0.683937
v 0.704321 -0.218640 -0.660258
v 0.689590 -0.154151 -0.689198
v 0.693291 -0.110108 -0.692877
v 0.695905 -0.066065 -0.695495
v 0.697374 -0.022022 -0.696968
v 0.705528 -0.749820 -0.139666
v 0.706508 -0.751053 -0.110108
v 0.708030 -0.752889 -0.066065
v 0.710124 -0.755542 -0.022022
v 0.707526 -0.708966 -0.272793
v 0.712167 -0.715644 -0.242237
v 0.717275 -0.722634 -0.198194
v 0.718017 -0.730465 -0.154269
v 0.724849 -0.726712 -0.110108
v 0.728066 -0.726712 -0.066065
v 0.735047 -0.722726 -0.021371
v 0.749232 -0.705388 -0.006257
v 0.705496 -0.661943 -0.354045
v 0.707266 -0.620889 -0.401113
v 0.712360 -0.636792 -0.370982
v 0.708012 -0.578147 -0.445993
v 0.714883 -0.593530 -0.416840
v 0.736148 -0.593395 -0.374054
v 0.707241 -0.533081 -0.488275
v 0.715020 -0.548873 -0.461386
v 0.737761 -0.550931 -0.418961
v 0.745143 -0.565873 -0.388527
v 0.705205 -0.485441 -0.529187
v 0.712737 -0.502672 -0.504372
v 0.736851 -0.506950 -0.462383
v 0.745395 -0.521933 -0.434010
v 0.710931 -0.462453 -0.536671
v 0.733508 -0.461482 -0.504638
v 0.744398 -0.475515 -0.477017
v 0.708127 -0.403545 -0.576732
v 0.720033 -0.418300 -0.552256
v 0.743313 -0.418410 -0.520287
v 0.714885 -0.374367 -0.584957
v 0.739060 -0.378273 -0.551252
v 0.748380 -0.395559 -0.527981
v 0.751686 -0.577923 -0.359165
v 0.752849 -0.536511 -0.404648
v 0.759238 -0.550931 -0.374054
v 0.752705 -0.492571 -0.447654
v 0.760376 -0.506950 -0.418961
v 0.781875 -0.505735 -0.374089
v 0.751427 -0.446153 -0.488718
v 0.759173 -0.461482 -0.462383
v 0.781965 -0.462426 -0.418068
v 0.789413 -0.477089 -0.388585
v 0.757529 -0.418410 -0.498265
v 0.779828 -0.417133 -0.460537
v 0.788830 -0.430962 -0.432522
v 0.754473 -0.366197 -0.537046
v 0.770801 -0.374281 -0.506440
v 0.787130 -0.382366 -0.473941
v 0.795702 -0.490546 -0.359223
v 0.796044 -0.447727 -0.403159
v 0.802154 -0.462426 -0.374089
v 0.794927 -0.401600 -0.444579
v 0.801582 -0.417133 -0.418068
v 0.823572 -0.415065 -0.370977
v 0.793030 -0.353003 -0.484898
v 0.799000 -0.370357 -0.460537
v 0.822021 -0.370458 -0.414421
v 0.831398 -0.382533 -0.383397
v 0.837522 -0.398154 -0.354035
v 0.837136 -0.353171 -0.397081
v 0.841227 -0.370458 -0.370977
v 0.710592 -0.670094 -0.330324
v 0.717777 -0.685045 -0.286997
v 0.735435 -0.679843 -0.241134
v 0.739297 -0.689775 -0.198194
v 0.742742 -0.695480 -0.154151
v 0.745053 -0.699250 -0.110108
v 0.746749 -0.701837 -0.066065
v 0.748040 -0.703698 -0.035619
v 0.732670 -0.635116 -0.327140
v 0.740943 -0.647236 -0.286281
v 0.745964 -0.655956 -0.255079
v 0.743454 -0.607285 -0.339698
v 0.750348 -0.663278 -0.225717
v 0.753200 -0.667754 -0.198194
v 0.756912 -0.673459 -0.154151
v 0.759636 -0.677228 -0.110108
v 0.761616 -0.679816 -0.066065
v 0.760609 -0.686478 -0.021371
v 0.749562 -0.618095 -0.310336
v 0.753687 -0.625214 -0.286281
v 0.759192 -0.640215 -0.241134
v 0.770533 -0.638626 -0.198194
v 0.780736 -0.635100 -0.152856
v 0.781658 -0.642847 -0.110108
v 0.783637 -0.646189 -0.066065
v 0.785225 -0.648440 -0.022022
v 0.756320 -0.593395 -0.327140
v 0.770805 -0.594583 -0.286281
v 0.784218 -0.593997 -0.245185
v 0.788089 -0.608279 -0.198194
v 0.791167 -0.613821 -0.166674
v 0.779704 -0.548089 -0.328409
v 0.787873 -0.562936 -0.286281
v 0.792056 -0.571152 -0.261831
v 0.788536 -0.519908 -0.341813
v 0.793648 -0.618069 -0.137312
v 0.795359 -0.620826 -0.110108
v 0.797382 -0.624167 -0.066065
v 0.798625 -0.626419 -0.022022
v 0.796270 -0.578925 -0.232468
v 0.800507 -0.586257 -0.198194
v 0.802922 -0.597317 -0.152856
v 0.810602 -0.594583 -0.110108
v 0.814686 -0.594583 -0.066065
v 0.816817 -0.594583 -0.022022
v 0.794405 -0.531774 -0.312451
v 0.799006 -0.540914 -0.286281
v 0.805369 -0.554099 -0.245185
v 0.819323 -0.550540 -0.198194
v 0.828580 -0.548452 -0.157017
v 0.830042 -0.559035 -0.110108
v 0.832103 -0.562977 -0.066065
v 0.832990 -0.564632 -0.022022
v 0.800689 -0.505735 -0.328409
v 0.815738 -0.506496 -0.286281
v 0.829096 -0.505990 -0.244477
v 0.833614 -0.521738 -0.198194
v 0.836410 -0.527662 -0.173609
v 0.822991 -0.458594 -0.326554
v 0.831530 -0.472417 -0.286281
v 0.835815 -0.482170 -0.260652
v 0.831576 -0.427516 -0.338722
v 0.838712 -0.532380 -0.144247
v 0.840901 -0.537013 -0.110108
v 0.842689 -0.540955 -0.066065
v 0.843389 -0.542610 -0.022022
v 0.839814 -0.490972 -0.231289
v 0.843824 -0.499716 -0.198194
v 0.846805 -0.510387 -0.157017
v 0.854640 -0.506496 -0.110108
v 0.858083 -0.506496 -0.066065
v 0.859416 -0.506496 -0.022022
v 0.837214 -0.441340 -0.309360
v 0.841142 -0.450395 -0.286281
v 0.847352 -0.465475 -0.244477
v 0.860036 -0.462453 -0.198194
v 0.867983 -0.462453 -0.154151
v 0.874054 -0.459606 -0.112503
v 0.874236 -0.467583 -0.066065
v 0.874868 -0.469074 -0.022022
v 0.841145 -0.415065 -0.326554
v 0.853987 -0.418410 -0.286281
v 0.866985 -0.418410 -0.242237
v 0.876195 -0.419184 -0.202502
v 0.878943 -0.435260 -0.154151
v 0.880558 -0.439588 -0.128781
v 0.855353 -0.374367 -0.330324
v 0.871656 -0.372805 -0.285029
v 0.878088 -0.388856 -0.242237
v 0.880828 -0.396289 -0.220054
v 0.881879 -0.443027 -0.099419
v 0.882857 -0.445562 -0.066065
v 0.883418 -0.447052 -0.022022
v 0.883997 -0.405018 -0.190692
v 0.886877 -0.413239 -0.154151
v 0.888079 -0.422308 -0.112503
v 0.892506 -0.418410 -0.066065
v 0.893546 -0.418410 -0.022022
v 0.882557 -0.357083 -0.269514
v 0.885953 -0.366835 -0.242237
v 0.890661 -0.378711 -0.202502
v 0.900295 -0.374367 -0.154151
v 0.904673 -0.374367 -0.110108
v 0.907294 -0.374367 -0.066065
v 0.908076 -0.374367 -0.022022
v 0.708321 -0.317967 -0.620711
v 0.726265 -0.328966 -0.593933
v 0.744208 -0.339964 -0.566408
v 0.713978 -0.286281 -0.627199
v 0.735999 -0.286281 -0.600778
v 0.720425 -0.242237 -0.634838
v 0.742446 -0.242237 -0.608688
v 0.707651 -0.189278 -0.663747
v 0.726965 -0.199266 -0.638949
v 0.746279 -0.209255 -0.613495
v 0.710868 -0.154151 -0.667177
v 0.732890 -0.154151 -0.642064
v 0.714205 -0.110108 -0.670856
v 0.736227 -0.110108 -0.645672
v 0.716530 -0.066065 -0.673474
v 0.738551 -0.066065 -0.648259
v 0.717857 -0.022022 -0.674947
v 0.739878 -0.022022 -0.649802
v 0.749520 -0.310602 -0.573586
v 0.759061 -0.327299 -0.551252
v 0.783075 -0.330324 -0.513064
v 0.753434 -0.286281 -0.578756
v 0.776523 -0.282971 -0.546650
v 0.788783 -0.295446 -0.522170
v 0.759453 -0.242237 -0.586667
v 0.781475 -0.242237 -0.555593
v 0.749560 -0.179893 -0.617640
v 0.761615 -0.196022 -0.597122
v 0.786238 -0.198194 -0.562685
v 0.751454 -0.154151 -0.620043
v 0.770595 -0.154151 -0.594583
v 0.789896 -0.154151 -0.568161
v 0.754252 -0.110108 -0.623651
v 0.778979 -0.108880 -0.590656
v 0.791786 -0.122743 -0.571060
v 0.756213 -0.066065 -0.626237
v 0.778235 -0.066065 -0.596543
v 0.757297 -0.022022 -0.627780
v 0.779319 -0.022022 -0.597960
v 0.796679 -0.330324 -0.491042
v 0.812160 -0.330324 -0.462453
v 0.830280 -0.330324 -0.426786
v 0.793333 -0.266084 -0.529375
v 0.801675 -0.282971 -0.507092
v 0.826562 -0.286747 -0.460821
v 0.834810 -0.301739 -0.436226
v 0.796042 -0.242237 -0.533571
v 0.812322 -0.242237 -0.506496
v 0.831078 -0.242237 -0.473673
v 0.800574 -0.198194 -0.540664
v 0.824061 -0.195329 -0.502612
v 0.834521 -0.208099 -0.480132
v 0.804051 -0.154151 -0.546139
v 0.826073 -0.154151 -0.509938
v 0.793321 -0.093380 -0.573357
v 0.804133 -0.108880 -0.554043
v 0.828586 -0.110108 -0.514109
v 0.794107 -0.066065 -0.574522
v 0.809492 -0.066065 -0.550540
v 0.830184 -0.066065 -0.516922
v 0.795079 -0.022022 -0.575938
v 0.811371 -0.022022 -0.550540
v 0.831091 -0.022022 -0.518421
v 0.840655 -0.330324 -0.404764
v 0.853592 -0.330324 -0.374367
v 0.839230 -0.272377 -0.445052
v 0.846575 -0.286747 -0.420291
v 0.869300 -0.282989 -0.370729
v 0.842694 -0.242237 -0.451651
v 0.858519 -0.242237 -0.418410
v 0.874667 -0.242237 -0.381680
v 0.837301 -0.178737 -0.485342
v 0.845254 -0.195329 -0.464252
v 0.869812 -0.194081 -0.414127
v 0.878231 -0.206019 -0.390180
v 0.838704 -0.154151 -0.487917
v 0.852024 -0.154151 -0.462453
v 0.872162 -0.154151 -0.421180
v 0.840973 -0.110108 -0.492088
v 0.856464 -0.110108 -0.462453
v 0.874332 -0.110108 -0.425935
v 0.842507 -0.066065 -0.494900
v 0.859497 -0.066065 -0.462453
v 0.875832 -0.066065 -0.429136
v 0.843295 -0.022022 -0.496399
v 0.861080 -0.022022 -0.462453
v 0.876627 -0.022022 -0.430860
v 0.881391 -0.266114 -0.353623
v 0.883893 -0.242237 -0.359658
v 0.880952 -0.176657 -0.396591
v 0.886695 -0.194081 -0.375046
v 0.882092 -0.154151 -0.399158
v 0.892379 -0.154151 -0.374367
v 0.884169 -0.110108 -0.403913
v 0.896514 -0.110108 -0.374367
v 0.885542 -0.066065 -0.407115
v 0.899157 -0.066065 -0.374367
v 0.886261 -0.022022 -0.408839
v 0.900374 -0.022022 -0.374367
v 0.871729 -0.328686 -0.328365
v 0.877753 -0.342275 -0.298876
v 0.877105 -0.295476 -0.341740
v 0.882269 -0.312913 -0.312378
v 0.886335 -0.328686 -0.285029
v 0.897568 -0.330324 -0.242237
v 0.907088 -0.330324 -0.198194
v 0.913917 -0.330324 -0.154151
v 0.919248 -0.326407 -0.107581
v 0.919667 -0.332790 -0.066065
v 0.919969 -0.333691 -0.022022
v 0.885329 -0.282989 -0.328365
v 0.898146 -0.286281 -0.286281
v 0.910118 -0.286281 -0.242237
v 0.919589 -0.285179 -0.198461
v 0.922521 -0.299114 -0.154151
v 0.924103 -0.305227 -0.120578
v 0.894376 -0.242237 -0.330324
v 0.908638 -0.242237 -0.286281
v 0.920362 -0.242740 -0.242061
v 0.923636 -0.257756 -0.213320
v 0.902763 -0.198194 -0.330324
v 0.917991 -0.196670 -0.283569
v 0.923174 -0.210335 -0.256625
v 0.908871 -0.154151 -0.330324
v 0.920605 -0.154151 -0.293936
v 0.912898 -0.110108 -0.330324
v 0.922574 -0.110108 -0.300369
v 0.915287 -0.066065 -0.330324
v 0.923694 -0.066065 -0.304088
v 0.916181 -0.022022 -0.330324
v 0.924090 -0.022022 -0.305416
v 0.925122 -0.309115 -0.091216
v 0.925557 -0.310768 -0.066065
v 0.925788 -0.311669 -0.022022
v 0.926305 -0.269764 -0.183958
v 0.928194 -0.277092 -0.154151
v 0.929177 -0.288840 -0.107581
v 0.931730 -0.286281 -0.066065
v 0.932079 -0.286281 -0.022022
v 0.926489 -0.228394 -0.227263
v 0.929202 -0.242740 -0.198461
v 0.935639 -0.242237 -0.154151
v 0.939439 -0.242237 -0.110108
v 0.941454 -0.242237 -0.066065
v 0.941634 -0.242237 -0.022022
v 0.925728 -0.180973 -0.267080
v 0.928810 -0.196670 -0.242061
v 0.937294 -0.198194 -0.198194
v 0.943526 -0.198194 -0.154151
v 0.947306 -0.198194 -0.110108
v 0.949323 -0.198194 -0.066065
v 0.949514 -0.198194 -0.022022
v 0.927114 -0.154151 -0.271915
v 0.934232 -0.154151 -0.242237
v 0.942936 -0.154151 -0.198194
v 0.949206 -0.154151 -0.154151
v 0.953074 -0.154151 -0.110108
v 0.955210 -0.154151 -0.066065
v 0.955562 -0.154151 -0.022022
v 0.928915 -0.110108 -0.278347
v 0.937846 -0.110108 -0.242237
v 0.946517 -0.110108 -0.198194
v 0.952871 -0.110108 -0.154151
v 0.956973 -0.110108 -0.110108
v 0.959342 -0.110108 -0.066065
v 0.959842 -0.110108 -0.022022
v 0.929893 -0.066065 -0.282066
v 0.939875 -0.066065 -0.242237
v 0.948635 -0.066065 -0.198194
v 0.955071 -0.066065 -0.154151
v 0.959336 -0.066065 -0.110108
v 0.961895 -0.066065 -0.066065
v 0.962484 -0.066065 -0.022022
v 0.930194 -0.022022 -0.283395
v 0.940511 -0.022022 -0.242237
v 0.949207 -0.022022 -0.198194
v 0.955649 -0.022022 -0.154151
v 0.960107 -0.022022 -0.110108
v 0.962872 -0.022022 -0.066065
v 0.963515 -0.022022 -0.022022
v 0.022022 -0.927381 0.164583
v 0.022022 -0.933840 0.198194
v 0.022022 -0.938336 0.242237
v 0.022022 -0.937279 0.286281
v 0.022022 -0.933566 0.330324
v 0.022022 -0.898139 0.022022
v 0.022022 -0.901692 0.066065
v 0.022022 -0.913864 0.110108
v 0.022022 -0.922850 0.142562
v 0.066065 -0.928599 0.159968
v 0.066065 -0.935901 0.198194
v 0.066065 -0.940423 0.242237
v 0.066065 -0.940134 0.286281
v 0.066065 -0.936869 0.330324
v 0.066065 -0.902248 0.022022
v 0.066065 -0.905628 0.066065
v 0.066065 -0.916223 0.110108
v 0.066065 -0.923477 0.137946
v 0.119816 -0.927035 0.119619
v 0.107124 -0.930658 0.150899
v 0.110108 -0.939720 0.198194
v 0.110108 -0.944908 0.242237
v 0.110108 -0.945991 0.286281
v 0.110108 -0.943557 0.330324
v 0.110108 -0.913991 0.022022
v 0.110108 -0.915817 0.066065
v 0.107124 -0.922269 0.107006
v 0.090454 -0.924495 0.134050
v 0.162204 -0.928448 0.022022
v 0.160332 -0.928875 0.066065
v 0.150702 -0.930860 0.107006
v 0.154151 -0.938749 0.154151
v 0.154151 -0.945312 0.198194
v 0.154151 -0.950235 0.242237
v 0.154151 -0.952270 0.286281
v 0.154151 -0.950800 0.330324
v 0.140183 -0.922756 0.022022
v 0.138311 -0.923201 0.066065
v 0.133722 -0.924534 0.090257
v 0.198194 -0.936126 0.022022
v 0.198194 -0.937277 0.066065
v 0.198194 -0.940855 0.110108
v 0.198194 -0.945748 0.154151
v 0.198194 -0.950838 0.198194
v 0.198194 -0.954939 0.242237
v 0.198194 -0.956936 0.286281
v 0.198194 -0.956146 0.330324
v 0.242237 -0.942629 0.022022
v 0.242237 -0.944455 0.066065
v 0.242237 -0.948104 0.110108
v 0.242237 -0.952011 0.154151
v 0.242237 -0.955465 0.198194
v 0.242237 -0.958172 0.242237
v 0.242237 -0.959584 0.286281
v 0.242237 -0.958828 0.330324
v 0.286281 -0.945688 0.022022
v 0.286281 -0.948405 0.066065
v 0.286281 -0.952700 0.110108
v 0.286281 -0.956357 0.154151
v 0.286281 -0.958713 0.198194
v 0.286281 -0.960151 0.242237
v 0.286281 -0.960726 0.286281
v 0.286281 -0.959003 0.330324
v 0.330324 -0.945907 0.022022
v 0.330324 -0.949480 0.066065
v 0.330324 -0.954515 0.110108
v 0.330324 -0.958296 0.154151
v 0.330324 -0.960254 0.198194
v 0.330324 -0.960885 0.242237
v 0.330324 -0.960199 0.286281
v 0.330324 -0.957048 0.330324
v 0.026254 -0.927517 0.377381
v 0.043757 -0.924914 0.396422
v 0.014395 -0.924539 0.394072
v 0.026254 -0.920537 0.414026
v 0.022022 -0.907458 0.462453
v 0.022022 -0.890624 0.505910
v 0.022022 -0.880590 0.527931
v 0.022022 -0.868166 0.550540
v 0.022022 -0.846418 0.587153
v 0.022022 -0.831581 0.609174
v 0.022022 -0.809559 0.636971
v 0.022022 -0.791253 0.658993
v 0.022022 -0.769232 0.681027
v 0.022022 -0.746843 0.703049
v 0.066065 -0.931192 0.374367
v 0.066065 -0.926242 0.401986
v 0.066065 -0.921131 0.424008
v 0.066065 -0.910088 0.462453
v 0.062831 -0.890222 0.510718
v 0.075356 -0.881824 0.530239
v 0.045994 -0.880719 0.528214
v 0.062831 -0.871296 0.547168
v 0.066065 -0.846990 0.587598
v 0.066065 -0.831707 0.609620
v 0.066065 -0.809686 0.636621
v 0.066065 -0.790871 0.658643
v 0.066065 -0.768850 0.680127
v 0.066065 -0.745708 0.702148
v 0.110108 -0.937953 0.374367
v 0.113234 -0.928851 0.418464
v 0.130000 -0.925216 0.441327
v 0.100638 -0.923127 0.433181
v 0.113234 -0.916784 0.458586
v 0.110108 -0.896572 0.506496
v 0.110108 -0.883369 0.532712
v 0.110108 -0.869770 0.554733
v 0.110108 -0.847748 0.587796
v 0.110108 -0.831511 0.609818
v 0.110108 -0.809490 0.635573
v 0.110108 -0.789706 0.657595
v 0.110108 -0.767685 0.678217
v 0.110108 -0.743237 0.700239
v 0.154151 -0.945736 0.374367
v 0.154151 -0.935947 0.418410
v 0.154151 -0.927249 0.446459
v 0.154151 -0.918822 0.468480
v 0.154151 -0.901311 0.506496
v 0.154151 -0.885373 0.535538
v 0.154151 -0.870788 0.557560
v 0.154151 -0.848766 0.587983
v 0.154151 -0.831262 0.610004
v 0.154151 -0.809241 0.634010
v 0.154151 -0.787766 0.656032
v 0.154151 -0.765744 0.675571
v 0.154151 -0.739512 0.697593
v 0.198194 -0.951517 0.374367
v 0.198194 -0.941924 0.418410
v 0.198194 -0.930351 0.453376
v 0.198194 -0.920961 0.475398
v 0.198194 -0.904680 0.506496
v 0.198194 -0.886604 0.537109
v 0.198194 -0.871200 0.559130
v 0.198194 -0.849179 0.587139
v 0.198194 -0.830007 0.609161
v 0.198194 -0.807985 0.631581
v 0.198194 -0.784836 0.653602
v 0.198194 -0.762815 0.672500
v 0.198194 -0.734904 0.694522
v 0.242237 -0.954145 0.374367
v 0.242237 -0.944133 0.418410
v 0.242237 -0.931330 0.455288
v 0.242237 -0.921615 0.477309
v 0.242237 -0.905050 0.506496
v 0.242237 -0.886319 0.536233
v 0.242237 -0.869382 0.558255
v 0.242237 -0.847360 0.584339
v 0.242237 -0.826751 0.606360
v 0.242237 -0.804730 0.627716
v 0.242237 -0.779939 0.649738
v 0.242237 -0.757917 0.668046
v 0.244275 -0.724573 0.692387
v 0.286281 -0.953526 0.374367
v 0.286281 -0.942726 0.418410
v 0.286281 -0.930284 0.452573
v 0.286281 -0.919968 0.474595
v 0.286281 -0.900860 0.506496
v 0.286281 -0.883777 0.532352
v 0.286281 -0.865269 0.554373
v 0.286281 -0.843247 0.579585
v 0.286281 -0.820621 0.601607
v 0.286281 -0.798599 0.621774
v 0.287470 -0.768763 0.646065
v 0.273582 -0.752755 0.663729
v 0.302944 -0.746288 0.658811
v 0.287470 -0.729649 0.676184
v 0.330324 -0.949876 0.374367
v 0.330324 -0.937703 0.418410
v 0.330324 -0.927589 0.446053
v 0.330324 -0.915927 0.468075
v 0.327188 -0.891675 0.507920
v 0.310417 -0.881494 0.529307
v 0.339779 -0.876721 0.523550
v 0.327403 -0.858098 0.549223
v 0.315028 -0.839475 0.575317
v 0.344390 -0.833121 0.569139
v 0.327711 -0.813552 0.593570
v 0.311032 -0.793984 0.617657
v 0.340394 -0.786993 0.611822
v 0.327557 -0.771689 0.629065
v 0.330324 -0.738975 0.653413
v 0.330324 -0.716953 0.669656
v 0.022022 -0.724822 0.720590
v 0.066065 -0.723686 0.719301
v 0.110108 -0.721216 0.717175
v 0.154151 -0.717491 0.714177
v 0.198194 -0.712882 0.710589
v 0.230953 -0.708467 0.707343
v 0.260315 -0.703210 0.703682
v 0.286281 -0.697302 0.699778
v 0.331547 -0.682051 0.692877
v 0.347043 -0.656906 0.702352
v 0.022022 -0.696418 0.742611
v 0.022022 -0.674396 0.758443
v 0.022022 -0.641992 0.780464
v 0.022022 -0.619970 0.794884
v 0.022022 -0.594583 0.809502
v 0.022022 -0.558020 0.829416
v 0.022022 -0.535998 0.840513
v 0.022022 -0.506496 0.854532
v 0.022022 -0.465276 0.872861
v 0.022022 -0.443255 0.882029
v 0.022022 -0.418410 0.891463
v 0.022022 -0.374367 0.907080
v 0.066065 -0.694430 0.741323
v 0.066065 -0.672408 0.756937
v 0.068787 -0.635220 0.781571
v 0.055921 -0.618268 0.793818
v 0.085283 -0.616169 0.792525
v 0.068787 -0.598726 0.803839
v 0.066065 -0.554872 0.827845
v 0.066065 -0.532850 0.838951
v 0.066065 -0.506496 0.851414
v 0.064570 -0.458602 0.872751
v 0.048893 -0.441353 0.881244
v 0.078255 -0.438463 0.880086
v 0.064570 -0.421633 0.887560
v 0.066065 -0.374367 0.904403
v 0.110108 -0.691210 0.739197
v 0.110108 -0.669188 0.754578
v 0.110108 -0.638626 0.774617
v 0.110108 -0.613135 0.790795
v 0.110108 -0.591113 0.803220
v 0.108910 -0.547069 0.826749
v 0.093431 -0.530075 0.837588
v 0.122793 -0.525713 0.835473
v 0.108910 -0.509218 0.845228
v 0.110108 -0.462453 0.865951
v 0.110108 -0.433201 0.878038
v 0.110108 -0.411180 0.886514
v 0.110108 -0.374367 0.899603
v 0.154151 -0.686525 0.736198
v 0.154151 -0.664504 0.751331
v 0.154151 -0.638626 0.767909
v 0.154151 -0.607043 0.787333
v 0.154151 -0.585021 0.799766
v 0.154151 -0.550539 0.817801
v 0.154151 -0.520216 0.832834
v 0.154151 -0.498195 0.843255
v 0.154151 -0.462453 0.858930
v 0.154151 -0.424025 0.874517
v 0.154151 -0.402003 0.882999
v 0.154151 -0.374367 0.892668
v 0.195331 -0.678719 0.734423
v 0.178742 -0.661404 0.749233
v 0.208104 -0.656960 0.746381
v 0.195331 -0.640818 0.758994
v 0.198194 -0.599755 0.783206
v 0.198194 -0.577733 0.795662
v 0.198194 -0.550539 0.809524
v 0.202384 -0.505942 0.830247
v 0.190496 -0.490892 0.839832
v 0.219858 -0.484292 0.836744
v 0.202384 -0.466748 0.847739
v 0.194270 -0.414292 0.870488
v 0.176973 -0.396866 0.881043
v 0.206335 -0.387351 0.877746
v 0.194270 -0.373349 0.885270
v 0.244275 -0.686185 0.718962
v 0.242237 -0.650878 0.742562
v 0.242237 -0.628856 0.756210
v 0.238833 -0.590642 0.779083
v 0.221882 -0.573334 0.793212
v 0.251244 -0.565655 0.789349
v 0.238833 -0.550800 0.799960
v 0.242237 -0.506496 0.820286
v 0.242237 -0.476895 0.833656
v 0.242237 -0.454873 0.842791
v 0.242237 -0.418410 0.857161
v 0.242249 -0.373349 0.873560
v 0.227575 -0.357989 0.882802
v 0.286281 -0.675281 0.714282
v 0.287377 -0.637426 0.737624
v 0.273427 -0.621946 0.751914
v 0.302789 -0.613099 0.746791
v 0.287377 -0.596884 0.761145
v 0.288883 -0.550800 0.785058
v 0.275937 -0.536293 0.796544
v 0.305299 -0.526439 0.791768
v 0.288883 -0.509653 0.804918
v 0.285807 -0.460903 0.827575
v 0.270810 -0.445188 0.838804
v 0.300172 -0.433872 0.834305
v 0.285807 -0.418879 0.844375
v 0.286281 -0.374367 0.860441
v 0.317681 -0.666958 0.708675
v 0.331547 -0.640785 0.718738
v 0.330324 -0.603536 0.741284
v 0.330324 -0.581514 0.753739
v 0.330324 -0.550539 0.769760
v 0.330324 -0.516028 0.786777
v 0.330324 -0.494007 0.797263
v 0.330324 -0.462453 0.811050
v 0.330571 -0.418879 0.828575
v 0.316056 -0.404510 0.839832
v 0.345418 -0.388820 0.834057
v 0.330571 -0.374230 0.845076
v 0.022022 -0.333043 0.919667
v 0.022022 -0.311022 0.925637
v 0.022022 -0.286281 0.931740
v 0.022022 -0.242237 0.940715
v 0.022022 -0.198194 0.947582
v 0.022022 -0.154151 0.953374
v 0.022022 -0.110108 0.957913
v 0.022022 -0.066065 0.960473
v 0.022022 -0.022022 0.961630
v 0.062391 -0.326106 0.919110
v 0.045260 -0.308613 0.924988
v 0.074622 -0.304676 0.924002
v 0.062391 -0.288509 0.928817
v 0.066065 -0.242237 0.938260
v 0.066065 -0.198194 0.945221
v 0.066065 -0.154151 0.950997
v 0.066065 -0.110108 0.955432
v 0.066065 -0.066065 0.957658
v 0.066065 -0.022022 0.958223
v 0.110108 -0.330324 0.913034
v 0.110108 -0.296560 0.921966
v 0.110108 -0.274538 0.927455
v 0.110108 -0.242237 0.933717
v 0.110108 -0.198194 0.940773
v 0.110108 -0.154151 0.946606
v 0.110108 -0.110108 0.951011
v 0.110108 -0.066065 0.953326
v 0.110108 -0.022022 0.954145
v 0.154151 -0.330324 0.906284
v 0.152250 -0.283466 0.918877
v 0.136301 -0.266909 0.925566
v 0.165664 -0.254867 0.923217
v 0.152250 -0.241006 0.927727
v 0.154151 -0.198194 0.934408
v 0.154151 -0.154151 0.940257
v 0.154151 -0.110108 0.944638
v 0.154151 -0.066065 0.947308
v 0.154151 -0.022022 0.948634
v 0.198194 -0.330324 0.897759
v 0.198194 -0.286281 0.909447
v 0.196314 -0.241006 0.919537
v 0.180380 -0.225505 0.925841
v 0.212241 -0.198194 0.923128
v 0.190219 -0.198194 0.928014
v 0.220056 -0.175839 0.924871
v 0.202503 -0.158355 0.930604
v 0.198194 -0.110108 0.936314
v 0.198194 -0.066065 0.939093
v 0.198194 -0.022022 0.940415
v 0.256938 -0.345527 0.878894
v 0.242249 -0.330637 0.886976
v 0.242237 -0.286281 0.898854
v 0.242237 -0.242237 0.908427
v 0.242237 -0.198194 0.915946
v 0.241532 -0.158355 0.921465
v 0.226380 -0.146477 0.926423
v 0.255244 -0.110108 0.922624
v 0.233222 -0.110108 0.928167
v 0.260378 -0.066065 0.923899
v 0.238356 -0.066065 0.929523
v 0.262653 -0.022022 0.924486
v 0.240631 -0.022022 0.930150
v 0.286128 -0.330637 0.874341
v 0.271345 -0.316165 0.883088
v 0.300707 -0.299129 0.878467
v 0.286128 -0.285181 0.886639
v 0.286281 -0.242237 0.896023
v 0.286281 -0.198194 0.903804
v 0.286281 -0.154151 0.909639
v 0.286281 -0.110108 0.913538
v 0.286281 -0.066065 0.916012
v 0.286281 -0.022022 0.917185
v 0.330324 -0.330324 0.859339
v 0.328405 -0.285181 0.872583
v 0.312444 -0.269767 0.882284
v 0.342576 -0.242237 0.877430
v 0.320554 -0.242237 0.885036
v 0.349858 -0.215020 0.880001
v 0.333236 -0.199481 0.888281
v 0.330324 -0.154151 0.895315
v 0.330324 -0.110108 0.899245
v 0.330324 -0.066065 0.901732
v 0.330324 -0.022022 0.902880
v 0.374367 -0.943644 0.022022
v 0.374367 -0.947777 0.066065
v 0.374367 -0.953523 0.110108
v 0.374367 -0.957791 0.154151
v 0.374367 -0.959466 0.198194
v 0.374367 -0.959315 0.242237
v 0.374367 -0.957298 0.286281
v 0.374367 -0.952197 0.330324
v 0.418410 -0.938444 0.022022
v 0.418410 -0.943068 0.066065
v 0.418410 -0.949046 0.110108
v 0.418410 -0.953655 0.154151
v 0.418410 -0.955432 0.198194
v 0.418410 -0.954304 0.242237
v 0.418410 -0.950536 0.286281
v 0.418410 -0.943506 0.330324
v 0.464833 -0.929247 0.023247
v 0.462453 -0.934884 0.066065
v 0.462453 -0.940830 0.110108
v 0.462453 -0.945120 0.154151
v 0.462453 -0.946639 0.198194
v 0.462453 -0.944722 0.242237
v 0.462453 -0.939204 0.286281
v 0.462235 -0.930868 0.328173
v 0.481101 -0.924065 0.009383
v 0.476770 -0.921557 0.341421
v 0.486036 -0.925390 0.038745
v 0.492072 -0.927372 0.066065
v 0.501186 -0.930397 0.110108
v 0.510320 -0.930981 0.155496
v 0.509934 -0.931366 0.195634
v 0.500795 -0.931741 0.242237
v 0.492718 -0.928704 0.286281
v 0.486776 -0.926017 0.312058
v 0.503029 -0.918352 0.023247
v 0.514094 -0.920306 0.066065
v 0.523208 -0.923116 0.110108
v 0.527550 -0.924572 0.141712
v 0.526906 -0.924213 0.208608
v 0.522816 -0.922166 0.242237
v 0.514740 -0.917830 0.286281
v 0.503473 -0.911764 0.328173
v 0.528868 -0.925081 0.171074
v 0.528868 -0.925081 0.179246
v 0.550540 -0.898911 0.022022
v 0.550540 -0.904957 0.066065
v 0.550540 -0.910320 0.110108
v 0.546345 -0.915423 0.155496
v 0.546345 -0.914309 0.195634
v 0.550540 -0.905687 0.242237
v 0.552776 -0.894028 0.285479
v 0.539241 -0.888968 0.330324
v 0.568949 -0.877786 0.299626
v 0.561263 -0.870636 0.330324
v 0.578530 -0.884452 0.022022
v 0.583258 -0.887536 0.066065
v 0.586479 -0.890089 0.110108
v 0.587097 -0.891282 0.154151
v 0.584464 -0.890158 0.198194
v 0.579282 -0.886406 0.242237
v 0.574942 -0.882878 0.270264
v 0.600551 -0.869839 0.022022
v 0.605280 -0.872777 0.066065
v 0.608500 -0.874560 0.110108
v 0.609118 -0.874452 0.154151
v 0.606485 -0.871632 0.198194
v 0.601304 -0.866433 0.242237
v 0.594118 -0.858776 0.285245
v 0.583983 -0.848615 0.330324
v 0.613295 -0.832820 0.300225
v 0.606004 -0.824334 0.330324
v 0.629445 -0.847817 0.022022
v 0.632297 -0.850755 0.066065
v 0.633479 -0.852538 0.110108
v 0.632405 -0.852431 0.154151
v 0.628917 -0.849610 0.198194
v 0.623655 -0.844412 0.242237
v 0.619251 -0.839765 0.270863
v 0.651467 -0.827936 0.022022
v 0.654319 -0.830432 0.066065
v 0.655501 -0.831259 0.110108
v 0.654427 -0.829546 0.154151
v 0.650938 -0.825094 0.198194
v 0.648623 -0.813443 0.246478
v 0.632139 -0.816803 0.285839
v 0.624346 -0.802312 0.330324
v 0.660567 -0.792670 0.263985
v 0.656060 -0.786553 0.286281
v 0.648063 -0.770245 0.332226
v 0.658712 -0.746047 0.348175
v 0.672343 -0.805915 0.022022
v 0.674132 -0.808411 0.066065
v 0.674347 -0.809237 0.110108
v 0.672596 -0.807525 0.154151
v 0.668898 -0.803072 0.198194
v 0.664719 -0.797858 0.234623
v 0.694365 -0.780409 0.022022
v 0.696154 -0.782059 0.066065
v 0.696368 -0.781788 0.110108
v 0.694618 -0.778930 0.154151
v 0.693607 -0.768710 0.202255
v 0.677987 -0.775095 0.246478
v 0.671860 -0.764532 0.286281
v 0.665339 -0.755224 0.318813
v 0.704579 -0.748571 0.219644
v 0.701290 -0.743635 0.242237
v 0.696038 -0.727135 0.290671
v 0.677101 -0.729505 0.332226
v 0.374367 -0.943064 0.374367
v 0.371026 -0.930213 0.417698
v 0.354118 -0.925434 0.441428
v 0.383481 -0.920928 0.431904
v 0.371026 -0.910046 0.458647
v 0.374367 -0.887293 0.493233
v 0.374367 -0.869429 0.515255
v 0.374367 -0.847407 0.539713
v 0.374367 -0.825185 0.561735
v 0.374367 -0.803163 0.581892
v 0.377909 -0.771689 0.605998
v 0.365589 -0.757631 0.623475
v 0.394951 -0.747739 0.615848
v 0.376557 -0.728272 0.639778
v 0.358164 -0.708805 0.663519
v 0.418623 -0.932144 0.374705
v 0.404084 -0.927584 0.402542
v 0.433447 -0.922342 0.389612
v 0.418623 -0.914909 0.417698
v 0.415778 -0.890960 0.461765
v 0.399342 -0.882427 0.486440
v 0.428705 -0.874158 0.475988
v 0.415517 -0.857277 0.504589
v 0.402330 -0.840397 0.532186
v 0.431692 -0.830887 0.522738
v 0.416147 -0.813265 0.549035
v 0.400602 -0.795644 0.575104
v 0.429964 -0.784682 0.565884
v 0.416534 -0.770302 0.585595
v 0.418410 -0.738784 0.608968
v 0.418410 -0.716763 0.625495
v 0.447408 -0.927744 0.360250
v 0.462235 -0.915534 0.374705
v 0.462475 -0.893854 0.418633
v 0.447808 -0.885424 0.446626
v 0.477170 -0.875958 0.433463
v 0.464543 -0.860377 0.464178
v 0.451916 -0.844796 0.493375
v 0.481278 -0.834249 0.481731
v 0.466345 -0.817887 0.509497
v 0.451412 -0.801525 0.536522
v 0.480775 -0.789478 0.525618
v 0.464505 -0.772399 0.552048
v 0.448235 -0.755320 0.577817
v 0.477598 -0.742746 0.567575
v 0.460354 -0.724923 0.593156
v 0.443110 -0.707101 0.618344
v 0.506257 -0.892208 0.372743
v 0.491416 -0.885838 0.404101
v 0.520778 -0.874686 0.386342
v 0.508602 -0.860641 0.420714
v 0.496425 -0.846596 0.452369
v 0.525787 -0.834198 0.437328
v 0.511582 -0.819542 0.467509
v 0.497377 -0.804887 0.496256
v 0.526740 -0.790915 0.482650
v 0.511499 -0.775516 0.511063
v 0.496258 -0.760116 0.538213
v 0.525620 -0.745848 0.525869
v 0.509280 -0.729616 0.552796
v 0.492941 -0.713384 0.579134
v 0.531747 -0.883464 0.356980
v 0.549379 -0.857814 0.372521
v 0.537648 -0.845324 0.407966
v 0.567011 -0.830887 0.388062
v 0.553458 -0.817861 0.422110
v 0.539905 -0.804836 0.453287
v 0.569267 -0.788980 0.436253
v 0.554607 -0.775267 0.467037
v 0.539947 -0.761553 0.496507
v 0.569309 -0.745008 0.480786
v 0.554060 -0.730747 0.510206
v 0.538812 -0.716486 0.538018
v 0.576418 -0.840942 0.358700
v 0.592982 -0.812848 0.371681
v 0.580184 -0.801525 0.406891
v 0.609546 -0.783963 0.384663
v 0.595480 -0.771790 0.419631
v 0.581415 -0.759618 0.451424
v 0.610777 -0.741209 0.432371
v 0.596132 -0.728428 0.464250
v 0.581488 -0.715646 0.494542
v 0.618282 -0.794810 0.355300
v 0.627907 -0.769871 0.371736
v 0.621018 -0.754600 0.403008
v 0.651496 -0.735809 0.374367
v 0.636161 -0.723017 0.414457
v 0.621942 -0.711847 0.447714
v 0.666761 -0.713788 0.374367
v 0.660740 -0.704826 0.396543
v 0.704682 -0.704677 0.308279
v 0.699718 -0.696788 0.330324
v 0.387526 -0.697817 0.656081
v 0.373454 -0.682949 0.672892
v 0.378309 -0.640785 0.697368
v 0.395618 -0.615949 0.704312
v 0.419613 -0.682949 0.648330
v 0.405734 -0.668455 0.665841
v 0.435097 -0.655877 0.657625
v 0.419613 -0.640168 0.675979
v 0.422810 -0.598594 0.699286
v 0.440425 -0.572554 0.704687
v 0.472472 -0.693219 0.608496
v 0.459656 -0.680190 0.625977
v 0.464066 -0.640168 0.649594
v 0.450461 -0.626515 0.666704
v 0.479823 -0.611915 0.657706
v 0.464066 -0.596173 0.676756
v 0.466353 -0.554940 0.699252
v 0.483634 -0.527599 0.704197
v 0.522303 -0.697998 0.567380
v 0.505018 -0.680928 0.593612
v 0.487733 -0.663857 0.618827
v 0.517096 -0.648359 0.608091
v 0.504047 -0.635657 0.625897
v 0.507518 -0.596173 0.648633
v 0.493519 -0.582553 0.666762
v 0.522881 -0.565655 0.656721
v 0.507518 -0.550800 0.675446
v 0.508853 -0.510349 0.696846
v 0.525105 -0.479999 0.702428
v 0.568174 -0.699432 0.523904
v 0.551973 -0.684034 0.551868
v 0.535771 -0.668636 0.578728
v 0.565133 -0.651511 0.565718
v 0.547785 -0.635254 0.592220
v 0.530437 -0.618997 0.618130
v 0.562149 -0.594583 0.607718
v 0.540128 -0.594583 0.625814
v 0.571440 -0.570997 0.615649
v 0.553015 -0.553645 0.640650
v 0.534589 -0.536293 0.665010
v 0.563951 -0.517134 0.653942
v 0.549778 -0.504070 0.671800
v 0.550560 -0.464172 0.692445
v 0.565255 -0.429321 0.699418
v 0.610850 -0.697389 0.477076
v 0.595481 -0.683730 0.507541
v 0.580111 -0.670070 0.536356
v 0.609473 -0.650770 0.520539
v 0.593049 -0.636460 0.548947
v 0.576624 -0.622149 0.576349
v 0.608627 -0.594583 0.564280
v 0.586606 -0.594583 0.585696
v 0.616587 -0.572534 0.572543
v 0.599140 -0.557085 0.598843
v 0.581693 -0.541635 0.624580
v 0.611055 -0.520357 0.611399
v 0.592901 -0.504064 0.637172
v 0.574748 -0.487772 0.662454
v 0.604692 -0.462453 0.650240
v 0.582670 -0.462453 0.669059
v 0.613215 -0.434483 0.657653
v 0.593955 -0.417221 0.682190
v 0.604044 -0.374367 0.694264
v 0.651304 -0.691712 0.425905
v 0.636639 -0.679869 0.459592
v 0.621974 -0.668027 0.491177
v 0.651336 -0.646262 0.471470
v 0.635637 -0.633835 0.502637
v 0.619937 -0.621408 0.532175
v 0.651026 -0.594583 0.516304
v 0.629004 -0.594583 0.542258
v 0.659166 -0.570210 0.526653
v 0.642448 -0.556691 0.554844
v 0.625729 -0.543172 0.582037
v 0.655091 -0.519145 0.566507
v 0.637836 -0.505070 0.593638
v 0.620580 -0.490995 0.620402
v 0.650703 -0.462453 0.606046
v 0.628681 -0.462453 0.628218
v 0.658094 -0.435385 0.613892
v 0.639743 -0.420253 0.639632
v 0.621393 -0.405121 0.664962
v 0.651366 -0.374367 0.651554
v 0.629345 -0.374367 0.672242
v 0.689032 -0.680759 0.373113
v 0.667263 -0.679286 0.414099
v 0.661787 -0.662350 0.442108
v 0.699803 -0.652645 0.386957
v 0.690983 -0.638229 0.418259
v 0.667603 -0.634399 0.459055
v 0.660836 -0.616900 0.484736
v 0.700273 -0.609175 0.432839
v 0.690146 -0.594529 0.462024
v 0.667801 -0.594583 0.494282
v 0.699359 -0.563206 0.476418
v 0.683564 -0.552027 0.507664
v 0.667768 -0.540848 0.537145
v 0.699009 -0.506496 0.520642
v 0.675535 -0.505277 0.551311
v 0.663673 -0.489783 0.575877
v 0.704675 -0.484443 0.528497
v 0.695288 -0.466839 0.551906
v 0.670927 -0.462453 0.584024
v 0.700689 -0.431773 0.567499
v 0.682994 -0.418898 0.594829
v 0.665299 -0.406023 0.621610
v 0.694674 -0.374367 0.605089
v 0.672652 -0.374367 0.629533
v 0.366256 -0.627544 0.711381
v 0.374423 -0.594636 0.726656
v 0.353228 -0.573324 0.749154
v 0.382590 -0.559404 0.741931
v 0.370492 -0.547049 0.754064
v 0.370030 -0.502156 0.776176
v 0.352458 -0.484582 0.792827
v 0.385028 -0.462453 0.787504
v 0.363007 -0.462453 0.797478
v 0.395810 -0.439797 0.792515
v 0.378424 -0.422434 0.807068
v 0.373850 -0.374230 0.827750
v 0.358825 -0.359458 0.839392
v 0.411062 -0.586587 0.712569
v 0.419165 -0.551298 0.727211
v 0.397906 -0.530042 0.749507
v 0.427268 -0.514788 0.741852
v 0.414916 -0.502663 0.754224
v 0.418410 -0.462453 0.771255
v 0.421193 -0.422434 0.787376
v 0.408368 -0.410435 0.798459
v 0.437730 -0.393174 0.791486
v 0.421193 -0.376843 0.805723
v 0.454272 -0.543192 0.712490
v 0.462460 -0.506513 0.726785
v 0.441285 -0.485426 0.749198
v 0.473155 -0.462453 0.742472
v 0.451134 -0.462453 0.754506
v 0.483210 -0.438854 0.748039
v 0.466099 -0.421868 0.764519
v 0.463501 -0.376843 0.784853
v 0.449518 -0.363812 0.797345
v 0.495743 -0.498237 0.711718
v 0.508853 -0.464172 0.720361
v 0.508191 -0.421868 0.740955
v 0.494639 -0.409492 0.754421
v 0.524001 -0.390197 0.746041
v 0.508191 -0.375056 0.761288
v 0.535892 -0.450637 0.709795
v 0.550560 -0.416148 0.715920
v 0.549274 -0.375056 0.735299
v 0.533750 -0.360835 0.752211
v 0.574696 -0.399958 0.706314
v 0.582023 -0.374367 0.711938
v 0.612404 -0.343265 0.701154
v 0.658165 -0.346694 0.658198
v 0.638576 -0.330298 0.682688
v 0.646637 -0.286281 0.691973
v 0.654138 -0.242237 0.698747
v 0.658351 -0.211474 0.702615
v 0.701365 -0.343614 0.612726
v 0.682800 -0.330473 0.638633
v 0.664235 -0.317332 0.664222
v 0.692025 -0.286281 0.646779
v 0.670004 -0.286281 0.669952
v 0.698739 -0.242237 0.654192
v 0.676718 -0.242237 0.676725
v 0.702549 -0.210845 0.658314
v 0.682341 -0.196478 0.682282
v 0.686377 -0.154151 0.686223
v 0.689170 -0.110108 0.689100
v 0.690768 -0.066065 0.690694
v 0.691219 -0.022022 0.691142
v 0.388187 -0.341586 0.833466
v 0.373850 -0.328272 0.843262
v 0.374367 -0.286281 0.855137
v 0.374367 -0.242237 0.865530
v 0.372511 -0.199481 0.874138
v 0.356592 -0.185658 0.882424
v 0.383879 -0.154151 0.876277
v 0.361857 -0.154151 0.884285
v 0.389576 -0.110108 0.878402
v 0.367554 -0.110108 0.886309
v 0.393131 -0.066065 0.879677
v 0.371110 -0.066065 0.887598
v 0.394846 -0.022022 0.880303
v 0.372825 -0.022022 0.888160
v 0.415579 -0.328272 0.825446
v 0.399011 -0.312224 0.837993
v 0.429533 -0.286281 0.831878
v 0.407511 -0.286281 0.841669
v 0.437958 -0.258995 0.835719
v 0.421330 -0.243483 0.846075
v 0.418410 -0.198194 0.855983
v 0.418410 -0.154151 0.862313
v 0.418410 -0.110108 0.866618
v 0.418410 -0.066065 0.869215
v 0.418410 -0.022022 0.870317
v 0.478880 -0.343652 0.789855
v 0.463501 -0.329512 0.802208
v 0.462453 -0.286281 0.816189
v 0.460569 -0.243483 0.828232
v 0.444632 -0.229633 0.838749
v 0.473203 -0.198194 0.831437
v 0.451182 -0.198194 0.841721
v 0.480113 -0.154151 0.834750
v 0.458091 -0.154151 0.844878
v 0.483207 -0.126101 0.836221
v 0.466097 -0.110895 0.845515
v 0.462453 -0.066065 0.849839
v 0.462453 -0.022022 0.850677
v 0.504223 -0.329512 0.780572
v 0.488027 -0.314290 0.794735
v 0.517983 -0.286281 0.786897
v 0.495961 -0.286281 0.799109
v 0.525600 -0.256911 0.791152
v 0.509150 -0.242233 0.803421
v 0.506496 -0.198194 0.814017
v 0.506496 -0.154151 0.820720
v 0.503025 -0.110895 0.826912
v 0.486029 -0.096739 0.837663
v 0.509190 -0.066065 0.826061
v 0.487168 -0.066065 0.838279
v 0.509854 -0.022022 0.826423
v 0.487833 -0.022022 0.838642
v 0.563979 -0.330324 0.742691
v 0.541958 -0.330324 0.757691
v 0.570568 -0.304169 0.747317
v 0.553748 -0.288205 0.763781
v 0.547710 -0.242233 0.780430
v 0.531142 -0.227549 0.794367
v 0.558033 -0.198194 0.783273
v 0.536011 -0.198194 0.797378
v 0.563443 -0.154151 0.786742
v 0.541421 -0.154151 0.800768
v 0.566840 -0.110108 0.789009
v 0.544819 -0.110108 0.802862
v 0.568731 -0.066065 0.790260
v 0.546709 -0.066065 0.804039
v 0.569122 -0.022022 0.790493
v 0.547100 -0.022022 0.804401
v 0.596467 -0.329280 0.718721
v 0.593180 -0.288205 0.735892
v 0.577564 -0.274807 0.752290
v 0.605536 -0.242237 0.740273
v 0.583514 -0.242237 0.756541
v 0.612138 -0.198194 0.745309
v 0.590117 -0.198194 0.761251
v 0.615730 -0.170719 0.748065
v 0.598462 -0.155283 0.762158
v 0.594583 -0.110108 0.769679
v 0.594583 -0.066065 0.772143
v 0.594583 -0.022022 0.772607
v 0.618986 -0.313903 0.706769
v 0.624615 -0.286281 0.711722
v 0.632117 -0.242237 0.718252
v 0.641652 -0.197353 0.720385
v 0.635010 -0.155283 0.733405
v 0.617918 -0.141357 0.749793
v 0.641970 -0.110108 0.732615
v 0.619949 -0.110108 0.751425
v 0.643482 -0.066065 0.734069
v 0.621461 -0.066065 0.752638
v 0.643787 -0.022022 0.734455
v 0.621765 -0.022022 0.752869
v 0.662133 -0.182112 0.706052
v 0.664355 -0.154151 0.708053
v 0.667149 -0.110108 0.710594
v 0.668747 -0.066065 0.712047
v 0.669197 -0.022022 0.712433
v 0.712156 -0.758388 0.022022
v 0.713077 -0.760037 0.066065
v 0.712473 -0.759767 0.110108
v 0.710277 -0.756908 0.154151
v 0.707369 -0.752666 0.190281
v 0.734177 -0.728462 0.022022
v 0.735099 -0.729026 0.066065
v 0.737222 -0.723177 0.113005
v 0.730325 -0.726712 0.154151
v 0.719313 -0.731019 0.202255
v 0.715609 -0.721613 0.242237
v 0.709806 -0.712736 0.278917
v 0.749938 -0.706441 0.022022
v 0.750279 -0.707004 0.066065
v 0.749688 -0.706139 0.100255
v 0.748532 -0.704353 0.129617
v 0.746759 -0.701359 0.154151
v 0.742982 -0.694946 0.198194
v 0.739321 -0.681741 0.244852
v 0.721416 -0.687065 0.290671
v 0.713323 -0.674766 0.330324
v 0.747850 -0.659074 0.261276
v 0.743782 -0.651865 0.286281
v 0.735785 -0.636948 0.329480
v 0.745004 -0.609834 0.343599
v 0.765215 -0.682669 0.022022
v 0.765253 -0.682669 0.066065
v 0.760104 -0.686871 0.113005
v 0.759607 -0.679337 0.154151
v 0.755894 -0.672925 0.198194
v 0.752097 -0.666441 0.231914
v 0.786033 -0.649263 0.022022
v 0.785729 -0.648276 0.066065
v 0.784253 -0.645432 0.110108
v 0.783602 -0.636156 0.156847
v 0.775101 -0.638626 0.198194
v 0.761896 -0.642086 0.244852
v 0.755988 -0.629844 0.286281
v 0.751187 -0.621149 0.314237
v 0.792351 -0.615790 0.173326
v 0.789963 -0.611136 0.198194
v 0.784686 -0.601222 0.242237
v 0.778320 -0.590568 0.282514
v 0.758936 -0.594925 0.329480
v 0.788371 -0.563616 0.294684
v 0.782093 -0.549577 0.330247
v 0.789783 -0.522123 0.344877
v 0.798922 -0.627241 0.022022
v 0.798183 -0.626254 0.066065
v 0.796527 -0.623410 0.110108
v 0.794534 -0.619828 0.143964
v 0.817068 -0.594583 0.022022
v 0.815363 -0.594583 0.066065
v 0.811786 -0.594583 0.110108
v 0.803749 -0.598499 0.156847
v 0.801277 -0.589114 0.198194
v 0.796144 -0.579201 0.242237
v 0.793115 -0.573210 0.265321
v 0.832944 -0.564453 0.022022
v 0.831979 -0.562471 0.066065
v 0.830058 -0.558449 0.110108
v 0.828887 -0.548245 0.156899
v 0.820379 -0.550540 0.198194
v 0.810176 -0.550540 0.242237
v 0.799166 -0.549577 0.282514
v 0.795557 -0.534254 0.315515
v 0.836429 -0.527668 0.173412
v 0.833900 -0.522091 0.198194
v 0.830147 -0.506269 0.245512
v 0.818222 -0.506496 0.286281
v 0.802361 -0.507064 0.330247
v 0.836352 -0.483380 0.262376
v 0.832511 -0.474365 0.286281
v 0.824405 -0.459427 0.327532
v 0.832296 -0.428669 0.340352
v 0.843294 -0.542431 0.022022
v 0.842421 -0.540449 0.066065
v 0.840552 -0.536428 0.110108
v 0.838475 -0.532035 0.144050
v 0.859189 -0.506496 0.022022
v 0.857447 -0.506496 0.066065
v 0.853790 -0.506496 0.110108
v 0.846330 -0.510391 0.156899
v 0.843744 -0.500069 0.198194
v 0.839910 -0.491436 0.233014
v 0.874737 -0.468813 0.022022
v 0.873867 -0.466704 0.066065
v 0.873392 -0.459111 0.109991
v 0.866964 -0.462453 0.154151
v 0.859649 -0.462453 0.198194
v 0.847606 -0.466201 0.245512
v 0.841854 -0.452344 0.286281
v 0.837794 -0.442729 0.310990
v 0.880123 -0.438255 0.124593
v 0.878340 -0.433024 0.154151
v 0.875751 -0.418194 0.201414
v 0.866979 -0.418410 0.242237
v 0.854924 -0.418410 0.286281
v 0.841911 -0.415756 0.327532
v 0.880499 -0.395247 0.218242
v 0.877836 -0.387161 0.242237
v 0.871704 -0.372074 0.284153
v 0.855686 -0.374367 0.330324
v 0.883325 -0.446791 0.022022
v 0.882520 -0.444682 0.066065
v 0.881553 -0.442202 0.095231
v 0.893181 -0.418410 0.022022
v 0.891386 -0.418410 0.066065
v 0.887030 -0.421509 0.109991
v 0.885700 -0.411002 0.154151
v 0.883167 -0.403369 0.188880
v 0.907417 -0.374367 0.022022
v 0.905356 -0.374367 0.066065
v 0.901996 -0.374367 0.110108
v 0.897320 -0.374367 0.154151
v 0.888888 -0.378086 0.201414
v 0.884889 -0.365140 0.242237
v 0.881990 -0.355865 0.268053
v 0.707238 -0.664805 0.357595
v 0.715152 -0.638229 0.373113
v 0.708628 -0.623283 0.403477
v 0.738617 -0.594925 0.375717
v 0.716883 -0.594529 0.418259
v 0.708782 -0.579812 0.447056
v 0.746346 -0.568061 0.391298
v 0.739258 -0.552244 0.419783
v 0.716052 -0.549331 0.462024
v 0.707668 -0.533844 0.488675
v 0.745919 -0.522632 0.435380
v 0.737400 -0.507369 0.462405
v 0.714656 -0.506496 0.498620
v 0.744362 -0.474629 0.477054
v 0.728074 -0.464855 0.508150
v 0.711787 -0.455081 0.538136
v 0.742043 -0.418410 0.518509
v 0.718489 -0.417619 0.551906
v 0.707247 -0.402411 0.575767
v 0.747398 -0.393115 0.526527
v 0.736963 -0.376807 0.549928
v 0.713001 -0.374367 0.583067
v 0.753009 -0.580472 0.361936
v 0.761411 -0.552244 0.375717
v 0.753900 -0.538699 0.406017
v 0.783658 -0.507064 0.375143
v 0.761505 -0.507369 0.419783
v 0.752862 -0.493270 0.447692
v 0.790088 -0.478347 0.390341
v 0.782411 -0.463181 0.418315
v 0.758858 -0.460950 0.462405
v 0.750833 -0.445267 0.487802
v 0.788743 -0.430177 0.432932
v 0.778835 -0.416662 0.459899
v 0.756353 -0.418410 0.496488
v 0.787019 -0.374367 0.474402
v 0.764396 -0.376807 0.509706
v 0.753152 -0.363752 0.534838
v 0.796568 -0.492761 0.360979
v 0.803349 -0.463181 0.375143
v 0.796450 -0.448985 0.403570
v 0.824247 -0.415756 0.371455
v 0.801561 -0.416662 0.418315
v 0.794486 -0.400815 0.443515
v 0.832662 -0.374367 0.387038
v 0.817318 -0.374367 0.418410
v 0.799455 -0.374367 0.452380
v 0.837913 -0.399306 0.354833
v 0.842359 -0.374367 0.365017
v 0.877534 -0.339564 0.297415
v 0.871212 -0.327059 0.326827
v 0.877048 -0.286281 0.340816
v 0.880143 -0.259879 0.350143
v 0.920645 -0.327128 0.026353
v 0.917724 -0.330324 0.066065
v 0.914236 -0.330324 0.110108
v 0.909472 -0.330324 0.154151
v 0.902810 -0.330324 0.198194
v 0.894343 -0.330324 0.242237
v 0.884705 -0.327059 0.284153
v 0.881350 -0.310202 0.309814
v 0.924902 -0.308285 0.043921
v 0.924118 -0.304987 0.066065
v 0.922316 -0.297296 0.110108
v 0.920331 -0.284522 0.154405
v 0.913239 -0.286281 0.198194
v 0.904871 -0.286281 0.242237
v 0.893937 -0.286281 0.286281
v 0.884198 -0.286281 0.318795
v 0.923992 -0.258810 0.169255
v 0.921654 -0.243372 0.199079
v 0.913608 -0.242237 0.242237
v 0.902667 -0.242237 0.286281
v 0.888003 -0.244013 0.333406
v 0.923871 -0.213521 0.214349
v 0.920701 -0.198582 0.241305
v 0.909513 -0.198194 0.286281
v 0.895897 -0.198194 0.330324
v 0.922884 -0.154151 0.254894
v 0.914368 -0.154151 0.286281
v 0.900494 -0.154151 0.330324
v 0.924111 -0.119927 0.260667
v 0.918763 -0.107191 0.282205
v 0.903243 -0.110108 0.330324
v 0.918513 -0.066065 0.287126
v 0.904523 -0.066065 0.330324
v 0.918376 -0.022022 0.286983
v 0.904255 -0.022022 0.330324
v 0.925430 -0.310316 0.014559
v 0.929830 -0.290674 0.026353
v 0.929425 -0.282966 0.066065
v 0.927485 -0.275275 0.110108
v 0.925927 -0.268668 0.139893
v 0.940467 -0.242237 0.022022
v 0.937857 -0.242237 0.066065
v 0.933868 -0.242237 0.110108
v 0.928557 -0.243372 0.154405
v 0.926443 -0.229448 0.184987
v 0.948246 -0.198194 0.022022
v 0.945491 -0.198194 0.066065
v 0.941349 -0.198194 0.110108
v 0.936049 -0.198194 0.154151
v 0.928873 -0.198582 0.199079
v 0.926130 -0.184159 0.226002
v 0.954299 -0.154151 0.022022
v 0.951490 -0.154151 0.066065
v 0.947250 -0.154151 0.110108
v 0.941712 -0.154151 0.154151
v 0.934446 -0.154151 0.198194
v 0.927660 -0.154151 0.232872
v 0.958612 -0.110108 0.022022
v 0.955746 -0.110108 0.066065
v 0.951314 -0.110108 0.110108
v 0.945564 -0.110108 0.154151
v 0.938046 -0.110108 0.198194
v 0.928582 -0.107191 0.244486
v 0.925067 -0.090565 0.264807
v 0.961273 -0.066065 0.022022
v 0.958350 -0.066065 0.066065
v 0.953711 -0.066065 0.110108
v 0.947695 -0.066065 0.154151
v 0.939947 -0.066065 0.198194
v 0.930534 -0.066065 0.242237
v 0.925154 -0.066065 0.265104
v 0.962244 -0.022022 0.022022
v 0.959252 -0.022022 0.066065
v 0.954488 -0.022022 0.110108
v 0.948242 -0.022022 0.154151
v 0.940217 -0.022022 0.198194
v 0.930577 -0.022022 0.242237
v 0.925115 -0.022022 0.264962
v 0.743348 -0.330324 0.565245
v 0.719291 -0.329489 0.596660
v 0.706844 -0.314252 0.619069
v 0.747710 -0.305203 0.571167
v 0.736149 -0.288825 0.593218
v 0.711750 -0.286281 0.624758
v 0.740207 -0.242237 0.605567
v 0.718186 -0.242237 0.632170
v 0.745175 -0.198194 0.612007
v 0.720183 -0.196976 0.641630
v 0.705895 -0.181483 0.661950
v 0.747935 -0.169694 0.615575
v 0.733277 -0.154668 0.634976
v 0.707990 -0.154151 0.664201
v 0.732733 -0.110108 0.641966
v 0.710711 -0.110108 0.667078
v 0.734246 -0.066065 0.643704
v 0.712225 -0.066065 0.668672
v 0.734669 -0.022022 0.644000
v 0.712647 -0.022022 0.669120
v 0.791721 -0.349147 0.482642
v 0.782711 -0.332809 0.505687
v 0.758965 -0.330324 0.543224
v 0.788004 -0.286281 0.520939
v 0.764793 -0.288825 0.554108
v 0.752501 -0.275841 0.577627
v 0.791871 -0.260173 0.527102
v 0.781189 -0.244190 0.548294
v 0.756950 -0.242237 0.583546
v 0.783879 -0.198194 0.559318
v 0.761858 -0.198194 0.589985
v 0.787503 -0.154151 0.564574
v 0.762726 -0.154668 0.598369
v 0.749723 -0.140332 0.617862
v 0.789793 -0.110108 0.567976
v 0.770389 -0.110108 0.594583
v 0.751351 -0.110108 0.619944
v 0.790892 -0.066065 0.569622
v 0.772838 -0.066065 0.594583
v 0.752701 -0.066065 0.621682
v 0.790978 -0.022022 0.569708
v 0.773110 -0.022022 0.594583
v 0.752887 -0.022022 0.621979
v 0.836699 -0.351928 0.396115
v 0.830477 -0.334478 0.419171
v 0.806331 -0.332809 0.465758
v 0.796455 -0.319785 0.490466
v 0.833855 -0.297980 0.434359
v 0.824484 -0.284492 0.459453
v 0.801602 -0.286281 0.498917
v 0.829104 -0.242237 0.469887
v 0.805601 -0.244190 0.510051
v 0.795075 -0.230811 0.532116
v 0.833142 -0.198194 0.477356
v 0.816642 -0.198194 0.506496
v 0.798298 -0.198194 0.537296
v 0.835612 -0.162835 0.482093
v 0.825446 -0.150553 0.502227
v 0.801488 -0.154151 0.542552
v 0.825526 -0.110108 0.508139
v 0.803505 -0.110108 0.545954
v 0.826428 -0.066065 0.509439
v 0.804407 -0.066065 0.547600
v 0.826297 -0.022022 0.509044
v 0.804275 -0.022022 0.547686
v 0.849217 -0.334478 0.378607
v 0.840875 -0.322566 0.404997
v 0.863974 -0.286281 0.374367
v 0.844709 -0.284492 0.419171
v 0.838038 -0.268618 0.442772
v 0.873761 -0.244013 0.372437
v 0.854307 -0.242237 0.418410
v 0.840624 -0.242237 0.447865
v 0.875944 -0.198194 0.384284
v 0.861418 -0.198194 0.418410
v 0.844317 -0.198194 0.455334
v 0.878335 -0.154151 0.390060
v 0.866378 -0.154151 0.418410
v 0.844944 -0.150553 0.465429
v 0.836940 -0.133473 0.484700
v 0.879714 -0.110108 0.393476
v 0.869212 -0.110108 0.418410
v 0.849192 -0.110108 0.462453
v 0.837673 -0.110108 0.486118
v 0.880148 -0.066065 0.394614
v 0.870168 -0.066065 0.418410
v 0.850385 -0.066065 0.462453
v 0.838344 -0.066065 0.487418
v 0.879882 -0.022022 0.394001
v 0.869566 -0.022022 0.418410
v 0.849836 -0.022022 0.462453
v 0.838130 -0.022022 0.487022
v 0.882495 -0.230517 0.356469
v 0.884789 -0.198194 0.362262
v 0.886988 -0.154151 0.368039
v 0.888305 -0.110108 0.371454
v 0.888895 -0.066065 0.372593
v 0.888764 -0.022022 0.371979
v 0.022022 0.022022 -0.963962
v 0.022022 0.066065 -0.960276
v 0.022022 0.110108 -0.954448
v 0.022022 0.154151 -0.946093
v 0.022022 0.198194 -0.935637
v 0.022022 0.227384 -0.927351
v 0.022022 0.249406 -0.919705
v 0.022022 0.286281 -0.905534
v 0.022022 0.324523 -0.888714
v 0.022022 0.346544 -0.877922
v 0.066065 0.022022 -0.963384
v 0.066065 0.066065 -0.959960
v 0.066065 0.110108 -0.954406
v 0.066065 0.154151 -0.946246
v 0.066065 0.198194 -0.935836
v 0.066065 0.227740 -0.927445
v 0.066065 0.249762 -0.919900
v 0.066065 0.286281 -0.905858
v 0.066065 0.324636 -0.888843
v 0.066065 0.346657 -0.877949
v 0.110108 0.022022 -0.960571
v 0.110108 0.066065 -0.957326
v 0.110108 0.110108 -0.952059
v 0.110108 0.154151 -0.944154
v 0.110108 0.198194 -0.933941
v 0.110108 0.225102 -0.926540
v 0.110108 0.247124 -0.919004
v 0.110108 0.286281 -0.904111
v 0.110108 0.322662 -0.887992
v 0.110108 0.344684 -0.876894
v 0.154151 0.022022 -0.955336
v 0.154151 0.066065 -0.952280
v 0.154151 0.110108 -0.947230
v 0.154151 0.154151 -0.939591
v 0.152652 0.199607 -0.929442
v 0.166333 0.215230 -0.923618
v 0.136971 0.222080 -0.925535
v 0.152652 0.238952 -0.917705
v 0.154151 0.286281 -0.899874
v 0.154151 0.318399 -0.885889
v 0.154151 0.340421 -0.874706
v 0.198194 0.022022 -0.947813
v 0.198194 0.066065 -0.944914
v 0.198194 0.110108 -0.939911
v 0.201571 0.157534 -0.931057
v 0.218502 0.174470 -0.924571
v 0.189140 0.185868 -0.927383
v 0.201571 0.199607 -0.921408
v 0.198194 0.242237 -0.909097
v 0.200810 0.289773 -0.890618
v 0.217235 0.306782 -0.880213
v 0.187872 0.313344 -0.883341
v 0.200810 0.328944 -0.872537
v 0.242237 0.022022 -0.938270
v 0.242237 0.066065 -0.935514
v 0.243965 0.110369 -0.929999
v 0.259797 0.125223 -0.923813
v 0.230435 0.145108 -0.927407
v 0.243965 0.157534 -0.921701
v 0.242237 0.198194 -0.912640
v 0.242237 0.242237 -0.899063
v 0.242237 0.277225 -0.886122
v 0.242237 0.299247 -0.877012
v 0.242237 0.330324 -0.861670
v 0.278311 0.022022 -0.928856
v 0.300332 0.022022 -0.922616
v 0.273619 0.066065 -0.927521
v 0.295641 0.066065 -0.921298
v 0.268648 0.095861 -0.926125
v 0.284510 0.110369 -0.919297
v 0.286281 0.154151 -0.910909
v 0.286281 0.198194 -0.900466
v 0.284853 0.241442 -0.887259
v 0.298583 0.255593 -0.877536
v 0.269221 0.268386 -0.882512
v 0.284853 0.284353 -0.870377
v 0.286063 0.331593 -0.847447
v 0.300599 0.347120 -0.833974
v 0.330324 0.022022 -0.912958
v 0.330324 0.066065 -0.910356
v 0.330324 0.110108 -0.905242
v 0.330324 0.154151 -0.897071
v 0.329742 0.196651 -0.886851
v 0.344036 0.210304 -0.877886
v 0.314674 0.226231 -0.883091
v 0.329742 0.241442 -0.871884
v 0.333868 0.289968 -0.850254
v 0.350912 0.307108 -0.836255
v 0.321550 0.317758 -0.841836
v 0.333868 0.331593 -0.829493
v 0.022022 0.374367 -0.861571
v 0.022022 0.404474 -0.842491
v 0.022022 0.426495 -0.826281
v 0.022022 0.453849 -0.804259
v 0.022022 0.475871 -0.784473
v 0.022022 0.497541 -0.762451
v 0.022022 0.519563 -0.737349
v 0.022022 0.535949 -0.715328
v 0.066065 0.374367 -0.861604
v 0.066065 0.404507 -0.842497
v 0.066065 0.426529 -0.826287
v 0.066065 0.453850 -0.804266
v 0.066065 0.475872 -0.784489
v 0.066065 0.497522 -0.762468
v 0.066065 0.519543 -0.737428
v 0.066065 0.536053 -0.715406
v 0.110108 0.374367 -0.859382
v 0.110108 0.402863 -0.841330
v 0.110108 0.424885 -0.825060
v 0.110108 0.452479 -0.803038
v 0.110108 0.474501 -0.783239
v 0.110108 0.496242 -0.761217
v 0.110108 0.518264 -0.735949
v 0.110108 0.535042 -0.713927
v 0.154151 0.374367 -0.854848
v 0.154151 0.399495 -0.838983
v 0.154151 0.421516 -0.822378
v 0.154151 0.449374 -0.800356
v 0.154151 0.471395 -0.780312
v 0.154151 0.493396 -0.758291
v 0.154151 0.515418 -0.732798
v 0.154151 0.532888 -0.710776
v 0.195184 0.376075 -0.846831
v 0.207858 0.391895 -0.833818
v 0.178496 0.397173 -0.837370
v 0.195184 0.414477 -0.820130
v 0.198194 0.444437 -0.796187
v 0.198194 0.466458 -0.775975
v 0.198194 0.489303 -0.753954
v 0.201106 0.514496 -0.723927
v 0.188366 0.530505 -0.707388
v 0.242237 0.362998 -0.843500
v 0.242237 0.385020 -0.829217
v 0.239012 0.420020 -0.804651
v 0.251543 0.435774 -0.788960
v 0.222181 0.441103 -0.793342
v 0.238993 0.461461 -0.769768
v 0.255806 0.481819 -0.746024
v 0.226444 0.486213 -0.750576
v 0.241570 0.500236 -0.729491
v 0.271237 0.356362 -0.839319
v 0.286063 0.372373 -0.823395
v 0.286281 0.406272 -0.800152
v 0.286281 0.428293 -0.783096
v 0.286281 0.454214 -0.761074
v 0.286281 0.476235 -0.740488
v 0.286281 0.496298 -0.718466
v 0.329240 0.375374 -0.804779
v 0.343198 0.390726 -0.788893
v 0.313836 0.399543 -0.795065
v 0.332306 0.419581 -0.771608
v 0.350775 0.439619 -0.748043
v 0.321413 0.446782 -0.754324
v 0.333786 0.461859 -0.734648
v 0.330324 0.488699 -0.709623
v 0.022022 0.555734 -0.682669
v 0.022022 0.570324 -0.655557
v 0.022022 0.579566 -0.633536
v 0.022022 0.592712 -0.594583
v 0.022022 0.601613 -0.550540
v 0.022022 0.604949 -0.506496
v 0.022022 0.603639 -0.462453
v 0.022022 0.597182 -0.418410
v 0.022022 0.585629 -0.374367
v 0.066065 0.556125 -0.682669
v 0.066065 0.570612 -0.656333
v 0.066065 0.580121 -0.634312
v 0.066065 0.593856 -0.594583
v 0.066065 0.603100 -0.550540
v 0.066065 0.607100 -0.506496
v 0.066065 0.606295 -0.462453
v 0.066065 0.600343 -0.418410
v 0.066065 0.589667 -0.374367
v 0.110108 0.554583 -0.682669
v 0.110108 0.570080 -0.655308
v 0.110108 0.579870 -0.633287
v 0.110108 0.593538 -0.594583
v 0.110108 0.603783 -0.550540
v 0.110108 0.608910 -0.506496
v 0.110108 0.608797 -0.462453
v 0.110108 0.604043 -0.418410
v 0.110108 0.594961 -0.374367
v 0.154151 0.550874 -0.682669
v 0.154151 0.568525 -0.652188
v 0.154151 0.578599 -0.630166
v 0.154151 0.591592 -0.594583
v 0.154151 0.603158 -0.550540
v 0.154151 0.609452 -0.506496
v 0.154151 0.610610 -0.462453
v 0.154151 0.607565 -0.418410
v 0.154151 0.600231 -0.374367
v 0.217729 0.528072 -0.704056
v 0.201106 0.541845 -0.686692
v 0.198194 0.565707 -0.646891
v 0.198194 0.576312 -0.624869
v 0.198194 0.587942 -0.594583
v 0.198194 0.600732 -0.550540
v 0.198194 0.608192 -0.506496
v 0.198194 0.611109 -0.462453
v 0.198194 0.609750 -0.418410
v 0.198194 0.604409 -0.374367
v 0.242237 0.524895 -0.699876
v 0.242237 0.539686 -0.677854
v 0.243828 0.563422 -0.636227
v 0.259570 0.571801 -0.614701
v 0.230208 0.574103 -0.619946
v 0.243828 0.580678 -0.597845
v 0.242237 0.596133 -0.550540
v 0.242237 0.605173 -0.506496
v 0.242237 0.609713 -0.462453
v 0.242237 0.610169 -0.418410
v 0.242237 0.606978 -0.374367
v 0.286281 0.518319 -0.691616
v 0.286281 0.534578 -0.669594
v 0.286281 0.552793 -0.638626
v 0.286281 0.568754 -0.607740
v 0.286281 0.577588 -0.585718
v 0.286281 0.589179 -0.550540
v 0.286281 0.599832 -0.506496
v 0.286281 0.606084 -0.462453
v 0.286281 0.608610 -0.418410
v 0.286281 0.607588 -0.374367
v 0.329738 0.512418 -0.680084
v 0.344029 0.525414 -0.655815
v 0.314666 0.530631 -0.663680
v 0.329738 0.539374 -0.640131
v 0.330462 0.563398 -0.593037
v 0.345236 0.570671 -0.567135
v 0.315874 0.574450 -0.577326
v 0.330462 0.579425 -0.551688
v 0.330324 0.591980 -0.506496
v 0.330324 0.600167 -0.462453
v 0.330324 0.604787 -0.418410
v 0.330324 0.606172 -0.374367
v 0.022022 0.391528 -0.094392
v 0.022022 0.391528 -0.072986
v 0.022022 0.431856 -0.140796
v 0.022022 0.409835 -0.116413
v 0.022022 0.403194 -0.050965
v 0.021499 0.419780 -0.023712
v 0.022022 0.474676 -0.187309
v 0.022022 0.452655 -0.162818
v 0.010403 0.462453 -0.015624
v 0.022022 0.515354 -0.238658
v 0.022022 0.493332 -0.209331
v 0.012915 0.506496 -0.016190
v 0.022022 0.565948 -0.323082
v 0.022022 0.546318 -0.286281
v 0.022022 0.530910 -0.260680
v 0.016405 0.550540 -0.015946
v 0.022022 0.575604 -0.345104
v 0.024850 0.598865 -0.011328
v 0.022022 0.638626 -0.010606
v 0.023634 0.683338 -0.004023
v 0.045987 0.394996 -0.089652
v 0.045987 0.394996 -0.076436
v 0.074769 0.393370 -0.013813
v 0.048261 0.437069 -0.135850
v 0.061805 0.421169 -0.106554
v 0.062827 0.402395 -0.063479
v 0.062479 0.397396 -0.025905
v 0.056220 0.479446 -0.182090
v 0.066922 0.463224 -0.155325
v 0.077623 0.447003 -0.123457
v 0.066065 0.520215 -0.232041
v 0.068966 0.496035 -0.197340
v 0.085582 0.485451 -0.174800
v 0.066065 0.568809 -0.316985
v 0.066065 0.553196 -0.286281
v 0.066065 0.534927 -0.254062
v 0.066065 0.577884 -0.339007
v 0.044074 0.616401 -0.000054
v 0.045331 0.638626 -0.001489
v 0.046356 0.682669 -0.002269
v 0.092357 0.393370 -0.013813
v 0.095596 0.434632 -0.094094
v 0.110210 0.427299 -0.063702
v 0.108266 0.409408 -0.025905
v 0.110108 0.477592 -0.143363
v 0.110210 0.455674 -0.109308
v 0.124959 0.445650 -0.076809
v 0.097085 0.525116 -0.225319
v 0.111103 0.514143 -0.200493
v 0.110108 0.491079 -0.165385
v 0.094712 0.571251 -0.311489
v 0.109679 0.563507 -0.288503
v 0.111103 0.539077 -0.240895
v 0.126447 0.530534 -0.216707
v 0.109679 0.580171 -0.327832
v 0.124074 0.574099 -0.304666
v 0.134068 0.438798 -0.047447
v 0.138579 0.434515 -0.022022
v 0.133879 0.483407 -0.133800
v 0.143667 0.476577 -0.110108
v 0.154597 0.462729 -0.066805
v 0.160600 0.453453 -0.022022
v 0.154151 0.523372 -0.184565
v 0.150796 0.502360 -0.150749
v 0.165688 0.490462 -0.110108
v 0.175125 0.485150 -0.086164
v 0.154151 0.568142 -0.274362
v 0.154151 0.553059 -0.242237
v 0.154151 0.535457 -0.206586
v 0.154151 0.588503 -0.330324
v 0.154151 0.577075 -0.296384
v 0.182425 0.479807 -0.056802
v 0.187428 0.475474 -0.022022
v 0.176192 0.528509 -0.176190
v 0.186663 0.522982 -0.154151
v 0.202170 0.512757 -0.113894
v 0.197541 0.494377 -0.069316
v 0.209450 0.492470 -0.022022
v 0.179852 0.571636 -0.266685
v 0.195998 0.565982 -0.242115
v 0.193802 0.543877 -0.193800
v 0.208684 0.533489 -0.154151
v 0.219502 0.528871 -0.131099
v 0.198194 0.595165 -0.330324
v 0.195998 0.580948 -0.283332
v 0.209214 0.575223 -0.256715
v 0.228857 0.523629 -0.101737
v 0.236944 0.518367 -0.066065
v 0.246031 0.517261 -0.018406
v 0.229216 0.569967 -0.227353
v 0.243233 0.564106 -0.199539
v 0.242237 0.547485 -0.154151
v 0.243018 0.534907 -0.113894
v 0.258966 0.531400 -0.066065
v 0.263241 0.529137 -0.030677
v 0.242237 0.600268 -0.330324
v 0.242237 0.590407 -0.286281
v 0.243233 0.578369 -0.242115
v 0.258578 0.574146 -0.215116
v 0.264355 0.528458 -0.001315
v 0.273866 0.569468 -0.185754
v 0.287640 0.565079 -0.154349
v 0.286281 0.553709 -0.110108
v 0.286281 0.545977 -0.066065
v 0.281934 0.539568 -0.018406
v 0.286281 0.603424 -0.330324
v 0.286281 0.596599 -0.286281
v 0.286281 0.587310 -0.242237
v 0.287640 0.577293 -0.199539
v 0.303228 0.574112 -0.169161
v 0.313334 0.570792 -0.139799
v 0.319430 0.568008 -0.110108
v 0.324378 0.565117 -0.066065
v 0.326111 0.563888 -0.022022
v 0.330324 0.604672 -0.330324
v 0.330324 0.600794 -0.286281
v 0.330324 0.594606 -0.242237
v 0.330324 0.586937 -0.198194
v 0.328939 0.578674 -0.154349
v 0.341451 0.576547 -0.110108
v 0.346400 0.575148 -0.066065
v 0.348133 0.574513 -0.022022
v 0.039391 0.710236 -0.001094
v 0.045441 0.710236 -0.001094
v 0.374367 0.022022 -0.897299
v 0.374367 0.066065 -0.894707
v 0.377205 0.110754 -0.888501
v 0.393778 0.125866 -0.879859
v 0.364112 0.154151 -0.885292
v 0.386134 0.154151 -0.876802
v 0.355964 0.180942 -0.882256
v 0.372134 0.196651 -0.871001
v 0.378333 0.246186 -0.850834
v 0.395657 0.263500 -0.836502
v 0.366295 0.277746 -0.842840
v 0.378333 0.289968 -0.832035
v 0.377811 0.333973 -0.809328
v 0.394788 0.351086 -0.792037
v 0.406197 0.022022 -0.884935
v 0.428219 0.022022 -0.875757
v 0.403097 0.066065 -0.883628
v 0.425119 0.066065 -0.874537
v 0.399648 0.096503 -0.882195
v 0.415962 0.110754 -0.873187
v 0.418410 0.154151 -0.863559
v 0.421807 0.201272 -0.848834
v 0.438752 0.218004 -0.836058
v 0.409390 0.234138 -0.842452
v 0.421807 0.246186 -0.831972
v 0.418410 0.286281 -0.815281
v 0.418410 0.318845 -0.798748
v 0.418410 0.340867 -0.785907
v 0.462453 0.022022 -0.859935
v 0.462453 0.066065 -0.857476
v 0.462453 0.110108 -0.852415
v 0.463131 0.150737 -0.844074
v 0.478265 0.163142 -0.833663
v 0.448903 0.188642 -0.840942
v 0.463131 0.201272 -0.829431
v 0.466661 0.246412 -0.809508
v 0.484147 0.263876 -0.792599
v 0.451712 0.286281 -0.798818
v 0.473734 0.286281 -0.786840
v 0.441119 0.308937 -0.793150
v 0.461025 0.329005 -0.770016
v 0.480930 0.349073 -0.746607
v 0.496646 0.022022 -0.843020
v 0.518668 0.022022 -0.831632
v 0.494184 0.066065 -0.841780
v 0.516205 0.066065 -0.830332
v 0.489203 0.110108 -0.839236
v 0.511224 0.110108 -0.827700
v 0.485233 0.133780 -0.837206
v 0.502547 0.150737 -0.823807
v 0.508849 0.199426 -0.805563
v 0.525098 0.214928 -0.790719
v 0.495736 0.234514 -0.799061
v 0.508849 0.246412 -0.785978
v 0.508697 0.288075 -0.764953
v 0.524845 0.303953 -0.746292
v 0.495483 0.319711 -0.755676
v 0.508697 0.332765 -0.738734
v 0.550540 0.022022 -0.812762
v 0.550540 0.066065 -0.809964
v 0.553065 0.107640 -0.803437
v 0.569430 0.120675 -0.790736
v 0.541270 0.154151 -0.800900
v 0.563292 0.154151 -0.786688
v 0.533971 0.185566 -0.796279
v 0.549407 0.199426 -0.780804
v 0.551168 0.241492 -0.761376
v 0.566267 0.255676 -0.744365
v 0.536905 0.274591 -0.754320
v 0.551168 0.288075 -0.736965
v 0.548273 0.327573 -0.714711
v 0.577393 0.022022 -0.795929
v 0.599415 0.022022 -0.780686
v 0.575087 0.066065 -0.794431
v 0.597109 0.066065 -0.779129
v 0.573415 0.091313 -0.793342
v 0.590691 0.107640 -0.778199
v 0.597285 0.154093 -0.762738
v 0.613768 0.168736 -0.746478
v 0.584389 0.198194 -0.757332
v 0.606410 0.198194 -0.740646
v 0.576486 0.226314 -0.751595
v 0.595675 0.243933 -0.727604
v 0.584048 0.286281 -0.713833
v 0.574937 0.311058 -0.706569
v 0.628868 0.022022 -0.758665
v 0.650890 0.022022 -0.740606
v 0.626970 0.066065 -0.757108
v 0.648991 0.066065 -0.738945
v 0.623167 0.110108 -0.754064
v 0.645189 0.110108 -0.735648
v 0.619162 0.139374 -0.750830
v 0.639834 0.157579 -0.727788
v 0.632919 0.198194 -0.718625
v 0.623818 0.232190 -0.710843
v 0.675265 0.022022 -0.718584
v 0.673553 0.066065 -0.716924
v 0.670086 0.110108 -0.713627
v 0.665299 0.146422 -0.709097
v 0.561443 0.340420 -0.695983
v 0.614863 0.261552 -0.703236
v 0.606069 0.286281 -0.695913
v 0.592032 0.327451 -0.680531
v 0.609127 0.343844 -0.654039
v 0.660505 0.175784 -0.704558
v 0.654940 0.198194 -0.699400
v 0.642030 0.247872 -0.685821
v 0.660242 0.263555 -0.660235
v 0.630911 0.286281 -0.673891
v 0.652932 0.286281 -0.652893
v 0.621404 0.314482 -0.665079
v 0.637759 0.329175 -0.637699
v 0.654114 0.343867 -0.609721
v 0.697287 0.022022 -0.696915
v 0.695575 0.066065 -0.695201
v 0.692108 0.110108 -0.691638
v 0.684741 0.160507 -0.684741
v 0.704184 0.174592 -0.660095
v 0.676937 0.198194 -0.677378
v 0.698958 0.198194 -0.654436
v 0.668193 0.234193 -0.668406
v 0.685808 0.248036 -0.641895
v 0.703423 0.261879 -0.615114
v 0.674093 0.286281 -0.630872
v 0.696115 0.286281 -0.606660
v 0.665162 0.314505 -0.621359
v 0.681012 0.327843 -0.592597
v 0.696862 0.341181 -0.563030
v 0.365425 0.361364 -0.798657
v 0.377811 0.375374 -0.783568
v 0.374367 0.410708 -0.759799
v 0.374367 0.432730 -0.742202
v 0.370176 0.462215 -0.717191
v 0.352701 0.484640 -0.704872
v 0.418321 0.375337 -0.763229
v 0.432943 0.390665 -0.744507
v 0.403581 0.401613 -0.752690
v 0.420532 0.420083 -0.727930
v 0.408121 0.447375 -0.711353
v 0.451568 0.361303 -0.754994
v 0.464731 0.375337 -0.736896
v 0.462453 0.407167 -0.713510
v 0.503224 0.372036 -0.714556
v 0.486362 0.397957 -0.705995
v 0.532081 0.355801 -0.707275
v 0.382063 0.476737 -0.696418
v 0.370176 0.494551 -0.682110
v 0.374367 0.518968 -0.646869
v 0.374367 0.533273 -0.624848
v 0.374367 0.548639 -0.594583
v 0.376674 0.566651 -0.551688
v 0.392894 0.571584 -0.525174
v 0.363532 0.575589 -0.537773
v 0.376674 0.580452 -0.508894
v 0.374367 0.592033 -0.462453
v 0.374367 0.598899 -0.418410
v 0.374367 0.602779 -0.374367
v 0.437483 0.438553 -0.702916
v 0.422153 0.464742 -0.684986
v 0.436185 0.482108 -0.657650
v 0.406823 0.489526 -0.667055
v 0.417075 0.505664 -0.637699
v 0.427327 0.521803 -0.605559
v 0.397965 0.529243 -0.617747
v 0.414952 0.534762 -0.592360
v 0.418410 0.552403 -0.550540
v 0.420845 0.567678 -0.508894
v 0.437149 0.571620 -0.481001
v 0.407786 0.575757 -0.495812
v 0.420845 0.580265 -0.464773
v 0.418410 0.590942 -0.418410
v 0.418410 0.597399 -0.374367
v 0.462453 0.429188 -0.694292
v 0.462453 0.451502 -0.672270
v 0.462453 0.473524 -0.647790
v 0.462453 0.490743 -0.625769
v 0.460650 0.512759 -0.592360
v 0.474129 0.523258 -0.562662
v 0.444767 0.530502 -0.576197
v 0.460650 0.536154 -0.549005
v 0.462453 0.553184 -0.506496
v 0.464240 0.567473 -0.464773
v 0.480111 0.571297 -0.435576
v 0.450749 0.575525 -0.451638
v 0.464240 0.579635 -0.419901
v 0.462453 0.589763 -0.374367
v 0.515724 0.385163 -0.695550
v 0.501864 0.414941 -0.679394
v 0.517366 0.431925 -0.651681
v 0.488003 0.442878 -0.663238
v 0.501243 0.458747 -0.634410
v 0.514482 0.474616 -0.603672
v 0.485120 0.484867 -0.617140
v 0.502479 0.491055 -0.591227
v 0.505036 0.514217 -0.549005
v 0.518743 0.523471 -0.518238
v 0.489381 0.530799 -0.533300
v 0.505036 0.536098 -0.504733
v 0.506496 0.552290 -0.462453
v 0.507339 0.566684 -0.419901
v 0.522582 0.570786 -0.389528
v 0.493220 0.575089 -0.406214
v 0.507339 0.578846 -0.374655
v 0.548429 0.372356 -0.681085
v 0.564777 0.388912 -0.654075
v 0.535415 0.402562 -0.666188
v 0.549944 0.418295 -0.638197
v 0.564473 0.434028 -0.609103
v 0.535111 0.445254 -0.622319
v 0.547439 0.460352 -0.591706
v 0.559767 0.475450 -0.559251
v 0.530405 0.485628 -0.574310
v 0.547268 0.491431 -0.546958
v 0.548522 0.513703 -0.504733
v 0.561859 0.522748 -0.472546
v 0.532497 0.530465 -0.488876
v 0.548522 0.535169 -0.459700
v 0.550540 0.550214 -0.418410
v 0.550078 0.565270 -0.374655
v 0.535089 0.574520 -0.360166
v 0.579765 0.359549 -0.666621
v 0.595321 0.375088 -0.639376
v 0.610877 0.390627 -0.610916
v 0.581515 0.404666 -0.624713
v 0.595259 0.419317 -0.595328
v 0.609003 0.433969 -0.564426
v 0.579641 0.446088 -0.579741
v 0.591404 0.460344 -0.547158
v 0.606209 0.476854 -0.506496
v 0.616181 0.484189 -0.483967
v 0.573805 0.485281 -0.529889
v 0.584187 0.491763 -0.506496
v 0.595532 0.507358 -0.463575
v 0.607201 0.523059 -0.418410
v 0.616426 0.528426 -0.396154
v 0.574884 0.529730 -0.443183
v 0.585180 0.534590 -0.418410
v 0.598880 0.543044 -0.378630
v 0.624752 0.361264 -0.624677
v 0.639694 0.375612 -0.595637
v 0.654637 0.389959 -0.565722
v 0.625275 0.404607 -0.581554
v 0.638500 0.418466 -0.550393
v 0.651726 0.432324 -0.517877
v 0.622364 0.445238 -0.535064
v 0.637677 0.453684 -0.504516
v 0.640971 0.475719 -0.466553
v 0.657216 0.481964 -0.435914
v 0.627854 0.491969 -0.454605
v 0.640971 0.500803 -0.420104
v 0.640188 0.521064 -0.378630
v 0.626549 0.533743 -0.366792
v 0.667500 0.360597 -0.580359
v 0.681997 0.373747 -0.549695
v 0.696495 0.386898 -0.517979
v 0.667133 0.402962 -0.536360
v 0.680175 0.416035 -0.503247
v 0.695624 0.431506 -0.462453
v 0.704075 0.439854 -0.439528
v 0.663855 0.443317 -0.488515
v 0.673602 0.451723 -0.462453
v 0.685938 0.465436 -0.423040
v 0.697163 0.478271 -0.384884
v 0.667801 0.489605 -0.406552
v 0.682557 0.495591 -0.371869
v 0.374367 0.604065 -0.330324
v 0.374367 0.602912 -0.286281
v 0.374367 0.599886 -0.242237
v 0.374367 0.595498 -0.198194
v 0.374367 0.590900 -0.154151
v 0.374367 0.587539 -0.110108
v 0.374367 0.585521 -0.066065
v 0.374367 0.584533 -0.022022
v 0.418410 0.601352 -0.330324
v 0.418410 0.603145 -0.286281
v 0.418410 0.603047 -0.242237
v 0.418410 0.601748 -0.198194
v 0.418410 0.600285 -0.154151
v 0.418410 0.599193 -0.110108
v 0.418410 0.598416 -0.066065
v 0.418410 0.598035 -0.022022
v 0.462453 0.596470 -0.330324
v 0.462453 0.600930 -0.286281
v 0.462453 0.603661 -0.242237
v 0.462453 0.605189 -0.198194
v 0.462453 0.605921 -0.154151
v 0.462453 0.606353 -0.110108
v 0.462453 0.606712 -0.066065
v 0.462453 0.607041 -0.022022
v 0.506496 0.588552 -0.330324
v 0.506496 0.595694 -0.286281
v 0.506496 0.600890 -0.242237
v 0.506496 0.604547 -0.198194
v 0.506496 0.607356 -0.154151
v 0.506496 0.609594 -0.110108
v 0.506496 0.611135 -0.066065
v 0.506496 0.612058 -0.022022
v 0.564451 0.569980 -0.342252
v 0.550078 0.577629 -0.328672
v 0.550540 0.586466 -0.286281
v 0.550540 0.593877 -0.242237
v 0.550540 0.599748 -0.198194
v 0.550540 0.604355 -0.154151
v 0.550540 0.607665 -0.110108
v 0.550540 0.609952 -0.066065
v 0.550540 0.611383 -0.022022
v 0.592031 0.562651 -0.328672
v 0.606901 0.568860 -0.286281
v 0.615258 0.572107 -0.261985
v 0.575650 0.573657 -0.312890
v 0.584879 0.576552 -0.286281
v 0.598180 0.580647 -0.245278
v 0.594583 0.589691 -0.198194
v 0.594583 0.595453 -0.154151
v 0.594583 0.599768 -0.110108
v 0.594583 0.602934 -0.066065
v 0.594583 0.604986 -0.022022
v 0.655911 0.525737 -0.345150
v 0.640188 0.539334 -0.330411
v 0.638626 0.554047 -0.286281
v 0.637566 0.565198 -0.245278
v 0.651854 0.568629 -0.198194
v 0.658029 0.571466 -0.169289
v 0.622179 0.574884 -0.232623
v 0.629832 0.577760 -0.198194
v 0.641459 0.579974 -0.154425
v 0.638626 0.586576 -0.110108
v 0.638626 0.590497 -0.066065
v 0.638626 0.592778 -0.022022
v 0.680766 0.514538 -0.330411
v 0.694616 0.521542 -0.286281
v 0.701769 0.526551 -0.257907
v 0.664816 0.531119 -0.315788
v 0.672594 0.535726 -0.286281
v 0.685321 0.540439 -0.242831
v 0.682669 0.552257 -0.198194
v 0.679580 0.561968 -0.154425
v 0.688474 0.563360 -0.110108
v 0.692482 0.565672 -0.066065
v 0.694656 0.566920 -0.022022
v 0.662840 0.573720 -0.139927
v 0.666452 0.575591 -0.110108
v 0.670461 0.577610 -0.066065
v 0.672635 0.578704 -0.022022
v 0.717780 0.022022 -0.674894
v 0.739802 0.022022 -0.649682
v 0.716230 0.066065 -0.673180
v 0.738252 0.066065 -0.647833
v 0.712993 0.110108 -0.669617
v 0.735015 0.110108 -0.643935
v 0.708649 0.145230 -0.664923
v 0.727259 0.155658 -0.639169
v 0.745869 0.166086 -0.612880
v 0.717981 0.198194 -0.632414
v 0.740003 0.198194 -0.605303
v 0.710595 0.232517 -0.623556
v 0.727553 0.243891 -0.595506
v 0.744511 0.255265 -0.566772
v 0.714282 0.286281 -0.584639
v 0.737938 0.289083 -0.551471
v 0.747314 0.305632 -0.526451
v 0.707021 0.311819 -0.575474
v 0.716416 0.328030 -0.549225
v 0.741141 0.334259 -0.509661
v 0.748231 0.351563 -0.483715
v 0.757199 0.022022 -0.627661
v 0.779220 0.022022 -0.597834
v 0.755838 0.066065 -0.625811
v 0.777859 0.066065 -0.595987
v 0.752821 0.110108 -0.621913
v 0.776806 0.106190 -0.590312
v 0.790071 0.118259 -0.568391
v 0.749996 0.136724 -0.618244
v 0.761513 0.152503 -0.596752
v 0.785782 0.154151 -0.561893
v 0.756648 0.198194 -0.583281
v 0.780054 0.198679 -0.548911
v 0.790381 0.213683 -0.524715
v 0.751226 0.225903 -0.575898
v 0.761258 0.241245 -0.551471
v 0.784541 0.242237 -0.515742
v 0.754829 0.276269 -0.537410
v 0.770603 0.285886 -0.506188
v 0.786376 0.295503 -0.473659
v 0.757014 0.322201 -0.497089
v 0.771916 0.332001 -0.464006
v 0.786819 0.341801 -0.430015
v 0.794996 0.022022 -0.575812
v 0.811174 0.022022 -0.550540
v 0.830977 0.022022 -0.518181
v 0.793730 0.066065 -0.573966
v 0.808600 0.066065 -0.550540
v 0.829669 0.066065 -0.515883
v 0.792929 0.088897 -0.572784
v 0.802508 0.106190 -0.552442
v 0.826848 0.110108 -0.510855
v 0.799982 0.154151 -0.539871
v 0.823090 0.150392 -0.502361
v 0.833692 0.162568 -0.478688
v 0.795733 0.184321 -0.533144
v 0.805443 0.198679 -0.508619
v 0.830047 0.202456 -0.463385
v 0.836740 0.219978 -0.440270
v 0.798401 0.242237 -0.493721
v 0.816259 0.242237 -0.462453
v 0.832656 0.242237 -0.432411
v 0.793675 0.266141 -0.485924
v 0.800154 0.283006 -0.460368
v 0.823193 0.284551 -0.416494
v 0.832075 0.298080 -0.385977
v 0.794965 0.312438 -0.444297
v 0.801444 0.328401 -0.416565
v 0.823309 0.328361 -0.372524
v 0.843155 0.022022 -0.496159
v 0.860780 0.022022 -0.462453
v 0.876467 0.022022 -0.430403
v 0.841913 0.066065 -0.493861
v 0.858320 0.066065 -0.462453
v 0.875249 0.066065 -0.427460
v 0.839177 0.110108 -0.488834
v 0.852991 0.110108 -0.462453
v 0.874054 0.113087 -0.416956
v 0.880459 0.129754 -0.395418
v 0.837062 0.133205 -0.484924
v 0.844567 0.150392 -0.463385
v 0.865516 0.154151 -0.418410
v 0.878036 0.154151 -0.389754
v 0.841555 0.190616 -0.449326
v 0.850594 0.202456 -0.422718
v 0.873300 0.199657 -0.374046
v 0.843505 0.242237 -0.410389
v 0.859763 0.242237 -0.374367
v 0.838827 0.268718 -0.400536
v 0.844257 0.284551 -0.372524
v 0.838747 0.312372 -0.356615
v 0.886029 0.022022 -0.408382
v 0.899767 0.022022 -0.374367
v 0.884723 0.066065 -0.405438
v 0.897168 0.066065 -0.374367
v 0.882938 0.100392 -0.401305
v 0.890118 0.113087 -0.378189
v 0.887129 0.154151 -0.367732
v 0.883671 0.185951 -0.359151
v 0.831405 0.341734 -0.339084
v 0.879397 0.215313 -0.348143
v 0.875715 0.244910 -0.332207
v 0.879967 0.261373 -0.305596
v 0.860580 0.286281 -0.330324
v 0.874632 0.287446 -0.289061
v 0.878550 0.302904 -0.254979
v 0.842803 0.328361 -0.326771
v 0.856263 0.330324 -0.286281
v 0.870769 0.327740 -0.241074
v 0.875306 0.340213 -0.198194
v 0.878793 0.347816 -0.162624
v 0.915412 0.022022 -0.330324
v 0.923696 0.022022 -0.304051
v 0.912884 0.066065 -0.330324
v 0.922461 0.066065 -0.299695
v 0.908116 0.110108 -0.330324
v 0.920972 0.113798 -0.286293
v 0.924725 0.130938 -0.263471
v 0.900700 0.154151 -0.330324
v 0.914310 0.154151 -0.286281
v 0.922760 0.154151 -0.255007
v 0.889316 0.199657 -0.332207
v 0.904407 0.198194 -0.286281
v 0.917461 0.195454 -0.239713
v 0.922273 0.210273 -0.198194
v 0.924555 0.218865 -0.173682
v 0.884425 0.232011 -0.318781
v 0.890147 0.244910 -0.289061
v 0.903917 0.242237 -0.242237
v 0.913398 0.242237 -0.198194
v 0.920569 0.241542 -0.157061
v 0.922268 0.254918 -0.110108
v 0.923847 0.260443 -0.066065
v 0.924310 0.262100 -0.022022
v 0.884662 0.273542 -0.276233
v 0.888321 0.287446 -0.241074
v 0.898263 0.286281 -0.198194
v 0.905839 0.286281 -0.154151
v 0.911012 0.286281 -0.110108
v 0.914303 0.286281 -0.066065
v 0.915308 0.286281 -0.022022
v 0.882188 0.311336 -0.225617
v 0.885116 0.318192 -0.198194
v 0.887452 0.332011 -0.150426
v 0.892902 0.330324 -0.110108
v 0.896386 0.330324 -0.066065
v 0.897627 0.330324 -0.022022
v 0.929833 0.022022 -0.282029
v 0.939745 0.022022 -0.242237
v 0.948303 0.022022 -0.198194
v 0.954769 0.022022 -0.154151
v 0.959404 0.022022 -0.110108
v 0.962187 0.022022 -0.066065
v 0.962798 0.022022 -0.022022
v 0.928639 0.066065 -0.277673
v 0.937388 0.066065 -0.242237
v 0.946047 0.066065 -0.198194
v 0.952645 0.066065 -0.154151
v 0.957292 0.066065 -0.110108
v 0.959943 0.066065 -0.066065
v 0.960477 0.066065 -0.022022
v 0.926940 0.101576 -0.271619
v 0.931293 0.113798 -0.246169
v 0.941550 0.110108 -0.198194
v 0.948296 0.110108 -0.154151
v 0.952937 0.110108 -0.110108
v 0.955529 0.110108 -0.066065
v 0.956025 0.110108 -0.022022
v 0.927847 0.154151 -0.232985
v 0.934674 0.154151 -0.198194
v 0.941643 0.154151 -0.154151
v 0.946341 0.154151 -0.110108
v 0.948975 0.154151 -0.066065
v 0.949549 0.154151 -0.022022
v 0.925630 0.178946 -0.223349
v 0.927996 0.188251 -0.198194
v 0.931252 0.201788 -0.157061
v 0.937397 0.198194 -0.110108
v 0.940206 0.198194 -0.066065
v 0.940952 0.198194 -0.022022
v 0.926628 0.226397 -0.144320
v 0.928393 0.232896 -0.110108
v 0.929857 0.238421 -0.066065
v 0.930268 0.240079 -0.022022
v 0.708641 0.357536 -0.533668
v 0.717357 0.373077 -0.504577
v 0.740342 0.377361 -0.466401
v 0.746949 0.394037 -0.437576
v 0.707672 0.399746 -0.488617
v 0.716599 0.409484 -0.462453
v 0.730201 0.422347 -0.423871
v 0.742814 0.434203 -0.385935
v 0.713452 0.448909 -0.410166
v 0.724674 0.460546 -0.370729
v 0.706534 0.485971 -0.355522
v 0.757456 0.364675 -0.454353
v 0.771260 0.374971 -0.419115
v 0.786730 0.387658 -0.374367
v 0.755702 0.404841 -0.408214
v 0.762878 0.419077 -0.372499
v 0.751007 0.442820 -0.356573
v 0.795100 0.355904 -0.400653
v 0.801468 0.365636 -0.374367
v 0.735233 0.471766 -0.330324
v 0.743571 0.479823 -0.296749
v 0.713212 0.491108 -0.330324
v 0.728019 0.497163 -0.283753
v 0.724235 0.513633 -0.242831
v 0.734642 0.517179 -0.198194
v 0.740369 0.521827 -0.154151
v 0.745128 0.525652 -0.110108
v 0.747759 0.527747 -0.079438
v 0.707903 0.530842 -0.228545
v 0.712620 0.534168 -0.198194
v 0.718347 0.538120 -0.154151
v 0.723106 0.541339 -0.110108
v 0.730532 0.540935 -0.065280
v 0.726712 0.546042 -0.022022
v 0.792428 0.395870 -0.351586
v 0.781960 0.419033 -0.334273
v 0.787506 0.434129 -0.294316
v 0.757496 0.449745 -0.330324
v 0.768718 0.460269 -0.280851
v 0.776175 0.466732 -0.242237
v 0.782756 0.473813 -0.198194
v 0.788029 0.479468 -0.154151
v 0.791157 0.482756 -0.122459
v 0.749931 0.485561 -0.267387
v 0.754154 0.489366 -0.242237
v 0.760734 0.495158 -0.198194
v 0.766008 0.499805 -0.154151
v 0.774188 0.500260 -0.108710
v 0.766714 0.512057 -0.065280
v 0.772090 0.509630 -0.022022
v 0.749339 0.529036 -0.050076
v 0.750068 0.529662 -0.022022
v 0.815113 0.374557 -0.330654
v 0.827778 0.381942 -0.286281
v 0.833400 0.390908 -0.251649
v 0.798822 0.404767 -0.322224
v 0.803309 0.419033 -0.282293
v 0.820094 0.414512 -0.239076
v 0.824465 0.423493 -0.198194
v 0.829002 0.429820 -0.154151
v 0.832313 0.434284 -0.110108
v 0.834487 0.437229 -0.066065
v 0.835332 0.438379 -0.022022
v 0.793025 0.440715 -0.264953
v 0.796456 0.444710 -0.242237
v 0.802444 0.451792 -0.198194
v 0.806981 0.457447 -0.154151
v 0.807225 0.465826 -0.108710
v 0.814387 0.462453 -0.066065
v 0.816270 0.462453 -0.022022
v 0.793504 0.485242 -0.093097
v 0.794699 0.486499 -0.066065
v 0.795737 0.487608 -0.022022
v 0.837359 0.353245 -0.309722
v 0.841358 0.359921 -0.286281
v 0.846059 0.375483 -0.239076
v 0.856597 0.374367 -0.198194
v 0.868002 0.370138 -0.150426
v 0.869268 0.376656 -0.110108
v 0.871219 0.379824 -0.066065
v 0.871957 0.381079 -0.022022
v 0.837365 0.397232 -0.222287
v 0.840133 0.401472 -0.198194
v 0.844318 0.407798 -0.154151
v 0.847246 0.412263 -0.110108
v 0.849197 0.415208 -0.066065
v 0.849935 0.416357 -0.022022
v 0.881028 0.352638 -0.133261
v 0.882137 0.354635 -0.110108
v 0.883908 0.357802 -0.066065
v 0.884607 0.359057 -0.022022
v 0.022022 0.022022 0.962115
v 0.022022 0.066065 0.961502
v 0.022022 0.110108 0.958990
v 0.022022 0.154151 0.954468
v 0.022022 0.198194 0.947638
v 0.022022 0.242237 0.938353
v 0.022022 0.298369 0.921340
v 0.022022 0.276347 0.929153
v 0.022022 0.330324 0.908495
v 0.066065 0.022022 0.958479
v 0.066065 0.066065 0.958289
v 0.066065 0.110108 0.956140
v 0.066065 0.154151 0.951757
v 0.066065 0.198194 0.945139
v 0.066065 0.242237 0.936062
v 0.066065 0.295305 0.920311
v 0.066065 0.273284 0.928043
v 0.066065 0.330324 0.906361
v 0.110108 0.022022 0.954492
v 0.110108 0.066065 0.954029
v 0.110108 0.110108 0.951657
v 0.110108 0.154151 0.947311
v 0.110108 0.198194 0.940858
v 0.131674 0.264019 0.924854
v 0.114239 0.246498 0.930631
v 0.114239 0.284699 0.919745
v 0.102312 0.268963 0.926537
v 0.110108 0.330324 0.902764
v 0.154151 0.022022 0.948957
v 0.154151 0.066065 0.947999
v 0.154151 0.110108 0.945312
v 0.154151 0.154151 0.940926
v 0.154151 0.198194 0.934591
v 0.154151 0.255743 0.923108
v 0.154151 0.233722 0.927756
v 0.154151 0.286281 0.913850
v 0.154151 0.330324 0.897171
v 0.198194 0.022022 0.940431
v 0.198194 0.066065 0.939268
v 0.198194 0.110108 0.936610
v 0.198194 0.154151 0.932398
v 0.208901 0.206549 0.922458
v 0.195810 0.194399 0.927456
v 0.195810 0.239973 0.918828
v 0.179539 0.223783 0.925638
v 0.198194 0.286281 0.906035
v 0.212028 0.348781 0.879289
v 0.197686 0.332589 0.888740
v 0.262305 0.022022 0.924383
v 0.240284 0.022022 0.930137
v 0.259881 0.066065 0.923735
v 0.237859 0.066065 0.929532
v 0.254958 0.110108 0.922436
v 0.232936 0.110108 0.928214
v 0.247238 0.154151 0.920333
v 0.225216 0.154151 0.926204
v 0.238244 0.194399 0.917346
v 0.220901 0.177187 0.925087
v 0.242237 0.242237 0.907255
v 0.242237 0.286281 0.895575
v 0.242237 0.339571 0.875519
v 0.242237 0.317549 0.884598
v 0.286281 0.022022 0.917010
v 0.286281 0.066065 0.915660
v 0.286281 0.110108 0.913022
v 0.286281 0.154151 0.908859
v 0.286281 0.198194 0.902840
v 0.286281 0.242237 0.894543
v 0.295185 0.296256 0.876950
v 0.282815 0.283457 0.884816
v 0.282815 0.326647 0.869167
v 0.265823 0.309515 0.881324
v 0.330324 0.022022 0.902641
v 0.330324 0.066065 0.901143
v 0.330324 0.110108 0.898345
v 0.330324 0.154151 0.894085
v 0.348041 0.211236 0.879255
v 0.332145 0.197211 0.887529
v 0.339824 0.242237 0.876165
v 0.317802 0.242237 0.884334
v 0.327294 0.283457 0.869989
v 0.310592 0.266894 0.881696
v 0.349825 0.350141 0.835841
v 0.333216 0.333406 0.849148
v 0.029716 0.384836 0.029710
v 0.017830 0.386971 0.062707
v 0.022022 0.393282 0.092130
v 0.018093 0.411627 0.018112
v 0.000354 0.396954 0.045787
v 0.022022 0.412626 0.114152
v 0.022022 0.434648 0.138209
v 0.010403 0.462453 0.010336
v 0.022022 0.454841 0.160230
v 0.022022 0.476863 0.185340
v 0.012915 0.506496 0.012615
v 0.022022 0.494286 0.207362
v 0.022022 0.516308 0.239020
v 0.016405 0.550540 0.015385
v 0.022022 0.530516 0.261041
v 0.022022 0.544651 0.286281
v 0.022022 0.564675 0.326006
v 0.024850 0.598865 0.013879
v 0.022022 0.574383 0.348027
v 0.022022 0.638626 0.026541
v 0.020775 0.680613 0.026289
v 0.031521 0.692123 0.049164
v 0.062479 0.386282 0.017826
v 0.063052 0.386994 0.063312
v 0.046363 0.394555 0.090309
v 0.045407 0.396938 0.000348
v 0.075725 0.404923 0.076158
v 0.063271 0.421239 0.109064
v 0.050816 0.437555 0.135223
v 0.080178 0.443641 0.127820
v 0.069446 0.461887 0.155696
v 0.058714 0.480133 0.181441
v 0.088077 0.484478 0.176169
v 0.070463 0.495120 0.196951
v 0.066065 0.519801 0.233651
v 0.066065 0.533634 0.255672
v 0.066065 0.550128 0.286281
v 0.066065 0.567033 0.321495
v 0.044074 0.616401 0.000087
v 0.066065 0.575943 0.343516
v 0.045331 0.638626 0.007494
v 0.049236 0.679533 0.023560
v 0.049613 0.692123 0.049164
v 0.093413 0.392421 0.022022
v 0.090918 0.394117 0.046796
v 0.115435 0.410864 0.022022
v 0.109569 0.420775 0.064240
v 0.098858 0.434286 0.098457
v 0.128220 0.443213 0.081684
v 0.112167 0.450947 0.111926
v 0.110108 0.473511 0.146740
v 0.110108 0.489155 0.168761
v 0.113477 0.512189 0.202059
v 0.101042 0.524426 0.226716
v 0.130404 0.529040 0.219317
v 0.113477 0.536765 0.241733
v 0.114180 0.561361 0.290546
v 0.102214 0.570034 0.314781
v 0.131576 0.572658 0.308071
v 0.114180 0.577647 0.329806
v 0.140220 0.432886 0.022022
v 0.136257 0.436626 0.052322
v 0.162242 0.452807 0.022022
v 0.152223 0.455938 0.066628
v 0.152739 0.474984 0.106691
v 0.137117 0.481328 0.136933
v 0.166479 0.490347 0.119094
v 0.152739 0.499690 0.152629
v 0.154151 0.521112 0.188566
v 0.154151 0.533324 0.210588
v 0.154151 0.549110 0.242237
v 0.154151 0.566326 0.279110
v 0.154151 0.575177 0.301131
v 0.154151 0.584999 0.330324
v 0.187909 0.474829 0.022022
v 0.182130 0.479750 0.066065
v 0.177222 0.483704 0.089732
v 0.209930 0.492370 0.022022
v 0.204151 0.496046 0.066065
v 0.194420 0.502405 0.106691
v 0.195520 0.522258 0.150032
v 0.179056 0.527088 0.178915
v 0.208418 0.534077 0.161968
v 0.195520 0.542228 0.195435
v 0.197987 0.564080 0.243032
v 0.183167 0.570498 0.269611
v 0.212529 0.574704 0.258242
v 0.197987 0.579806 0.285087
v 0.198194 0.593095 0.330324
v 0.245894 0.517181 0.018261
v 0.236588 0.518067 0.066065
v 0.226772 0.524505 0.110108
v 0.220562 0.528324 0.132606
v 0.263013 0.529296 0.030435
v 0.258610 0.531839 0.066065
v 0.248793 0.536859 0.110108
v 0.238041 0.543504 0.150032
v 0.243306 0.563481 0.198903
v 0.229338 0.569284 0.228880
v 0.258700 0.574451 0.214057
v 0.243306 0.578578 0.243032
v 0.242237 0.590512 0.286281
v 0.242237 0.600482 0.330324
v 0.264355 0.528458 0.001073
v 0.281934 0.539832 0.018261
v 0.286281 0.547205 0.066065
v 0.286281 0.555797 0.110108
v 0.286229 0.566247 0.151270
v 0.271513 0.569827 0.184695
v 0.300875 0.575224 0.164031
v 0.286229 0.578979 0.198903
v 0.286281 0.589929 0.242237
v 0.286281 0.599583 0.286281
v 0.286281 0.606835 0.330324
v 0.325805 0.564098 0.022022
v 0.322860 0.565906 0.066065
v 0.315610 0.569478 0.110108
v 0.309857 0.571982 0.134669
v 0.347826 0.574639 0.022022
v 0.344881 0.575735 0.066065
v 0.337631 0.578047 0.110108
v 0.326852 0.581260 0.151270
v 0.330324 0.591626 0.198194
v 0.330324 0.599822 0.242237
v 0.330324 0.606699 0.286281
v 0.330324 0.611491 0.330324
v 0.022022 0.569119 0.697635
v 0.022022 0.583632 0.374367
v 0.022022 0.595957 0.418410
v 0.022022 0.603444 0.462453
v 0.022022 0.606978 0.506496
v 0.022022 0.607048 0.550539
v 0.022022 0.602523 0.594583
v 0.022022 0.592263 0.638626
v 0.022022 0.579108 0.675613
v 0.066065 0.568147 0.695819
v 0.066065 0.586228 0.374367
v 0.066065 0.597696 0.418410
v 0.066065 0.604484 0.462453
v 0.066065 0.607338 0.506496
v 0.066065 0.606851 0.550539
v 0.066065 0.602034 0.594583
v 0.066065 0.591329 0.638626
v 0.066065 0.578441 0.673798
v 0.110108 0.566548 0.692935
v 0.110108 0.590931 0.374367
v 0.110108 0.600679 0.418410
v 0.110108 0.606389 0.462453
v 0.110108 0.608116 0.506496
v 0.110108 0.606490 0.550539
v 0.110108 0.601033 0.594583
v 0.110108 0.589499 0.638626
v 0.110108 0.577196 0.670913
v 0.154151 0.563987 0.688962
v 0.154151 0.596859 0.374367
v 0.154151 0.604433 0.418410
v 0.154151 0.608532 0.462453
v 0.154151 0.608996 0.506496
v 0.154151 0.605893 0.550539
v 0.154151 0.599270 0.594583
v 0.154151 0.586801 0.638626
v 0.154151 0.575563 0.666941
v 0.216657 0.572086 0.659535
v 0.200463 0.562658 0.679932
v 0.198194 0.602565 0.374367
v 0.198194 0.608253 0.418410
v 0.198194 0.610296 0.462453
v 0.198194 0.609234 0.506496
v 0.198194 0.604674 0.550539
v 0.198194 0.596298 0.594583
v 0.200463 0.580869 0.642363
v 0.187295 0.573959 0.663426
v 0.242237 0.569763 0.654494
v 0.242237 0.553388 0.682669
v 0.242237 0.607377 0.374367
v 0.242237 0.611123 0.418410
v 0.242237 0.611368 0.462453
v 0.242237 0.608414 0.506496
v 0.242237 0.602319 0.550539
v 0.242237 0.591899 0.594583
v 0.242237 0.579007 0.632473
v 0.301826 0.526621 0.702004
v 0.286281 0.564803 0.645003
v 0.286799 0.541231 0.685461
v 0.286281 0.611337 0.374367
v 0.286281 0.612810 0.418410
v 0.286281 0.611139 0.462453
v 0.286281 0.606274 0.506496
v 0.286281 0.598171 0.550539
v 0.286281 0.585647 0.594583
v 0.286281 0.575241 0.622981
v 0.330324 0.521434 0.695181
v 0.339641 0.569560 0.609522
v 0.327106 0.559584 0.634769
v 0.330324 0.536569 0.673160
v 0.330324 0.613677 0.374367
v 0.330324 0.612987 0.418410
v 0.330324 0.609251 0.462453
v 0.330324 0.602556 0.506496
v 0.330324 0.592128 0.550539
v 0.327106 0.578080 0.594738
v 0.310279 0.572983 0.617517
v 0.022022 0.390781 0.877603
v 0.022022 0.368760 0.890040
v 0.022022 0.418410 0.858516
v 0.022022 0.466050 0.820493
v 0.022022 0.444029 0.839754
v 0.022022 0.512168 0.774829
v 0.022022 0.490147 0.798472
v 0.022022 0.550394 0.726712
v 0.022022 0.531814 0.752808
v 0.066065 0.388826 0.876466
v 0.066065 0.366804 0.888934
v 0.066065 0.418410 0.856119
v 0.066065 0.464520 0.819208
v 0.066065 0.442498 0.838495
v 0.066065 0.510862 0.772776
v 0.066065 0.488840 0.797186
v 0.066065 0.547763 0.726712
v 0.066065 0.530155 0.750754
v 0.110108 0.385631 0.874685
v 0.110108 0.363610 0.887154
v 0.123030 0.439297 0.835914
v 0.109052 0.422134 0.849829
v 0.109052 0.458465 0.820558
v 0.093667 0.441124 0.837378
v 0.124217 0.528174 0.748291
v 0.109764 0.512568 0.766562
v 0.110108 0.486816 0.795151
v 0.109764 0.541494 0.730851
v 0.094854 0.528800 0.749085
v 0.154151 0.380682 0.871872
v 0.154151 0.358660 0.884408
v 0.154151 0.436420 0.833656
v 0.154151 0.414399 0.849850
v 0.166418 0.482826 0.791149
v 0.152703 0.465868 0.808338
v 0.154151 0.526371 0.745985
v 0.152703 0.500841 0.774183
v 0.137056 0.485253 0.793568
v 0.154151 0.541965 0.723963
v 0.197686 0.371286 0.869734
v 0.182666 0.354551 0.882108
v 0.198194 0.431444 0.829687
v 0.198194 0.409422 0.846110
v 0.198194 0.479532 0.787893
v 0.198194 0.457511 0.807666
v 0.198194 0.522344 0.740986
v 0.198194 0.500323 0.765871
v 0.198194 0.538517 0.718964
v 0.242237 0.374367 0.857790
v 0.242237 0.424540 0.824510
v 0.242237 0.402518 0.841112
v 0.242237 0.473721 0.782356
v 0.242237 0.451699 0.802488
v 0.242237 0.517077 0.734631
v 0.242237 0.495055 0.760335
v 0.242237 0.534165 0.712610
v 0.296388 0.389840 0.832963
v 0.283537 0.374842 0.845600
v 0.306660 0.439753 0.792198
v 0.286843 0.418701 0.815103
v 0.267026 0.397650 0.837672
v 0.289700 0.461219 0.778400
v 0.277298 0.445716 0.797243
v 0.286799 0.513014 0.724099
v 0.286281 0.488539 0.753219
v 0.272464 0.530688 0.707676
v 0.333216 0.374842 0.828251
v 0.320462 0.360478 0.841472
v 0.330324 0.434277 0.787561
v 0.330324 0.412255 0.804821
v 0.338440 0.478833 0.742680
v 0.326385 0.463472 0.762364
v 0.326385 0.496592 0.727484
v 0.309078 0.484755 0.749042
v 0.027009 0.725635 0.018828
v 0.026240 0.726712 0.056417
v 0.030311 0.770755 0.028554
v 0.032150 0.772734 0.068487
v 0.042531 0.788735 0.089426
v 0.038292 0.814799 0.037574
v 0.035396 0.814799 0.066065
v 0.041147 0.814799 0.091735
v 0.043470 0.838026 0.043407
v 0.041851 0.847455 0.066065
v 0.041693 0.849794 0.091612
v 0.055810 0.725635 0.018828
v 0.057704 0.726712 0.056417
v 0.069247 0.769340 0.029033
v 0.069247 0.765583 0.068487
v 0.066065 0.788080 0.090283
v 0.066065 0.814799 0.031003
v 0.066065 0.814799 0.102268
v 0.068917 0.855161 0.040302
v 0.053355 0.869476 0.066065
v 0.062451 0.859819 0.110758
v 0.080536 0.869843 0.138855
v 0.085499 0.884179 0.042841
v 0.072805 0.900470 0.064736
v 0.058903 0.902885 0.110108
v 0.076064 0.902885 0.145162
v 0.079564 0.936959 0.078530
v 0.075335 0.941350 0.110108
v 0.079607 0.934779 0.142781
v 0.091902 0.783077 0.039679
v 0.092248 0.783837 0.066065
v 0.089819 0.790557 0.089675
v 0.096227 0.814799 0.037472
v 0.108347 0.814799 0.066065
v 0.100206 0.814799 0.098619
v 0.097771 0.858842 0.039844
v 0.122108 0.854631 0.063259
v 0.114360 0.843559 0.113177
v 0.110108 0.867024 0.143523
v 0.093961 0.884179 0.042841
v 0.109228 0.900470 0.050738
v 0.110108 0.902885 0.161548
v 0.110108 0.941458 0.072435
v 0.110108 0.952460 0.110108
v 0.110108 0.935908 0.150154
v 0.142249 0.866505 0.076069
v 0.147310 0.864520 0.110108
v 0.142250 0.873431 0.140595
v 0.155818 0.906355 0.073698
v 0.169331 0.901399 0.110108
v 0.155819 0.907035 0.145353
v 0.154151 0.932872 0.079114
v 0.154151 0.936534 0.110108
v 0.154151 0.928569 0.142309
v 0.176628 0.923349 0.087436
v 0.176582 0.923420 0.110108
v 0.176263 0.924482 0.132321
v 0.176628 0.925511 0.087436
v 0.176582 0.925424 0.110108
v 0.176263 0.924993 0.132321
v 0.572261 0.351928 0.704444
v 0.610679 0.296988 0.699329
v 0.595432 0.334478 0.693158
v 0.657828 0.163634 0.702060
v 0.652839 0.198194 0.697338
v 0.645229 0.242237 0.689950
v 0.655611 0.298085 0.655291
v 0.636966 0.282855 0.681088
v 0.646676 0.330324 0.645801
v 0.624654 0.330324 0.668437
v 0.690393 0.022022 0.690269
v 0.688430 0.066065 0.688183
v 0.704645 0.131889 0.660597
v 0.689230 0.114368 0.680037
v 0.702375 0.154151 0.658124
v 0.676681 0.151032 0.685495
v 0.696777 0.198194 0.651924
v 0.674755 0.198194 0.675316
v 0.689620 0.242237 0.643913
v 0.667598 0.242237 0.667928
v 0.698311 0.294907 0.608628
v 0.680528 0.281815 0.636290
v 0.662744 0.268722 0.662848
v 0.702134 0.347635 0.569110
v 0.690651 0.331902 0.594201
v 0.667037 0.330324 0.623780
v 0.394339 0.022022 0.880115
v 0.372318 0.022022 0.887992
v 0.391733 0.066065 0.879129
v 0.369711 0.066065 0.887197
v 0.387491 0.110108 0.877499
v 0.365470 0.110108 0.885738
v 0.381509 0.154151 0.875165
v 0.359488 0.154151 0.883538
v 0.371569 0.197211 0.872710
v 0.355023 0.181874 0.881879
v 0.374367 0.242237 0.862739
v 0.394061 0.305507 0.835822
v 0.377375 0.289008 0.848391
v 0.377375 0.333406 0.831200
v 0.364699 0.320779 0.841947
v 0.418410 0.022022 0.869772
v 0.418410 0.066065 0.867690
v 0.418410 0.110108 0.864350
v 0.418410 0.154151 0.859542
v 0.418410 0.198194 0.852775
v 0.434514 0.251851 0.833967
v 0.419264 0.239197 0.844000
v 0.419264 0.289008 0.829660
v 0.405152 0.276145 0.840953
v 0.418410 0.330324 0.813608
v 0.462453 0.022022 0.849885
v 0.483895 0.082981 0.836533
v 0.466510 0.067406 0.845599
v 0.481000 0.110108 0.835066
v 0.458979 0.110108 0.845693
v 0.475655 0.154151 0.832323
v 0.453633 0.154151 0.843219
v 0.468450 0.198194 0.828533
v 0.446428 0.198194 0.839738
v 0.458662 0.239197 0.824377
v 0.441453 0.222488 0.837326
v 0.481655 0.303983 0.791121
v 0.465166 0.288094 0.806173
v 0.471616 0.330324 0.785096
v 0.449594 0.330324 0.797878
v 0.509043 0.022022 0.825879
v 0.487021 0.022022 0.838207
v 0.502665 0.067406 0.826823
v 0.485430 0.053619 0.837343
v 0.506496 0.110108 0.820717
v 0.506496 0.154151 0.815058
v 0.526631 0.215210 0.791614
v 0.509768 0.199595 0.805052
v 0.520992 0.242237 0.788083
v 0.498971 0.242237 0.801385
v 0.506012 0.288094 0.782131
v 0.491009 0.274621 0.796678
v 0.523263 0.345423 0.745071
v 0.507748 0.330575 0.762419
v 0.568031 0.022022 0.789729
v 0.546009 0.022022 0.803858
v 0.565782 0.066065 0.788195
v 0.543760 0.066065 0.802518
v 0.562532 0.110108 0.785995
v 0.540510 0.110108 0.800450
v 0.557948 0.154151 0.782748
v 0.535926 0.154151 0.797533
v 0.548119 0.199595 0.780434
v 0.531825 0.185848 0.794922
v 0.571245 0.260865 0.747747
v 0.554154 0.244606 0.764491
v 0.564358 0.286281 0.742506
v 0.542336 0.286281 0.758690
v 0.552919 0.333995 0.728563
v 0.533577 0.316061 0.752423
v 0.594583 0.022022 0.771146
v 0.594583 0.066065 0.767982
v 0.614455 0.121775 0.747043
v 0.597697 0.108299 0.761324
v 0.610849 0.154151 0.744170
v 0.588827 0.154151 0.760727
v 0.604596 0.198194 0.739104
v 0.582575 0.198194 0.756200
v 0.592696 0.244606 0.735190
v 0.576756 0.231503 0.751892
v 0.595432 0.283897 0.718251
v 0.581317 0.322566 0.712054
v 0.642932 0.022022 0.733714
v 0.620910 0.022022 0.752172
v 0.640889 0.066065 0.731951
v 0.618868 0.066065 0.750543
v 0.634718 0.108299 0.732099
v 0.617432 0.092413 0.749397
v 0.641339 0.151032 0.718906
v 0.630817 0.198194 0.717082
v 0.623208 0.242237 0.710523
v 0.618320 0.267626 0.706232
v 0.668371 0.022022 0.711693
v 0.666408 0.066065 0.709930
v 0.663377 0.110108 0.707187
v 0.661094 0.134272 0.705106
v 0.374367 0.584801 0.022022
v 0.374367 0.586669 0.066065
v 0.374367 0.590459 0.110108
v 0.374367 0.595815 0.154151
v 0.374367 0.601749 0.198194
v 0.374367 0.607175 0.242237
v 0.374367 0.611396 0.286281
v 0.374367 0.613882 0.330324
v 0.418410 0.598366 0.022022
v 0.418410 0.599667 0.066065
v 0.418410 0.602128 0.110108
v 0.418410 0.605376 0.154151
v 0.418410 0.608865 0.198194
v 0.418410 0.611724 0.242237
v 0.418410 0.613527 0.286281
v 0.418410 0.613841 0.330324
v 0.462453 0.607516 0.022022
v 0.462453 0.608301 0.066065
v 0.462453 0.609508 0.110108
v 0.462453 0.611109 0.154151
v 0.462453 0.612597 0.198194
v 0.462453 0.613446 0.242237
v 0.462453 0.612915 0.286281
v 0.462453 0.610623 0.330324
v 0.506496 0.612567 0.022022
v 0.506496 0.612789 0.066065
v 0.506496 0.612896 0.110108
v 0.506496 0.612770 0.154151
v 0.506496 0.612146 0.198194
v 0.506496 0.610913 0.242237
v 0.506496 0.608330 0.286281
v 0.506496 0.603741 0.330324
v 0.550540 0.611876 0.022022
v 0.550540 0.611591 0.066065
v 0.550540 0.610884 0.110108
v 0.550540 0.609560 0.154151
v 0.550540 0.607191 0.198194
v 0.550540 0.603659 0.242237
v 0.550540 0.598742 0.286281
v 0.550540 0.592274 0.330324
v 0.616151 0.572368 0.307336
v 0.609921 0.569222 0.330324
v 0.594583 0.605635 0.022022
v 0.594583 0.604863 0.066065
v 0.594583 0.602978 0.110108
v 0.594583 0.600201 0.154151
v 0.594583 0.596363 0.198194
v 0.594583 0.591188 0.242237
v 0.598715 0.582120 0.290105
v 0.587899 0.578804 0.330324
v 0.656154 0.570291 0.207399
v 0.649950 0.566769 0.242237
v 0.637169 0.563772 0.290105
v 0.638626 0.552688 0.330324
v 0.638626 0.593505 0.022022
v 0.638626 0.592305 0.066065
v 0.638626 0.589350 0.110108
v 0.638626 0.585107 0.154151
v 0.640334 0.579385 0.194909
v 0.627929 0.577912 0.242237
v 0.621516 0.575050 0.277974
v 0.704037 0.528025 0.262423
v 0.699332 0.524289 0.286281
v 0.690474 0.516901 0.330324
v 0.695174 0.567140 0.022022
v 0.693687 0.566173 0.066065
v 0.690352 0.564049 0.110108
v 0.685907 0.561158 0.154151
v 0.678586 0.559040 0.194909
v 0.686681 0.543348 0.245540
v 0.677310 0.539698 0.286281
v 0.668452 0.534006 0.330324
v 0.673152 0.579052 0.022022
v 0.671665 0.578375 0.066065
v 0.668331 0.576713 0.110108
v 0.663885 0.574367 0.154151
v 0.661183 0.572870 0.178037
v 0.390940 0.526443 0.657493
v 0.375502 0.514573 0.681078
v 0.395181 0.572282 0.571796
v 0.378047 0.565812 0.594738
v 0.375502 0.541439 0.641138
v 0.361578 0.531660 0.665336
v 0.374367 0.613855 0.374367
v 0.374367 0.611113 0.418410
v 0.374367 0.605519 0.462453
v 0.374367 0.596691 0.506496
v 0.378047 0.581852 0.554485
v 0.365819 0.575464 0.580160
v 0.427984 0.477788 0.697199
v 0.418410 0.520224 0.648947
v 0.415346 0.496095 0.682578
v 0.418410 0.568364 0.563158
v 0.418410 0.552445 0.594583
v 0.418410 0.534621 0.626926
v 0.418410 0.611627 0.374367
v 0.418410 0.606845 0.418410
v 0.418410 0.599249 0.462453
v 0.418410 0.588039 0.506496
v 0.418410 0.577003 0.541136
v 0.482211 0.438896 0.703176
v 0.480724 0.482302 0.658023
v 0.466786 0.465364 0.685506
v 0.473039 0.522829 0.607945
v 0.462200 0.506501 0.638431
v 0.451362 0.490173 0.667836
v 0.473440 0.568599 0.518771
v 0.460236 0.560265 0.547881
v 0.459996 0.537070 0.593792
v 0.443677 0.529942 0.618839
v 0.462453 0.606322 0.374367
v 0.462453 0.599507 0.418410
v 0.462453 0.589701 0.462453
v 0.460236 0.577817 0.505052
v 0.444078 0.573749 0.531427
v 0.506496 0.429097 0.694268
v 0.506496 0.473557 0.648086
v 0.506496 0.451535 0.672247
v 0.521068 0.524432 0.565773
v 0.506431 0.514094 0.593792
v 0.506496 0.491531 0.626064
v 0.518669 0.568475 0.473344
v 0.504991 0.561407 0.505052
v 0.506431 0.539512 0.550871
v 0.491706 0.531984 0.578583
v 0.506496 0.597200 0.374367
v 0.506496 0.588276 0.418410
v 0.504991 0.577863 0.460179
v 0.489307 0.574371 0.489409
v 0.562210 0.374367 0.696204
v 0.560691 0.429848 0.650148
v 0.545194 0.413670 0.678284
v 0.558533 0.473750 0.603546
v 0.544931 0.458239 0.633654
v 0.531328 0.442728 0.662946
v 0.565581 0.524229 0.520690
v 0.550756 0.515353 0.550871
v 0.546527 0.491750 0.591152
v 0.529171 0.484890 0.617160
v 0.571226 0.572031 0.394260
v 0.562609 0.567922 0.418410
v 0.547783 0.559889 0.460179
v 0.550756 0.539339 0.506204
v 0.536219 0.532657 0.536411
v 0.554143 0.581872 0.377494
v 0.540588 0.577052 0.418410
v 0.531265 0.573753 0.443982
v 0.605880 0.383152 0.650198
v 0.592553 0.370829 0.672116
v 0.606283 0.430312 0.605768
v 0.591400 0.415399 0.635492
v 0.576518 0.400486 0.664259
v 0.616525 0.484411 0.528417
v 0.606678 0.475885 0.550539
v 0.590184 0.458737 0.589976
v 0.576921 0.444388 0.620786
v 0.607287 0.521994 0.471457
v 0.597225 0.508430 0.509873
v 0.584656 0.493105 0.550539
v 0.574086 0.485590 0.574184
v 0.593912 0.564486 0.377494
v 0.594583 0.550973 0.418410
v 0.593397 0.536366 0.459047
v 0.577925 0.531821 0.491328
v 0.578784 0.575397 0.364898
v 0.649953 0.382011 0.604390
v 0.633823 0.367900 0.633523
v 0.617693 0.353790 0.661715
v 0.649375 0.428278 0.558421
v 0.634983 0.414614 0.590398
v 0.620591 0.400950 0.620836
v 0.656596 0.480863 0.478195
v 0.640599 0.473713 0.510840
v 0.636267 0.451430 0.546460
v 0.620013 0.443724 0.576406
v 0.655273 0.524552 0.386355
v 0.646415 0.517655 0.418410
v 0.637139 0.505316 0.460145
v 0.627234 0.492632 0.499055
v 0.639806 0.539362 0.372751
v 0.624394 0.533591 0.418410
v 0.617683 0.529270 0.442095
v 0.702909 0.393805 0.525846
v 0.694478 0.377221 0.552873
v 0.669252 0.370145 0.591658
v 0.660865 0.352649 0.616847
v 0.700366 0.435390 0.477263
v 0.692462 0.419789 0.509297
v 0.669830 0.415522 0.546460
v 0.662646 0.398916 0.575028
v 0.702749 0.482596 0.392369
v 0.695931 0.475739 0.418410
v 0.682979 0.463103 0.463048
v 0.668719 0.449049 0.506496
v 0.661053 0.440852 0.529059
v 0.682806 0.506681 0.374681
v 0.673910 0.495633 0.418410
v 0.665591 0.488638 0.448833
v 0.662864 0.530157 0.356993
v 0.393157 0.393841 0.791191
v 0.376832 0.377243 0.808513
v 0.376832 0.418298 0.779941
v 0.363795 0.403542 0.798012
v 0.374367 0.470286 0.734135
v 0.374367 0.448265 0.755899
v 0.374367 0.490622 0.712114
v 0.418410 0.383716 0.784718
v 0.418410 0.361694 0.798397
v 0.428103 0.432755 0.741867
v 0.415417 0.418209 0.760653
v 0.413363 0.459812 0.723914
v 0.398741 0.441836 0.749982
v 0.398622 0.485539 0.705961
v 0.479006 0.391233 0.745302
v 0.459897 0.371955 0.769223
v 0.440787 0.352677 0.792979
v 0.465927 0.421145 0.728904
v 0.449644 0.403393 0.754255
v 0.452849 0.448426 0.712505
v 0.507748 0.375678 0.736212
v 0.493901 0.361871 0.754829
v 0.506496 0.407076 0.713807
v 0.540189 0.374367 0.713633
v 0.529698 0.397493 0.705596
v 0.835784 0.350131 0.305098
v 0.831193 0.340088 0.330324
v 0.879741 0.168922 0.349183
v 0.876482 0.198194 0.339947
v 0.877249 0.251252 0.297064
v 0.870617 0.238838 0.326707
v 0.879982 0.306085 0.216052
v 0.876757 0.297768 0.242237
v 0.870402 0.283588 0.283942
v 0.853840 0.286281 0.330324
v 0.879397 0.349046 0.121471
v 0.876712 0.342880 0.154151
v 0.873521 0.329135 0.200100
v 0.862967 0.330324 0.242237
v 0.848293 0.333399 0.288763
v 0.841087 0.318066 0.330324
v 0.924120 0.031147 0.261088
v 0.918574 0.018688 0.282091
v 0.902682 0.022022 0.330324
v 0.922988 0.066065 0.256523
v 0.914279 0.066065 0.286281
v 0.899887 0.066065 0.330324
v 0.924773 0.131149 0.219561
v 0.921496 0.113924 0.242355
v 0.909743 0.110108 0.286281
v 0.895204 0.110108 0.330324
v 0.922957 0.154151 0.210892
v 0.915612 0.154151 0.242237
v 0.903274 0.154151 0.286281
v 0.887726 0.154205 0.332831
v 0.924426 0.218257 0.128111
v 0.922306 0.209602 0.154151
v 0.918036 0.195282 0.195533
v 0.906814 0.198194 0.242237
v 0.894484 0.198194 0.286281
v 0.884207 0.198194 0.317925
v 0.923793 0.260188 0.022022
v 0.922231 0.254178 0.066065
v 0.920423 0.240787 0.112101
v 0.913817 0.242237 0.154151
v 0.905594 0.242237 0.198194
v 0.895560 0.242237 0.242237
v 0.884800 0.238838 0.283942
v 0.881319 0.221890 0.309614
v 0.914289 0.286281 0.022022
v 0.911227 0.286281 0.066065
v 0.906150 0.286281 0.110108
v 0.899594 0.286281 0.154151
v 0.889737 0.289354 0.200100
v 0.885272 0.275747 0.242237
v 0.881935 0.267112 0.267702
v 0.896733 0.330324 0.022022
v 0.893778 0.330324 0.066065
v 0.887986 0.332749 0.108117
v 0.886061 0.320858 0.154151
v 0.883056 0.313662 0.186690
v 0.961479 0.022022 0.022022
v 0.958407 0.022022 0.066065
v 0.953571 0.022022 0.110108
v 0.947231 0.022022 0.154151
v 0.939074 0.022022 0.198194
v 0.928850 0.018688 0.244739
v 0.925015 0.001785 0.264617
v 0.959163 0.066065 0.022022
v 0.956034 0.066065 0.066065
v 0.951089 0.066065 0.110108
v 0.944665 0.066065 0.154151
v 0.936446 0.066065 0.198194
v 0.928425 0.066065 0.234501
v 0.954691 0.110108 0.022022
v 0.951595 0.110108 0.066065
v 0.946604 0.110108 0.110108
v 0.940149 0.110108 0.154151
v 0.930637 0.113924 0.202205
v 0.926763 0.101787 0.227752
v 0.948192 0.154151 0.022022
v 0.945072 0.154151 0.066065
v 0.940133 0.154151 0.110108
v 0.933717 0.154151 0.154151
v 0.927470 0.154151 0.188871
v 0.939704 0.198194 0.022022
v 0.936452 0.198194 0.066065
v 0.930424 0.201424 0.112101
v 0.927651 0.187580 0.154151
v 0.925504 0.178660 0.179077
v 0.929693 0.238166 0.022022
v 0.928037 0.232156 0.066065
v 0.926173 0.225138 0.098749
v 0.733840 0.022022 0.642858
v 0.711818 0.022022 0.668248
v 0.731841 0.066065 0.640463
v 0.709820 0.066065 0.666162
v 0.746428 0.119191 0.613547
v 0.726925 0.110859 0.638799
v 0.707422 0.102527 0.663602
v 0.743159 0.154151 0.609212
v 0.721137 0.154151 0.636102
v 0.737864 0.198194 0.602180
v 0.715842 0.198194 0.629902
v 0.745793 0.255031 0.568265
v 0.732883 0.241105 0.591528
v 0.709104 0.242237 0.621891
v 0.739305 0.286281 0.558750
v 0.715106 0.282648 0.594201
v 0.705260 0.265545 0.617290
v 0.741926 0.338457 0.517476
v 0.725833 0.328365 0.549095
v 0.709740 0.318273 0.579266
v 0.790091 0.022022 0.568252
v 0.771309 0.022022 0.594583
v 0.751974 0.022022 0.620836
v 0.788251 0.066065 0.565300
v 0.767638 0.066065 0.594583
v 0.750143 0.066065 0.618441
v 0.785402 0.110108 0.560750
v 0.760635 0.106749 0.597153
v 0.749039 0.089829 0.617002
v 0.781421 0.154151 0.554514
v 0.759399 0.154151 0.587190
v 0.789100 0.206692 0.522413
v 0.777360 0.194484 0.546440
v 0.754242 0.198194 0.580159
v 0.783961 0.242237 0.513903
v 0.760275 0.241105 0.552366
v 0.750361 0.225669 0.574810
v 0.787310 0.295462 0.473840
v 0.776057 0.282981 0.502871
v 0.753956 0.286281 0.536728
v 0.787991 0.342200 0.430430
v 0.779104 0.328641 0.460477
v 0.755765 0.326395 0.504276
v 0.749094 0.309095 0.529080
v 0.836570 0.040339 0.483952
v 0.827451 0.024204 0.502955
v 0.803274 0.022022 0.546230
v 0.835585 0.066065 0.481909
v 0.822308 0.066065 0.506496
v 0.801522 0.066065 0.543278
v 0.833054 0.110108 0.476724
v 0.817105 0.110108 0.506496
v 0.798849 0.110108 0.538728
v 0.829559 0.154151 0.469642
v 0.809909 0.154151 0.506496
v 0.795149 0.154151 0.532493
v 0.834234 0.210089 0.434745
v 0.825768 0.196522 0.459453
v 0.801079 0.194484 0.507238
v 0.793086 0.177330 0.529025
v 0.829823 0.242237 0.425236
v 0.812033 0.242237 0.462453
v 0.797008 0.242237 0.491881
v 0.830979 0.293744 0.382285
v 0.821669 0.281950 0.414070
v 0.799189 0.282981 0.460477
v 0.793513 0.266100 0.485774
v 0.821926 0.326251 0.370309
v 0.800589 0.328641 0.416813
v 0.794791 0.312838 0.444478
v 0.879050 0.022022 0.391992
v 0.867761 0.022022 0.418410
v 0.845846 0.024204 0.466544
v 0.837553 0.010977 0.485913
v 0.877618 0.066065 0.388490
v 0.864826 0.066065 0.418410
v 0.846051 0.066065 0.459888
v 0.875248 0.110108 0.382602
v 0.860073 0.110108 0.418410
v 0.843666 0.110108 0.454703
v 0.873044 0.154205 0.371652
v 0.853383 0.154151 0.418410
v 0.840295 0.154151 0.447620
v 0.863121 0.198194 0.374367
v 0.844429 0.196522 0.419402
v 0.837954 0.180727 0.442771
v 0.851753 0.242237 0.374367
v 0.839829 0.242237 0.403215
v 0.840553 0.281950 0.370309
v 0.836868 0.264381 0.396496
v 0.837056 0.308855 0.352923
v 0.887987 0.022022 0.369971
v 0.886574 0.066065 0.366469
v 0.884182 0.110108 0.360580
v 0.881990 0.139560 0.355161
v 0.744839 0.480477 0.297603
v 0.738370 0.473404 0.330324
v 0.747910 0.527839 0.081657
v 0.745448 0.525764 0.110108
v 0.741071 0.521958 0.154151
v 0.735699 0.517194 0.198194
v 0.724685 0.514577 0.245540
v 0.728780 0.499480 0.284266
v 0.716348 0.494879 0.330324
v 0.726712 0.546487 0.022022
v 0.730622 0.541516 0.066611
v 0.723427 0.542028 0.110108
v 0.719049 0.539136 0.154151
v 0.713678 0.535340 0.198194
v 0.708652 0.531595 0.233061
v 0.792222 0.395474 0.350904
v 0.792094 0.439568 0.261817
v 0.788050 0.434216 0.286281
v 0.782255 0.418360 0.333863
v 0.790586 0.482032 0.118490
v 0.787134 0.478112 0.154151
v 0.781909 0.472053 0.198194
v 0.778855 0.460545 0.245177
v 0.763360 0.464459 0.284266
v 0.758019 0.451383 0.330324
v 0.772344 0.509684 0.022022
v 0.766918 0.511792 0.066611
v 0.773845 0.499985 0.106328
v 0.765112 0.499937 0.154151
v 0.759888 0.495173 0.198194
v 0.753865 0.489440 0.242237
v 0.750051 0.485759 0.268241
v 0.750322 0.529887 0.022022
v 0.749678 0.529336 0.052294
v 0.835765 0.394586 0.215589
v 0.832342 0.388742 0.242237
v 0.827416 0.373736 0.288763
v 0.808868 0.378222 0.333863
v 0.835137 0.438080 0.022022
v 0.833670 0.436016 0.066065
v 0.830920 0.432104 0.110108
v 0.827227 0.426760 0.154151
v 0.824718 0.416131 0.199822
v 0.808824 0.422296 0.245177
v 0.803820 0.412194 0.286281
v 0.797736 0.403646 0.321542
v 0.816113 0.462453 0.022022
v 0.813175 0.462453 0.066065
v 0.805763 0.465392 0.106328
v 0.805205 0.456090 0.154151
v 0.800462 0.450032 0.198194
v 0.796131 0.444591 0.232455
v 0.795775 0.487663 0.022022
v 0.794303 0.486098 0.066065
v 0.792925 0.484635 0.089128
v 0.871684 0.380427 0.022022
v 0.870286 0.377830 0.066065
v 0.869421 0.370545 0.108117
v 0.860016 0.374367 0.154151
v 0.848967 0.377690 0.199822
v 0.845052 0.366721 0.242237
v 0.840401 0.358634 0.275736
v 0.849663 0.416059 0.022022
v 0.848264 0.413994 0.066065
v 0.845638 0.410083 0.110108
v 0.842145 0.404739 0.154151
v 0.839058 0.399931 0.186227
v 0.884215 0.358405 0.022022
v 0.882760 0.355809 0.066065
v 0.881389 0.353316 0.092109
v 0.741525 0.385162 0.471580
v 0.727044 0.374802 0.506980
v 0.712564 0.364443 0.539748
v 0.745561 0.436570 0.389303
v 0.738579 0.427550 0.418410
v 0.725265 0.416573 0.459741
v 0.712163 0.406028 0.496484
v 0.727504 0.463473 0.376155
v 0.716558 0.453718 0.418410
v 0.709005 0.445344 0.447901
v 0.709448 0.488811 0.363006
v 0.787308 0.387421 0.374367
v 0.777625 0.372146 0.416813
v 0.756529 0.372035 0.459121
v 0.750880 0.355800 0.488114
v 0.763967 0.420497 0.374520
v 0.755405 0.405528 0.418410
v 0.749685 0.397756 0.442218
v 0.752052 0.444350 0.359941
v 0.800562 0.365399 0.374367
v 0.794943 0.355984 0.401068
vn -0.7961 -0.5966 -0.1015
vn -0.8612 -0.3346 -0.3826
vn -0.8274 -0.3899 -0.4042
vn -0.8213 -0.3683 -0.4357
vn -0.8282 -0.3811 -0.4109
vn -0.8473 -0.3567 -0.3935
vn -0.8496 -0.3648 -0.3809
vn -0.8152 -0.3408 -0.4683
vn -0.8164 -0.3615 -0.4503
vn -0.8428 -0.3201 -0.4327
vn -0.8482 -0.3458 -0.4012
vn -0.8019 -0.4353 -0.4091
vn -0.7914 -0.4162 -0.4478
vn -0.7944 -0.4348 -0.4242
vn -0.8192 -0.3987 -0.4122
vn -0.8198 -0.4231 -0.3859
vn -0.7827 -0.3872 -0.4873
vn -0.7863 -0.4097 -0.4626
vn -0.8109 -0.3778 -0.4470
vn -0.8172 -0.3968 -0.4179
vn -0.7669 -0.3730 -0.5223
vn -0.7760 -0.3878 -0.4973
vn -0.7955 -0.3675 -0.4817
vn -0.8022 -0.3751 -0.4645
vn -0.7596 -0.3623 -0.5402
vn -0.7790 -0.3344 -0.5304
vn -0.7939 -0.3538 -0.4946
vn -0.9391 -0.3201 -0.1252
vn -0.9408 -0.3262 -0.0917
vn -0.9430 -0.3291 -0.0490
vn -0.9143 -0.3956 -0.0870
vn -0.9118 -0.4073 -0.0521
vn -0.9057 -0.3845 -0.1786
vn -0.9105 -0.3917 -0.1328
vn -0.9157 -0.3908 -0.0937
vn -0.9198 -0.3891 -0.0506
vn -0.9009 -0.3463 -0.2618
vn -0.9044 -0.3594 -0.2299
vn -0.9124 -0.3651 -0.1848
vn -0.9211 -0.3649 -0.1357
vn -0.9316 -0.3400 -0.1284
vn -0.9233 -0.3722 -0.0952
vn -0.9379 -0.3344 -0.0923
vn -0.9256 -0.3755 -0.0481
vn -0.9402 -0.3374 -0.0468
vn -0.8986 -0.3216 -0.2984
vn -0.9048 -0.3306 -0.2684
vn -0.9126 -0.3342 -0.2357
vn -0.9164 -0.3286 -0.2285
vn -0.9144 -0.3544 -0.1956
vn -0.9360 -0.3005 -0.1833
vn -0.9340 -0.3286 -0.1401
vn -0.8788 -0.4724 -0.0668
vn -0.8734 -0.4529 -0.1790
vn -0.8760 -0.4622 -0.1380
vn -0.8797 -0.4653 -0.0983
vn -0.8806 -0.4651 -0.0907
vn -0.8833 -0.4643 -0.0659
vn -0.8910 -0.4504 -0.0572
vn -0.8739 -0.4071 -0.2656
vn -0.8769 -0.4262 -0.2224
vn -0.8795 -0.4359 -0.1907
vn -0.8918 -0.4136 -0.1837
vn -0.8789 -0.4535 -0.1481
vn -0.9072 -0.3961 -0.1416
vn -0.8956 -0.4284 -0.1199
vn -0.8697 -0.3832 -0.3111
vn -0.8767 -0.3922 -0.2785
vn -0.8825 -0.3846 -0.2708
vn -0.8810 -0.4086 -0.2386
vn -0.8993 -0.3684 -0.2357
vn -0.8949 -0.3960 -0.2059
vn -0.8650 -0.3566 -0.3530
vn -0.8712 -0.3711 -0.3215
vn -0.8817 -0.3542 -0.3116
vn -0.8840 -0.3617 -0.2961
vn -0.8649 -0.3468 -0.3629
vn -0.8806 -0.3190 -0.3504
vn -0.8807 -0.3344 -0.3354
vn -0.8393 -0.5212 -0.1548
vn -0.8327 -0.5390 -0.1265
vn -0.8344 -0.5407 -0.1066
vn -0.8397 -0.5369 -0.0816
vn -0.8454 -0.5292 -0.0729
vn -0.8466 -0.4648 -0.2592
vn -0.8450 -0.4905 -0.2132
vn -0.8453 -0.5029 -0.1804
vn -0.8626 -0.4730 -0.1797
vn -0.8412 -0.5234 -0.1355
vn -0.8708 -0.4722 -0.1370
vn -0.8349 -0.5391 -0.1111
vn -0.8780 -0.4668 -0.1055
vn -0.8599 -0.5037 -0.0831
vn -0.8370 -0.4443 -0.3195
vn -0.8467 -0.4551 -0.2755
vn -0.8492 -0.4534 -0.2707
vn -0.8511 -0.4720 -0.2298
vn -0.8699 -0.4385 -0.2259
vn -0.8661 -0.4584 -0.1995
vn -0.8331 -0.4186 -0.3616
vn -0.8372 -0.4345 -0.3321
vn -0.8588 -0.4005 -0.3195
vn -0.8545 -0.4202 -0.3053
vn -0.8291 -0.4084 -0.3819
vn -0.8571 -0.3640 -0.3646
vn -0.8600 -0.3924 -0.3262
vn -0.8214 -0.5380 -0.1891
vn -0.8123 -0.5653 -0.1437
vn -0.8138 -0.5623 -0.1467
vn -0.8062 -0.5791 -0.1211
vn -0.8202 -0.5583 -0.1251
vn -0.8011 -0.5887 -0.1083
vn -0.8220 -0.5588 -0.1101
vn -0.8018 -0.5897 -0.0969
vn -0.8278 -0.5540 -0.0885
vn -0.8151 -0.4920 -0.3059
vn -0.8177 -0.5148 -0.2576
vn -0.8157 -0.5183 -0.2568
vn -0.8195 -0.5329 -0.2109
vn -0.8328 -0.5104 -0.2145
vn -0.8262 -0.5304 -0.1900
vn -0.8089 -0.4652 -0.3596
vn -0.8103 -0.4841 -0.3301
vn -0.8318 -0.4501 -0.3249
vn -0.8264 -0.4775 -0.2983
vn -0.8074 -0.4540 -0.3769
vn -0.8230 -0.4327 -0.3679
vn -0.8274 -0.4475 -0.3394
vn -0.8977 -0.2581 -0.3572
vn -0.8987 -0.2215 -0.3784
vn -0.8937 -0.1808 -0.4105
vn -0.9036 -0.1893 -0.3843
vn -0.8955 -0.1375 -0.4233
vn -0.9098 -0.1474 -0.3879
vn -0.9164 -0.1443 -0.3734
vn -0.8971 -0.0906 -0.4325
vn -0.9120 -0.0984 -0.3981
vn -0.9233 -0.0987 -0.3711
vn -0.8921 -0.0387 -0.4502
vn -0.8996 -0.0487 -0.4339
vn -0.9141 -0.0492 -0.4025
vn -0.9257 -0.0481 -0.3752
vn -0.8871 -0.0100 -0.4615
vn -0.9018 -0.0071 -0.4322
vn -0.9158 -0.0038 -0.4017
vn -0.9274 -0.0016 -0.3741
vn -0.8576 -0.3000 -0.4177
vn -0.8632 -0.3164 -0.3935
vn -0.8742 -0.3006 -0.3812
vn -0.8794 -0.3062 -0.3646
vn -0.8578 -0.2604 -0.4432
vn -0.8615 -0.2742 -0.4274
vn -0.8674 -0.2671 -0.4198
vn -0.8572 -0.2183 -0.4664
vn -0.8662 -0.2353 -0.4409
vn -0.8807 -0.2066 -0.4263
vn -0.8859 -0.2292 -0.4034
vn -0.8516 -0.1708 -0.4956
vn -0.8590 -0.1881 -0.4761
vn -0.8733 -0.1843 -0.4510
vn -0.8510 -0.1302 -0.5088
vn -0.8615 -0.1354 -0.4893
vn -0.8823 -0.1361 -0.4507
vn -0.8560 -0.0903 -0.5090
vn -0.8618 -0.0924 -0.4987
vn -0.8738 -0.0770 -0.4802
vn -0.8862 -0.0913 -0.4543
vn -0.8585 -0.0527 -0.5102
vn -0.8603 -0.0413 -0.5082
vn -0.8605 -0.0139 -0.5093
vn -0.8696 -0.0122 -0.4935
vn -0.8122 -0.3042 -0.4978
vn -0.8165 -0.3214 -0.4797
vn -0.8297 -0.3055 -0.4673
vn -0.8359 -0.3116 -0.4519
vn -0.8102 -0.2689 -0.5208
vn -0.8208 -0.2669 -0.5051
vn -0.8091 -0.2156 -0.5467
vn -0.8121 -0.2275 -0.5374
vn -0.8286 -0.2040 -0.5214
vn -0.8410 -0.2232 -0.4928
vn -0.8090 -0.1836 -0.5584
vn -0.8171 -0.1759 -0.5490
vn -0.8128 -0.1378 -0.5660
vn -0.8324 -0.1348 -0.5375
vn -0.8151 -0.0981 -0.5710
vn -0.8402 -0.0955 -0.5338
vn -0.8146 -0.0561 -0.5773
vn -0.8169 -0.0595 -0.5737
vn -0.8449 -0.0555 -0.5320
vn -0.8130 -0.0187 -0.5820
vn -0.8205 -0.0162 -0.5715
vn -0.8470 -0.0146 -0.5314
vn -0.7557 -0.3139 -0.5748
vn -0.7638 -0.3118 -0.5652
vn -0.7544 -0.2849 -0.5914
vn -0.7771 -0.2492 -0.5780
vn -0.7889 -0.2761 -0.5490
vn -0.7578 -0.2285 -0.6111
vn -0.7659 -0.2270 -0.6016
vn -0.7564 -0.1896 -0.6260
vn -0.7841 -0.1873 -0.5916
vn -0.7597 -0.1449 -0.6340
vn -0.7962 -0.1402 -0.5886
vn -0.7611 -0.1098 -0.6392
vn -0.7597 -0.1123 -0.6405
vn -0.7888 -0.0887 -0.6082
vn -0.8073 -0.1044 -0.5808
vn -0.7649 -0.0702 -0.6403
vn -0.7707 -0.0614 -0.6343
vn -0.7687 -0.0294 -0.6390
vn -0.7830 -0.0237 -0.6216
vn -0.9758 -0.1969 -0.0949
vn -0.9765 -0.2082 -0.0562
vn -0.9743 -0.1626 -0.1557
vn -0.9760 -0.1746 -0.1299
vn -0.9790 -0.1780 -0.0998
vn -0.9824 -0.1766 -0.0605
vn -0.9764 -0.1254 -0.1756
vn -0.9764 -0.1395 -0.1648
vn -0.9801 -0.1455 -0.1348
vn -0.9842 -0.1475 -0.0977
vn -0.9875 -0.1459 -0.0591
vn -0.9750 -0.1010 -0.1979
vn -0.9795 -0.1075 -0.1701
vn -0.9843 -0.1099 -0.1379
vn -0.9892 -0.1100 -0.0968
vn -0.9923 -0.1097 -0.0581
vn -0.9768 -0.0538 -0.2073
vn -0.9825 -0.0616 -0.1760
vn -0.9881 -0.0658 -0.1388
vn -0.9929 -0.0679 -0.0981
vn -0.9958 -0.0704 -0.0590
vn -0.9752 -0.0024 -0.2215
vn -0.9763 -0.0071 -0.2165
vn -0.9830 -0.0144 -0.1828
vn -0.9898 -0.0192 -0.1408
vn -0.9946 -0.0225 -0.1015
vn -0.9977 -0.0264 -0.0620
vn -0.9376 -0.2735 -0.2147
vn -0.9424 -0.2876 -0.1707
vn -0.9475 -0.2918 -0.1304
vn -0.9524 -0.2903 -0.0926
vn -0.9558 -0.2897 -0.0502
vn -0.9343 -0.2510 -0.2531
vn -0.9423 -0.2522 -0.2200
vn -0.9535 -0.2480 -0.1716
vn -0.9601 -0.2474 -0.1303
vn -0.9640 -0.2482 -0.0956
vn -0.9660 -0.2400 -0.0964
vn -0.9658 -0.2541 -0.0510
vn -0.9677 -0.2463 -0.0534
vn -0.9390 -0.2071 -0.2746
vn -0.9424 -0.2157 -0.2557
vn -0.9544 -0.2096 -0.2126
vn -0.9617 -0.2119 -0.1740
vn -0.9675 -0.1918 -0.1647
vn -0.9607 -0.2360 -0.1461
vn -0.9767 -0.1685 -0.1333
vn -0.9729 -0.2085 -0.0998
vn -0.9392 -0.1807 -0.2920
vn -0.9510 -0.1814 -0.2504
vn -0.9596 -0.1845 -0.2125
vn -0.9636 -0.1750 -0.2020
vn -0.9664 -0.1749 -0.1881
vn -0.9366 -0.1402 -0.3212
vn -0.9439 -0.1477 -0.2954
vn -0.9562 -0.1485 -0.2521
vn -0.9621 -0.1369 -0.2358
vn -0.9374 -0.0986 -0.3341
vn -0.9504 -0.1018 -0.2939
vn -0.9591 -0.1079 -0.2619
vn -0.9706 -0.1026 -0.2175
vn -0.9398 -0.0470 -0.3385
vn -0.9545 -0.0484 -0.2944
vn -0.9529 -0.0650 -0.2961
vn -0.9678 -0.0040 -0.2517
vn -0.9788 -0.0581 -0.1964
vn -0.9404 -0.0010 -0.3401
vn -0.9562 -0.0014 -0.2926
vn -0.9588 -0.0009 -0.2842
vn -0.9671 0.0054 -0.2543
vn -0.8942 -0.2940 -0.3375
vn -0.9034 -0.3001 -0.3065
vn -0.9117 -0.3055 -0.2748
vn -0.9223 -0.2802 -0.2661
vn -0.9189 -0.2957 -0.2612
vn -0.9006 -0.2675 -0.3426
vn -0.9073 -0.2784 -0.3150
vn -0.9202 -0.2515 -0.2999
vn -0.9248 -0.2648 -0.2732
vn -0.9095 -0.2303 -0.3461
vn -0.9149 -0.2208 -0.3380
vn -0.9118 -0.1985 -0.3594
vn -0.9248 -0.1724 -0.3390
vn -0.9300 -0.1899 -0.3148
vn -0.7179 -0.5747 -0.3928
vn -0.7025 -0.5507 -0.4507
vn -0.7057 -0.5695 -0.4215
vn -0.7275 -0.5456 -0.4160
vn -0.7262 -0.5650 -0.3917
vn -0.6736 -0.6368 -0.3752
vn -0.6624 -0.6463 -0.3790
vn -0.6721 -0.5866 -0.4519
vn -0.6804 -0.5706 -0.4599
vn -0.6736 -0.5896 -0.4457
vn -0.6555 -0.5508 -0.5166
vn -0.6637 -0.5467 -0.5105
vn -0.6765 -0.5554 -0.4836
vn -0.6043 -0.7080 -0.3655
vn -0.6224 -0.6429 -0.4465
vn -0.6377 -0.6246 -0.4508
vn -0.6351 -0.6459 -0.4236
vn -0.6092 -0.5909 -0.5289
vn -0.6412 -0.5583 -0.5265
vn -0.6415 -0.5888 -0.4917
vn -0.5976 -0.5433 -0.5896
vn -0.6151 -0.5332 -0.5808
vn -0.6293 -0.5488 -0.5502
vn -0.5526 -0.7175 -0.4241
vn -0.5652 -0.7060 -0.4268
vn -0.5110 -0.7794 -0.3626
vn -0.6004 -0.6994 -0.3878
vn -0.5559 -0.7651 -0.3249
vn -0.5557 -0.6486 -0.5201
vn -0.5867 -0.6118 -0.5305
vn -0.5781 -0.6504 -0.4927
vn -0.5399 -0.5882 -0.6021
vn -0.5802 -0.5509 -0.5999
vn -0.5857 -0.5914 -0.5543
vn -0.5322 -0.5341 -0.6568
vn -0.5516 -0.5250 -0.6482
vn -0.5649 -0.5383 -0.6254
vn -0.4463 -0.8065 -0.3878
vn -0.4270 -0.8505 -0.3071
vn -0.4707 -0.8162 -0.3350
vn -0.4837 -0.7174 -0.5013
vn -0.5064 -0.6958 -0.5093
vn -0.5020 -0.7224 -0.4756
vn -0.4844 -0.6390 -0.5975
vn -0.5145 -0.6082 -0.6045
vn -0.5130 -0.6444 -0.5671
vn -0.4651 -0.5796 -0.6692
vn -0.5021 -0.5494 -0.6679
vn -0.5086 -0.5846 -0.6322
vn -0.4687 -0.5343 -0.7035
vn -0.4839 -0.5337 -0.6936
vn -0.4874 -0.5305 -0.6936
vn -0.3100 -0.9160 -0.2546
vn -0.3945 -0.8031 -0.4465
vn -0.3668 -0.8534 -0.3702
vn -0.4207 -0.8102 -0.4082
vn -0.3835 -0.8562 -0.3462
vn -0.4257 -0.6931 -0.5818
vn -0.4234 -0.7084 -0.5647
vn -0.4278 -0.6173 -0.6602
vn -0.4265 -0.6222 -0.6565
vn -0.4197 -0.5692 -0.7070
vn -0.4204 -0.5671 -0.7083
vn -0.4147 -0.5236 -0.7443
vn -0.7405 -0.6652 -0.0958
vn -0.7398 -0.6640 -0.1087
vn -0.7464 -0.6567 -0.1080
vn -0.7847 -0.5706 -0.2423
vn -0.7842 -0.5937 -0.1806
vn -0.7852 -0.5920 -0.1817
vn -0.7774 -0.6165 -0.1247
vn -0.7960 -0.5900 -0.1349
vn -0.7612 -0.6403 -0.1028
vn -0.7945 -0.5962 -0.1157
vn -0.7494 -0.6542 -0.1025
vn -0.7935 -0.5994 -0.1054
vn -0.7679 -0.6319 -0.1045
vn -0.6876 -0.7212 -0.0834
vn -0.6585 -0.7456 -0.1019
vn -0.6792 -0.7261 -0.1071
vn -0.7488 -0.6206 -0.2328
vn -0.7473 -0.6197 -0.2398
vn -0.7397 -0.6541 -0.1580
vn -0.7612 -0.6259 -0.1699
vn -0.7280 -0.6785 -0.0986
vn -0.7596 -0.6408 -0.1116
vn -0.7114 -0.6989 -0.0738
vn -0.7538 -0.6511 -0.0890
vn -0.7219 -0.6871 -0.0814
vn -0.7468 -0.5646 -0.3514
vn -0.7394 -0.5742 -0.3515
vn -0.7445 -0.5922 -0.3082
vn -0.7694 -0.5607 -0.3060
vn -0.7602 -0.5857 -0.2811
vn -0.5834 -0.8076 -0.0863
vn -0.7126 -0.6471 -0.2710
vn -0.6959 -0.6862 -0.2115
vn -0.7073 -0.6707 -0.2232
vn -0.6697 -0.7309 -0.1318
vn -0.7203 -0.6781 -0.1466
vn -0.6485 -0.7585 -0.0643
vn -0.7158 -0.6936 -0.0813
vn -0.6265 -0.7787 -0.0338
vn -0.6997 -0.7124 -0.0536
vn -0.6084 -0.7922 -0.0467
vn -0.6850 -0.7254 -0.0677
vn -0.6347 -0.7696 -0.0691
vn -0.7073 -0.6158 -0.3472
vn -0.7206 -0.5983 -0.3502
vn -0.7020 -0.6453 -0.3013
vn -0.7457 -0.5916 -0.3064
vn -0.7299 -0.6271 -0.2720
vn -0.6309 -0.7334 -0.2533
vn -0.6322 -0.7557 -0.1713
vn -0.6431 -0.7423 -0.1880
vn -0.6054 -0.7910 -0.0881
vn -0.6410 -0.7596 -0.1097
vn -0.5717 -0.8203 -0.0161
vn -0.6245 -0.7799 -0.0422
vn -0.5356 -0.8444 0.0128
vn -0.6010 -0.7992 -0.0105
vn -0.5049 -0.8632 -0.0028
vn -0.5770 -0.8164 -0.0241
vn -0.4773 -0.8770 -0.0545
vn -0.5570 -0.8272 -0.0745
vn -0.6555 -0.6761 -0.3365
vn -0.6894 -0.6371 -0.3448
vn -0.6698 -0.6672 -0.3260
vn -0.5389 -0.8283 -0.1532
vn -0.5389 -0.8400 -0.0625
vn -0.5163 -0.8563 0.0149
vn -0.4842 -0.8739 0.0421
vn -0.4488 -0.8933 0.0246
vn -0.4193 -0.9072 -0.0331
vn -0.5910 -0.7487 -0.3004
vn -0.6230 -0.7135 -0.3205
vn -0.5510 -0.7984 -0.2427
vn -0.6410 -0.7195 -0.2673
vn -0.5905 -0.7797 -0.2084
vn -0.5072 -0.8179 -0.2717
vn -0.4667 -0.8624 -0.1962
vn -0.5175 -0.8271 -0.2194
vn -0.4306 -0.8938 -0.1256
vn -0.5237 -0.8379 -0.1538
vn -0.4103 -0.9113 -0.0345
vn -0.5111 -0.8582 -0.0470
vn -0.4009 -0.9146 0.0540
vn -0.4845 -0.8737 0.0432
vn -0.3799 -0.9192 0.1039
vn -0.4408 -0.8939 0.0817
vn -0.3484 -0.9330 0.0903
vn -0.3945 -0.9166 0.0645
vn -0.3097 -0.9504 0.0269
vn -0.3542 -0.9351 -0.0032
vn -0.3582 -0.9189 -0.1653
vn -0.3604 -0.9273 -0.1007
vn -0.3541 -0.9348 -0.0264
vn -0.3451 -0.9366 0.0597
vn -0.3256 -0.9380 0.1187
vn -0.2960 -0.9492 0.1073
vn -0.2638 -0.9634 0.0470
vn -0.3745 -0.8946 -0.2437
vn -0.4886 -0.8242 -0.2862
vn -0.4208 -0.8798 -0.2209
vn -0.3163 -0.9263 -0.2049
vn -0.2979 -0.9414 -0.1583
vn -0.2712 -0.9585 -0.0878
vn -0.2539 -0.9671 -0.0154
vn -0.2423 -0.9676 0.0711
vn -0.2345 -0.9623 0.1374
vn -0.2219 -0.9659 0.1330
vn -0.2032 -0.9768 0.0682
vn -0.5483 -0.3547 -0.7574
vn -0.5373 -0.3355 -0.7738
vn -0.5504 -0.3268 -0.7683
vn -0.5566 -0.3420 -0.7572
vn -0.5010 -0.3823 -0.7765
vn -0.5193 -0.3775 -0.7667
vn -0.4934 -0.3650 -0.7895
vn -0.5225 -0.3426 -0.7808
vn -0.5376 -0.3667 -0.7593
vn -0.5147 -0.3273 -0.7925
vn -0.5162 -0.3295 -0.7906
vn -0.4642 -0.4281 -0.7754
vn -0.4696 -0.4054 -0.7844
vn -0.4793 -0.3987 -0.7819
vn -0.4836 -0.4104 -0.7731
vn -0.4617 -0.3751 -0.8038
vn -0.4481 -0.3663 -0.8155
vn -0.4679 -0.3701 -0.8026
vn -0.4756 -0.3687 -0.7987
vn -0.4338 -0.3190 -0.8427
vn -0.4155 -0.4487 -0.7912
vn -0.3940 -0.4487 -0.8022
vn -0.4269 -0.4375 -0.7914
vn -0.4345 -0.4505 -0.7799
vn -0.4169 -0.3990 -0.8167
vn -0.4148 -0.3848 -0.8246
vn -0.4304 -0.3787 -0.8194
vn -0.4375 -0.3895 -0.8105
vn -0.4137 -0.3515 -0.8398
vn -0.4204 -0.3322 -0.8444
vn -0.7715 -0.4872 -0.4091
vn -0.7630 -0.4578 -0.4564
vn -0.7617 -0.4840 -0.4309
vn -0.7918 -0.4439 -0.4195
vn -0.7936 -0.4743 -0.3811
vn -0.7517 -0.4336 -0.4969
vn -0.7575 -0.4523 -0.4708
vn -0.7785 -0.4304 -0.4568
vn -0.7828 -0.4406 -0.4394
vn -0.7381 -0.4121 -0.5342
vn -0.7403 -0.4333 -0.5140
vn -0.7666 -0.4024 -0.5004
vn -0.7754 -0.4235 -0.4685
vn -0.7331 -0.4012 -0.5492
vn -0.7472 -0.3859 -0.5411
vn -0.7569 -0.3950 -0.5207
vn -0.7195 -0.3688 -0.5885
vn -0.7361 -0.3771 -0.5621
vn -0.7062 -0.3390 -0.6216
vn -0.7054 -0.3590 -0.6111
vn -0.7399 -0.3242 -0.5894
vn -0.7533 -0.3568 -0.5524
vn -0.7383 -0.5293 -0.4180
vn -0.7535 -0.5069 -0.4186
vn -0.7480 -0.5253 -0.4056
vn -0.7329 -0.4902 -0.4717
vn -0.7418 -0.4812 -0.4670
vn -0.7502 -0.4930 -0.4406
vn -0.7210 -0.4664 -0.5124
vn -0.7335 -0.4525 -0.5071
vn -0.7381 -0.4651 -0.4888
vn -0.7091 -0.4327 -0.5567
vn -0.7141 -0.4298 -0.5526
vn -0.7264 -0.4385 -0.5292
vn -0.6880 -0.4149 -0.5954
vn -0.7043 -0.4163 -0.5751
vn -0.6759 -0.4044 -0.6162
vn -0.7065 -0.3758 -0.5996
vn -0.7231 -0.4020 -0.5617
vn -0.6684 -0.3656 -0.6478
vn -0.6768 -0.3611 -0.6416
vn -0.6895 -0.3692 -0.6231
vn -0.6600 -0.3348 -0.6726
vn -0.6628 -0.3374 -0.6685
vn -0.7053 -0.4984 -0.5042
vn -0.6909 -0.5388 -0.4820
vn -0.7358 -0.4825 -0.4752
vn -0.7333 -0.5317 -0.4238
vn -0.6819 -0.4705 -0.5601
vn -0.6918 -0.4915 -0.5290
vn -0.7148 -0.4716 -0.5164
vn -0.7231 -0.4842 -0.4927
vn -0.6698 -0.4446 -0.5947
vn -0.6638 -0.4742 -0.5783
vn -0.7000 -0.4359 -0.5657
vn -0.7113 -0.4675 -0.5249
vn -0.6589 -0.4309 -0.6166
vn -0.6726 -0.4227 -0.6074
vn -0.6842 -0.4287 -0.5900
vn -0.6411 -0.4089 -0.6494
vn -0.6584 -0.4131 -0.6292
vn -0.6249 -0.3956 -0.6731
vn -0.6556 -0.3690 -0.6588
vn -0.6736 -0.4006 -0.6211
vn -0.6211 -0.3660 -0.6930
vn -0.6364 -0.3596 -0.6825
vn -0.6426 -0.3640 -0.6742
vn -0.6162 -0.3316 -0.7144
vn -0.6471 -0.5007 -0.5749
vn -0.6594 -0.4838 -0.5755
vn -0.6617 -0.5032 -0.5557
vn -0.6286 -0.4721 -0.6180
vn -0.6319 -0.4786 -0.6096
vn -0.6455 -0.4759 -0.5974
vn -0.6144 -0.4418 -0.6537
vn -0.6028 -0.4298 -0.6723
vn -0.6256 -0.4155 -0.6603
vn -0.6346 -0.4329 -0.6402
vn -0.5983 -0.3989 -0.6950
vn -0.6089 -0.4015 -0.6842
vn -0.5841 -0.3838 -0.7152
vn -0.6060 -0.3697 -0.7043
vn -0.6216 -0.3910 -0.6788
vn -0.5733 -0.3634 -0.7344
vn -0.5954 -0.3618 -0.7173
vn -0.5589 -0.3449 -0.7541
vn -0.5921 -0.3154 -0.7416
vn -0.6133 -0.3482 -0.7090
vn -0.5806 -0.5012 -0.6416
vn -0.6027 -0.4841 -0.6344
vn -0.6087 -0.4999 -0.6161
vn -0.5748 -0.4673 -0.6717
vn -0.5885 -0.4649 -0.6615
vn -0.5635 -0.4555 -0.6892
vn -0.5877 -0.4384 -0.6800
vn -0.6038 -0.4583 -0.6522
vn -0.5531 -0.4310 -0.7130
vn -0.5756 -0.4145 -0.7049
vn -0.5830 -0.4314 -0.6884
vn -0.5558 -0.3931 -0.7325
vn -0.5457 -0.3787 -0.7475
vn -0.5645 -0.3662 -0.7398
vn -0.5700 -0.3836 -0.7266
vn -0.5204 -0.5040 -0.6893
vn -0.5416 -0.4926 -0.6812
vn -0.5430 -0.4992 -0.6752
vn -0.5255 -0.4672 -0.7110
vn -0.5106 -0.4484 -0.7336
vn -0.5328 -0.4393 -0.7233
vn -0.5461 -0.4584 -0.7012
vn -0.5006 -0.4270 -0.7530
vn -0.5202 -0.4222 -0.7424
vn -0.4919 -0.4101 -0.7681
vn -0.5244 -0.3870 -0.7584
vn -0.5405 -0.4120 -0.7336
vn -0.4717 -0.4957 -0.7292
vn -0.4420 -0.4873 -0.7531
vn -0.4825 -0.4612 -0.7446
vn -0.4974 -0.4952 -0.7123
vn -0.4553 -0.4545 -0.7656
vn -0.4740 -0.4473 -0.7584
vn -0.4730 -0.4483 -0.7585
vn -0.4036 -0.5148 -0.7564
vn -0.4279 -0.4944 -0.7566
vn -0.4370 -0.5229 -0.7319
vn -0.4146 -0.4903 -0.7666
vn -0.4162 -0.4822 -0.7709
vn -0.7865 -0.5072 -0.3524
vn -0.7822 -0.5424 -0.3065
vn -0.7904 -0.5303 -0.3066
vn -0.7803 -0.5681 -0.2615
vn -0.8159 -0.5165 -0.2597
vn -0.8025 -0.5506 -0.2299
vn -0.7792 -0.5033 -0.3735
vn -0.7905 -0.4900 -0.3675
vn -0.7921 -0.4987 -0.3521
vn -0.6584 -0.1230 -0.7426
vn -0.6595 -0.1229 -0.7416
vn -0.6569 -0.0859 -0.7490
vn -0.6689 -0.0832 -0.7387
vn -0.6602 -0.0451 -0.7497
vn -0.6769 -0.0406 -0.7350
vn -0.6078 -0.2439 -0.7557
vn -0.6142 -0.2456 -0.7499
vn -0.5981 -0.2132 -0.7725
vn -0.6293 -0.2141 -0.7471
vn -0.5891 -0.1712 -0.7897
vn -0.6276 -0.1425 -0.7654
vn -0.6466 -0.1739 -0.7428
vn -0.5924 -0.1224 -0.7963
vn -0.6005 -0.0857 -0.7950
vn -0.5982 -0.0453 -0.8001
vn -0.6068 -0.0483 -0.7934
vn -0.5705 -0.3096 -0.7607
vn -0.5796 -0.3075 -0.7546
vn -0.5623 -0.2835 -0.7768
vn -0.5872 -0.2648 -0.7649
vn -0.5964 -0.2861 -0.7500
vn -0.5646 -0.2369 -0.7906
vn -0.5720 -0.2034 -0.7946
vn -0.5755 -0.2094 -0.7905
vn -0.5626 -0.1617 -0.8108
vn -0.5837 -0.1649 -0.7951
vn -0.5576 -0.1239 -0.8208
vn -0.5871 -0.1278 -0.7994
vn -0.5486 -0.0903 -0.8312
vn -0.5736 -0.0645 -0.8166
vn -0.5952 -0.0927 -0.7982
vn -0.5471 -0.0435 -0.8360
vn -0.5326 -0.3047 -0.7896
vn -0.5304 -0.2765 -0.8014
vn -0.5464 -0.2802 -0.7893
vn -0.5171 -0.2439 -0.8205
vn -0.5426 -0.2285 -0.8083
vn -0.5603 -0.2492 -0.7899
vn -0.5133 -0.1956 -0.8356
vn -0.5220 -0.1539 -0.8389
vn -0.5063 -0.1165 -0.8544
vn -0.5256 -0.1217 -0.8420
vn -0.4974 -0.0816 -0.8637
vn -0.5316 -0.0841 -0.8428
vn -0.4916 -0.0441 -0.8697
vn -0.5319 -0.0481 -0.8455
vn -0.4981 -0.3037 -0.8122
vn -0.5111 -0.2953 -0.8072
vn -0.5257 -0.3128 -0.7911
vn -0.4876 -0.2640 -0.8322
vn -0.4944 -0.2329 -0.8374
vn -0.4718 -0.1979 -0.8592
vn -0.4972 -0.2072 -0.8425
vn -0.4531 -0.1504 -0.8787
vn -0.4820 -0.1252 -0.8672
vn -0.5118 -0.1606 -0.8439
vn -0.4507 -0.1084 -0.8861
vn -0.4535 -0.0755 -0.8880
vn -0.4528 -0.0405 -0.8907
vn -0.4595 -0.2941 -0.8381
vn -0.4412 -0.2607 -0.8587
vn -0.4671 -0.2716 -0.8415
vn -0.4314 -0.2263 -0.8733
vn -0.4496 -0.2185 -0.8661
vn -0.4749 -0.2379 -0.8473
vn -0.4280 -0.1869 -0.8842
vn -0.4321 -0.1357 -0.8916
vn -0.4139 -0.1004 -0.9048
vn -0.4309 -0.1098 -0.8957
vn -0.4074 -0.0707 -0.9105
vn -0.4285 -0.0748 -0.9005
vn -0.4044 -0.0343 -0.9140
vn -0.4260 -0.0380 -0.9039
vn -0.3915 -0.2985 -0.8704
vn -0.4122 -0.2819 -0.8664
vn -0.4292 -0.3135 -0.8471
vn -0.3948 -0.2525 -0.8834
vn -0.4021 -0.2140 -0.8902
vn -0.3634 -0.1720 -0.9156
vn -0.4008 -0.1910 -0.8960
vn -0.3449 -0.1345 -0.9289
vn -0.3792 -0.1143 -0.9182
vn -0.4069 -0.1441 -0.9020
vn -0.3444 -0.0946 -0.9341
vn -0.3514 -0.0659 -0.9339
vn -0.3525 -0.0314 -0.9353
vn -0.6979 -0.3229 -0.6393
vn -0.7269 -0.3199 -0.6077
vn -0.6999 -0.2726 -0.6602
vn -0.6864 -0.2959 -0.6643
vn -0.7350 -0.2459 -0.6319
vn -0.7546 -0.2920 -0.5876
vn -0.6989 -0.2376 -0.6746
vn -0.7114 -0.2313 -0.6636
vn -0.7020 -0.2003 -0.6834
vn -0.7312 -0.1940 -0.6540
vn -0.7008 -0.1665 -0.6937
vn -0.7314 -0.1274 -0.6699
vn -0.7529 -0.1567 -0.6392
vn -0.7099 -0.1211 -0.6938
vn -0.7151 -0.1172 -0.6891
vn -0.7122 -0.0792 -0.6975
vn -0.7280 -0.0745 -0.6816
vn -0.7159 -0.0365 -0.6972
vn -0.7349 -0.0338 -0.6773
vn -0.6483 -0.3190 -0.6914
vn -0.6624 -0.3138 -0.6803
vn -0.6766 -0.3218 -0.6623
vn -0.6412 -0.2728 -0.7172
vn -0.6484 -0.2453 -0.7207
vn -0.6617 -0.2434 -0.7091
vn -0.6471 -0.2118 -0.7324
vn -0.6839 -0.2072 -0.6995
vn -0.6392 -0.1760 -0.7487
vn -0.6828 -0.1294 -0.7190
vn -0.7076 -0.1734 -0.6850
vn -0.6140 -0.3090 -0.7263
vn -0.6287 -0.3127 -0.7120
vn -0.6018 -0.2876 -0.7450
vn -0.6246 -0.2631 -0.7353
vn -0.6420 -0.2910 -0.7094
vn -0.1366 -0.5878 -0.7974
vn -0.0944 -0.6064 -0.7895
vn -0.0922 -0.6060 -0.7901
vn -0.0606 -0.6042 -0.7945
vn -0.0557 -0.6177 -0.7844
vn -0.2600 -0.9193 -0.2955
vn -0.2605 -0.9323 -0.2507
vn -0.3413 -0.8077 -0.4808
vn -0.3143 -0.8482 -0.4264
vn -0.3185 -0.7386 -0.5942
vn -0.3805 -0.6776 -0.6294
vn -0.3619 -0.7689 -0.5271
vn -0.3304 -0.6529 -0.6816
vn -0.3858 -0.5964 -0.7038
vn -0.3824 -0.6713 -0.6350
vn -0.3364 -0.5869 -0.7365
vn -0.3741 -0.5482 -0.7480
vn -0.3826 -0.6009 -0.7018
vn -0.3361 -0.5546 -0.7613
vn -0.3630 -0.5477 -0.7538
vn -0.3696 -0.5536 -0.7463
vn -0.2051 -0.9283 -0.3102
vn -0.1875 -0.9564 -0.2238
vn -0.2657 -0.8023 -0.5345
vn -0.2068 -0.8789 -0.4299
vn -0.2898 -0.8098 -0.5102
vn -0.2433 -0.8985 -0.3654
vn -0.2965 -0.6918 -0.6585
vn -0.2895 -0.7128 -0.6389
vn -0.3050 -0.6220 -0.7212
vn -0.2999 -0.6337 -0.7130
vn -0.3128 -0.5716 -0.7586
vn -0.3062 -0.5758 -0.7581
vn -0.3096 -0.5437 -0.7801
vn -0.1493 -0.9190 -0.3650
vn -0.1498 -0.9429 -0.2974
vn -0.1155 -0.9752 -0.1886
vn -0.1975 -0.8100 -0.5522
vn -0.1752 -0.8555 -0.4872
vn -0.1925 -0.7354 -0.6497
vn -0.2358 -0.6855 -0.6888
vn -0.2183 -0.7646 -0.6064
vn -0.2222 -0.6615 -0.7163
vn -0.2548 -0.6143 -0.7468
vn -0.2440 -0.6752 -0.6961
vn -0.2654 -0.5764 -0.7728
vn -0.2569 -0.6059 -0.7529
vn -0.2675 -0.5596 -0.7844
vn -0.2702 -0.5610 -0.7825
vn -0.0760 -0.9255 -0.3710
vn -0.0622 -0.9599 -0.2733
vn -0.0402 -0.9867 -0.1576
vn -0.1191 -0.8089 -0.5758
vn -0.1225 -0.8202 -0.5588
vn -0.0987 -0.8868 -0.4515
vn -0.1584 -0.7146 -0.6814
vn -0.1422 -0.7072 -0.6926
vn -0.1764 -0.6329 -0.7539
vn -0.1733 -0.6186 -0.7664
vn -0.2126 -0.5808 -0.7858
vn -0.2041 -0.6323 -0.7474
vn -0.2211 -0.5602 -0.7983
vn -0.2143 -0.5798 -0.7861
vn -0.0076 -0.9337 -0.3579
vn 0.0135 -0.9676 -0.2522
vn 0.0324 -0.9897 -0.1395
vn -0.0490 -0.8137 -0.5792
vn -0.0366 -0.8359 -0.5476
vn -0.0227 -0.9026 -0.4298
vn -0.0893 -0.7265 -0.6813
vn -0.0689 -0.7440 -0.6647
vn -0.1376 -0.6588 -0.7396
vn -0.1184 -0.6652 -0.7372
vn -0.1530 -0.6103 -0.7773
vn -0.1629 -0.5949 -0.7872
vn -0.1857 -0.5666 -0.8028
vn -0.1747 -0.6007 -0.7802
vn 0.0488 -0.9388 -0.3411
vn 0.0682 -0.9705 -0.2312
vn 0.0866 -0.9883 -0.1259
vn 0.0037 -0.8275 -0.5614
vn 0.0283 -0.8512 -0.5241
vn 0.0405 -0.9081 -0.4167
vn -0.0402 -0.7476 -0.6630
vn -0.0186 -0.7676 -0.6406
vn -0.0907 -0.6760 -0.7313
vn -0.0668 -0.7028 -0.7082
vn -0.1264 -0.6270 -0.7687
vn -0.1148 -0.6334 -0.7653
vn 0.0611 -0.9445 -0.3227
vn 0.0811 -0.9735 -0.2140
vn 0.0998 -0.9890 -0.1094
vn 0.0212 -0.8414 -0.5401
vn 0.0423 -0.8673 -0.4960
vn 0.0525 -0.9125 -0.4057
vn -0.0148 -0.7660 -0.6427
vn 0.0033 -0.7870 -0.6170
vn -0.0493 -0.6957 -0.7167
vn -0.0341 -0.7278 -0.6850
vn -0.0807 -0.6360 -0.7675
vn -0.0657 -0.6605 -0.7480
vn 0.0394 -0.9518 -0.3041
vn 0.0535 -0.9781 -0.2010
vn 0.0630 -0.9932 -0.0980
vn 0.0160 -0.8513 -0.5244
vn 0.0280 -0.8781 -0.4777
vn 0.0332 -0.9173 -0.3969
vn -0.0044 -0.7785 -0.6276
vn 0.0059 -0.8003 -0.5996
vn -0.0242 -0.7073 -0.7065
vn -0.0154 -0.7419 -0.6703
vn -0.0468 -0.6501 -0.7584
vn -0.0355 -0.6782 -0.7341
vn -0.2321 -0.9551 -0.1839
vn -0.1938 -0.9736 -0.1203
vn -0.1547 -0.9862 -0.0597
vn -0.1305 -0.9914 -0.0014
vn -0.1275 -0.9891 0.0731
vn -0.1273 -0.9811 0.1455
vn -0.1180 -0.9812 0.1528
vn -0.1037 -0.9907 0.0883
vn -0.1469 -0.9789 -0.1420
vn -0.0934 -0.9931 -0.0706
vn -0.0467 -0.9986 -0.0235
vn -0.0252 -0.9996 0.0084
vn -0.0201 -0.9972 0.0718
vn -0.0200 -0.9888 0.1476
vn -0.0222 -0.9869 0.1599
vn -0.0236 -0.9950 0.0968
vn -0.0695 -0.9935 -0.0906
vn -0.0243 -0.9994 -0.0233
vn 0.0035 -1.0000 0.0038
vn 0.0323 -0.9990 0.0314
vn 0.0665 -0.9939 0.0879
vn 0.0794 -0.9864 0.1442
vn 0.0650 -0.9871 0.1463
vn 0.0443 -0.9951 0.0882
vn -0.0161 -0.9985 -0.0516
vn 0.0049 -1.0000 0.0038
vn 0.0353 -0.9988 0.0349
vn 0.0854 -0.9932 0.0793
vn 0.1340 -0.9834 0.1228
vn 0.1574 -0.9769 0.1448
vn 0.1519 -0.9808 0.1227
vn 0.1282 -0.9897 0.0644
vn 0.0381 -0.9985 -0.0403
vn 0.0473 -0.9986 0.0227
vn 0.0782 -0.9939 0.0773
vn 0.1217 -0.9839 0.1307
vn 0.1634 -0.9732 0.1619
vn 0.2003 -0.9657 0.1652
vn 0.2250 -0.9673 0.1172
vn 0.2215 -0.9746 0.0344
vn 0.2981 -0.9544 0.0144
vn 0.0984 -0.9945 -0.0370
vn 0.1051 -0.9938 0.0354
vn 0.1129 -0.9882 0.1034
vn 0.1249 -0.9791 0.1608
vn 0.1520 -0.9675 0.2019
vn 0.1956 -0.9587 0.2063
vn 0.2520 -0.9559 0.1507
vn 0.2372 -0.9561 0.1722
vn 0.2799 -0.9575 0.0693
vn 0.2836 -0.9586 0.0265
vn 0.2996 -0.9537 -0.0273
vn 0.1148 -0.9930 -0.0277
vn 0.1213 -0.9918 0.0394
vn 0.1181 -0.9874 0.1050
vn 0.1107 -0.9799 0.1658
vn 0.1118 -0.9671 0.2283
vn 0.1387 -0.9564 0.2570
vn 0.0644 -0.9591 0.2755
vn 0.1520 -0.9569 0.2473
vn 0.2060 -0.9514 0.2288
vn 0.3008 -0.9505 0.0772
vn 0.0691 -0.9974 -0.0194
vn 0.0732 -0.9964 0.0419
vn 0.0732 -0.9922 0.1009
vn 0.0686 -0.9846 0.1605
vn 0.0543 -0.9719 0.2289
vn 0.0363 -0.9619 0.2711
vn 0.0393 -0.9576 0.2855
vn 0.0710 -0.9522 0.2972
vn 0.0999 -0.9863 0.1310
vn -0.3716 -0.4673 -0.8022
vn -0.3761 -0.4745 -0.7958
vn -0.3680 -0.4417 -0.8182
vn -0.3589 -0.4210 -0.8330
vn -0.3786 -0.4064 -0.8316
vn -0.3863 -0.4280 -0.8171
vn -0.3657 -0.3754 -0.8516
vn -0.3796 -0.3628 -0.8510
vn -0.3349 -0.3305 -0.8824
vn -0.3750 -0.3030 -0.8761
vn -0.3966 -0.3499 -0.8487
vn -0.3224 -0.5001 -0.8037
vn -0.3034 -0.4888 -0.8179
vn -0.3412 -0.4546 -0.8228
vn -0.3401 -0.4984 -0.7975
vn -0.3294 -0.4515 -0.8292
vn -0.3374 -0.4574 -0.8227
vn -0.3180 -0.3997 -0.8597
vn -0.3281 -0.3904 -0.8602
vn -0.2997 -0.3615 -0.8829
vn -0.3257 -0.3344 -0.8844
vn -0.3421 -0.3785 -0.8600
vn -0.3145 -0.3201 -0.8937
vn -0.2670 -0.5160 -0.8139
vn -0.2565 -0.5119 -0.8199
vn -0.2794 -0.5027 -0.8181
vn -0.2831 -0.5141 -0.8097
vn -0.2746 -0.4850 -0.8303
vn -0.2411 -0.4627 -0.8531
vn -0.2864 -0.4269 -0.8577
vn -0.2946 -0.4823 -0.8249
vn -0.2767 -0.4191 -0.8647
vn -0.2513 -0.3929 -0.8846
vn -0.2839 -0.3716 -0.8839
vn -0.2945 -0.4034 -0.8663
vn -0.2734 -0.3510 -0.8956
vn -0.2699 -0.3155 -0.9097
vn -0.2815 -0.3279 -0.9018
vn -0.2296 -0.5325 -0.8147
vn -0.2281 -0.5389 -0.8109
vn -0.2279 -0.4998 -0.8356
vn -0.2304 -0.4814 -0.8457
vn -0.2361 -0.4939 -0.8369
vn -0.2258 -0.4498 -0.8641
vn -0.2315 -0.4120 -0.8813
vn -0.2374 -0.4297 -0.8712
vn -0.2262 -0.3823 -0.8959
vn -0.2340 -0.3606 -0.9029
vn -0.2036 -0.3230 -0.9242
vn -0.2358 -0.2949 -0.9260
vn -0.2457 -0.3422 -0.9069
vn -0.1998 -0.5292 -0.8247
vn -0.1938 -0.5585 -0.8065
vn -0.1991 -0.5115 -0.8359
vn -0.1825 -0.4901 -0.8523
vn -0.2035 -0.4698 -0.8590
vn -0.2077 -0.5051 -0.8377
vn -0.1973 -0.4586 -0.8665
vn -0.1811 -0.4252 -0.8868
vn -0.2024 -0.3983 -0.8947
vn -0.2082 -0.4462 -0.8704
vn -0.1946 -0.3900 -0.9000
vn -0.1871 -0.3546 -0.9161
vn -0.1959 -0.3334 -0.9222
vn -0.2050 -0.3666 -0.9075
vn -0.1891 -0.3145 -0.9302
vn -0.1288 -0.5651 -0.8149
vn -0.1617 -0.5245 -0.8359
vn -0.1578 -0.5833 -0.7968
vn -0.1590 -0.5113 -0.8445
vn -0.1605 -0.5200 -0.8389
vn -0.1556 -0.4743 -0.8665
vn -0.1571 -0.4498 -0.8792
vn -0.1641 -0.4623 -0.8714
vn -0.1524 -0.4087 -0.8998
vn -0.1497 -0.3920 -0.9077
vn -0.1594 -0.3948 -0.9048
vn -0.1426 -0.3261 -0.9345
vn -0.1519 -0.3178 -0.9359
vn -0.1001 -0.5380 -0.8370
vn -0.1160 -0.5055 -0.8550
vn -0.1147 -0.5301 -0.8402
vn -0.1144 -0.4839 -0.8676
vn -0.1141 -0.4406 -0.8904
vn -0.1173 -0.4680 -0.8759
vn -0.1104 -0.4180 -0.9017
vn -0.1081 -0.3785 -0.9193
vn -0.1116 -0.3961 -0.9114
vn -0.1041 -0.3429 -0.9336
vn -0.1048 -0.3170 -0.9426
vn -0.0637 -0.5548 -0.8295
vn -0.0724 -0.5063 -0.8593
vn -0.0708 -0.5394 -0.8391
vn -0.0713 -0.4865 -0.8708
vn -0.0696 -0.4382 -0.8962
vn -0.0722 -0.4718 -0.8787
vn -0.0661 -0.4188 -0.9057
vn -0.0625 -0.3765 -0.9243
vn -0.0651 -0.3969 -0.9156
vn -0.0598 -0.3462 -0.9363
vn -0.0587 -0.3148 -0.9474
vn -0.3572 -0.5099 -0.7826
vn -0.3484 -0.4995 -0.7931
vn -0.3804 -0.4779 -0.7917
vn -0.3819 -0.5037 -0.7749
vn -0.3014 -0.5299 -0.7927
vn -0.3249 -0.5088 -0.7972
vn -0.3278 -0.5334 -0.7798
vn -0.3572 -0.2838 -0.8898
vn -0.3410 -0.2454 -0.9075
vn -0.3621 -0.2608 -0.8949
vn -0.3209 -0.2087 -0.9238
vn -0.3461 -0.1850 -0.9198
vn -0.3691 -0.2223 -0.9024
vn -0.3266 -0.1621 -0.9312
vn -0.3338 -0.1267 -0.9341
vn -0.3322 -0.0973 -0.9382
vn -0.3282 -0.0638 -0.9425
vn -0.3240 -0.0295 -0.9456
vn -0.2948 -0.2827 -0.9128
vn -0.3079 -0.2715 -0.9119
vn -0.3243 -0.2985 -0.8976
vn -0.2810 -0.2316 -0.9314
vn -0.2976 -0.1974 -0.9341
vn -0.2980 -0.1646 -0.9403
vn -0.2931 -0.1267 -0.9477
vn -0.2896 -0.0943 -0.9525
vn -0.2617 -0.0571 -0.9635
vn -0.2884 -0.0644 -0.9553
vn -0.2500 -0.0227 -0.9680
vn -0.2913 -0.0268 -0.9563
vn -0.2578 -0.2624 -0.9299
vn -0.2658 -0.2391 -0.9339
vn -0.2612 -0.1958 -0.9452
vn -0.2521 -0.1515 -0.9558
vn -0.2589 -0.1601 -0.9525
vn -0.2432 -0.1199 -0.9625
vn -0.2573 -0.1246 -0.9583
vn -0.2377 -0.0922 -0.9670
vn -0.2484 -0.0825 -0.9651
vn -0.2608 -0.0965 -0.9606
vn -0.2359 -0.0536 -0.9703
vn -0.2390 -0.0187 -0.9708
vn -0.2251 -0.2785 -0.9337
vn -0.2261 -0.2369 -0.9449
vn -0.2084 -0.1879 -0.9598
vn -0.2201 -0.1733 -0.9599
vn -0.2329 -0.2001 -0.9517
vn -0.1953 -0.1417 -0.9704
vn -0.2111 -0.1145 -0.9707
vn -0.2164 -0.0865 -0.9725
vn -0.2170 -0.0555 -0.9746
vn -0.2100 -0.0133 -0.9776
vn -0.1939 -0.2807 -0.9400
vn -0.1860 -0.2262 -0.9562
vn -0.1924 -0.2380 -0.9520
vn -0.1761 -0.1697 -0.9696
vn -0.1840 -0.1487 -0.9716
vn -0.1826 -0.1162 -0.9763
vn -0.1789 -0.0861 -0.9801
vn -0.1728 -0.0476 -0.9838
vn -0.1643 -0.0054 -0.9864
vn -0.1524 -0.2782 -0.9484
vn -0.1199 -0.2354 -0.9645
vn -0.1558 -0.2074 -0.9658
vn -0.1657 -0.2552 -0.9526
vn -0.1449 -0.1867 -0.9717
vn -0.1478 -0.1478 -0.9779
vn -0.1454 -0.1135 -0.9828
vn -0.1412 -0.0809 -0.9867
vn -0.1335 -0.0386 -0.9903
vn -0.1256 0.0024 -0.9921
vn -0.1040 -0.2529 -0.9619
vn -0.1096 -0.2811 -0.9534
vn -0.1005 -0.2256 -0.9690
vn -0.1053 -0.1911 -0.9759
vn -0.1030 -0.1471 -0.9838
vn -0.1028 -0.1119 -0.9884
vn -0.0999 -0.0755 -0.9921
vn -0.0961 -0.0324 -0.9948
vn -0.0950 0.0054 -0.9955
vn -0.0555 -0.2478 -0.9672
vn -0.0589 -0.2920 -0.9546
vn -0.0536 -0.2316 -0.9713
vn -0.0550 -0.1894 -0.9804
vn -0.0568 -0.1484 -0.9873
vn -0.0575 -0.1113 -0.9921
vn -0.0580 -0.0738 -0.9956
vn -0.0613 -0.0334 -0.9976
vn -0.0655 0.0033 -0.9978
vn -0.8037 -0.5903 -0.0743
vn -0.8131 -0.5815 -0.0246
vn -0.8215 -0.5695 0.0287
vn -0.8260 -0.5568 0.0881
vn -0.8309 -0.5400 0.1341
vn -0.9439 -0.3301 0.0087
vn -0.9433 -0.3317 -0.0137
vn -0.9430 -0.3325 0.0128
vn -0.9419 -0.3323 0.0480
vn -0.9394 -0.3306 0.0908
vn -0.9365 -0.3224 0.1380
vn -0.9137 -0.4061 -0.0165
vn -0.9149 -0.4034 0.0177
vn -0.9137 -0.4022 0.0586
vn -0.9139 -0.3947 0.0948
vn -0.9225 -0.3857 -0.0127
vn -0.9227 -0.3852 0.0154
vn -0.9202 -0.3914 0.0096
vn -0.9199 -0.3882 0.0545
vn -0.9144 -0.3931 0.0969
vn -0.9062 -0.3954 0.1497
vn -0.8991 -0.3892 0.2001
vn -0.9257 -0.3780 -0.0130
vn -0.9406 -0.3391 -0.0141
vn -0.9328 -0.3604 -0.0053
vn -0.9320 -0.3612 0.0286
vn -0.9205 -0.3871 0.0541
vn -0.9414 -0.3334 0.0508
vn -0.9208 -0.3778 0.0964
vn -0.9357 -0.3403 0.0928
vn -0.9162 -0.3706 0.1528
vn -0.9253 -0.3510 0.1438
vn -0.9066 -0.3695 0.2037
vn -0.8974 -0.3560 0.2605
vn -0.9267 -0.3350 0.1704
vn -0.9116 -0.3521 0.2121
vn -0.9272 -0.3152 0.2025
vn -0.9003 -0.3413 0.2700
vn -0.9031 -0.3447 0.2559
vn -0.8862 -0.3310 0.3241
vn -0.8804 -0.4734 -0.0287
vn -0.8837 -0.4679 0.0141
vn -0.8847 -0.4624 0.0582
vn -0.8877 -0.4502 0.0970
vn -0.8885 -0.4583 -0.0240
vn -0.8959 -0.4437 -0.0199
vn -0.8906 -0.4544 0.0181
vn -0.8963 -0.4431 0.0186
vn -0.8901 -0.4516 0.0605
vn -0.8942 -0.4435 0.0608
vn -0.8874 -0.4491 0.1043
vn -0.8876 -0.4497 0.0997
vn -0.8810 -0.4467 0.1561
vn -0.8735 -0.4383 0.2117
vn -0.8982 -0.4223 0.1220
vn -0.8810 -0.4435 0.1646
vn -0.9060 -0.3928 0.1576
vn -0.8769 -0.4288 0.2172
vn -0.8874 -0.4117 0.2077
vn -0.8666 -0.4209 0.2681
vn -0.8594 -0.3986 0.3202
vn -0.8881 -0.4016 0.2238
vn -0.8652 -0.4119 0.2859
vn -0.8821 -0.3834 0.2736
vn -0.8565 -0.3938 0.3337
vn -0.8773 -0.3675 0.3086
vn -0.8548 -0.3834 0.3498
vn -0.8794 -0.3386 0.3347
vn -0.8745 -0.3395 0.3465
vn -0.8459 -0.5314 -0.0449
vn -0.8554 -0.5166 -0.0360
vn -0.8523 -0.5230 0.0020
vn -0.8616 -0.5075 0.0096
vn -0.8562 -0.5137 0.0543
vn -0.8624 -0.5028 0.0583
vn -0.8560 -0.5069 0.1018
vn -0.8554 -0.5085 0.0981
vn -0.8534 -0.4985 0.1527
vn -0.8523 -0.4789 0.2104
vn -0.8700 -0.4771 0.1246
vn -0.8534 -0.4947 0.1643
vn -0.8818 -0.4429 0.1621
vn -0.8512 -0.4740 0.2254
vn -0.8609 -0.4593 0.2188
vn -0.8421 -0.4665 0.2706
vn -0.8423 -0.4383 0.3138
vn -0.8609 -0.4492 0.2391
vn -0.8413 -0.4602 0.2837
vn -0.8603 -0.4278 0.2772
vn -0.8342 -0.4417 0.3300
vn -0.8331 -0.4475 0.3251
vn -0.8358 -0.4138 0.3609
vn -0.8116 -0.5807 -0.0642
vn -0.8363 -0.5457 -0.0536
vn -0.8215 -0.5700 -0.0158
vn -0.8446 -0.5353 -0.0077
vn -0.8280 -0.5592 0.0403
vn -0.8503 -0.5242 0.0472
vn -0.8317 -0.5469 0.0964
vn -0.8508 -0.5159 0.0998
vn -0.8322 -0.5344 0.1483
vn -0.8470 -0.5095 0.1515
vn -0.8268 -0.5208 0.2124
vn -0.8302 -0.5158 0.2114
vn -0.8255 -0.4964 0.2685
vn -0.8329 -0.4893 0.2585
vn -0.8233 -0.4940 0.2796
vn -0.8327 -0.4799 0.2762
vn -0.8151 -0.4786 0.3265
vn -0.8056 -0.4989 0.3197
vn -0.8070 -0.4580 0.3728
vn -0.8488 -0.3782 0.3696
vn -0.8478 -0.3646 0.3851
vn -0.8403 -0.3481 0.4157
vn -0.8448 -0.3510 0.4038
vn -0.8648 -0.3178 0.3887
vn -0.8387 -0.3291 0.4338
vn -0.8242 -0.4274 0.3714
vn -0.8212 -0.4198 0.3866
vn -0.8328 -0.4035 0.3791
vn -0.8182 -0.3939 0.4188
vn -0.8260 -0.3845 0.4121
vn -0.8115 -0.3874 0.4375
vn -0.8179 -0.3812 0.4309
vn -0.8042 -0.3736 0.4623
vn -0.8130 -0.3526 0.4634
vn -0.8046 -0.3565 0.4749
vn -0.8279 -0.3335 0.4509
vn -0.8040 -0.3383 0.4891
vn -0.8198 -0.3208 0.4743
vn -0.7998 -0.3226 0.5061
vn -0.7989 -0.4599 0.3876
vn -0.8057 -0.4522 0.3827
vn -0.7991 -0.4321 0.4179
vn -0.8012 -0.4361 0.4098
vn -0.7879 -0.4364 0.4345
vn -0.7914 -0.4356 0.4290
vn -0.7811 -0.4211 0.4611
vn -0.7873 -0.4022 0.4673
vn -0.7802 -0.4061 0.4757
vn -0.7886 -0.3908 0.4746
vn -0.7849 -0.3779 0.4911
vn -0.7752 -0.3717 0.5108
vn -0.7985 -0.3588 0.4835
vn -0.7671 -0.3615 0.5299
vn -0.7891 -0.3329 0.5162
vn -0.7675 -0.3449 0.5403
vn -0.7796 -0.3283 0.5333
vn -0.7651 -0.3313 0.5522
vn -0.7712 -0.3264 0.5465
vn -0.9764 -0.2152 -0.0188
vn -0.9766 -0.2148 0.0097
vn -0.9767 -0.2088 0.0499
vn -0.9755 -0.2006 0.0907
vn -0.9755 -0.1790 0.1278
vn -0.9839 -0.1772 -0.0220
vn -0.9844 -0.1752 0.0153
vn -0.9837 -0.1712 0.0542
vn -0.9809 -0.1704 0.0942
vn -0.9757 -0.1687 0.1398
vn -0.9725 -0.1582 0.1707
vn -0.9893 -0.1441 -0.0221
vn -0.9899 -0.1405 0.0213
vn -0.9889 -0.1382 0.0547
vn -0.9859 -0.1378 0.0948
vn -0.9804 -0.1347 0.1435
vn -0.9729 -0.1258 0.1940
vn -0.9939 -0.1086 -0.0202
vn -0.9940 -0.1065 0.0252
vn -0.9929 -0.1058 0.0539
vn -0.9898 -0.1047 0.0969
vn -0.9839 -0.1018 0.1468
vn -0.9747 -0.1017 0.1988
vn -0.9665 -0.0978 0.2371
vn -0.9972 -0.0717 -0.0195
vn -0.9970 -0.0732 0.0251
vn -0.9958 -0.0715 0.0566
vn -0.9927 -0.0651 0.1017
vn -0.9869 -0.0600 0.1497
vn -0.9784 -0.0571 0.1986
vn -0.9686 -0.0545 0.2428
vn -0.9993 -0.0300 -0.0214
vn -0.9992 -0.0325 0.0230
vn -0.9976 -0.0301 0.0627
vn -0.9938 -0.0234 0.1086
vn -0.9878 -0.0166 0.1546
vn -0.9793 -0.0108 0.2021
vn -0.9694 -0.0073 0.2455
vn -0.9570 -0.2896 -0.0155
vn -0.9563 -0.2922 0.0120
vn -0.9545 -0.2942 0.0493
vn -0.9515 -0.2936 0.0918
vn -0.9446 -0.2957 0.1426
vn -0.9374 -0.2912 0.1911
vn -0.9341 -0.2625 0.2418
vn -0.9661 -0.2578 -0.0170
vn -0.9678 -0.2509 -0.0179
vn -0.9651 -0.2617 0.0084
vn -0.9681 -0.2505 0.0074
vn -0.9639 -0.2615 0.0508
vn -0.9670 -0.2497 0.0508
vn -0.9619 -0.2567 0.0944
vn -0.9641 -0.2479 0.0950
vn -0.9570 -0.2545 0.1393
vn -0.9580 -0.2536 0.1336
vn -0.9482 -0.2517 0.1939
vn -0.9328 -0.2507 0.2590
vn -0.9235 -0.2428 0.2970
vn -0.9643 -0.2058 0.1664
vn -0.9538 -0.2197 0.2049
vn -0.9634 -0.1877 0.1913
vn -0.9437 -0.2067 0.2584
vn -0.9272 -0.2020 0.3153
vn -0.9569 -0.1647 0.2393
vn -0.9501 -0.1711 0.2608
vn -0.9327 -0.1699 0.3181
vn -0.9652 -0.1357 0.2236
vn -0.9499 -0.1465 0.2762
vn -0.9613 -0.1069 0.2540
vn -0.9400 -0.1371 0.3125
vn -0.9558 -0.1027 0.2754
vn -0.9433 -0.1091 0.3135
vn -0.9603 -0.0568 0.2730
vn -0.9455 -0.0614 0.3199
vn -0.9624 -0.0072 0.2716
vn -0.9481 -0.0107 0.3177
vn -0.9068 -0.2908 0.3053
vn -0.8899 -0.3066 0.3379
vn -0.9075 -0.2698 0.3220
vn -0.8987 -0.2523 0.3587
vn -0.9151 -0.2143 0.3415
vn -0.9180 -0.1676 0.3595
vn -0.9218 -0.1386 0.3621
vn -0.9261 -0.1037 0.3627
vn -0.9303 -0.0666 0.3608
vn -0.9236 -0.0655 0.3778
vn -0.9360 -0.0180 0.3515
vn -0.9235 -0.0248 0.3828
vn -0.8838 -0.2819 0.3734
vn -0.8847 -0.2600 0.3868
vn -0.8725 -0.2519 0.4187
vn -0.8858 -0.2268 0.4049
vn -0.9086 -0.1737 0.3798
vn -0.8809 -0.2143 0.4220
vn -0.9008 -0.1759 0.3970
vn -0.8866 -0.1848 0.4241
vn -0.8764 -0.1781 0.4475
vn -0.9092 -0.1464 0.3897
vn -0.8903 -0.1530 0.4288
vn -0.8787 -0.1475 0.4540
vn -0.9184 -0.1118 0.3794
vn -0.8904 -0.1190 0.4393
vn -0.9073 -0.1000 0.4085
vn -0.8825 -0.1135 0.4565
vn -0.8951 -0.0711 0.4402
vn -0.8869 -0.0816 0.4546
vn -0.8814 -0.0753 0.4664
vn -0.9036 -0.0298 0.4273
vn -0.8911 -0.0338 0.4525
vn -0.8790 -0.0357 0.4754
vn -0.8610 -0.2953 0.4141
vn -0.8388 -0.3091 0.4482
vn -0.8613 -0.2633 0.4346
vn -0.8384 -0.2856 0.4642
vn -0.8556 -0.2605 0.4472
vn -0.8376 -0.2672 0.4765
vn -0.8284 -0.2590 0.4967
vn -0.8736 -0.2285 0.4296
vn -0.8342 -0.2385 0.4973
vn -0.8630 -0.1878 0.4689
vn -0.8350 -0.2264 0.5015
vn -0.8515 -0.1846 0.4908
vn -0.8426 -0.1905 0.5037
vn -0.8615 -0.1522 0.4844
vn -0.8469 -0.1586 0.5075
vn -0.8438 -0.1522 0.5147
vn -0.8700 -0.1212 0.4780
vn -0.8508 -0.1260 0.5101
vn -0.8622 -0.1184 0.4925
vn -0.8425 -0.1210 0.5249
vn -0.8502 -0.0794 0.5204
vn -0.8444 -0.0857 0.5289
vn -0.8605 -0.0383 0.5080
vn -0.8457 -0.0410 0.5321
vn -0.8160 -0.2946 0.4974
vn -0.7998 -0.3009 0.5194
vn -0.8149 -0.2689 0.5135
vn -0.8031 -0.2822 0.5247
vn -0.8089 -0.2664 0.5241
vn -0.7966 -0.2663 0.5427
vn -0.8225 -0.2331 0.5188
vn -0.7962 -0.2374 0.5564
vn -0.8368 -0.1961 0.5112
vn -0.7951 -0.2034 0.5713
vn -0.8203 -0.1849 0.5412
vn -0.7938 -0.1984 0.5749
vn -0.8035 -0.1571 0.5742
vn -0.8001 -0.1644 0.5769
vn -0.8170 -0.1255 0.5627
vn -0.8045 -0.1299 0.5796
vn -0.8248 -0.0859 0.5589
vn -0.8083 -0.0890 0.5819
vn -0.8102 -0.0811 0.5805
vn -0.8303 -0.0443 0.5555
vn -0.8113 -0.0469 0.5827
vn -0.8039 -0.0460 0.5929
vn -0.7636 -0.2868 0.5785
vn -0.7654 -0.2883 0.5754
vn -0.7784 -0.2648 0.5692
vn -0.7618 -0.2634 0.5919
vn -0.7923 -0.2424 0.5599
vn -0.7551 -0.2453 0.6080
vn -0.7817 -0.2053 0.5889
vn -0.7587 -0.2276 0.6104
vn -0.7741 -0.2038 0.5994
vn -0.7531 -0.2052 0.6250
vn -0.7869 -0.1696 0.5933
vn -0.7455 -0.1690 0.6448
vn -0.7992 -0.1356 0.5855
vn -0.7417 -0.1384 0.6563
vn -0.7715 -0.1267 0.6235
vn -0.7405 -0.1316 0.6590
vn -0.7398 -0.0832 0.6677
vn -0.7438 -0.0921 0.6620
vn -0.7526 -0.0478 0.6567
vn -0.7470 -0.0499 0.6630
vn -0.7428 -0.6631 -0.0930
vn -0.7533 -0.6521 -0.0850
vn -0.7559 -0.6518 -0.0612
vn -0.7703 -0.6363 -0.0412
vn -0.7754 -0.6314 -0.0124
vn -0.7923 -0.6100 0.0107
vn -0.7889 -0.6103 0.0719
vn -0.8040 -0.5890 0.0823
vn -0.7926 -0.5946 0.1350
vn -0.7973 -0.5888 0.1328
vn -0.8003 -0.5701 0.1857
vn -0.8118 -0.5601 0.1652
vn -0.7949 -0.5692 0.2101
vn -0.8234 -0.5262 0.2124
vn -0.7915 -0.5453 0.2761
vn -0.7971 -0.5384 0.2734
vn -0.7873 -0.5252 0.3230
vn -0.6583 -0.7433 -0.1193
vn -0.6891 -0.7167 -0.1075
vn -0.6680 -0.7371 -0.1021
vn -0.7143 -0.6947 -0.0847
vn -0.6846 -0.7271 -0.0510
vn -0.7391 -0.6727 -0.0348
vn -0.7077 -0.7056 0.0368
vn -0.7550 -0.6532 0.0573
vn -0.7305 -0.6731 0.1148
vn -0.7595 -0.6374 0.1297
vn -0.7478 -0.6395 0.1786
vn -0.7462 -0.6403 0.1824
vn -0.7671 -0.5975 0.2335
vn -0.7413 -0.6096 0.2807
vn -0.7878 -0.5489 0.2794
vn -0.7484 -0.5776 0.3261
vn -0.7593 -0.5615 0.3289
vn -0.7630 -0.5393 0.3565
vn -0.5739 -0.8100 -0.1205
vn -0.5634 -0.8153 -0.1333
vn -0.5884 -0.7995 -0.1207
vn -0.5803 -0.8081 -0.1009
vn -0.6226 -0.7789 -0.0762
vn -0.6141 -0.7888 -0.0258
vn -0.6587 -0.7524 0.0042
vn -0.6433 -0.7617 0.0773
vn -0.6787 -0.7283 0.0946
vn -0.6652 -0.7269 0.1706
vn -0.6669 -0.7244 0.1746
vn -0.7056 -0.6732 0.2212
vn -0.6592 -0.7019 0.2696
vn -0.7455 -0.6043 0.2812
vn -0.6874 -0.6510 0.3221
vn -0.7147 -0.6193 0.3251
vn -0.7324 -0.5890 0.3416
vn -0.4546 -0.8799 -0.1385
vn -0.4822 -0.8679 -0.1191
vn -0.5154 -0.8552 -0.0542
vn -0.5412 -0.8394 0.0514
vn -0.5458 -0.8249 0.1471
vn -0.4649 -0.8777 -0.1162
vn -0.5399 -0.8323 -0.1257
vn -0.5006 -0.8523 -0.1519
vn -0.6189 -0.7566 0.2111
vn -0.5735 -0.7855 0.2324
vn -0.6578 -0.7093 0.2533
vn -0.6045 -0.7403 0.2942
vn -0.6352 -0.7075 0.3098
vn -0.4044 -0.9087 -0.1035
vn -0.4011 -0.9034 -0.1518
vn -0.3611 -0.9190 -0.1583
vn -0.4153 -0.8962 -0.1562
vn -0.3662 -0.9254 -0.0978
vn -0.4573 -0.8850 -0.0874
vn -0.3959 -0.9183 0.0012
vn -0.4970 -0.8673 0.0274
vn -0.4380 -0.8933 0.1011
vn -0.5274 -0.8383 0.1381
vn -0.4797 -0.8571 0.1877
vn -0.5295 -0.8217 0.2107
vn -0.5180 -0.8118 0.2696
vn -0.5660 -0.7597 0.3202
vn -0.2741 -0.9489 -0.1566
vn -0.3095 -0.9445 -0.1101
vn -0.3421 -0.9393 -0.0275
vn -0.3659 -0.9280 0.0704
vn -0.3688 -0.9164 0.1552
vn -0.2691 -0.9601 -0.0761
vn -0.3275 -0.9397 -0.0984
vn -0.2583 -0.9532 -0.1572
vn -0.3208 -0.9331 -0.1624
vn -0.3002 -0.9367 -0.1801
vn -0.4342 -0.8731 0.2215
vn -0.3959 -0.8859 0.2416
vn -0.4992 -0.8190 0.2830
vn -0.2340 -0.9707 -0.0540
vn -0.2157 -0.9656 -0.1451
vn -0.2130 -0.9611 -0.1761
vn -0.2267 -0.9641 -0.1383
vn -0.2495 -0.9668 -0.0557
vn -0.2748 -0.9603 0.0477
vn -0.3118 -0.9397 0.1407
vn -0.3357 -0.9204 0.2007
vn -0.1795 -0.9832 -0.0317
vn -0.1504 -0.9801 -0.1292
vn -0.1318 -0.9752 -0.1776
vn -0.1326 -0.9790 -0.1551
vn -0.1414 -0.9873 -0.0725
vn -0.1615 -0.9867 0.0168
vn -0.2001 -0.9754 0.0930
vn -0.2447 -0.9539 0.1741
vn -0.7456 -0.5404 0.3899
vn -0.7615 -0.5232 0.3827
vn -0.7438 -0.5161 0.4247
vn -0.6971 -0.6176 0.3643
vn -0.6873 -0.6107 0.3933
vn -0.7466 -0.5375 0.3921
vn -0.7019 -0.5732 0.4227
vn -0.7113 -0.5547 0.4317
vn -0.7102 -0.5279 0.4657
vn -0.6998 -0.5278 0.4814
vn -0.7047 -0.5250 0.4773
vn -0.6168 -0.7027 0.3546
vn -0.6502 -0.6407 0.4084
vn -0.6419 -0.6421 0.4192
vn -0.6596 -0.6200 0.4250
vn -0.6742 -0.5797 0.4577
vn -0.6454 -0.5866 0.4891
vn -0.6830 -0.5404 0.4914
vn -0.6773 -0.5320 0.5081
vn -0.6455 -0.5332 0.5468
vn -0.6688 -0.5145 0.5366
vn -0.5256 -0.7760 0.3487
vn -0.6098 -0.6994 0.3727
vn -0.5609 -0.7245 0.4005
vn -0.5822 -0.7068 0.4017
vn -0.6024 -0.6591 0.4503
vn -0.5715 -0.6668 0.4782
vn -0.6198 -0.6151 0.4874
vn -0.6288 -0.5939 0.5019
vn -0.5762 -0.5984 0.5567
vn -0.6346 -0.5346 0.5581
vn -0.6258 -0.5357 0.5669
vn -0.5764 -0.5360 0.6168
vn -0.6139 -0.5079 0.6043
vn -0.4387 -0.8455 0.3045
vn -0.4828 -0.8129 0.3256
vn -0.4631 -0.8062 0.3683
vn -0.5174 -0.7341 0.4398
vn -0.4940 -0.7385 0.4590
vn -0.5287 -0.7091 0.4665
vn -0.5466 -0.6724 0.4991
vn -0.4999 -0.6740 0.5438
vn -0.5591 -0.6165 0.5544
vn -0.5650 -0.6020 0.5642
vn -0.5044 -0.6016 0.6194
vn -0.5705 -0.5321 0.6256
vn -0.5580 -0.5325 0.6365
vn -0.5212 -0.5306 0.6685
vn -0.5452 -0.5193 0.6581
vn -0.3340 -0.9056 0.2615
vn -0.3978 -0.8539 0.3355
vn -0.3754 -0.8562 0.3548
vn -0.4316 -0.8145 0.3877
vn -0.4072 -0.8117 0.4187
vn -0.4502 -0.7413 0.4978
vn -0.4219 -0.7423 0.5205
vn -0.4593 -0.7134 0.5294
vn -0.4715 -0.6724 0.5706
vn -0.4397 -0.6689 0.5994
vn -0.4810 -0.6273 0.6125
vn -0.4890 -0.6030 0.6303
vn -0.4294 -0.5988 0.6761
vn -0.4913 -0.5411 0.6825
vn -0.4763 -0.5300 0.7016
vn -0.4545 -0.5332 0.7135
vn -0.4726 -0.5290 0.7048
vn -0.2822 -0.9262 0.2501
vn -0.2850 -0.9087 0.3049
vn -0.3339 -0.8550 0.3969
vn -0.3135 -0.8530 0.4173
vn -0.3611 -0.8191 0.4457
vn -0.3388 -0.8165 0.4674
vn -0.3671 -0.7337 0.5717
vn -0.3743 -0.7274 0.5751
vn -0.3912 -0.6553 0.6462
vn -0.3966 -0.6392 0.6589
vn -0.3954 -0.5826 0.7101
vn -0.3991 -0.5759 0.7135
vn -0.3997 -0.5257 0.7509
vn -0.8052 -0.5127 0.2980
vn -0.7809 -0.5205 0.3455
vn -0.8077 -0.4839 0.3370
vn -0.7982 -0.4781 0.3664
vn -0.7831 -0.4944 0.3773
vn -0.7782 -0.4865 0.3972
vn -0.7962 -0.4628 0.3898
vn -0.7733 -0.4693 0.4263
vn -0.7683 -0.4819 0.4213
vn -0.7673 -0.4433 0.4633
vn -0.7624 -0.4413 0.4733
vn -0.7655 -0.4352 0.4740
vn -0.7601 -0.4242 0.4923
vn -0.7495 -0.4213 0.5107
vn -0.7763 -0.4085 0.4801
vn -0.7411 -0.4114 0.5305
vn -0.7690 -0.3775 0.5158
vn -0.7469 -0.3869 0.5408
vn -0.7550 -0.3712 0.5406
vn -0.7405 -0.3721 0.5596
vn -0.7458 -0.3681 0.5552
vn -0.7401 -0.3508 0.5737
vn -0.7271 -0.3473 0.5922
vn -0.7576 -0.3312 0.5624
vn -0.7194 -0.3344 0.6088
vn -0.7445 -0.3156 0.5884
vn -0.7189 -0.3215 0.6163
vn -0.7632 -0.4995 0.4100
vn -0.7371 -0.5085 0.4450
vn -0.7652 -0.4734 0.4363
vn -0.7405 -0.4831 0.4672
vn -0.7582 -0.4712 0.4506
vn -0.7311 -0.4766 0.4881
vn -0.7511 -0.4565 0.4769
vn -0.7267 -0.4566 0.5132
vn -0.7472 -0.4417 0.4965
vn -0.7195 -0.4504 0.5286
vn -0.7434 -0.4234 0.5178
vn -0.7227 -0.4281 0.5427
vn -0.7316 -0.4228 0.5348
vn -0.7101 -0.4207 0.5646
vn -0.7154 -0.4207 0.5579
vn -0.7067 -0.3902 0.5902
vn -0.6994 -0.3923 0.5974
vn -0.7280 -0.3705 0.5769
vn -0.6974 -0.3742 0.6112
vn -0.7192 -0.3584 0.5952
vn -0.7004 -0.3605 0.6160
vn -0.7082 -0.3465 0.6152
vn -0.6896 -0.3425 0.6381
vn -0.6946 -0.3363 0.6360
vn -0.6819 -0.3220 0.6567
vn -0.6726 -0.3206 0.6670
vn -0.7050 -0.4932 0.5097
vn -0.6914 -0.4898 0.5311
vn -0.7001 -0.4777 0.5307
vn -0.6891 -0.4661 0.5548
vn -0.6752 -0.4675 0.5705
vn -0.6789 -0.4733 0.5614
vn -0.6740 -0.4304 0.6003
vn -0.6780 -0.4270 0.5983
vn -0.6921 -0.4151 0.5905
vn -0.6649 -0.4127 0.6226
vn -0.6769 -0.4119 0.6100
vn -0.6682 -0.4026 0.6257
vn -0.6432 -0.4032 0.6510
vn -0.6581 -0.3961 0.6403
vn -0.6356 -0.3614 0.6822
vn -0.6574 -0.3426 0.6712
vn -0.6306 -0.3447 0.6953
vn -0.6528 -0.3331 0.6804
vn -0.6302 -0.3174 0.7086
vn -0.6637 -0.4901 0.5650
vn -0.6372 -0.4910 0.5940
vn -0.6587 -0.4696 0.5878
vn -0.6467 -0.4722 0.5990
vn -0.6133 -0.4732 0.6325
vn -0.6291 -0.4772 0.6136
vn -0.6140 -0.4280 0.6632
vn -0.6164 -0.4324 0.6581
vn -0.6387 -0.4124 0.6496
vn -0.6097 -0.4166 0.6744
vn -0.6274 -0.4144 0.6593
vn -0.6166 -0.3951 0.6810
vn -0.6044 -0.3917 0.6938
vn -0.6315 -0.3755 0.6784
vn -0.5880 -0.3696 0.7195
vn -0.6100 -0.3541 0.7089
vn -0.6051 -0.3455 0.7173
vn -0.6246 -0.3307 0.7075
vn -0.6055 -0.4928 0.6249
vn -0.5760 -0.4960 0.6498
vn -0.6027 -0.4712 0.6440
vn -0.5874 -0.4698 0.6589
vn -0.5709 -0.4666 0.6755
vn -0.5764 -0.4738 0.6658
vn -0.5570 -0.4314 0.7097
vn -0.5804 -0.4264 0.6938
vn -0.5342 -0.4258 0.7303
vn -0.5690 -0.4187 0.7077
vn -0.5451 -0.3863 0.7441
vn -0.5662 -0.3726 0.7352
vn -0.5416 -0.5005 0.6754
vn -0.4998 -0.5046 0.7040
vn -0.5359 -0.4837 0.6920
vn -0.5143 -0.4575 0.7254
vn -0.5338 -0.4572 0.7113
vn -0.4942 -0.4481 0.7450
vn -0.5223 -0.4234 0.7402
vn -0.5138 -0.4222 0.7468
vn -0.5323 -0.4107 0.7403
vn -0.4597 -0.4929 0.7387
vn -0.4827 -0.4852 0.7290
vn -0.4376 -0.4764 0.7626
vn -0.4675 -0.4603 0.7547
vn -0.4626 -0.4509 0.7634
vn -0.4292 -0.5220 0.7371
vn -0.3825 -0.5147 0.7673
vn -0.4213 -0.4810 0.7689
vn -0.4108 -0.4738 0.7789
vn -0.5779 -0.3486 0.7379
vn -0.5636 -0.3265 0.7588
vn -0.5972 -0.3047 0.7420
vn -0.5381 -0.3710 0.7568
vn -0.5614 -0.3609 0.7447
vn -0.5448 -0.3412 0.7661
vn -0.5561 -0.3252 0.7649
vn -0.5344 -0.3183 0.7830
vn -0.5483 -0.3139 0.7752
vn -0.4987 -0.4211 0.7576
vn -0.4801 -0.4024 0.7795
vn -0.5105 -0.3773 0.7727
vn -0.5059 -0.3734 0.7776
vn -0.4687 -0.3782 0.7983
vn -0.5316 -0.3624 0.7655
vn -0.4548 -0.3574 0.8157
vn -0.5062 -0.3232 0.7995
vn -0.4898 -0.3100 0.8149
vn -0.4295 -0.4559 0.7796
vn -0.4580 -0.4490 0.7672
vn -0.4360 -0.4163 0.7979
vn -0.4589 -0.3998 0.7935
vn -0.4373 -0.3981 0.8064
vn -0.4574 -0.3850 0.8016
vn -0.4430 -0.3701 0.8166
vn -0.4526 -0.3515 0.8195
vn -0.4456 -0.3454 0.8259
vn -0.4648 -0.3308 0.8213
vn -0.4322 -0.3259 0.8408
vn -0.4525 -0.3107 0.8359
vn -0.4082 -0.4748 0.7797
vn -0.3986 -0.4418 0.8037
vn -0.4114 -0.4363 0.8003
vn -0.3878 -0.4307 0.8149
vn -0.4040 -0.4228 0.8112
vn -0.3946 -0.3913 0.8313
vn -0.4129 -0.3875 0.8242
vn -0.3737 -0.3799 0.8462
vn -0.4011 -0.3738 0.8363
vn -0.3778 -0.3389 0.8616
vn -0.4013 -0.3198 0.8583
vn -0.7296 -0.2921 0.6183
vn -0.7193 -0.2971 0.6279
vn -0.7480 -0.2657 0.6082
vn -0.7185 -0.2689 0.6414
vn -0.7345 -0.2568 0.6281
vn -0.7205 -0.2272 0.6552
vn -0.7205 -0.2251 0.6559
vn -0.7316 -0.1988 0.6521
vn -0.7117 -0.1937 0.6752
vn -0.7410 -0.1674 0.6503
vn -0.7006 -0.1622 0.6949
vn -0.7185 -0.1373 0.6818
vn -0.7034 -0.1338 0.6981
vn -0.7124 -0.0967 0.6951
vn -0.7202 -0.0524 0.6918
vn -0.6969 -0.2999 0.6514
vn -0.6647 -0.2986 0.6849
vn -0.7156 -0.2713 0.6436
vn -0.6550 -0.2714 0.7052
vn -0.6899 -0.2497 0.6795
vn -0.6669 -0.2260 0.7100
vn -0.6841 -0.1904 0.7041
vn -0.6966 -0.1589 0.6996
vn -0.6399 -0.2938 0.7101
vn -0.6517 -0.2682 0.7094
vn -0.6969 -0.1340 0.7046
vn -0.6962 -0.0987 0.7111
vn -0.6967 -0.0538 0.7154
vn -0.6639 -0.2272 0.7124
vn -0.6592 -0.1913 0.7272
vn -0.6561 -0.1596 0.7376
vn -0.6818 -0.1371 0.7185
vn -0.6576 -0.1294 0.7421
vn -0.6586 -0.0955 0.7464
vn -0.6624 -0.0861 0.7442
vn -0.6605 -0.0545 0.7488
vn -0.6531 -0.0549 0.7553
vn -0.6288 -0.2886 0.7220
vn -0.6188 -0.2633 0.7401
vn -0.6354 -0.2581 0.7278
vn -0.6201 -0.2243 0.7518
vn -0.6206 -0.2205 0.7525
vn -0.6358 -0.1940 0.7471
vn -0.6055 -0.1927 0.7722
vn -0.6498 -0.1586 0.7434
vn -0.5981 -0.1572 0.7858
vn -0.6567 -0.1312 0.7427
vn -0.5911 -0.1262 0.7967
vn -0.6241 -0.1215 0.7718
vn -0.5845 -0.0828 0.8072
vn -0.5953 -0.0543 0.8017
vn -0.5816 -0.2870 0.7612
vn -0.5734 -0.2885 0.7668
vn -0.6001 -0.2645 0.7549
vn -0.5642 -0.2651 0.7819
vn -0.5896 -0.2586 0.7652
vn -0.5595 -0.2141 0.8007
vn -0.5731 -0.1858 0.7981
vn -0.5755 -0.1539 0.8032
vn -0.5677 -0.1491 0.8096
vn -0.5808 -0.1216 0.8049
vn -0.5586 -0.1183 0.8210
vn -0.5832 -0.0903 0.8073
vn -0.5536 -0.0866 0.8283
vn -0.5846 -0.0559 0.8094
vn -0.5499 -0.0539 0.8335
vn -0.5243 -0.2805 0.8040
vn -0.5400 -0.2636 0.7994
vn -0.5160 -0.2608 0.8159
vn -0.5523 -0.2294 0.8014
vn -0.5056 -0.2236 0.8333
vn -0.5674 -0.1922 0.8007
vn -0.4974 -0.1865 0.8472
vn -0.5342 -0.1695 0.8282
vn -0.5059 -0.1440 0.8505
vn -0.5130 -0.1124 0.8510
vn -0.5161 -0.0845 0.8523
vn -0.5005 -0.0767 0.8624
vn -0.5189 -0.0516 0.8533
vn -0.4882 -0.0491 0.8714
vn -0.5048 -0.2998 0.8095
vn -0.4714 -0.2931 0.8318
vn -0.4955 -0.2757 0.8237
vn -0.4750 -0.2532 0.8428
vn -0.4866 -0.2179 0.8460
vn -0.4903 -0.1813 0.8525
vn -0.4780 -0.1743 0.8609
vn -0.4936 -0.1487 0.8569
vn -0.4696 -0.1413 0.8715
vn -0.4942 -0.1168 0.8615
vn -0.4633 -0.1121 0.8791
vn -0.4776 -0.1063 0.8721
vn -0.4517 -0.0715 0.8893
vn -0.4578 -0.0450 0.8879
vn -0.4430 -0.2853 0.8499
vn -0.4542 -0.2673 0.8499
vn -0.4208 -0.2579 0.8697
vn -0.4780 -0.2331 0.8469
vn -0.3974 -0.2212 0.8906
vn -0.4448 -0.1838 0.8766
vn -0.4152 -0.1666 0.8943
vn -0.4247 -0.1356 0.8951
vn -0.4283 -0.1032 0.8977
vn -0.4306 -0.0792 0.8991
vn -0.4138 -0.0688 0.9078
vn -0.4306 -0.0436 0.9015
vn -0.4038 -0.0422 0.9139
vn -0.4149 -0.3060 0.8569
vn -0.3778 -0.2935 0.8781
vn -0.4010 -0.2729 0.8745
vn -0.3839 -0.2491 0.8891
vn -0.3928 -0.2081 0.8958
vn -0.3960 -0.1726 0.9019
vn -0.3890 -0.1636 0.9066
vn -0.3950 -0.1376 0.9083
vn -0.3793 -0.1324 0.9157
vn -0.3957 -0.1097 0.9118
vn -0.3744 -0.1059 0.9212
vn -0.3845 -0.1052 0.9171
vn -0.3571 -0.0663 0.9317
vn -0.3702 -0.0418 0.9280
vn -0.0892 -0.9959 -0.0109
vn -0.0747 -0.9913 -0.1088
vn -0.0606 -0.9837 -0.1694
vn -0.0520 -0.9861 -0.1575
vn -0.0495 -0.9958 -0.0766
vn -0.0540 -0.9985 -0.0043
vn -0.0834 -0.9955 0.0454
vn -0.1399 -0.9828 0.1201
vn -0.0205 -0.9998 -0.0009
vn -0.0111 -0.9953 -0.0958
vn 0.0031 -0.9878 -0.1556
vn 0.0158 -0.9884 -0.1509
vn 0.0157 -0.9966 -0.0810
vn 0.0047 -0.9999 -0.0154
vn -0.0121 -0.9999 0.0102
vn -0.0530 -0.9969 0.0578
vn 0.0370 -0.9993 0.0033
vn 0.0474 -0.9957 -0.0802
vn 0.0670 -0.9883 -0.1372
vn 0.0798 -0.9864 -0.1435
vn 0.0682 -0.9926 -0.1002
vn 0.0347 -0.9986 -0.0407
vn 0.0081 -0.9999 -0.0079
vn -0.0106 -0.9998 0.0163
vn 0.1100 -0.9939 0.0005
vn 0.1145 -0.9915 -0.0618
vn 0.1309 -0.9844 -0.1176
vn 0.1361 -0.9803 -0.1429
vn 0.1185 -0.9845 -0.1291
vn 0.0790 -0.9933 -0.0847
vn 0.0379 -0.9988 -0.0315
vn 0.0259 -0.9996 0.0093
vn 0.2041 -0.9789 -0.0117
vn 0.1981 -0.9789 -0.0500
vn 0.1960 -0.9742 -0.1114
vn 0.1788 -0.9712 -0.1574
vn 0.1511 -0.9757 -0.1586
vn 0.1243 -0.9848 -0.1215
vn 0.1060 -0.9929 -0.0541
vn 0.1092 -0.9938 0.0233
vn 0.2490 -0.9684 -0.0166
vn 0.2458 -0.9681 -0.0484
vn 0.2249 -0.9663 -0.1255
vn 0.1969 -0.9626 -0.1861
vn 0.1702 -0.9682 -0.1834
vn 0.1628 -0.9779 -0.1315
vn 0.1761 -0.9831 -0.0494
vn 0.1982 -0.9792 0.0444
vn 0.3238 -0.9456 -0.0307
vn 0.2948 -0.9534 -0.0637
vn 0.2781 -0.9484 -0.1522
vn 0.1908 -0.9563 -0.2217
vn 0.1634 -0.9653 -0.2036
vn 0.1622 -0.9790 -0.1232
vn 0.1859 -0.9823 -0.0222
vn 0.2116 -0.9750 0.0670
vn 0.3349 -0.9417 -0.0319
vn 0.3230 -0.9418 -0.0936
vn 0.2623 -0.9450 -0.1955
vn 0.2202 -0.9500 -0.2215
vn 0.1900 -0.9489 -0.2521
vn 0.1067 -0.9717 -0.2110
vn 0.1135 -0.9868 -0.1151
vn 0.1293 -0.9916 0.0071
vn 0.1456 -0.9859 0.0829
vn 0.1210 -0.9926 -0.0142
vn 0.1377 -0.9842 -0.1115
vn 0.1208 -0.9594 -0.2549
vn 0.0823 -0.9684 -0.2355
vn 0.0927 -0.9583 -0.2704
vn -0.1948 -0.9577 0.2117
vn -0.2272 -0.9244 0.3064
vn -0.2280 -0.9073 0.3532
vn -0.2609 -0.8431 0.4703
vn -0.2776 -0.8220 0.4973
vn -0.2978 -0.7878 0.5391
vn -0.2637 -0.7680 0.5836
vn -0.3150 -0.7275 0.6095
vn -0.3328 -0.7203 0.6086
vn -0.2699 -0.6971 0.6642
vn -0.3523 -0.6190 0.7020
vn -0.3506 -0.6238 0.6985
vn -0.3084 -0.6097 0.7302
vn -0.3512 -0.5616 0.7491
vn -0.3531 -0.5595 0.7499
vn -0.3249 -0.5588 0.7630
vn -0.3492 -0.5426 0.7640
vn -0.1107 -0.9807 0.1614
vn -0.1509 -0.9471 0.2833
vn -0.1634 -0.9147 0.3696
vn -0.1850 -0.8792 0.4391
vn -0.2053 -0.8364 0.5082
vn -0.1962 -0.8267 0.5274
vn -0.2169 -0.7480 0.6273
vn -0.2243 -0.7469 0.6259
vn -0.2407 -0.6733 0.6990
vn -0.2518 -0.6619 0.7060
vn -0.2610 -0.5984 0.7575
vn -0.2692 -0.6021 0.7517
vn -0.2752 -0.5427 0.7936
vn -0.0371 -0.9922 0.1189
vn -0.0620 -0.9635 0.2606
vn -0.0736 -0.9267 0.3685
vn -0.0987 -0.9079 0.4074
vn -0.0430 -0.8823 0.4687
vn -0.1128 -0.8415 0.5283
vn -0.1047 -0.8373 0.5367
vn -0.1262 -0.7881 0.6024
vn -0.1422 -0.7544 0.6408
vn -0.1595 -0.7190 0.6764
vn -0.1747 -0.6687 0.7228
vn -0.1905 -0.6385 0.7457
vn -0.2060 -0.6076 0.7670
vn -0.2161 -0.5749 0.7891
vn 0.0349 -0.9935 0.1086
vn 0.0343 -0.9686 0.2463
vn 0.0227 -0.9325 0.3605
vn 0.0133 -0.9274 0.3739
vn 0.0738 -0.8884 0.4530
vn 0.0003 -0.8390 0.5441
vn -0.0090 -0.8486 0.5289
vn -0.0279 -0.8141 0.5800
vn -0.0477 -0.7732 0.6324
vn -0.0711 -0.7514 0.6560
vn -0.0934 -0.6912 0.7166
vn -0.1186 -0.6736 0.7295
vn -0.1376 -0.6284 0.7656
vn -0.1547 -0.6008 0.7843
vn 0.1280 -0.9842 0.1226
vn 0.1365 -0.9608 0.2413
vn 0.1209 -0.9300 0.3471
vn 0.1182 -0.9169 0.3813
vn 0.1054 -0.8762 0.4704
vn 0.0682 -0.8594 0.5068
vn 0.0515 -0.8269 0.5600
vn 0.0338 -0.7927 0.6087
vn 0.0082 -0.7763 0.6303
vn -0.0167 -0.7189 0.6949
vn -0.0460 -0.7074 0.7054
vn -0.0697 -0.6512 0.7557
vn -0.0947 -0.6322 0.7690
vn 0.2139 -0.9672 0.1370
vn 0.2120 -0.9484 0.2356
vn 0.1843 -0.9313 0.3142
vn 0.1890 -0.9298 0.3157
vn 0.1718 -0.9109 0.3751
vn 0.1578 -0.8964 0.4142
vn 0.1161 -0.8708 0.4777
vn 0.0976 -0.8360 0.5400
vn 0.0754 -0.8127 0.5778
vn 0.0482 -0.7964 0.6028
vn 0.0244 -0.7451 0.6665
vn -0.0028 -0.7355 0.6775
vn -0.0231 -0.6722 0.7400
vn -0.0427 -0.6613 0.7489
vn 0.2220 -0.9642 0.1449
vn 0.2091 -0.9524 0.2219
vn 0.1928 -0.9484 0.2515
vn 0.1672 -0.9373 0.3058
vn 0.1363 -0.9130 0.3845
vn 0.1087 -0.8881 0.4467
vn 0.0933 -0.8501 0.5184
vn 0.0724 -0.8335 0.5478
vn 0.0495 -0.8136 0.5792
vn 0.0304 -0.7680 0.6397
vn 0.0079 -0.7576 0.6526
vn -0.0083 -0.6880 0.7257
vn -0.0228 -0.6811 0.7319
vn 0.1444 -0.9789 0.1447
vn 0.1400 -0.9659 0.2180
vn 0.0546 -0.9799 0.1921
vn 0.1197 -0.9726 0.1992
vn 0.1111 -0.9555 0.2734
vn 0.0847 -0.9252 0.3698
vn 0.0676 -0.9008 0.4289
vn 0.0388 -0.8911 0.4521
vn 0.0583 -0.8659 0.4968
vn 0.0441 -0.8503 0.5244
vn 0.0294 -0.8251 0.5643
vn 0.0217 -0.7820 0.6229
vn 0.0142 -0.7697 0.6382
vn 0.0056 -0.7012 0.7130
vn -0.0072 -0.6957 0.7183
vn -0.2142 -0.5755 0.7892
vn -0.1660 -0.5702 0.8045
vn -0.1135 -0.5842 0.8036
vn -0.0594 -0.6026 0.7958
vn -0.0330 -0.6152 0.7877
vn -0.0158 -0.6219 0.7829
vn -0.3436 -0.5094 0.7890
vn -0.3728 -0.5035 0.7794
vn -0.3024 -0.5320 0.7909
vn -0.3117 -0.4900 0.8141
vn -0.3665 -0.4520 0.8133
vn -0.3554 -0.4600 0.8137
vn -0.3483 -0.4649 0.8140
vn -0.3439 -0.4184 0.8406
vn -0.3574 -0.4098 0.8393
vn -0.3531 -0.4058 0.8430
vn -0.3486 -0.3685 0.8618
vn -0.3590 -0.3535 0.8638
vn -0.3699 -0.3375 0.8656
vn -0.3429 -0.3281 0.8802
vn -0.3600 -0.3123 0.8791
vn -0.2762 -0.5244 0.8054
vn -0.2973 -0.4987 0.8142
vn -0.2928 -0.4861 0.8234
vn -0.3081 -0.4806 0.8211
vn -0.2784 -0.4730 0.8359
vn -0.3068 -0.4500 0.8387
vn -0.3035 -0.4421 0.8441
vn -0.3225 -0.4318 0.8423
vn -0.2708 -0.4195 0.8664
vn -0.3170 -0.3883 0.8653
vn -0.3094 -0.3863 0.8689
vn -0.3273 -0.3710 0.8690
vn -0.2772 -0.3617 0.8901
vn -0.3164 -0.3405 0.8854
vn -0.3058 -0.3195 0.8969
vn -0.2207 -0.5048 0.8345
vn -0.2457 -0.4988 0.8311
vn -0.2468 -0.4962 0.8324
vn -0.2467 -0.4683 0.8484
vn -0.2655 -0.4571 0.8489
vn -0.2397 -0.4493 0.8606
vn -0.2598 -0.4246 0.8673
vn -0.2574 -0.4175 0.8715
vn -0.2712 -0.4000 0.8755
vn -0.2581 -0.3923 0.8829
vn -0.2655 -0.3751 0.8881
vn -0.2604 -0.3557 0.8976
vn -0.2690 -0.3328 0.9038
vn -0.1722 -0.5374 0.8256
vn -0.1923 -0.5246 0.8294
vn -0.1626 -0.5164 0.8408
vn -0.1970 -0.4873 0.8507
vn -0.1980 -0.4870 0.8507
vn -0.1966 -0.4875 0.8507
vn -0.1990 -0.4345 0.8784
vn -0.2159 -0.4287 0.8773
vn -0.2119 -0.4328 0.8762
vn -0.2089 -0.3722 0.9043
vn -0.2230 -0.3625 0.9049
vn -0.2347 -0.3426 0.9097
vn -0.2043 -0.3319 0.9209
vn -0.2253 -0.3122 0.9229
vn -0.1306 -0.5560 0.8209
vn -0.1388 -0.5412 0.8294
vn -0.1457 -0.5117 0.8467
vn -0.1606 -0.5010 0.8504
vn -0.1640 -0.4799 0.8619
vn -0.1649 -0.4569 0.8741
vn -0.1730 -0.4389 0.8817
vn -0.1734 -0.4224 0.8897
vn -0.1724 -0.3955 0.9021
vn -0.1802 -0.3689 0.9118
vn -0.1746 -0.3609 0.9161
vn -0.1689 -0.3138 0.9344
vn -0.0769 -0.5818 0.8097
vn -0.0918 -0.5501 0.8301
vn -0.1030 -0.5306 0.8413
vn -0.1211 -0.5228 0.8438
vn -0.0939 -0.5109 0.8545
vn -0.1260 -0.4766 0.8700
vn -0.1256 -0.4680 0.8748
vn -0.1429 -0.4574 0.8777
vn -0.1039 -0.4393 0.8923
vn -0.1408 -0.4125 0.9000
vn -0.1335 -0.4033 0.9053
vn -0.1390 -0.3758 0.9162
vn -0.1363 -0.3518 0.9261
vn -0.1339 -0.3283 0.9350
vn -0.0423 -0.5999 0.7990
vn -0.0524 -0.5655 0.8231
vn -0.0631 -0.5457 0.8356
vn -0.0676 -0.5454 0.8354
vn -0.0733 -0.4890 0.8692
vn -0.0872 -0.4734 0.8765
vn -0.0849 -0.4560 0.8859
vn -0.0831 -0.4258 0.9010
vn -0.0876 -0.4080 0.9088
vn -0.0983 -0.3947 0.9135
vn -0.0570 -0.3702 0.9272
vn -0.0953 -0.3391 0.9359
vn -0.0869 -0.3329 0.9389
vn -0.0221 -0.6104 0.7918
vn -0.0291 -0.5770 0.8162
vn -0.0367 -0.5564 0.8301
vn -0.0422 -0.5449 0.8374
vn -0.0431 -0.4999 0.8650
vn -0.0452 -0.4794 0.8764
vn -0.0446 -0.4510 0.8914
vn -0.0429 -0.4310 0.9013
vn -0.0440 -0.4059 0.9129
vn -0.0395 -0.3892 0.9203
vn -0.0374 -0.3516 0.9354
vn -0.0394 -0.3358 0.9411
vn -0.3481 -0.2823 0.8939
vn -0.3543 -0.2563 0.8993
vn -0.3652 -0.2227 0.9039
vn -0.3176 -0.2079 0.9252
vn -0.3471 -0.1863 0.9191
vn -0.3108 -0.1549 0.9378
vn -0.3307 -0.1289 0.9349
vn -0.3436 -0.1021 0.9335
vn -0.3467 -0.0751 0.9350
vn -0.3479 -0.0434 0.9365
vn -0.3164 -0.2915 0.9027
vn -0.3197 -0.2619 0.9106
vn -0.3004 -0.2525 0.9198
vn -0.3101 -0.2376 0.9205
vn -0.3000 -0.1973 0.9333
vn -0.3049 -0.1611 0.9387
vn -0.3032 -0.1342 0.9434
vn -0.3032 -0.1092 0.9467
vn -0.3076 -0.0796 0.9482
vn -0.2989 -0.0750 0.9513
vn -0.3135 -0.0464 0.9484
vn -0.2875 -0.0461 0.9567
vn -0.2877 -0.3075 0.9070
vn -0.2390 -0.2936 0.9256
vn -0.2738 -0.2631 0.9251
vn -0.2625 -0.2431 0.9338
vn -0.2698 -0.2047 0.9409
vn -0.2660 -0.1584 0.9509
vn -0.2674 -0.1373 0.9537
vn -0.2445 -0.1310 0.9608
vn -0.2764 -0.1160 0.9540
vn -0.2397 -0.1130 0.9642
vn -0.2640 -0.1097 0.9583
vn -0.2403 -0.0725 0.9680
vn -0.2557 -0.0449 0.9657
vn -0.2157 -0.2825 0.9347
vn -0.2245 -0.2525 0.9412
vn -0.2254 -0.2042 0.9526
vn -0.2293 -0.1626 0.9597
vn -0.2174 -0.1577 0.9633
vn -0.2237 -0.1513 0.9628
vn -0.2126 -0.1272 0.9688
vn -0.2230 -0.1108 0.9685
vn -0.2247 -0.0813 0.9710
vn -0.2243 -0.0466 0.9734
vn -0.1778 -0.2901 0.9404
vn -0.1780 -0.2522 0.9511
vn -0.2029 -0.2294 0.9519
vn -0.1310 -0.2048 0.9700
vn -0.1793 -0.1630 0.9702
vn -0.1670 -0.1477 0.9748
vn -0.1777 -0.1338 0.9749
vn -0.1775 -0.1140 0.9775
vn -0.1774 -0.0811 0.9808
vn -0.1773 -0.0466 0.9830
vn -0.1355 -0.2890 0.9477
vn -0.1355 -0.2526 0.9580
vn -0.1287 -0.2360 0.9632
vn -0.1220 -0.1882 0.9745
vn -0.1300 -0.1608 0.9784
vn -0.1303 -0.1341 0.9824
vn -0.1292 -0.1134 0.9851
vn -0.1275 -0.0805 0.9886
vn -0.1259 -0.0458 0.9910
vn -0.0873 -0.2867 0.9540
vn -0.0977 -0.2691 0.9581
vn -0.0494 -0.2459 0.9680
vn -0.0905 -0.2175 0.9718
vn -0.0822 -0.2009 0.9762
vn -0.0853 -0.1602 0.9834
vn -0.0823 -0.1326 0.9877
vn -0.0796 -0.1118 0.9905
vn -0.0767 -0.0779 0.9940
vn -0.0743 -0.0445 0.9962
vn -0.0403 -0.2876 0.9569
vn -0.0377 -0.2633 0.9640
vn -0.0371 -0.2326 0.9719
vn -0.0398 -0.2032 0.9783
vn -0.0352 -0.1572 0.9869
vn -0.0328 -0.1308 0.9909
vn -0.0306 -0.1091 0.9936
vn -0.0259 -0.0731 0.9970
vn -0.0209 -0.0419 0.9989
vn -0.8947 0.0290 -0.4457
vn -0.9022 0.0417 -0.4294
vn -0.9168 0.0446 -0.3969
vn -0.9277 0.0457 -0.3705
vn -0.9011 0.0818 -0.4258
vn -0.9160 0.0884 -0.3913
vn -0.9269 0.0890 -0.3646
vn -0.9001 0.1187 -0.4191
vn -0.9147 0.1257 -0.3841
vn -0.9254 0.1263 -0.3573
vn -0.8984 0.1601 -0.4089
vn -0.9099 0.1703 -0.3783
vn -0.9194 0.1632 -0.3580
vn -0.9032 0.2149 -0.3715
vn -0.8914 0.2768 -0.3588
vn -0.8614 0.0334 -0.5067
vn -0.8635 0.0271 -0.5037
vn -0.8789 0.0734 -0.4712
vn -0.8616 0.0764 -0.5017
vn -0.8703 0.0838 -0.4853
vn -0.8888 0.0841 -0.4506
vn -0.8593 0.1202 -0.4971
vn -0.8695 0.1232 -0.4784
vn -0.8837 0.1206 -0.4522
vn -0.8575 0.1636 -0.4877
vn -0.8641 0.1714 -0.4733
vn -0.8743 0.1648 -0.4565
vn -0.8861 0.1767 -0.4285
vn -0.8552 0.2215 -0.4686
vn -0.8529 0.2446 -0.4612
vn -0.8960 0.2337 -0.3775
vn -0.8492 0.2810 -0.4471
vn -0.8532 0.2984 -0.4278
vn -0.8660 0.2889 -0.4081
vn -0.8674 0.3237 -0.3780
vn -0.8454 0.3452 -0.4077
vn -0.8444 0.3651 -0.3921
vn -0.8631 0.3495 -0.3646
vn -0.8350 0.4105 -0.3663
vn -0.8148 0.0289 -0.5790
vn -0.8222 0.0317 -0.5684
vn -0.8464 0.0321 -0.5317
vn -0.8155 0.0720 -0.5742
vn -0.8218 0.0765 -0.5647
vn -0.8441 0.0761 -0.5307
vn -0.8211 0.1207 -0.5579
vn -0.8398 0.1220 -0.5290
vn -0.8196 0.1715 -0.5466
vn -0.8293 0.1682 -0.5328
vn -0.8405 0.1852 -0.5092
vn -0.8197 0.2186 -0.5295
vn -0.8141 0.2371 -0.5302
vn -0.8496 0.2300 -0.4747
vn -0.8094 0.2981 -0.5060
vn -0.8179 0.2893 -0.4974
vn -0.8230 0.3247 -0.4661
vn -0.8025 0.3478 -0.4849
vn -0.7978 0.3702 -0.4760
vn -0.8221 0.3591 -0.4418
vn -0.8190 0.3914 -0.4197
vn -0.7955 0.4133 -0.4432
vn -0.7855 0.4435 -0.4316
vn -0.8113 0.4281 -0.3982
vn -0.8019 0.4617 -0.3791
vn -0.7727 0.0244 -0.6343
vn -0.7869 0.0275 -0.6165
vn -0.7751 0.0750 -0.6273
vn -0.7834 0.0739 -0.6171
vn -0.7986 0.0820 -0.5963
vn -0.7795 0.1178 -0.6152
vn -0.7709 0.1308 -0.6234
vn -0.8167 0.1271 -0.5629
vn -0.7754 0.1755 -0.6066
vn -0.7993 0.1731 -0.5755
vn -0.7718 0.2304 -0.5927
vn -0.7782 0.2240 -0.5867
vn -0.7913 0.2642 -0.5514
vn -0.7669 0.2906 -0.5722
vn -0.7580 0.3128 -0.5724
vn -0.8029 0.3074 -0.5107
vn -0.7584 0.3630 -0.5414
vn -0.7643 0.3614 -0.5341
vn -0.7662 0.3958 -0.5063
vn -0.7425 0.4385 -0.5063
vn -0.7570 0.4308 -0.4913
vn -0.7523 0.4755 -0.4560
vn -0.9748 0.0392 -0.2198
vn -0.9815 0.0368 -0.1878
vn -0.9890 0.0327 -0.1444
vn -0.9940 0.0284 -0.1054
vn -0.9975 0.0245 -0.0659
vn -0.9715 0.0911 -0.2187
vn -0.9774 0.0915 -0.1903
vn -0.9849 0.0880 -0.1491
vn -0.9905 0.0822 -0.1104
vn -0.9946 0.0769 -0.0698
vn -0.9717 0.1240 -0.2011
vn -0.9722 0.1350 -0.1912
vn -0.9792 0.1332 -0.1533
vn -0.9848 0.1300 -0.1148
vn -0.9891 0.1279 -0.0727
vn -0.9670 0.1716 -0.1884
vn -0.9722 0.1749 -0.1557
vn -0.9779 0.1734 -0.1170
vn -0.9822 0.1728 -0.0734
vn -0.9711 0.1893 -0.1457
vn -0.9717 0.2063 -0.1149
vn -0.9749 0.2097 -0.0750
vn -0.9705 0.2316 -0.0672
vn -0.9396 0.0463 -0.3390
vn -0.9547 0.0471 -0.2937
vn -0.9550 0.0586 -0.2909
vn -0.9745 0.0509 -0.2185
vn -0.9386 0.0920 -0.3326
vn -0.9511 0.0987 -0.2926
vn -0.9580 0.1027 -0.2677
vn -0.9649 0.0975 -0.2437
vn -0.9384 0.1268 -0.3215
vn -0.9479 0.1344 -0.2887
vn -0.9550 0.1392 -0.2618
vn -0.9554 0.1330 -0.2636
vn -0.9586 0.1737 -0.2258
vn -0.9394 0.1610 -0.3027
vn -0.9434 0.1718 -0.2835
vn -0.9504 0.1762 -0.2561
vn -0.9545 0.1867 -0.2327
vn -0.9615 0.1807 -0.2069
vn -0.9613 0.1922 -0.1976
vn -0.9419 0.1993 -0.2704
vn -0.9437 0.2120 -0.2541
vn -0.9511 0.2124 -0.2244
vn -0.9538 0.2190 -0.2058
vn -0.9581 0.2102 -0.1945
vn -0.9562 0.2469 -0.1573
vn -0.9661 0.2284 -0.1206
vn -0.9355 0.2550 -0.2445
vn -0.9388 0.2613 -0.2244
vn -0.9453 0.2581 -0.1994
vn -0.9511 0.2596 -0.1674
vn -0.9545 0.2697 -0.1275
vn -0.9619 0.2510 -0.1084
vn -0.9574 0.2798 -0.0712
vn -0.9290 0.2998 -0.2170
vn -0.9297 0.3115 -0.1967
vn -0.9354 0.3100 -0.1701
vn -0.9455 0.2996 -0.1273
vn -0.9520 0.2960 -0.0783
vn -0.9204 0.3548 -0.1640
vn -0.9214 0.3671 -0.1276
vn -0.9273 0.3667 -0.0751
vn -0.9282 0.1831 -0.3239
vn -0.9126 0.2259 -0.3408
vn -0.9294 0.2110 -0.3030
vn -0.9279 0.2433 -0.2825
vn -0.8996 0.2845 -0.3313
vn -0.9075 0.2917 -0.3023
vn -0.9244 0.2713 -0.2680
vn -0.9190 0.2975 -0.2587
vn -0.8880 0.3312 -0.3190
vn -0.8930 0.3417 -0.2930
vn -0.8966 0.3469 -0.2754
vn -0.9113 0.3274 -0.2495
vn -0.9031 0.3616 -0.2316
vn -0.9158 0.3430 -0.2089
vn -0.8784 0.3845 -0.2840
vn -0.8794 0.4013 -0.2561
vn -0.8788 0.4084 -0.2467
vn -0.8766 0.4256 -0.2244
vn -0.9017 0.3875 -0.1920
vn -0.8857 0.4301 -0.1749
vn -0.8984 0.4162 -0.1402
vn -0.8610 0.3814 -0.3363
vn -0.8307 0.4324 -0.3506
vn -0.8527 0.4151 -0.3171
vn -0.8390 0.4570 -0.2954
vn -0.8562 0.4411 -0.2690
vn -0.7791 0.4781 -0.4055
vn -0.7778 0.4953 -0.3870
vn -0.7967 0.4856 -0.3597
vn -0.7803 0.5146 -0.3555
vn -0.7312 0.5035 -0.4602
vn -0.7510 0.4980 -0.4336
vn -0.7459 0.5156 -0.4217
vn -0.7179 0.5601 -0.4134
vn -0.7232 0.5511 -0.4162
vn -0.7027 0.6182 -0.3522
vn -0.7010 0.6187 -0.3547
vn -0.9170 0.3941 -0.0614
vn -0.8618 0.4514 -0.2315
vn -0.8634 0.4594 -0.2085
vn -0.8659 0.4641 -0.1868
vn -0.8689 0.4718 -0.1499
vn -0.8863 0.4438 -0.1321
vn -0.8689 0.4901 -0.0690
vn -0.8502 0.4972 -0.1731
vn -0.8516 0.5045 -0.1425
vn -0.8555 0.5105 -0.0870
vn -0.8234 0.4657 -0.3242
vn -0.8219 0.4840 -0.3004
vn -0.8187 0.5017 -0.2791
vn -0.8443 0.4757 -0.2467
vn -0.8316 0.5003 -0.2411
vn -0.8462 0.4860 -0.2187
vn -0.8093 0.5295 -0.2543
vn -0.7948 0.5578 -0.2391
vn -0.7773 0.5875 -0.2251
vn -0.8139 0.5476 -0.1941
vn -0.7825 0.5955 -0.1818
vn -0.7964 0.5849 -0.1537
vn -0.8121 0.5758 -0.0950
vn -0.7716 0.6023 -0.2046
vn -0.7693 0.6109 -0.1870
vn -0.7700 0.6179 -0.1591
vn -0.7771 0.6206 -0.1047
vn -0.7873 0.5200 -0.3312
vn -0.8072 0.5057 -0.3043
vn -0.7636 0.5572 -0.3262
vn -0.7478 0.5889 -0.3066
vn -0.7819 0.5583 -0.2775
vn -0.7525 0.6076 -0.2541
vn -0.7646 0.6022 -0.2297
vn -0.7481 0.6017 -0.2800
vn -0.7402 0.6235 -0.2517
vn -0.7297 0.6451 -0.2266
vn -0.7428 0.6310 -0.2240
vn -0.7234 0.6590 -0.2058
vn -0.7336 0.6525 -0.1898
vn -0.7474 0.6434 -0.1656
vn -0.7718 0.6240 -0.1222
vn -0.7100 0.6748 -0.2013
vn -0.6970 0.6921 -0.1876
vn -0.6850 0.7095 -0.1657
vn -0.6685 0.7329 -0.1259
vn -0.7258 0.6831 -0.0814
vn -0.7296 0.6021 -0.3243
vn -0.6919 0.6455 -0.3234
vn -0.7091 0.6308 -0.3152
vn -0.6875 0.6709 -0.2779
vn -0.7060 0.6636 -0.2476
vn -0.7197 0.6571 -0.2241
vn -0.6765 0.6833 -0.2747
vn -0.6630 0.7073 -0.2452
vn -0.6477 0.7313 -0.2138
vn -0.6823 0.7032 -0.1999
vn -0.6438 0.7413 -0.1897
vn -0.6466 0.7410 -0.1813
vn -0.6535 0.7396 -0.1608
vn -0.6642 0.7384 -0.1166
vn -0.6337 0.7521 -0.1809
vn -0.6094 0.7744 -0.1701
vn -0.5839 0.7976 -0.1514
vn -0.5678 0.8155 -0.1121
vn -0.6640 0.0099 -0.7477
vn -0.6822 0.0128 -0.7310
vn -0.6658 0.0657 -0.7432
vn -0.6820 0.0671 -0.7283
vn -0.6739 0.1141 -0.7300
vn -0.6748 0.1189 -0.7284
vn -0.6630 0.1671 -0.7297
vn -0.6021 0.0065 -0.7984
vn -0.6074 0.0109 -0.7944
vn -0.6090 0.0625 -0.7907
vn -0.5996 0.1112 -0.7925
vn -0.6346 0.1560 -0.7569
vn -0.5998 0.1775 -0.7802
vn -0.6642 0.1810 -0.7253
vn -0.6088 0.2341 -0.7580
vn -0.6487 0.2355 -0.7237
vn -0.6195 0.3022 -0.7245
vn -0.6194 0.3051 -0.7234
vn -0.5442 0.0059 -0.8390
vn -0.5731 0.0482 -0.8181
vn -0.5487 0.0611 -0.8338
vn -0.6006 0.0656 -0.7969
vn -0.5545 0.1098 -0.8249
vn -0.5981 0.1164 -0.7929
vn -0.5566 0.1687 -0.8135
vn -0.5906 0.1713 -0.7886
vn -0.5687 0.2256 -0.7910
vn -0.5748 0.2315 -0.7848
vn -0.5472 0.2969 -0.7825
vn -0.5766 0.3503 -0.7381
vn -0.5424 0.3849 -0.7468
vn -0.5825 0.3922 -0.7119
vn -0.5344 0.4435 -0.7195
vn -0.4908 0.0049 -0.8713
vn -0.5346 0.0093 -0.8451
vn -0.4908 0.0579 -0.8694
vn -0.5310 0.0570 -0.8454
vn -0.4988 0.1085 -0.8599
vn -0.5201 0.1124 -0.8467
vn -0.5124 0.1643 -0.8429
vn -0.4904 0.2212 -0.8429
vn -0.5191 0.2793 -0.8078
vn -0.4748 0.3185 -0.8204
vn -0.5386 0.3249 -0.7773
vn -0.5002 0.3709 -0.7825
vn -0.5074 0.3714 -0.7776
vn -0.5148 0.4134 -0.7511
vn -0.4819 0.4596 -0.7460
vn -0.5300 0.4806 -0.6987
vn -0.4502 0.0059 -0.8929
vn -0.4471 0.0565 -0.8927
vn -0.4364 0.1046 -0.8937
vn -0.4634 0.1441 -0.8743
vn -0.4296 0.1702 -0.8869
vn -0.4933 0.1777 -0.8515
vn -0.4520 0.2292 -0.8621
vn -0.4725 0.2411 -0.8477
vn -0.4613 0.3082 -0.8320
vn -0.4349 0.3558 -0.8272
vn -0.4632 0.4140 -0.7836
vn -0.4577 0.4455 -0.7695
vn -0.4576 0.4503 -0.7667
vn -0.4581 0.5000 -0.7349
vn -0.4022 0.0124 -0.9155
vn -0.4219 0.0100 -0.9066
vn -0.4010 0.0556 -0.9144
vn -0.4195 0.0572 -0.9059
vn -0.4151 0.0995 -0.9043
vn -0.4201 0.1118 -0.9006
vn -0.4146 0.1617 -0.8955
vn -0.3973 0.2205 -0.8908
vn -0.4158 0.2681 -0.8690
vn -0.3707 0.3166 -0.8731
vn -0.4370 0.3367 -0.8340
vn -0.4109 0.3741 -0.8314
vn -0.3851 0.4086 -0.8275
vn -0.3933 0.5186 -0.7591
vn -0.3515 0.0129 -0.9361
vn -0.3463 0.0554 -0.9365
vn -0.3238 0.0960 -0.9412
vn -0.3619 0.1485 -0.9203
vn -0.3178 0.1712 -0.9326
vn -0.3856 0.1784 -0.9052
vn -0.3438 0.2233 -0.9121
vn -0.3659 0.2384 -0.8996
vn -0.3471 0.3006 -0.8883
vn -0.3615 0.3373 -0.8692
vn -0.3291 0.3753 -0.8665
vn -0.3823 0.3969 -0.8345
vn -0.3509 0.4485 -0.8220
vn -0.3598 0.4958 -0.7904
vn -0.7194 0.0168 -0.6944
vn -0.7385 0.0205 -0.6740
vn -0.7227 0.0697 -0.6877
vn -0.7382 0.0725 -0.6707
vn -0.7267 0.1205 -0.6763
vn -0.7273 0.1180 -0.6761
vn -0.7500 0.1624 -0.6412
vn -0.7296 0.1671 -0.6631
vn -0.7263 0.1796 -0.6635
vn -0.7692 0.1785 -0.6136
vn -0.7226 0.2328 -0.6509
vn -0.7517 0.2319 -0.6174
vn -0.7200 0.3016 -0.6251
vn -0.7210 0.2976 -0.6257
vn -0.7303 0.3354 -0.5952
vn -0.7040 0.3805 -0.5997
vn -0.7363 0.3726 -0.5648
vn -0.7366 0.3996 -0.5457
vn -0.7090 0.4295 -0.5594
vn -0.6889 0.4618 -0.5587
vn -0.7344 0.4446 -0.5128
vn -0.7263 0.4647 -0.5065
vn -0.6931 0.1980 -0.6932
vn -0.6573 0.2414 -0.7140
vn -0.7128 0.2406 -0.6588
vn -0.6675 0.3081 -0.6779
vn -0.6753 0.3075 -0.6704
vn -0.6879 0.3390 -0.6417
vn -0.6495 0.3850 -0.6557
vn -0.6983 0.3793 -0.6071
vn -0.6606 0.4339 -0.6127
vn -0.6485 0.4324 -0.6265
vn -0.6491 0.4984 -0.5747
vn -0.6350 0.3426 -0.6924
vn -0.5932 0.3879 -0.7055
vn -0.6462 0.3880 -0.6572
vn -0.6099 0.4405 -0.6588
vn -0.5969 0.4376 -0.6725
vn -0.6008 0.5050 -0.6197
vn -0.5481 0.5138 -0.6600
vn -0.4917 0.5166 -0.7010
vn -0.4226 0.5335 -0.7326
vn -0.4715 0.5469 -0.6918
vn -0.4363 0.5624 -0.7024
vn -0.3950 0.5247 -0.7541
vn -0.4055 0.5555 -0.7259
vn -0.3820 0.5994 -0.7034
vn -0.4055 0.6089 -0.6818
vn -0.3416 0.5242 -0.7801
vn -0.3696 0.5465 -0.7515
vn -0.3422 0.5669 -0.7493
vn -0.3380 0.6515 -0.6792
vn -0.3340 0.6571 -0.6757
vn -0.6882 0.4960 -0.5294
vn -0.6758 0.5218 -0.5205
vn -0.7249 0.5069 -0.4664
vn -0.7217 0.5162 -0.4611
vn -0.6809 0.5498 -0.4839
vn -0.6562 0.5902 -0.4702
vn -0.6991 0.5769 -0.4224
vn -0.6802 0.6070 -0.4108
vn -0.6414 0.6513 -0.4054
vn -0.6645 0.6415 -0.3833
vn -0.6425 0.6785 -0.3561
vn -0.6238 0.6957 -0.3563
vn -0.6341 0.5145 -0.5772
vn -0.6479 0.5112 -0.5648
vn -0.6451 0.5392 -0.5414
vn -0.6218 0.5757 -0.5309
vn -0.6271 0.5716 -0.5292
vn -0.6113 0.6303 -0.4786
vn -0.6433 0.6131 -0.4585
vn -0.6000 0.6415 -0.4780
vn -0.5782 0.6791 -0.4522
vn -0.6218 0.6615 -0.4193
vn -0.6054 0.6881 -0.4001
vn -0.5647 0.7236 -0.3969
vn -0.5930 0.7130 -0.3741
vn -0.5497 0.7630 -0.3401
vn -0.5810 0.5225 -0.6240
vn -0.6025 0.5200 -0.6055
vn -0.6013 0.5480 -0.5815
vn -0.5713 0.5876 -0.5730
vn -0.5879 0.5826 -0.5612
vn -0.5711 0.6341 -0.5213
vn -0.5507 0.6537 -0.5191
vn -0.5647 0.6485 -0.5104
vn -0.5391 0.7010 -0.4669
vn -0.5623 0.6934 -0.4506
vn -0.5064 0.7483 -0.4286
vn -0.5429 0.7339 -0.4083
vn -0.5088 0.7771 -0.3705
vn -0.5237 0.7728 -0.3586
vn -0.4367 0.8407 -0.3201
vn -0.4796 0.8255 -0.2975
vn -0.5355 0.5235 -0.6627
vn -0.5476 0.5210 -0.6548
vn -0.5505 0.5529 -0.6255
vn -0.5292 0.5873 -0.6125
vn -0.5399 0.5898 -0.6006
vn -0.5247 0.6413 -0.5598
vn -0.5059 0.6598 -0.5557
vn -0.5181 0.6566 -0.5481
vn -0.4965 0.7096 -0.5000
vn -0.5179 0.7012 -0.4899
vn -0.4542 0.7656 -0.4555
vn -0.4800 0.7604 -0.4373
vn -0.4610 0.7869 -0.4102
vn -0.4796 0.7856 -0.3910
vn -0.4287 0.8093 -0.4015
vn -0.3873 0.8535 -0.3486
vn -0.4229 0.8476 -0.3205
vn -0.3795 0.8810 -0.2823
vn -0.4985 0.5598 -0.6619
vn -0.4879 0.5789 -0.6533
vn -0.4901 0.5761 -0.6541
vn -0.4708 0.6500 -0.5964
vn -0.4704 0.6584 -0.5875
vn -0.4546 0.7147 -0.5316
vn -0.4734 0.7091 -0.5226
vn -0.4172 0.7638 -0.4924
vn -0.4426 0.7644 -0.4688
vn -0.4180 0.7959 -0.4381
vn -0.4059 0.8094 -0.4244
vn -0.3580 0.8641 -0.3539
vn -0.3527 0.8823 -0.3118
vn -0.3445 0.8949 -0.2836
vn -0.2894 0.9264 -0.2409
vn -0.2990 0.9256 -0.2321
vn -0.4250 0.6511 -0.6288
vn -0.4466 0.6402 -0.6250
vn -0.4040 0.6931 -0.5970
vn -0.4356 0.7031 -0.5621
vn -0.4292 0.7141 -0.5530
vn -0.3854 0.7521 -0.5346
vn -0.4053 0.7612 -0.5063
vn -0.3806 0.7985 -0.4665
vn -0.3905 0.8017 -0.4525
vn -0.3344 0.8508 -0.4053
vn -0.3525 0.8528 -0.3854
vn -0.3167 0.8822 -0.3485
vn -0.3114 0.8994 -0.3068
vn -0.2643 0.9268 -0.2670
vn -0.2715 0.9276 -0.2566
vn -0.2194 0.9567 -0.1913
vn -0.3984 0.6415 -0.6556
vn -0.3701 0.6778 -0.6353
vn -0.3809 0.6878 -0.6179
vn -0.3728 0.7219 -0.5829
vn -0.3416 0.7447 -0.5734
vn -0.3662 0.7465 -0.5555
vn -0.3343 0.7994 -0.4993
vn -0.3541 0.8028 -0.4796
vn -0.2935 0.8473 -0.4426
vn -0.3190 0.8506 -0.4181
vn -0.2839 0.8851 -0.3689
vn -0.2856 0.8951 -0.3424
vn -0.2410 0.9233 -0.2991
vn -0.2449 0.9251 -0.2902
vn -0.1935 0.9575 -0.2136
vn -0.1805 0.9675 -0.1769
vn -0.3214 0.7270 -0.6067
vn -0.3183 0.7330 -0.6012
vn -0.2947 0.7990 -0.5242
vn -0.3036 0.8044 -0.5106
vn -0.2680 0.8330 -0.4841
vn -0.2812 0.8416 -0.4611
vn -0.2517 0.8776 -0.4080
vn -0.2517 0.8965 -0.3647
vn -0.2142 0.9210 -0.3254
vn -0.1681 0.9575 -0.2344
vn -0.1573 0.9664 -0.2032
vn -0.1233 0.9826 -0.1392
vn -0.6710 0.6669 -0.3242
vn -0.6069 0.7281 -0.3187
vn -0.6476 0.7045 -0.2904
vn -0.6030 0.7540 -0.2607
vn -0.6132 0.7519 -0.2422
vn -0.6318 0.7459 -0.2111
vn -0.5667 0.7919 -0.2272
vn -0.5384 0.8185 -0.2006
vn -0.5952 0.7809 -0.1895
vn -0.5254 0.8349 -0.1639
vn -0.5260 0.8374 -0.1483
vn -0.5166 0.8462 -0.1305
vn -0.5154 0.8500 -0.1093
vn -0.4671 0.8786 -0.0990
vn -0.5675 0.7633 -0.3088
vn -0.5891 0.7597 -0.2755
vn -0.5053 0.8115 -0.2935
vn -0.4761 0.8417 -0.2549
vn -0.5344 0.8136 -0.2289
vn -0.4787 0.8545 -0.2016
vn -0.4770 0.8619 -0.1724
vn -0.4735 0.8627 -0.1773
vn -0.4773 0.8659 -0.1499
vn -0.4823 0.8661 -0.1315
vn -0.3864 0.9102 -0.1494
vn -0.3615 0.9234 -0.1292
vn -0.3465 0.9314 -0.1117
vn -0.4129 0.9048 -0.1044
vn -0.3541 0.9311 -0.0874
vn -0.4288 0.8644 -0.2625
vn -0.4260 0.8761 -0.2259
vn -0.4204 0.8820 -0.2130
vn -0.4227 0.8888 -0.1768
vn -0.3319 0.9261 -0.1792
vn -0.3104 0.9392 -0.1471
vn -0.3607 0.9222 -0.1394
vn -0.3011 0.9461 -0.1191
vn -0.2909 0.9508 -0.1069
vn -0.2833 0.9545 -0.0937
vn -0.2730 0.9576 -0.0920
vn -0.3726 0.8895 -0.2644
vn -0.3636 0.9040 -0.2249
vn -0.3104 0.9229 -0.2277
vn -0.2795 0.9423 -0.1845
vn -0.3068 0.9346 -0.1803
vn -0.2546 0.9559 -0.1466
vn -0.2479 0.9611 -0.1217
vn -0.2308 0.9670 -0.1082
vn -0.2013 0.9755 -0.0889
vn -0.1739 0.9815 -0.0805
vn -0.1518 0.9856 -0.0751
vn -0.2400 0.9535 -0.1824
vn -0.2272 0.9621 -0.1507
vn -0.1997 0.9717 -0.1262
vn -0.1545 0.9832 -0.0968
vn -0.1134 0.9907 -0.0758
vn -0.0834 0.9945 -0.0633
vn -0.0631 0.9962 -0.0594
vn -0.0505 0.9968 -0.0627
vn -0.2042 0.9655 -0.1616
vn -0.1632 0.9795 -0.1183
vn -0.1123 0.9905 -0.0791
vn -0.0653 0.9965 -0.0521
vn -0.0222 0.9991 -0.0367
vn 0.0172 0.9993 -0.0334
vn 0.0457 0.9981 -0.0407
vn 0.0599 0.9967 -0.0545
vn -0.1410 0.9824 -0.1229
vn -0.0928 0.9934 -0.0675
vn -0.0392 0.9989 -0.0254
vn 0.0160 0.9999 -0.0036
vn 0.0619 0.9981 0.0040
vn 0.0979 0.9952 0.0016
vn 0.1286 0.9916 -0.0158
vn 0.1496 0.9878 -0.0429
vn -0.0767 0.9943 -0.0746
vn -0.0272 0.9995 -0.0178
vn 0.0226 0.9993 0.0283
vn 0.0771 0.9956 0.0525
vn 0.1356 0.9894 0.0527
vn 0.1845 0.9821 0.0387
vn 0.2157 0.9764 0.0103
vn 0.2334 0.9720 -0.0281
vn -0.3218 0.0143 -0.9467
vn -0.3197 0.0602 -0.9456
vn -0.3162 0.1100 -0.9423
vn -0.3118 0.1659 -0.9355
vn -0.2915 0.2116 -0.9329
vn -0.3127 0.2694 -0.9108
vn -0.3078 0.2959 -0.9042
vn -0.3286 0.3134 -0.8910
vn -0.3102 0.3596 -0.8800
vn -0.3238 0.3891 -0.8624
vn -0.2922 0.4446 -0.8468
vn -0.3466 0.4727 -0.8102
vn -0.2435 0.0199 -0.9697
vn -0.2874 0.0173 -0.9577
vn -0.2416 0.0652 -0.9682
vn -0.2771 0.0684 -0.9584
vn -0.2722 0.1137 -0.9555
vn -0.2695 0.1693 -0.9480
vn -0.2663 0.2253 -0.9372
vn -0.2497 0.2715 -0.9295
vn -0.2621 0.3485 -0.8999
vn -0.2768 0.3703 -0.8867
vn -0.2569 0.4164 -0.8721
vn -0.2768 0.4826 -0.8309
vn -0.2342 0.0233 -0.9719
vn -0.2272 0.0658 -0.9716
vn -0.2310 0.0750 -0.9701
vn -0.2004 0.1251 -0.9717
vn -0.2495 0.1317 -0.9594
vn -0.2231 0.1694 -0.9600
vn -0.2268 0.1725 -0.9585
vn -0.2229 0.2258 -0.9483
vn -0.2182 0.2956 -0.9300
vn -0.2271 0.3298 -0.9163
vn -0.2188 0.3539 -0.9093
vn -0.2402 0.3798 -0.8934
vn -0.2350 0.4244 -0.8744
vn -0.2024 0.0295 -0.9789
vn -0.1961 0.0735 -0.9778
vn -0.1861 0.1171 -0.9755
vn -0.1633 0.1627 -0.9731
vn -0.1793 0.1970 -0.9639
vn -0.1622 0.2210 -0.9617
vn -0.1930 0.2359 -0.9524
vn -0.1841 0.2948 -0.9377
vn -0.1803 0.3339 -0.9252
vn -0.1915 0.3819 -0.9041
vn -0.2047 0.4312 -0.8787
vn -0.1575 0.0365 -0.9868
vn -0.1526 0.0781 -0.9852
vn -0.1484 0.1248 -0.9810
vn -0.1445 0.1754 -0.9738
vn -0.1336 0.1951 -0.9716
vn -0.1393 0.2649 -0.9542
vn -0.1472 0.2930 -0.9447
vn -0.1419 0.3436 -0.9283
vn -0.1499 0.3632 -0.9196
vn -0.1325 0.4129 -0.9011
vn -0.1604 0.4575 -0.8746
vn -0.1221 0.0392 -0.9917
vn -0.1209 0.0815 -0.9893
vn -0.1178 0.1283 -0.9847
vn -0.1136 0.1790 -0.9773
vn -0.1061 0.2170 -0.9704
vn -0.1095 0.2587 -0.9597
vn -0.1138 0.3017 -0.9466
vn -0.1104 0.3455 -0.9319
vn -0.1021 0.3756 -0.9212
vn -0.1090 0.4581 -0.8822
vn -0.0943 0.0404 -0.9947
vn -0.0915 0.0841 -0.9923
vn -0.0881 0.1317 -0.9874
vn -0.0849 0.1822 -0.9796
vn -0.0782 0.2284 -0.9704
vn -0.0810 0.2556 -0.9634
vn -0.0710 0.2932 -0.9534
vn -0.0834 0.3174 -0.9446
vn -0.0741 0.3445 -0.9359
vn -0.0698 0.3885 -0.9188
vn -0.0727 0.4457 -0.8922
vn -0.0665 0.0423 -0.9969
vn -0.0648 0.0866 -0.9941
vn -0.0638 0.1332 -0.9890
vn -0.0622 0.1849 -0.9808
vn -0.0616 0.2320 -0.9708
vn -0.0561 0.2632 -0.9631
vn -0.0591 0.3293 -0.9424
vn -0.0608 0.3479 -0.9355
vn -0.0535 0.3945 -0.9174
vn -0.0542 0.4417 -0.8955
vn -0.3078 0.5088 -0.8040
vn -0.3189 0.5539 -0.7691
vn -0.3038 0.5945 -0.7445
vn -0.3185 0.6029 -0.7315
vn -0.3079 0.6399 -0.7041
vn -0.2976 0.6717 -0.6784
vn -0.3022 0.6916 -0.6560
vn -0.2696 0.5090 -0.8175
vn -0.2888 0.5263 -0.7998
vn -0.2648 0.5471 -0.7941
vn -0.2697 0.6384 -0.7209
vn -0.2721 0.6415 -0.7173
vn -0.2708 0.7128 -0.6470
vn -0.2671 0.7194 -0.6412
vn -0.2253 0.4630 -0.8572
vn -0.2379 0.5522 -0.7990
vn -0.2404 0.5686 -0.7867
vn -0.2430 0.6265 -0.7406
vn -0.2427 0.6604 -0.7106
vn -0.2398 0.7098 -0.6623
vn -0.2369 0.7406 -0.6288
vn -0.1866 0.4798 -0.8573
vn -0.1957 0.5383 -0.8197
vn -0.1976 0.5899 -0.7830
vn -0.2019 0.6158 -0.7616
vn -0.1807 0.6614 -0.7280
vn -0.2005 0.6858 -0.6996
vn -0.1985 0.7035 -0.6824
vn -0.1855 0.7287 -0.6592
vn -0.1992 0.7600 -0.6186
vn -0.1465 0.4879 -0.8605
vn -0.1577 0.5264 -0.8355
vn -0.1536 0.5654 -0.8104
vn -0.1668 0.6013 -0.7814
vn -0.1591 0.6110 -0.7755
vn -0.1662 0.6952 -0.6993
vn -0.1673 0.7003 -0.6939
vn -0.1624 0.7747 -0.6111
vn -0.1191 0.4900 -0.8636
vn -0.1032 0.5095 -0.8543
vn -0.1103 0.6153 -0.7805
vn -0.1220 0.6185 -0.7763
vn -0.1284 0.6892 -0.7131
vn -0.1315 0.7097 -0.6921
vn -0.1316 0.7732 -0.6203
vn -0.1241 0.7850 -0.6070
vn -0.0767 0.4955 -0.8652
vn -0.0734 0.5247 -0.8481
vn -0.0777 0.5996 -0.7965
vn -0.0808 0.6219 -0.7789
vn -0.0865 0.6814 -0.7268
vn -0.0912 0.7152 -0.6929
vn -0.0953 0.7699 -0.6310
vn -0.0975 0.7971 -0.5960
vn -0.0555 0.4992 -0.8647
vn -0.0500 0.5293 -0.8469
vn -0.0510 0.5946 -0.8024
vn -0.0525 0.6241 -0.7796
vn -0.0558 0.6737 -0.7369
vn -0.0600 0.7164 -0.6951
vn -0.0662 0.7630 -0.6430
vn -0.0701 0.8008 -0.5948
vn -0.2976 0.7211 -0.6257
vn -0.2928 0.7378 -0.6082
vn -0.2931 0.7572 -0.5837
vn -0.2763 0.7994 -0.5335
vn -0.2671 0.8233 -0.5009
vn -0.2375 0.8693 -0.4335
vn -0.2231 0.8900 -0.3976
vn -0.2138 0.9098 -0.3557
vn -0.1746 0.9375 -0.3010
vn -0.1753 0.9442 -0.2788
vn -0.1389 0.9634 -0.2293
vn -0.1097 0.9795 -0.1690
vn -0.0643 0.9935 -0.0942
vn -0.2499 0.7925 -0.5563
vn -0.2547 0.8045 -0.5366
vn -0.2382 0.8431 -0.4821
vn -0.2163 0.8782 -0.4267
vn -0.2067 0.9025 -0.3778
vn -0.1700 0.9306 -0.3242
vn -0.1328 0.9608 -0.2434
vn -0.1125 0.9733 -0.2002
vn -0.0627 0.9907 -0.1211
vn -0.0115 0.9989 -0.0459
vn -0.2272 0.7942 -0.5636
vn -0.2345 0.8095 -0.5383
vn -0.2104 0.8451 -0.4914
vn -0.2124 0.8599 -0.4642
vn -0.1905 0.8882 -0.4181
vn -0.1907 0.9103 -0.3673
vn -0.1615 0.9376 -0.3079
vn -0.1536 0.9468 -0.2828
vn -0.1140 0.9668 -0.2286
vn -0.0779 0.9852 -0.1526
vn -0.0260 0.9974 -0.0675
vn 0.0309 0.9995 0.0083
vn -0.2016 0.7895 -0.5797
vn -0.1996 0.8255 -0.5280
vn -0.1857 0.8717 -0.4534
vn -0.1880 0.8938 -0.4071
vn -0.1532 0.9253 -0.3469
vn -0.1263 0.9587 -0.2550
vn -0.1112 0.9747 -0.1937
vn -0.0593 0.9931 -0.1012
vn -0.0050 0.9999 -0.0129
vn 0.0535 0.9962 0.0689
vn -0.1724 0.7816 -0.5995
vn -0.1510 0.8139 -0.5610
vn -0.1630 0.8417 -0.5148
vn -0.1459 0.8766 -0.4585
vn -0.1577 0.9027 -0.4003
vn -0.1379 0.9267 -0.3497
vn -0.1328 0.9400 -0.3141
vn -0.1047 0.9613 -0.2550
vn -0.0887 0.9839 -0.1552
vn -0.0510 0.9975 -0.0494
vn -0.0004 0.9992 0.0401
vn 0.0528 0.9905 0.1271
vn -0.1138 0.8566 -0.5032
vn -0.1299 0.8773 -0.4620
vn -0.1197 0.9043 -0.4098
vn -0.1057 0.9511 -0.2903
vn -0.0967 0.9671 -0.2354
vn -0.0687 0.9891 -0.1299
vn -0.0433 0.9990 -0.0108
vn -0.0063 0.9960 0.0889
vn 0.0395 0.9835 0.1765
vn -0.0931 0.8534 -0.5129
vn -0.0980 0.8781 -0.4683
vn -0.0907 0.9118 -0.4004
vn -0.0808 0.9505 -0.2999
vn -0.0756 0.9748 -0.2098
vn -0.0558 0.9927 -0.1069
vn -0.0363 0.9993 0.0118
vn -0.0136 0.9920 0.1253
vn 0.0191 0.9760 0.2169
vn -0.0678 0.8542 -0.5155
vn -0.0702 0.8796 -0.4706
vn -0.0618 0.9182 -0.3914
vn -0.0558 0.9501 -0.3069
vn -0.0581 0.9784 -0.1983
vn -0.0482 0.9950 -0.0875
vn -0.0347 0.9991 0.0255
vn -0.0250 0.9894 0.1430
vn -0.0104 0.9697 0.2442
vn -0.0179 0.9995 -0.0267
vn 0.0320 0.9989 0.0338
vn 0.0871 0.9928 0.0817
vn 0.1446 0.9832 0.1111
vn 0.2042 0.9725 0.1124
vn 0.3163 0.9413 0.1180
vn 0.2508 0.9649 0.0774
vn 0.3531 0.9336 0.0605
vn 0.2856 0.9578 0.0312
vn 0.3888 0.9213 -0.0036
vn 0.3058 0.9520 -0.0151
vn 0.3687 0.9155 0.1610
vn 0.4156 0.9043 0.0975
vn 0.4469 0.8945 0.0125
vn 0.0423 0.9988 0.0250
vn 0.0976 0.9914 0.0873
vn 0.1537 0.9783 0.1393
vn 0.2061 0.9649 0.1628
vn 0.3087 0.9283 0.2072
vn 0.2439 0.9574 0.1543
vn 0.3084 0.9367 0.1660
vn 0.3686 0.8930 0.2582
vn 0.4842 0.8414 0.2400
vn 0.4140 0.8889 0.1961
vn 0.5227 0.8352 0.1708
vn 0.4592 0.8788 0.1300
vn 0.5647 0.8238 0.0493
vn 0.4922 0.8699 0.0307
vn 0.0897 0.9925 0.0834
vn 0.1559 0.9762 0.1509
vn 0.2351 0.9437 0.2326
vn 0.2009 0.9621 0.1846
vn 0.2850 0.9193 0.2712
vn 0.2381 0.9499 0.2026
vn 0.3103 0.9195 0.2413
vn 0.5028 0.8082 0.3066
vn 0.6147 0.7584 0.2166
vn 0.5652 0.7997 0.2028
vn 0.6313 0.7709 0.0844
vn 0.5960 0.8003 0.0659
vn 0.2785 0.9098 0.3077
vn 0.3244 0.8892 0.3227
vn 0.4237 0.8336 0.3545
vn 0.3704 0.8801 0.2969
vn 0.4357 0.8418 0.3187
vn 0.1131 0.9835 0.1415
vn 0.1581 0.9669 0.2002
vn 0.2081 0.9448 0.2531
vn 0.5948 0.7555 0.2747
vn 0.7050 0.6986 0.1227
vn 0.6570 0.7458 0.1103
vn 0.4296 0.8010 0.4169
vn 0.5141 0.7539 0.4089
vn 0.4930 0.7896 0.3654
vn 0.5460 0.7641 0.3436
vn 0.2717 0.8934 0.3578
vn 0.3317 0.8411 0.4273
vn 0.3122 0.8765 0.3664
vn 0.3665 0.8331 0.4143
vn 0.1101 0.9735 0.2003
vn 0.1862 0.9314 0.3126
vn 0.1528 0.9593 0.2375
vn 0.2154 0.9293 0.3000
vn 0.6606 0.7407 0.1224
vn 0.6160 0.7752 0.1397
vn 0.4814 0.7461 0.4600
vn 0.5224 0.7417 0.4207
vn 0.5815 0.7176 0.3833
vn 0.6213 0.7333 0.2763
vn 0.3226 0.8065 0.4954
vn 0.3651 0.7613 0.5358
vn 0.3829 0.7880 0.4821
vn 0.4293 0.7537 0.4976
vn 0.1714 0.9139 0.3680
vn 0.2076 0.8897 0.4066
vn 0.2552 0.8407 0.4775
vn 0.0810 0.9655 0.2473
vn 0.1289 0.9348 0.3309
vn -0.0000 0.9995 0.0320
vn 0.6730 0.7172 0.1810
vn 0.3625 0.8746 0.3221
vn 0.2267 0.7407 0.6325
vn -0.5274 0.8496 -0.0059
vn 0.3095 0.7502 0.5842
vn 0.3213 0.7262 0.6078
vn 0.4159 0.7139 0.5634
vn 0.4618 0.7350 0.4965
vn 0.2297 0.7991 0.5556
vn 0.2513 0.7541 0.6067
vn 0.1124 0.9015 0.4179
vn 0.1513 0.8766 0.4569
vn 0.1963 0.8316 0.5196
vn 0.0473 0.9572 0.2855
vn 0.0752 0.9286 0.3634
vn 0.1040 0.9946 -0.0000
vn 0.2112 0.7559 0.6196
vn 0.2153 0.7355 0.6424
vn 0.0774 0.8220 -0.5641
vn -0.2559 0.9179 -0.3033
vn 0.1556 0.7461 0.6474
vn 0.1776 0.6933 0.6984
vn 0.1037 0.8027 0.5873
vn 0.1234 0.7621 0.6356
vn 0.0415 0.8892 0.4555
vn 0.0673 0.8626 0.5013
vn 0.0894 0.8221 0.5622
vn 0.0058 0.9509 0.3093
vn 0.0192 0.9195 0.3927
vn -0.9995 0.0209 -0.0247
vn -0.9996 0.0178 0.0207
vn -0.9977 0.0163 0.0659
vn -0.9933 0.0184 0.1141
vn -0.9866 0.0242 0.1614
vn -0.9781 0.0294 0.2059
vn -0.9687 0.0306 0.2465
vn -0.9970 0.0724 -0.0287
vn -0.9976 0.0676 0.0168
vn -0.9960 0.0630 0.0637
vn -0.9913 0.0614 0.1168
vn -0.9839 0.0638 0.1668
vn -0.9760 0.0659 0.2076
vn -0.9675 0.0645 0.2444
vn -0.9915 0.1262 -0.0319
vn -0.9922 0.1237 0.0126
vn -0.9908 0.1212 0.0606
vn -0.9863 0.1180 0.1151
vn -0.9794 0.1138 0.1666
vn -0.9723 0.1102 0.2061
vn -0.9699 0.0957 0.2238
vn -0.9842 0.1744 -0.0312
vn -0.9842 0.1768 0.0119
vn -0.9823 0.1775 0.0594
vn -0.9787 0.1739 0.1095
vn -0.9727 0.1672 0.1612
vn -0.9684 0.1533 0.1967
vn -0.9772 0.2105 -0.0271
vn -0.9765 0.2151 0.0152
vn -0.9739 0.2186 0.0605
vn -0.9705 0.2177 0.1039
vn -0.9683 0.2050 0.1426
vn -0.9692 0.2453 -0.0228
vn -0.9682 0.2496 0.0191
vn -0.9655 0.2529 0.0626
vn -0.9665 0.2395 0.0919
vn -0.9625 0.0313 0.2696
vn -0.9498 0.0309 0.3115
vn -0.9611 0.0659 0.2683
vn -0.9499 0.0675 0.3052
vn -0.9567 0.1513 0.2488
vn -0.9529 0.1009 0.2861
vn -0.9479 0.1112 0.2985
vn -0.9642 0.1676 0.2054
vn -0.9592 0.1601 0.2328
vn -0.9521 0.1665 0.2565
vn -0.9425 0.1584 0.2942
vn -0.9536 0.2591 0.1534
vn -0.9613 0.2192 0.1668
vn -0.9430 0.2425 0.2280
vn -0.9432 0.2185 0.2503
vn -0.9316 0.2155 0.2928
vn -0.9635 0.2669 -0.0220
vn -0.9623 0.2710 0.0240
vn -0.9575 0.2801 0.0697
vn -0.9478 0.3023 0.1017
vn -0.9519 0.2719 0.1412
vn -0.9453 0.2829 0.1622
vn -0.9389 0.2777 0.2031
vn -0.9291 0.2754 0.2468
vn -0.9226 0.2638 0.2814
vn -0.9517 0.3066 -0.0184
vn -0.9478 0.3173 0.0320
vn -0.9431 0.3230 0.0793
vn -0.9381 0.3254 0.1183
vn -0.9308 0.3292 0.1589
vn -0.9241 0.3289 0.1946
vn -0.9237 0.3047 0.2324
vn -0.9295 0.3687 -0.0096
vn -0.9256 0.3764 0.0410
vn -0.9216 0.3799 0.0795
vn -0.9181 0.3786 0.1176
vn -0.9151 0.3713 0.1571
vn -0.9089 0.2944 0.2954
vn -0.9048 0.2762 0.3241
vn -0.9080 0.3653 0.2051
vn -0.8908 0.3845 0.2422
vn -0.9023 0.3322 0.2746
vn -0.8836 0.3500 0.3110
vn -0.9099 0.4053 0.0882
vn -0.9025 0.4127 0.1232
vn -0.8923 0.4203 0.1648
vn -0.9009 0.3933 0.1834
vn -0.8855 0.4133 0.2124
vn -0.8821 0.3983 0.2517
vn -0.8735 0.3905 0.2906
vn -0.8621 0.4064 0.3028
vn -0.9380 0.0267 0.3455
vn -0.9257 0.0227 0.3775
vn -0.9366 0.0652 0.3444
vn -0.9257 0.0645 0.3726
vn -0.9329 0.1066 0.3440
vn -0.9312 0.0934 0.3523
vn -0.9270 0.1544 0.3418
vn -0.9279 0.1989 0.3153
vn -0.9058 0.0206 0.4232
vn -0.8931 0.0188 0.4496
vn -0.8803 0.0163 0.4740
vn -0.9043 0.0670 0.4216
vn -0.8918 0.0689 0.4472
vn -0.8793 0.0674 0.4715
vn -0.9056 0.1539 0.3951
vn -0.8922 0.1002 0.4405
vn -0.8879 0.1142 0.4457
vn -0.8860 0.1011 0.4525
vn -0.9144 0.1634 0.3703
vn -0.8915 0.1739 0.4183
vn -0.8805 0.1673 0.4436
vn -0.8980 0.2679 0.3491
vn -0.8926 0.2126 0.3975
vn -0.8821 0.2302 0.4111
vn -0.8757 0.2193 0.4302
vn -0.8841 0.2904 0.3660
vn -0.8739 0.2724 0.4026
vn -0.8771 0.3286 0.3503
vn -0.8691 0.3711 0.3271
vn -0.8623 0.0157 0.5061
vn -0.8477 0.0141 0.5302
vn -0.8603 0.0688 0.5051
vn -0.8477 0.0684 0.5260
vn -0.8589 0.1624 0.4857
vn -0.8462 0.1056 0.5223
vn -0.8455 0.1174 0.5209
vn -0.8653 0.1794 0.4681
vn -0.8438 0.1870 0.5031
vn -0.8430 0.1801 0.5069
vn -0.8501 0.2659 0.4545
vn -0.8429 0.2292 0.4869
vn -0.8376 0.2401 0.4907
vn -0.8618 0.2889 0.4169
vn -0.8571 0.2838 0.4300
vn -0.8296 0.2984 0.4720
vn -0.8284 0.2856 0.4818
vn -0.8617 0.3464 0.3708
vn -0.8154 0.3665 0.4481
vn -0.8233 0.3413 0.4535
vn -0.8296 0.4356 0.3494
vn -0.8267 0.3926 0.4030
vn -0.8159 0.4002 0.4174
vn -0.8337 0.0114 0.5520
vn -0.8138 0.0088 0.5811
vn -0.8056 0.0054 0.5925
vn -0.8323 0.0681 0.5501
vn -0.8151 0.0674 0.5754
vn -0.8080 0.0614 0.5860
vn -0.8280 0.1177 0.5483
vn -0.8146 0.1166 0.5682
vn -0.8190 0.1015 0.5647
vn -0.8260 0.2040 0.5255
vn -0.8149 0.1851 0.5493
vn -0.8076 0.1880 0.5589
vn -0.8362 0.2519 0.4871
vn -0.7917 0.2601 0.5528
vn -0.8005 0.2445 0.5471
vn -0.8134 0.3087 0.4931
vn -0.8111 0.2930 0.5063
vn -0.7957 0.2981 0.5272
vn -0.8034 0.3770 0.4608
vn -0.8087 0.3518 0.4715
vn -0.7835 0.3650 0.5028
vn -0.7931 0.3405 0.5050
vn -0.8062 0.4067 0.4297
vn -0.7748 0.4146 0.4773
vn -0.7796 0.3990 0.4827
vn -0.7567 0.0020 0.6538
vn -0.7494 -0.0007 0.6621
vn -0.7583 0.0578 0.6493
vn -0.7516 0.0540 0.6574
vn -0.7780 0.1631 0.6067
vn -0.7462 0.1000 0.6581
vn -0.7528 0.1074 0.6495
vn -0.8001 0.1943 0.5676
vn -0.7520 0.1953 0.6296
vn -0.7595 0.1724 0.6273
vn -0.7801 0.2792 0.5598
vn -0.7737 0.2496 0.5823
vn -0.7561 0.2494 0.6051
vn -0.7866 0.3018 0.5386
vn -0.7574 0.3076 0.5759
vn -0.7597 0.2913 0.5814
vn -0.7620 0.3894 0.5174
vn -0.7574 0.3447 0.5546
vn -0.7532 0.3502 0.5568
vn -0.7655 0.4170 0.4901
vn -0.7655 0.4067 0.4986
vn -0.7431 0.4140 0.5257
vn -0.7495 0.3951 0.5312
vn -0.9106 0.4132 -0.0068
vn -0.9145 0.4028 0.0377
vn -0.8848 0.4658 -0.0091
vn -0.8799 0.4735 0.0399
vn -0.8962 0.4378 0.0717
vn -0.8774 0.4704 0.0947
vn -0.8767 0.4632 0.1295
vn -0.8732 0.4552 0.1741
vn -0.8726 0.4480 0.1943
vn -0.8726 0.4282 0.2349
vn -0.8600 0.5101 -0.0138
vn -0.8635 0.5023 0.0452
vn -0.8629 0.4977 0.0877
vn -0.8595 0.4955 0.1252
vn -0.8602 0.4845 0.1591
vn -0.8506 0.4847 0.2038
vn -0.8286 0.5036 0.2445
vn -0.8457 0.4584 0.2732
vn -0.8112 0.4912 0.3173
vn -0.8249 0.5648 -0.0223
vn -0.8295 0.5571 0.0400
vn -0.8274 0.5541 0.0913
vn -0.8227 0.5536 0.1294
vn -0.8112 0.5609 0.1653
vn -0.8324 0.5204 0.1906
vn -0.8050 0.5533 0.2142
vn -0.8070 0.5340 0.2520
vn -0.8054 0.5156 0.2924
vn -0.7855 0.6179 -0.0330
vn -0.7923 0.6090 0.0374
vn -0.7957 0.5987 0.0916
vn -0.7962 0.5910 0.1292
vn -0.7977 0.5788 0.1695
vn -0.7977 0.5684 0.2017
vn -0.7869 0.6162 -0.0339
vn -0.7888 0.6141 0.0276
vn -0.7909 0.5553 0.2570
vn -0.7626 0.5726 0.3010
vn -0.7779 0.5405 0.3204
vn -0.7947 0.5983 0.1021
vn -0.7765 0.6163 0.1315
vn -0.7621 0.6244 0.1716
vn -0.7466 0.6317 0.2085
vn -0.7690 0.6008 0.2184
vn -0.7326 0.6290 0.2602
vn -0.7383 0.6023 0.3035
vn -0.6735 0.7381 -0.0398
vn -0.6804 0.7326 0.0206
vn -0.7311 0.6801 0.0545
vn -0.6769 0.7296 0.0976
vn -0.6956 0.7061 0.1324
vn -0.7068 0.6868 0.1693
vn -0.7232 0.6593 0.2057
vn -0.7386 0.6328 0.2324
vn -0.6962 0.7177 0.0152
vn -0.7131 0.6301 0.3072
vn -0.6820 0.7292 -0.0565
vn -0.6859 0.7225 0.0874
vn -0.6753 0.7262 0.1289
vn -0.6685 0.7261 0.1609
vn -0.6566 0.7278 0.1982
vn -0.6383 0.7352 0.2280
vn -0.6832 0.6736 0.2820
vn -0.6537 0.6943 0.3009
vn -0.5526 0.8314 -0.0580
vn -0.6269 0.7790 -0.0137
vn -0.5519 0.8339 0.0060
vn -0.6404 0.7667 0.0453
vn -0.5754 0.8143 0.0767
vn -0.6006 0.7905 0.1198
vn -0.6227 0.7678 0.1510
vn -0.6410 0.7430 0.1924
vn -0.8129 0.4610 0.3559
vn -0.8142 0.4266 0.3938
vn -0.7897 0.4937 0.3643
vn -0.7557 0.5146 0.4050
vn -0.7646 0.4536 0.4578
vn -0.7707 0.4575 0.4435
vn -0.7390 0.5618 0.3718
vn -0.7488 0.5294 0.3987
vn -0.7432 0.5748 0.3425
vn -0.7387 0.5087 0.4422
vn -0.7534 0.4728 0.4570
vn -0.7207 0.4853 0.4950
vn -0.7418 0.4503 0.4969
vn -0.7169 0.5681 0.4041
vn -0.7273 0.5364 0.4281
vn -0.7092 0.5454 0.4467
vn -0.7210 0.5184 0.4598
vn -0.6859 0.6424 0.3418
vn -0.7027 0.6017 0.3797
vn -0.6898 0.6056 0.3969
vn -0.6774 0.6546 0.3356
vn -0.7233 -0.0022 0.6905
vn -0.7222 0.0519 0.6897
vn -0.7177 0.1065 0.6882
vn -0.7242 0.2170 0.6546
vn -0.7029 0.1642 0.6921
vn -0.7466 0.2438 0.6191
vn -0.7100 0.2361 0.6634
vn -0.7336 0.3222 0.5984
vn -0.7235 0.2936 0.6248
vn -0.7210 0.2906 0.6291
vn -0.7419 0.3578 0.5671
vn -0.7062 0.3638 0.6074
vn -0.7129 0.4355 0.5497
vn -0.7083 0.3992 0.5822
vn -0.7097 0.4002 0.5798
vn -0.6971 0.2327 0.6782
vn -0.6880 0.3269 0.6479
vn -0.6673 0.2896 0.6862
vn -0.7065 0.3661 0.6056
vn -0.6508 0.3661 0.6652
vn -0.6794 0.4368 0.5895
vn -0.6718 0.4055 0.6199
vn -0.6651 0.4038 0.6282
vn -0.6543 0.3601 0.6650
vn -0.6368 0.4373 0.6350
vn -0.6265 0.3996 0.6692
vn -0.6985 -0.0035 0.7156
vn -0.7015 0.0496 0.7109
vn -0.7049 0.1041 0.7016
vn -0.7120 0.1627 0.6831
vn -0.6651 -0.0072 0.7467
vn -0.6548 -0.0109 0.7557
vn -0.6685 0.0451 0.7423
vn -0.6578 0.0416 0.7520
vn -0.6685 0.0992 0.7371
vn -0.6689 0.0890 0.7380
vn -0.6850 0.2077 0.6983
vn -0.6588 0.1618 0.7347
vn -0.6585 0.2347 0.7151
vn -0.6653 0.2902 0.6879
vn -0.5956 -0.0106 0.8032
vn -0.5917 0.0410 0.8051
vn -0.6256 0.1254 0.7700
vn -0.5797 0.0842 0.8104
vn -0.6680 0.1814 0.7217
vn -0.5697 0.1758 0.8029
vn -0.6454 0.2341 0.7271
vn -0.5895 0.2320 0.7738
vn -0.6354 0.3188 0.7033
vn -0.6190 0.2874 0.7309
vn -0.6068 0.2830 0.7428
vn -0.6081 0.3479 0.7136
vn -0.6282 0.3948 0.6705
vn -0.5839 -0.0077 0.8118
vn -0.5486 -0.0059 0.8360
vn -0.5803 0.0443 0.8132
vn -0.5491 0.0438 0.8346
vn -0.5795 0.0897 0.8101
vn -0.5503 0.0857 0.8306
vn -0.5739 0.1609 0.8030
vn -0.5533 0.1536 0.8187
vn -0.5700 0.2216 0.7912
vn -0.5674 0.2096 0.7963
vn -0.5849 0.3098 0.7497
vn -0.5576 0.2693 0.7852
vn -0.5897 0.3483 0.7287
vn -0.5546 0.3418 0.7587
vn -0.5825 0.4426 0.6818
vn -0.5576 0.3895 0.7330
vn -0.5198 -0.0059 0.8543
vn -0.4864 -0.0060 0.8737
vn -0.5188 0.0431 0.8538
vn -0.4876 0.0421 0.8720
vn -0.5132 0.0866 0.8539
vn -0.4995 0.0805 0.8626
vn -0.5054 0.1462 0.8504
vn -0.5270 0.2401 0.8153
vn -0.4899 0.2001 0.8485
vn -0.5555 0.2898 0.7794
vn -0.4784 0.2796 0.8324
vn -0.5295 0.3678 0.7644
vn -0.5257 0.3355 0.7817
vn -0.5077 0.3343 0.7940
vn -0.5543 0.4124 0.7230
vn -0.5045 0.3965 0.7670
vn -0.4555 -0.0052 0.8902
vn -0.4541 0.0402 0.8900
vn -0.4708 0.1169 0.8744
vn -0.4436 0.0767 0.8929
vn -0.4934 0.1566 0.8556
vn -0.4458 0.1495 0.8825
vn -0.4796 0.2108 0.8518
vn -0.4662 0.2010 0.8616
vn -0.4772 0.2671 0.8372
vn -0.4888 0.3613 0.7941
vn -0.4625 0.3146 0.8289
vn -0.4947 0.3885 0.7774
vn -0.4756 0.3779 0.7943
vn -0.4294 -0.0035 0.9031
vn -0.4048 -0.0023 0.9144
vn -0.4291 0.0396 0.9024
vn -0.4066 0.0365 0.9129
vn -0.4307 0.0833 0.8986
vn -0.4247 0.0693 0.9027
vn -0.4267 0.1377 0.8938
vn -0.4384 0.2160 0.8724
vn -0.4163 0.1921 0.8887
vn -0.4767 0.2823 0.8325
vn -0.3887 0.2659 0.8822
vn -0.4470 0.3284 0.8320
vn -0.4203 0.3157 0.8507
vn -0.4483 0.4045 0.7971
vn -0.4302 0.3611 0.8274
vn -0.3728 -0.0030 0.9279
vn -0.3728 0.0346 0.9273
vn -0.3883 0.1163 0.9142
vn -0.3551 0.0662 0.9325
vn -0.4066 0.1478 0.9016
vn -0.3651 0.1412 0.9202
vn -0.3967 0.2002 0.8959
vn -0.3861 0.1891 0.9029
vn -0.3910 0.2505 0.8856
vn -0.4015 0.3439 0.8489
vn -0.3809 0.2989 0.8750
vn -0.4156 0.3767 0.8279
vn -0.3964 0.3608 0.8442
vn -0.6347 0.7317 0.2485
vn -0.6170 0.7331 0.2861
vn -0.5290 0.8469 -0.0538
vn -0.5402 0.8415 0.0025
vn -0.5487 0.8340 0.0582
vn -0.5520 0.8272 0.1048
vn -0.5492 0.8239 0.1397
vn -0.5361 0.8247 0.1800
vn -0.5902 0.7764 0.2210
vn -0.5492 0.8023 0.2338
vn -0.5802 0.7677 0.2719
vn -0.4580 0.8871 -0.0581
vn -0.4657 0.8849 -0.0061
vn -0.4856 0.8730 0.0451
vn -0.5070 0.8569 0.0931
vn -0.5271 0.8397 0.1307
vn -0.5159 0.8349 0.1920
vn -0.5069 0.8340 0.2180
vn -0.4932 0.8327 0.2516
vn -0.5388 0.7905 0.2912
vn -0.3644 0.9296 -0.0557
vn -0.3711 0.9285 -0.0131
vn -0.3771 0.9257 0.0304
vn -0.3795 0.9220 0.0775
vn -0.3721 0.9216 0.1106
vn -0.4594 0.8727 0.1652
vn -0.4211 0.8922 0.1633
vn -0.4623 0.8640 0.1995
vn -0.4645 0.8431 0.2712
vn -0.2634 0.9629 -0.0595
vn -0.2669 0.9635 -0.0204
vn -0.2780 0.9604 0.0209
vn -0.2980 0.9523 0.0655
vn -0.3256 0.9401 0.1011
vn -0.3437 0.9304 0.1270
vn -0.3371 0.9262 0.1692
vn -0.4056 0.8853 0.2275
vn -0.3663 0.9007 0.2335
vn -0.1426 0.9880 -0.0597
vn -0.1493 0.9883 -0.0323
vn -0.1671 0.9859 0.0024
vn -0.1902 0.9809 0.0395
vn -0.2143 0.9739 0.0744
vn -0.2393 0.9643 0.1135
vn -0.2734 0.9485 0.1603
vn -0.2962 0.9356 0.1920
vn -0.0459 0.9972 -0.0592
vn -0.0501 0.9978 -0.0445
vn -0.0622 0.9979 -0.0163
vn -0.0779 0.9968 0.0188
vn -0.0985 0.9939 0.0505
vn -0.1303 0.9881 0.0815
vn -0.1702 0.9782 0.1193
vn -0.2125 0.9625 0.1688
vn 0.0618 0.9962 -0.0607
vn 0.0551 0.9970 -0.0538
vn 0.0433 0.9986 -0.0309
vn 0.0231 0.9997 -0.0026
vn -0.0076 0.9998 0.0207
vn -0.0423 0.9981 0.0450
vn -0.0799 0.9937 0.0786
vn -0.1237 0.9845 0.1242
vn 0.1558 0.9858 -0.0629
vn 0.1480 0.9868 -0.0650
vn 0.1295 0.9903 -0.0497
vn 0.1024 0.9943 -0.0313
vn 0.0717 0.9974 -0.0122
vn 0.0370 0.9993 0.0084
vn -0.0064 0.9994 0.0344
vn -0.0526 0.9955 0.0788
vn 0.2411 0.9686 -0.0610
vn 0.2360 0.9686 -0.0775
vn 0.2154 0.9736 -0.0757
vn 0.1840 0.9808 -0.0641
vn 0.1454 0.9881 -0.0494
vn 0.0994 0.9944 -0.0356
vn 0.0523 0.9986 -0.0123
vn 0.0051 0.9995 0.0321
vn -0.6931 0.5176 0.5017
vn -0.7029 0.4640 0.5391
vn -0.6999 0.4643 0.5428
vn -0.6976 0.5650 0.4406
vn -0.6755 0.5763 0.4599
vn -0.6834 0.5345 0.4972
vn -0.6813 0.5373 0.4971
vn -0.6630 0.6388 0.3903
vn -0.6771 0.6124 0.4080
vn -0.6448 0.6277 0.4362
vn -0.6614 0.5954 0.4561
vn -0.5981 0.7335 0.3229
vn -0.6409 0.6746 0.3662
vn -0.6153 0.6897 0.3816
vn -0.6637 0.5175 0.5401
vn -0.6721 0.4704 0.5718
vn -0.6547 0.4759 0.5872
vn -0.6488 0.5756 0.4977
vn -0.6576 0.5468 0.5182
vn -0.6337 0.5535 0.5404
vn -0.6383 0.6334 0.4376
vn -0.6101 0.6507 0.4520
vn -0.6313 0.6131 0.4750
vn -0.6126 0.6215 0.4884
vn -0.5901 0.7303 0.3441
vn -0.5675 0.7400 0.3611
vn -0.6011 0.7098 0.3672
vn -0.5401 0.7321 0.4152
vn -0.5818 0.6812 0.4445
vn -0.4920 0.8100 0.3191
vn -0.5342 0.7672 0.3550
vn -0.6247 0.5172 0.5851
vn -0.6315 0.4804 0.6086
vn -0.6062 0.4828 0.6320
vn -0.6107 0.5809 0.5382
vn -0.6195 0.5601 0.5500
vn -0.5847 0.5637 0.5834
vn -0.5723 0.6664 0.4779
vn -0.5921 0.6303 0.5022
vn -0.5633 0.6369 0.5263
vn -0.5219 0.7519 0.4028
vn -0.5062 0.7564 0.4142
vn -0.5545 0.6917 0.4627
vn -0.5350 0.7027 0.4691
vn -0.4521 0.8414 0.2962
vn -0.4401 0.8394 0.3189
vn -0.4993 0.7799 0.3775
vn -0.4693 0.7966 0.3810
vn -0.4178 0.8663 0.2738
vn -0.5779 0.5224 0.6270
vn -0.5842 0.4838 0.6517
vn -0.5703 0.5868 0.5748
vn -0.5771 0.5620 0.5925
vn -0.5506 0.5572 0.6217
vn -0.5314 0.6746 0.5124
vn -0.5503 0.6416 0.5343
vn -0.5238 0.6443 0.5573
vn -0.4800 0.7639 0.4314
vn -0.4682 0.7709 0.4319
vn -0.5120 0.7110 0.4820
vn -0.4917 0.7153 0.4966
vn -0.4007 0.8527 0.3351
vn -0.3952 0.8529 0.3412
vn -0.4421 0.8079 0.3897
vn -0.4135 0.8189 0.3981
vn -0.2886 0.9308 0.2244
vn -0.3668 0.8751 0.3156
vn -0.3469 0.8867 0.3056
vn -0.5282 0.5821 0.6182
vn -0.5264 0.5520 0.6467
vn -0.4927 0.6825 0.5398
vn -0.5145 0.6489 0.5605
vn -0.4731 0.6448 0.6003
vn -0.4396 0.7791 0.4470
vn -0.4311 0.7810 0.4519
vn -0.4761 0.7152 0.5116
vn -0.4656 0.7144 0.5224
vn -0.3555 0.8657 0.3524
vn -0.3566 0.8631 0.3578
vn -0.4003 0.8246 0.3997
vn -0.3813 0.8289 0.4093
vn -0.2470 0.9441 0.2183
vn -0.2577 0.9341 0.2470
vn -0.3191 0.8919 0.3205
vn -0.3052 0.8978 0.3175
vn -0.4573 0.6799 0.5732
vn -0.4715 0.6329 0.6141
vn -0.4090 0.7867 0.4623
vn -0.3997 0.7857 0.4721
vn -0.4457 0.7076 0.5484
vn -0.4543 0.6980 0.5536
vn -0.3203 0.8758 0.3610
vn -0.3262 0.8728 0.3631
vn -0.3730 0.8307 0.4133
vn -0.3642 0.8286 0.4251
vn -0.1720 0.9682 0.1816
vn -0.2124 0.9487 0.2343
vn -0.2273 0.9389 0.2583
vn -0.2856 0.9000 0.3294
vn -0.2762 0.9041 0.3261
vn -0.3791 0.7907 0.4808
vn -0.3695 0.7902 0.4890
vn -0.4120 0.6917 0.5931
vn -0.2949 0.8863 0.3570
vn -0.3019 0.8765 0.3749
vn -0.3494 0.8258 0.4426
vn -0.3492 0.8224 0.4490
vn -0.0987 0.9861 0.1336
vn -0.1483 0.9697 0.1939
vn -0.1881 0.9513 0.2441
vn -0.2040 0.9436 0.2606
vn -0.2590 0.9063 0.3340
vn -0.3562 0.7890 0.5005
vn -0.3827 0.7449 0.5465
vn -0.2497 0.9026 0.3506
vn -0.2640 0.8936 0.3630
vn -0.2806 0.8803 0.3827
vn -0.3339 0.8192 0.4663
vn -0.0429 0.9953 0.0867
vn -0.0887 0.9853 0.1463
vn -0.1356 0.9690 0.2067
vn -0.1693 0.9534 0.2498
vn -0.2057 0.9381 0.2789
vn -0.1809 0.9384 0.2946
vn -0.5519 0.4814 0.6809
vn -0.5277 0.5195 0.6720
vn -0.5223 0.4586 0.7190
vn -0.5397 0.4509 0.7109
vn -0.5093 0.5461 0.6651
vn -0.4798 0.5224 0.7049
vn -0.4567 0.4357 0.7756
vn -0.4789 0.5820 0.6572
vn -0.4788 0.5379 0.6938
vn -0.4687 0.5365 0.7018
vn -0.4660 0.6168 0.6343
vn -0.4607 0.4656 0.7556
vn -0.4284 0.4472 0.7852
vn -0.4488 0.5638 0.6933
vn -0.4349 0.5057 0.7451
vn -0.4255 0.6757 0.6020
vn -0.4403 0.5954 0.6720
vn -0.4066 0.4901 0.7710
vn -0.3906 0.4230 0.8176
vn -0.4195 0.5426 0.7277
vn -0.4143 0.5257 0.7430
vn -0.3928 0.5164 0.7609
vn -0.4053 0.6661 0.6261
vn -0.4179 0.6444 0.6404
vn -0.3620 0.6190 0.6970
vn -0.3703 0.7192 0.5880
vn -0.3497 -0.0050 0.9368
vn -0.3502 0.0358 0.9360
vn -0.3481 0.0790 0.9341
vn -0.3454 0.1333 0.9289
vn -0.3525 0.2161 0.9105
vn -0.3284 0.1797 0.9273
vn -0.3714 0.2649 0.8899
vn -0.3206 0.2480 0.9142
vn -0.3572 0.3066 0.8823
vn -0.3651 0.3866 0.8469
vn -0.3439 0.3410 0.8749
vn -0.3164 -0.0067 0.9486
vn -0.2863 -0.0062 0.9581
vn -0.3145 0.0385 0.9485
vn -0.2847 0.0387 0.9578
vn -0.3095 0.0834 0.9472
vn -0.2962 0.0761 0.9521
vn -0.3085 0.1361 0.9414
vn -0.3104 0.1877 0.9319
vn -0.3150 0.2710 0.9096
vn -0.3038 0.2359 0.9231
vn -0.3319 0.3165 0.8886
vn -0.3018 0.2985 0.9054
vn -0.3214 0.3537 0.8784
vn -0.2578 -0.0053 0.9662
vn -0.2563 0.0381 0.9658
vn -0.2675 0.1067 0.9576
vn -0.2441 0.0711 0.9671
vn -0.2896 0.1440 0.9462
vn -0.2372 0.1342 0.9622
vn -0.2747 0.1894 0.9427
vn -0.2605 0.1793 0.9487
vn -0.2733 0.2393 0.9317
vn -0.2795 0.3160 0.9067
vn -0.2649 0.2842 0.9214
vn -0.2976 0.3716 0.8794
vn -0.2363 0.3527 0.9054
vn -0.2244 -0.0053 0.9745
vn -0.2255 0.0380 0.9735
vn -0.2284 0.0772 0.9705
vn -0.2277 0.1269 0.9654
vn -0.2320 0.2152 0.9486
vn -0.2121 0.1681 0.9627
vn -0.2417 0.2416 0.9398
vn -0.2271 0.2314 0.9460
vn -0.2341 0.2930 0.9270
vn -0.2314 0.3755 0.8975
vn -0.2240 0.3418 0.9127
vn -0.1775 -0.0058 0.9841
vn -0.1787 0.0362 0.9832
vn -0.1803 0.0746 0.9808
vn -0.1831 0.1266 0.9749
vn -0.1858 0.1762 0.9667
vn -0.1904 0.2667 0.9448
vn -0.1761 0.2074 0.9623
vn -0.2025 0.2989 0.9325
vn -0.1900 0.3509 0.9170
vn -0.1256 -0.0066 0.9921
vn -0.1275 0.0340 0.9913
vn -0.1300 0.0730 0.9888
vn -0.1341 0.1212 0.9835
vn -0.1412 0.1717 0.9750
vn -0.1538 0.2428 0.9578
vn -0.1437 0.2237 0.9640
vn -0.1655 0.3237 0.9316
vn -0.1362 0.2924 0.9465
vn -0.1484 0.3571 0.9222
vn -0.0742 -0.0077 0.9972
vn -0.0756 0.0317 0.9966
vn -0.0778 0.0707 0.9945
vn -0.0828 0.1145 0.9900
vn -0.0895 0.1647 0.9823
vn -0.0967 0.2233 0.9699
vn -0.0976 0.3495 0.9319
vn -0.0894 0.2521 0.9636
vn -0.1031 0.3624 0.9263
vn -0.0202 -0.0095 0.9998
vn -0.0233 0.0290 0.9993
vn -0.0266 0.0678 0.9973
vn -0.0307 0.1084 0.9936
vn -0.0349 0.1601 0.9865
vn -0.0399 0.2162 0.9755
vn -0.0476 0.3372 0.9402
vn -0.0429 0.2656 0.9631
vn -0.0483 0.3704 0.9276
vn 0.3938 0.9173 -0.0596
vn 0.3166 0.9470 -0.0549
vn 0.3839 0.9169 -0.1093
vn 0.3141 0.9454 -0.0869
vn 0.2963 0.9493 -0.1051
vn 0.2594 0.9602 -0.1036
vn 0.2101 0.9726 -0.0992
vn 0.1557 0.9839 -0.0874
vn 0.1037 0.9928 -0.0602
vn 0.0547 0.9984 -0.0165
vn 0.4563 0.8874 -0.0660
vn 0.4447 0.8864 -0.1287
vn 0.4033 0.9031 -0.1473
vn 0.4129 0.8952 -0.1678
vn 0.3348 0.9337 -0.1269
vn 0.3788 0.9069 -0.1847
vn 0.3047 0.9423 -0.1385
vn 0.2683 0.9514 -0.1512
vn 0.2142 0.9660 -0.1450
vn 0.1578 0.9811 -0.1120
vn 0.1072 0.9921 -0.0650
vn 0.5698 0.8186 -0.0726
vn 0.5001 0.8635 -0.0652
vn 0.5393 0.8247 -0.1703
vn 0.4827 0.8647 -0.1394
vn 0.5080 0.8314 -0.2250
vn 0.4541 0.8687 -0.1978
vn 0.4199 0.8775 -0.2316
vn 0.3612 0.9082 -0.2114
vn 0.3277 0.9097 -0.2550
vn 0.2977 0.9344 -0.1955
vn 0.2890 0.9278 -0.2358
vn 0.2529 0.9484 -0.1915
vn 0.2113 0.9628 -0.1684
vn 0.1562 0.9810 -0.1154
vn 0.6353 0.7673 -0.0874
vn 0.6016 0.7949 -0.0790
vn 0.6204 0.7557 -0.2097
vn 0.5802 0.7904 -0.1965
vn 0.5319 0.7993 -0.2795
vn 0.4739 0.8315 -0.2898
vn 0.4655 0.8245 -0.3217
vn 0.4130 0.8700 -0.2693
vn 0.3748 0.8779 -0.2981
vn 0.3382 0.8931 -0.2966
vn 0.2735 0.9301 -0.2453
vn 0.2595 0.9329 -0.2498
vn 0.2283 0.9518 -0.2047
vn 0.1951 0.9660 -0.1696
vn 0.7062 0.6990 -0.1129
vn 0.6618 0.7422 -0.1055
vn 0.6180 0.7436 -0.2554
vn 0.5750 0.7583 -0.3073
vn 0.5503 0.7493 -0.3685
vn 0.5257 0.7847 -0.3285
vn 0.4837 0.7954 -0.3652
vn 0.4369 0.8245 -0.3596
vn 0.4066 0.8262 -0.3901
vn 0.3818 0.8613 -0.3353
vn 0.3414 0.8793 -0.3321
vn 0.3071 0.8983 -0.3143
vn 0.2434 0.9362 -0.2535
vn 0.2247 0.9400 -0.2568
vn 0.1972 0.9581 -0.2079
vn 0.6496 0.7542 -0.0957
vn 0.6320 0.7668 -0.1124
vn 0.6482 0.7187 -0.2516
vn 0.5913 0.7233 -0.3567
vn 0.6274 0.7096 -0.3207
vn 0.5747 0.6940 -0.4338
vn 0.5531 0.7301 -0.4014
vn 0.5153 0.7431 -0.4269
vn 0.4648 0.7452 -0.4782
vn 0.4558 0.7861 -0.4175
vn 0.4114 0.8029 -0.4314
vn 0.3729 0.8323 -0.4101
vn 0.3299 0.8403 -0.4303
vn 0.3235 0.8689 -0.3747
vn 0.2799 0.8917 -0.3558
vn 0.2258 0.9196 -0.3214
vn 0.1647 0.9413 -0.2947
vn -0.0000 0.9995 -0.0309
vn -0.6550 0.7466 -0.1166
vn -0.0533 0.5718 -0.8186
vn 1.0000 -0.0000 -0.0000
vn 0.0572 0.9754 -0.2130
vn 0.2346 0.9369 -0.2590
vn -0.8194 0.5726 -0.0283
vn 0.4628 0.7072 -0.5346
vn 0.4093 0.7209 -0.5592
vn 0.4354 0.7361 -0.5182
vn 0.4073 0.7579 -0.5096
vn 0.3201 0.7684 -0.5542
vn 0.3535 0.7993 -0.4859
vn 0.2964 0.8245 -0.4821
vn 0.2493 0.8448 -0.4734
vn 0.2060 0.8890 -0.4089
vn 0.1636 0.9092 -0.3830
vn 0.1222 0.9356 -0.3312
vn -0.0000 1.0000 -0.0000
vn -0.5427 0.7968 -0.2658
vn -0.0000 -0.0000 1.0000
vn -1.0000 -0.0000 -0.0000
vn -0.0000 -1.0000 -0.0000
vn -0.0000 -0.0000 -1.0000
vn 0.7907 0.6122 -0.0052
vn 0.3464 0.9346 -0.0803
vn 0.2920 0.7463 -0.5982
vn -0.8276 0.4755 -0.2983
vn -0.6394 0.6638 -0.3880
vn 0.5686 0.5623 0.6005
vn -0.2490 0.9513 0.1817
vn 0.1486 0.4787 0.8653
vn 0.2313 0.7164 -0.6583
vn 0.2162 0.7732 -0.5961
vn -0.9858 0.0833 -0.1458
vn 0.1824 0.7729 -0.6078
vn 0.1626 0.8279 -0.5368
vn -1.0000 0.0073 -0.0000
vn 0.1336 0.8523 -0.5056
vn 0.1026 0.8800 -0.4638
vn 0.0706 0.9027 -0.4245
vn -0.9990 0.0438 -0.0000
vn 0.0402 0.9267 -0.3736
vn -0.9938 0.1108 -0.0000
vn -0.9864 0.1642 -0.0000
vn -0.3423 0.7882 0.5115
vn -0.2285 0.9115 0.3420
vn -0.2472 0.8974 0.3654
vn -0.2974 0.8609 0.4128
vn -0.2815 0.8500 0.4453
vn 0.0081 0.9991 0.0409
vn -0.0369 0.9941 0.1019
vn -0.0811 0.9835 0.1615
vn -0.1262 0.9670 0.2214
vn -0.1526 0.9561 0.2501
vn -0.1902 0.9368 0.2936
vn -0.1903 0.9355 0.2977
vn -0.2444 0.9078 0.3407
vn -0.2448 0.8850 0.3961
vn -0.2812 0.8305 0.4809
vn 0.0575 0.9983 -0.0073
vn 0.0090 0.9983 0.0569
vn -0.0346 0.9922 0.1196
vn -0.0784 0.9812 0.1761
vn -0.1212 0.9673 0.2229
vn -0.1496 0.9594 0.2389
vn -0.1996 0.9371 0.2864
vn -0.2138 0.9211 0.3253
vn -0.2233 0.8952 0.3857
vn 0.1054 0.9927 -0.0583
vn 0.0554 0.9984 0.0093
vn 0.0050 0.9973 0.0736
vn -0.0463 0.9907 0.1282
vn -0.0980 0.9791 0.1780
vn -0.1368 0.9675 0.2128
vn -0.1722 0.9544 0.2440
vn -0.1653 0.9490 0.2683
vn -0.2130 0.9008 0.3784
vn 0.1417 0.9838 -0.1102
vn 0.0857 0.9953 -0.0457
vn 0.0258 0.9995 0.0182
vn -0.0339 0.9967 0.0733
vn -0.0909 0.9880 0.1249
vn -0.1366 0.9737 0.1825
vn -0.1531 0.9614 0.2288
vn -0.1847 0.9403 0.2858
vn -0.2072 0.9169 0.3413
vn 0.1554 0.9726 -0.1730
vn 0.0865 0.9902 -0.1094
vn 0.0209 0.9988 -0.0439
vn -0.0395 0.9991 0.0153
vn -0.0878 0.9931 0.0772
vn -0.1235 0.9813 0.1475
vn -0.1426 0.9646 0.2218
vn -0.1304 0.9564 0.2614
vn -0.1440 0.8882 0.4362
vn 0.1169 0.9660 -0.2305
vn 0.0621 0.9826 -0.1753
vn 0.0012 0.9946 -0.1039
vn -0.0461 0.9984 -0.0318
vn -0.0793 0.9959 0.0424
vn -0.1047 0.9872 0.1201
vn -0.1131 0.9692 0.2189
vn -0.0985 0.9475 0.3042
vn -0.1037 0.9054 0.4118
vn 0.0800 0.9557 -0.2834
vn 0.0313 0.9715 -0.2349
vn -0.0129 0.9891 -0.1468
vn -0.0381 0.9975 -0.0603
vn -0.0577 0.9982 0.0180
vn -0.0722 0.9920 0.1040
vn -0.0746 0.9722 0.2218
vn -0.0671 0.9436 0.3242
vn -0.0687 0.9121 0.4043
vn 0.0210 0.9448 -0.3269
vn 0.0042 0.9626 -0.2708
vn -0.0105 0.9859 -0.1667
vn -0.0207 0.9970 -0.0748
vn -0.0305 0.9995 0.0033
vn -0.0347 0.9944 0.0996
vn -0.0337 0.9742 0.2233
vn -0.0330 0.9437 0.3292
vn -0.0366 0.9141 0.4037
vn -0.3816 0.4505 0.8071
vn -0.3408 0.4300 0.8361
vn -0.3625 0.5520 0.7509
vn -0.3504 0.4859 0.8007
vn -0.3598 0.6533 0.6662
vn -0.3593 0.5884 0.7244
vn -0.3245 0.7833 0.5303
vn -0.3518 0.6962 0.6257
vn -0.3159 0.4827 0.8168
vn -0.3060 0.3961 0.8657
vn -0.3270 0.5300 0.7824
vn -0.3195 0.5084 0.7996
vn -0.3311 0.6297 0.7027
vn -0.3309 0.6257 0.7064
vn -0.2829 0.6000 0.7483
vn -0.3017 0.7788 0.5499
vn -0.3138 0.7531 0.5783
vn -0.2578 0.7140 0.6510
vn -0.2860 0.8023 0.5239
vn -0.2757 0.4625 0.8426
vn -0.2642 0.4230 0.8668
vn -0.2837 0.5361 0.7950
vn -0.2317 0.5090 0.8290
vn -0.2543 0.6470 0.7188
vn -0.2524 0.5584 0.7902
vn -0.2476 0.7576 0.6040
vn -0.2513 0.6700 0.6985
vn -0.2260 0.8662 0.4457
vn -0.2494 0.7746 0.5812
vn -0.2434 0.4401 0.8643
vn -0.2347 0.4208 0.8763
vn -0.2170 0.5437 0.8108
vn -0.2146 0.4869 0.8467
vn -0.2092 0.6370 0.7420
vn -0.2152 0.5852 0.7818
vn -0.2003 0.7499 0.6305
vn -0.2051 0.7020 0.6821
vn -0.1849 0.8666 0.4635
vn -0.1970 0.8010 0.5654
vn -0.1702 0.4979 0.8504
vn -0.1686 0.3678 0.9145
vn -0.1643 0.5478 0.8203
vn -0.1722 0.5077 0.8441
vn -0.1622 0.6239 0.7645
vn -0.1588 0.6145 0.7728
vn -0.1383 0.7494 0.6475
vn -0.1550 0.7360 0.6590
vn -0.1166 0.6923 0.7121
vn -0.1477 0.8614 0.4860
vn -0.1367 0.8153 0.5627
vn -0.1363 0.4863 0.8631
vn -0.1361 0.4046 0.9043
vn -0.1185 0.5532 0.8246
vn -0.1272 0.5311 0.8377
vn -0.1129 0.6341 0.7649
vn -0.0956 0.6038 0.7914
vn -0.1079 0.7486 0.6542
vn -0.0965 0.7428 0.6625
vn -0.0970 0.6410 0.7614
vn -0.1084 0.8534 0.5099
vn -0.1069 0.8179 0.5654
vn -0.1119 0.7825 0.6125
vn -0.0910 0.4889 0.8676
vn -0.0912 0.4210 0.9025
vn -0.0890 0.5496 0.8307
vn -0.0634 0.6505 0.7569
vn -0.0707 0.5700 0.8186
vn -0.0616 0.7346 0.6757
vn -0.0595 0.6553 0.7530
vn -0.0782 0.8508 0.5197
vn -0.0671 0.8281 0.5565
vn -0.0663 0.7359 0.6739
vn -0.0436 0.4901 0.8706
vn -0.0437 0.4290 0.9022
vn -0.0420 0.5612 0.8266
vn -0.0293 0.6516 0.7580
vn -0.0346 0.5851 0.8102
vn -0.0176 0.7274 0.6860
vn -0.0225 0.6680 0.7438
vn -0.0333 0.8489 0.5276
vn -0.0192 0.8206 0.5711
vn -0.0157 0.7429 0.6692
vn -0.0190 -0.6075 -0.7941
vn -0.0168 -0.6243 -0.7810
vn 0.0189 -0.6064 -0.7949
vn 0.0155 -0.6239 -0.7813
vn 0.0516 -0.6033 -0.7958
vn 0.0480 -0.6179 -0.7848
vn 0.0918 -0.6071 -0.7893
vn 0.0848 -0.6025 -0.7936
vn 0.1381 -0.5742 -0.8070
vn 0.0111 -0.9559 -0.2935
vn 0.0120 -0.9804 -0.1969
vn 0.0066 -0.9950 -0.0996
vn 0.0069 -0.8566 -0.5160
vn 0.0110 -0.8827 -0.4699
vn 0.0113 -0.9187 -0.3948
vn -0.0021 -0.7846 -0.6200
vn 0.0023 -0.8074 -0.5900
vn -0.0081 -0.7129 -0.7012
vn -0.0055 -0.7481 -0.6636
vn -0.0142 -0.6575 -0.7534
vn -0.0114 -0.6875 -0.7261
vn -0.0250 -0.9539 -0.2989
vn -0.0385 -0.9782 -0.2041
vn -0.0538 -0.9923 -0.1118
vn -0.0111 -0.8566 -0.5159
vn -0.0165 -0.8819 -0.4711
vn -0.0194 -0.9172 -0.3981
vn -0.0033 -0.7841 -0.6206
vn -0.0075 -0.8080 -0.5891
vn 0.0037 -0.7128 -0.7013
vn 0.0009 -0.7479 -0.6638
vn 0.0119 -0.6568 -0.7540
vn 0.0078 -0.6868 -0.7268
vn -0.0596 -0.9470 -0.3157
vn -0.0803 -0.9722 -0.2201
vn -0.1024 -0.9863 -0.1292
vn -0.0375 -0.8501 -0.5253
vn -0.0529 -0.8749 -0.4815
vn -0.0560 -0.9149 -0.3999
vn -0.0128 -0.7757 -0.6310
vn -0.0259 -0.8006 -0.5987
vn 0.0122 -0.7054 -0.7087
vn 0.0010 -0.7411 -0.6714
vn 0.0394 -0.6484 -0.7603
vn 0.0265 -0.6760 -0.7364
vn -0.0631 -0.9408 -0.3330
vn -0.0809 -0.9679 -0.2378
vn -0.0944 -0.9852 -0.1430
vn -0.0333 -0.8404 -0.5409
vn -0.0523 -0.8637 -0.5013
vn -0.0581 -0.9138 -0.4021
vn -0.0029 -0.7619 -0.6477
vn -0.0185 -0.7881 -0.6153
vn 0.0316 -0.6896 -0.7235
vn 0.0147 -0.7272 -0.6862
vn 0.0680 -0.6333 -0.7709
vn 0.0515 -0.6569 -0.7522
vn -0.0227 -0.9365 -0.3500
vn -0.0375 -0.9674 -0.2505
vn -0.0385 -0.9890 -0.1426
vn 0.0090 -0.8326 -0.5538
vn -0.0001 -0.8543 -0.5199
vn -0.0088 -0.9105 -0.4134
vn 0.0442 -0.7451 -0.6655
vn 0.0247 -0.7709 -0.6365
vn 0.0923 -0.6661 -0.7401
vn 0.0688 -0.7029 -0.7080
vn 0.1248 -0.6275 -0.7685
vn 0.1163 -0.6289 -0.7688
vn 0.1760 -0.5833 -0.7929
vn 0.0522 -0.9303 -0.3632
vn 0.0436 -0.9646 -0.2599
vn 0.0282 -0.9885 -0.1487
vn 0.0923 -0.8242 -0.5587
vn 0.0890 -0.8451 -0.5271
vn 0.0716 -0.8973 -0.4357
vn 0.1272 -0.7250 -0.6769
vn 0.1095 -0.7452 -0.6578
vn 0.1746 -0.6468 -0.7424
vn 0.1558 -0.6596 -0.7353
vn 0.1908 -0.6037 -0.7741
vn 0.2186 -0.6070 -0.7640
vn 0.2301 -0.5345 -0.8133
vn 0.2217 -0.6004 -0.7684
vn 0.1437 -0.9191 -0.3670
vn 0.1304 -0.9516 -0.2783
vn 0.0971 -0.9792 -0.1781
vn 0.1759 -0.8207 -0.5436
vn 0.1859 -0.8296 -0.5265
vn 0.1666 -0.8731 -0.4583
vn 0.2065 -0.7194 -0.6632
vn 0.1980 -0.7048 -0.6812
vn 0.2732 -0.7326 -0.6234
vn 0.2240 -0.6149 -0.7561
vn 0.2912 -0.6536 -0.6986
vn 0.2703 -0.5662 -0.7787
vn 0.2607 -0.6141 -0.7449
vn 0.2827 -0.5474 -0.7877
vn 0.2777 -0.5600 -0.7806
vn 0.2075 -0.9109 -0.3566
vn 0.1990 -0.9312 -0.3053
vn 0.1685 -0.9621 -0.2145
vn 0.2688 -0.8105 -0.5204
vn 0.2508 -0.8355 -0.4890
vn 0.2941 -0.8487 -0.4396
vn 0.3092 -0.6944 -0.6497
vn 0.2976 -0.7541 -0.5855
vn 0.3333 -0.5921 -0.7337
vn 0.3196 -0.6662 -0.6738
vn 0.3306 -0.5746 -0.7487
vn 0.3311 -0.5817 -0.7430
vn 0.3340 -0.5278 -0.7809
vn 0.3790 -0.5338 -0.7559
vn -0.0028 -0.9998 -0.0217
vn -0.0108 -0.9991 0.0405
vn -0.0144 -0.9949 0.0994
vn -0.0118 -0.9869 0.1611
vn -0.0010 -0.9741 0.2262
vn 0.0148 -0.9645 0.2636
vn 0.0284 -0.9484 0.3158
vn 0.0328 -0.9491 0.3133
vn 0.0093 -0.9933 0.1156
vn -0.0721 -0.9967 -0.0366
vn -0.0901 -0.9955 0.0292
vn -0.0980 -0.9903 0.0980
vn -0.0911 -0.9813 0.1696
vn -0.0672 -0.9660 0.2496
vn -0.0367 -0.9476 0.3173
vn -0.1209 -0.9452 0.3032
vn -0.0339 -0.9562 0.2907
vn -0.0737 -0.9528 0.2945
vn -0.1018 -0.9911 0.0861
vn -0.1191 -0.9915 -0.0524
vn -0.1278 -0.9916 0.0183
vn -0.1335 -0.9866 0.0938
vn -0.1384 -0.9753 0.1719
vn -0.1519 -0.9564 0.2493
vn -0.1908 -0.9397 0.2840
vn -0.2062 -0.9437 0.2587
vn -0.2615 -0.9470 0.1865
vn -0.2465 -0.9427 0.2250
vn -0.2961 -0.9522 0.0751
vn -0.0946 -0.9940 -0.0541
vn -0.0932 -0.9956 0.0128
vn -0.1081 -0.9911 0.0780
vn -0.1366 -0.9789 0.1523
vn -0.1781 -0.9613 0.2103
vn -0.2254 -0.9468 0.2299
vn -0.2716 -0.9449 0.1826
vn -0.2790 -0.9553 0.0982
vn -0.2627 -0.9625 0.0680
vn -0.2842 -0.9566 0.0642
vn -0.0289 -0.9986 -0.0448
vn -0.0282 -0.9996 0.0056
vn -0.0526 -0.9976 0.0459
vn -0.0988 -0.9891 0.1096
vn -0.1514 -0.9757 0.1586
vn -0.2004 -0.9620 0.1857
vn -0.2290 -0.9600 0.1613
vn -0.2256 -0.9702 0.0889
vn 0.0090 -0.9988 -0.0481
vn -0.0005 -1.0000 0.0002
vn -0.0133 -0.9998 0.0140
vn -0.0531 -0.9970 0.0555
vn -0.1042 -0.9886 0.1091
vn -0.1386 -0.9785 0.1525
vn -0.1512 -0.9758 0.1577
vn -0.1473 -0.9829 0.1102
vn 0.0532 -0.9952 -0.0816
vn 0.0142 -0.9998 -0.0147
vn -0.0008 -1.0000 0.0011
vn -0.0144 -0.9998 0.0150
vn -0.0438 -0.9967 0.0691
vn -0.0618 -0.9882 0.1403
vn -0.0577 -0.9848 0.1636
vn -0.0536 -0.9918 0.1163
vn 0.1247 -0.9833 -0.1327
vn 0.0704 -0.9959 -0.0569
vn 0.0285 -0.9995 -0.0138
vn 0.0174 -0.9998 0.0053
vn 0.0241 -0.9981 0.0560
vn 0.0273 -0.9900 0.1386
vn 0.0249 -0.9856 0.1674
vn 0.0165 -0.9939 0.1089
vn -0.0204 -0.5605 -0.8279
vn -0.0225 -0.5070 -0.8616
vn -0.0225 -0.5450 -0.8382
vn -0.0203 -0.4862 -0.8736
vn -0.0141 -0.4355 -0.9001
vn -0.0173 -0.4713 -0.8818
vn -0.0112 -0.4174 -0.9087
vn -0.0074 -0.3749 -0.9271
vn -0.0090 -0.3959 -0.9182
vn -0.0056 -0.3460 -0.9382
vn -0.0043 -0.3131 -0.9497
vn 0.0236 -0.5579 -0.8296
vn 0.0321 -0.5068 -0.8614
vn 0.0302 -0.5424 -0.8395
vn 0.0320 -0.4841 -0.8744
vn 0.0337 -0.4337 -0.9004
vn 0.0340 -0.4673 -0.8834
vn 0.0340 -0.4150 -0.9092
vn 0.0367 -0.3740 -0.9267
vn 0.0367 -0.3931 -0.9188
vn 0.0358 -0.3442 -0.9382
vn 0.0362 -0.3131 -0.9490
vn 0.0569 -0.5466 -0.8354
vn 0.0746 -0.5057 -0.8595
vn 0.0696 -0.5315 -0.8442
vn 0.0756 -0.4806 -0.8737
vn 0.0802 -0.4337 -0.8975
vn 0.0806 -0.4618 -0.8833
vn 0.0796 -0.4118 -0.9078
vn 0.0833 -0.3736 -0.9238
vn 0.0833 -0.3887 -0.9176
vn 0.0818 -0.3408 -0.9366
vn 0.0842 -0.3131 -0.9460
vn 0.1005 -0.5222 -0.8469
vn 0.1443 -0.5533 -0.8204
vn 0.1250 -0.5000 -0.8569
vn 0.1192 -0.5174 -0.8474
vn 0.1293 -0.4711 -0.8726
vn 0.1402 -0.4324 -0.8907
vn 0.1394 -0.4517 -0.8812
vn 0.1381 -0.4061 -0.9033
vn 0.1377 -0.3795 -0.9149
vn 0.1422 -0.3835 -0.9125
vn 0.1326 -0.3291 -0.9349
vn 0.1609 -0.3495 -0.9230
vn 0.1368 -0.3148 -0.9393
vn 0.1815 -0.5053 -0.8437
vn 0.1710 -0.5653 -0.8070
vn 0.1799 -0.5023 -0.8458
vn 0.1813 -0.5044 -0.8442
vn 0.1802 -0.4493 -0.8750
vn 0.2153 -0.4675 -0.8574
vn 0.1903 -0.4384 -0.8784
vn 0.1939 -0.4413 -0.8762
vn 0.1845 -0.3934 -0.9007
vn 0.2165 -0.4125 -0.8848
vn 0.1892 -0.3833 -0.9040
vn 0.1874 -0.3195 -0.9289
vn 0.1971 -0.3716 -0.9072
vn 0.1784 -0.3152 -0.9321
vn 0.2314 -0.5123 -0.8271
vn 0.2299 -0.5303 -0.8161
vn 0.2316 -0.4885 -0.8413
vn 0.2539 -0.4935 -0.8319
vn 0.2435 -0.4364 -0.8662
vn 0.2471 -0.4810 -0.8412
vn 0.2392 -0.4334 -0.8689
vn 0.2469 -0.3935 -0.8856
vn 0.2550 -0.4210 -0.8705
vn 0.2376 -0.3765 -0.8954
vn 0.2728 -0.3848 -0.8818
vn 0.2334 -0.3440 -0.9095
vn 0.2468 -0.3575 -0.9007
vn 0.2221 -0.3026 -0.9269
vn 0.2666 -0.3208 -0.9089
vn 0.2838 -0.5089 -0.8127
vn 0.3033 -0.4610 -0.8340
vn 0.3064 -0.5053 -0.8067
vn 0.2907 -0.4548 -0.8418
vn 0.2969 -0.4590 -0.8374
vn 0.2846 -0.4122 -0.8655
vn 0.3317 -0.4267 -0.8414
vn 0.2977 -0.4071 -0.8635
vn 0.2986 -0.3639 -0.8823
vn 0.3081 -0.4007 -0.8628
vn 0.2868 -0.3503 -0.8917
vn 0.2788 -0.3163 -0.9067
vn 0.2913 -0.3331 -0.8968
vn 0.3477 -0.4803 -0.8052
vn 0.3546 -0.4802 -0.8023
vn 0.3398 -0.4374 -0.8326
vn 0.3770 -0.4528 -0.8080
vn 0.3456 -0.4226 -0.8378
vn 0.3523 -0.4318 -0.8303
vn 0.3350 -0.3953 -0.8553
vn 0.3708 -0.4048 -0.8358
vn 0.3355 -0.3867 -0.8590
vn 0.3445 -0.3860 -0.8558
vn 0.3230 -0.3334 -0.8857
vn 0.3753 -0.3524 -0.8573
vn 0.3327 -0.3270 -0.8845
vn 0.3170 -0.5155 -0.7961
vn 0.3622 -0.4757 -0.8016
vn 0.3621 -0.5258 -0.7697
vn -0.0035 -0.2467 -0.9691
vn -0.0040 -0.2954 -0.9554
vn -0.0031 -0.2323 -0.9726
vn -0.0045 -0.1914 -0.9815
vn -0.0069 -0.1506 -0.9886
vn -0.0095 -0.1126 -0.9936
vn -0.0146 -0.0782 -0.9968
vn -0.0219 -0.0396 -0.9990
vn -0.0275 -0.0004 -0.9996
vn 0.0344 -0.2461 -0.9686
vn 0.0366 -0.2941 -0.9551
vn 0.0336 -0.2319 -0.9721
vn 0.0336 -0.1931 -0.9806
vn 0.0328 -0.1519 -0.9878
vn 0.0320 -0.1147 -0.9929
vn 0.0300 -0.0831 -0.9961
vn 0.0269 -0.0450 -0.9986
vn 0.0223 -0.0052 -0.9997
vn 0.0833 -0.2478 -0.9652
vn 0.0876 -0.2875 -0.9538
vn 0.0803 -0.2300 -0.9699
vn 0.0806 -0.1944 -0.9776
vn 0.0785 -0.1533 -0.9851
vn 0.0768 -0.1158 -0.9903
vn 0.0759 -0.0847 -0.9935
vn 0.0747 -0.0476 -0.9961
vn 0.0711 -0.0108 -0.9974
vn 0.1273 -0.2572 -0.9579
vn 0.1362 -0.2806 -0.9501
vn 0.1191 -0.2220 -0.9677
vn 0.1428 -0.2396 -0.9603
vn 0.1231 -0.1962 -0.9728
vn 0.1206 -0.1560 -0.9804
vn 0.1187 -0.1165 -0.9861
vn 0.1188 -0.0846 -0.9893
vn 0.1191 -0.0485 -0.9917
vn 0.1194 -0.0131 -0.9928
vn 0.1761 -0.2793 -0.9439
vn 0.1717 -0.2296 -0.9580
vn 0.1844 -0.2534 -0.9496
vn 0.1563 -0.1848 -0.9703
vn 0.2036 -0.2011 -0.9582
vn 0.1689 -0.1585 -0.9728
vn 0.1667 -0.1176 -0.9790
vn 0.1651 -0.0846 -0.9826
vn 0.1647 -0.0483 -0.9852
vn 0.1667 -0.0109 -0.9859
vn 0.2302 -0.2812 -0.9316
vn 0.2276 -0.2465 -0.9420
vn 0.2196 -0.1714 -0.9604
vn 0.2358 -0.2172 -0.9472
vn 0.2081 -0.1538 -0.9659
vn 0.2329 -0.1638 -0.9586
vn 0.2104 -0.1184 -0.9704
vn 0.2107 -0.0848 -0.9739
vn 0.2121 -0.0467 -0.9761
vn 0.2140 -0.0083 -0.9768
vn 0.2612 -0.2730 -0.9259
vn 0.2978 -0.2916 -0.9090
vn 0.2682 -0.2501 -0.9303
vn 0.2656 -0.2072 -0.9416
vn 0.2576 -0.1638 -0.9523
vn 0.2706 -0.1743 -0.9468
vn 0.2194 -0.1049 -0.9700
vn 0.3085 -0.1132 -0.9445
vn 0.2466 -0.0800 -0.9658
vn 0.2869 -0.0830 -0.9544
vn 0.2542 -0.0437 -0.9662
vn 0.2812 -0.0459 -0.9586
vn 0.2555 -0.0080 -0.9668
vn 0.2765 -0.0098 -0.9610
vn 0.3238 -0.2728 -0.9059
vn 0.3420 -0.3087 -0.8876
vn 0.3007 -0.2432 -0.9222
vn 0.3567 -0.2556 -0.8986
vn 0.3144 -0.2052 -0.9268
vn 0.3308 -0.2198 -0.9178
vn 0.3148 -0.1682 -0.9341
vn 0.3132 -0.1260 -0.9413
vn 0.3142 -0.0880 -0.9453
vn 0.3146 -0.0508 -0.9479
vn 0.3119 -0.0131 -0.9500
vn 0.2471 -0.9167 -0.3140
vn 0.2362 -0.9383 -0.2528
vn 0.3244 -0.8032 -0.4996
vn 0.3385 -0.8122 -0.4751
vn 0.3067 -0.8558 -0.4166
vn 0.3385 -0.8613 -0.3791
vn 0.3611 -0.7033 -0.6124
vn 0.3587 -0.7045 -0.6124
vn 0.4037 -0.7178 -0.5673
vn 0.3851 -0.6032 -0.6985
vn 0.3746 -0.6063 -0.7015
vn 0.4352 -0.6288 -0.6443
vn 0.3879 -0.5461 -0.7425
vn 0.4363 -0.5606 -0.7038
vn 0.4050 -0.5124 -0.7572
vn 0.4128 -0.5408 -0.7329
vn 0.2880 -0.9207 -0.2636
vn 0.3681 -0.8091 -0.4581
vn 0.3897 -0.8186 -0.4219
vn 0.3481 -0.8637 -0.3645
vn 0.3839 -0.8649 -0.3233
vn 0.4253 -0.6942 -0.5806
vn 0.4161 -0.7216 -0.5533
vn 0.4527 -0.7302 -0.5118
vn 0.4536 -0.5888 -0.6690
vn 0.4400 -0.6396 -0.6303
vn 0.4568 -0.6498 -0.6075
vn 0.4507 -0.5478 -0.7049
vn 0.4500 -0.5608 -0.6950
vn 0.4776 -0.5668 -0.6712
vn 0.4411 -0.5196 -0.7318
vn 0.4765 -0.5271 -0.7037
vn 0.4164 -0.8134 -0.4062
vn 0.4367 -0.8242 -0.3606
vn 0.3989 -0.8667 -0.2996
vn 0.4779 -0.7001 -0.5306
vn 0.4648 -0.7365 -0.4914
vn 0.4944 -0.7393 -0.4572
vn 0.5104 -0.5837 -0.6315
vn 0.4958 -0.6592 -0.5654
vn 0.4951 -0.6668 -0.5570
vn 0.5039 -0.5419 -0.6726
vn 0.5068 -0.5710 -0.6458
vn 0.5194 -0.5752 -0.6319
vn 0.4945 -0.5163 -0.6992
vn 0.4976 -0.5266 -0.6893
vn 0.5213 -0.5295 -0.6692
vn 0.4579 -0.8205 -0.3422
vn 0.5282 -0.7067 -0.4708
vn 0.5151 -0.7403 -0.4321
vn 0.5625 -0.7336 -0.3814
vn 0.5697 -0.5832 -0.5790
vn 0.5500 -0.6689 -0.5001
vn 0.5554 -0.6698 -0.4928
vn 0.5596 -0.5378 -0.6306
vn 0.5649 -0.5789 -0.5880
vn 0.5750 -0.5809 -0.5761
vn 0.5446 -0.5096 -0.6661
vn 0.5506 -0.5321 -0.6432
vn 0.5653 -0.5368 -0.6263
vn 0.5792 -0.7174 -0.3871
vn 0.6265 -0.5895 -0.5099
vn 0.6051 -0.6652 -0.4373
vn 0.6373 -0.6516 -0.4115
vn 0.6172 -0.5407 -0.5715
vn 0.6214 -0.5805 -0.5262
vn 0.6369 -0.5817 -0.5059
vn 0.6007 -0.5052 -0.6196
vn 0.6096 -0.5389 -0.5814
vn 0.6238 -0.5401 -0.5649
vn 0.6675 -0.6143 -0.4208
vn 0.6543 -0.6507 -0.3855
vn 0.6738 -0.5430 -0.5011
vn 0.6734 -0.5769 -0.4622
vn 0.7055 -0.5742 -0.4155
vn 0.6566 -0.5108 -0.5549
vn 0.6659 -0.5397 -0.5151
vn 0.6892 -0.5351 -0.4886
vn 0.7112 -0.5614 -0.4231
vn 0.6994 -0.5289 -0.4807
vn 0.7100 -0.5360 -0.4567
vn 0.7412 -0.5265 -0.4164
vn 0.1982 -0.9642 -0.1764
vn 0.1595 -0.9815 -0.1062
vn 0.1198 -0.9917 -0.0462
vn 0.0974 -0.9952 0.0040
vn 0.0994 -0.9929 0.0659
vn 0.1038 -0.9852 0.1364
vn 0.0919 -0.9837 0.1546
vn 0.0735 -0.9929 0.0935
vn 0.2804 -0.9367 -0.2098
vn 0.2509 -0.9576 -0.1414
vn 0.2270 -0.9710 -0.0748
vn 0.2055 -0.9786 -0.0121
vn 0.1885 -0.9798 0.0661
vn 0.1789 -0.9752 0.1303
vn 0.1658 -0.9771 0.1332
vn 0.1462 -0.9865 0.0731
vn 0.3327 -0.9169 -0.2204
vn 0.3340 -0.9289 -0.1599
vn 0.3145 -0.9438 -0.1019
vn 0.2931 -0.9556 -0.0304
vn 0.2807 -0.9583 0.0531
vn 0.2630 -0.9581 0.1135
vn 0.2439 -0.9633 0.1122
vn 0.2186 -0.9747 0.0474
vn 0.4417 -0.8581 -0.2617
vn 0.3989 -0.8951 -0.1993
vn 0.2587 -0.9654 0.0332
vn 0.3511 -0.9297 -0.1115
vn 0.3557 -0.9338 -0.0392
vn 0.3422 -0.9389 0.0375
vn 0.3152 -0.9448 0.0892
vn 0.2958 -0.9504 0.0966
vn 0.4780 -0.8311 -0.2841
vn 0.4898 -0.8395 -0.2354
vn 0.4309 -0.8822 -0.1898
vn 0.4823 -0.8641 -0.1440
vn 0.4397 -0.8962 -0.0590
vn 0.4048 -0.9142 0.0219
vn 0.3759 -0.9235 0.0758
vn 0.3455 -0.9349 0.0819
vn 0.3031 -0.9509 0.0621
vn 0.3203 -0.9469 0.0267
vn 0.5163 -0.7970 -0.3133
vn 0.5062 -0.8323 -0.2260
vn 0.5150 -0.8407 -0.1676
vn 0.5030 -0.8594 -0.0913
vn 0.4740 -0.8805 0.0004
vn 0.4451 -0.8935 0.0604
vn 0.4197 -0.9051 0.0691
vn 0.4098 -0.9121 0.0117
vn 0.6121 -0.7128 -0.3425
vn 0.5597 -0.7808 -0.2776
vn 0.6001 -0.7593 -0.2519
vn 0.5675 -0.8003 -0.1935
vn 0.5215 -0.8473 -0.1005
vn 0.5228 -0.8522 -0.0203
vn 0.5066 -0.8614 0.0377
vn 0.4919 -0.8693 0.0482
vn 0.4784 -0.8781 0.0002
vn 0.6144 -0.7206 -0.3213
vn 0.6315 -0.7265 -0.2709
vn 0.6469 -0.7322 -0.2130
vn 0.6086 -0.7722 -0.1825
vn 0.6642 -0.7375 -0.1223
vn 0.6425 -0.7655 -0.0357
vn 0.6256 -0.7797 0.0252
vn 0.6014 -0.7982 0.0336
vn 0.5740 -0.8187 -0.0146
vn 0.7055 -0.6249 -0.3343
vn 0.6875 -0.6648 -0.2922
vn 0.6479 -0.7248 -0.2344
vn 0.6932 -0.6180 -0.3710
vn 0.6570 -0.7425 -0.1308
vn 0.6647 -0.7456 -0.0471
vn 0.6511 -0.7590 0.0087
vn 0.6260 -0.7798 0.0070
vn 0.6022 -0.7977 -0.0323
vn 0.7173 -0.6284 -0.3008
vn 0.7506 -0.6134 -0.2455
vn 0.7037 -0.6889 -0.1741
vn 0.7496 -0.6477 -0.1359
vn 0.7366 -0.6735 -0.0619
vn 0.7201 -0.6938 -0.0109
vn 0.7019 -0.7120 -0.0184
vn 0.6837 -0.7281 -0.0501
vn 0.7495 -0.5452 -0.3756
vn 0.7354 -0.5994 -0.3160
vn 0.7476 -0.5903 -0.3045
vn 0.7424 -0.6247 -0.2421
vn 0.7427 -0.5534 -0.3771
vn 0.7476 -0.6491 -0.1404
vn 0.7543 -0.6521 -0.0763
vn 0.7440 -0.6676 -0.0265
vn 0.7316 -0.6810 -0.0324
vn 0.7218 -0.6895 -0.0609
vn 0.7608 -0.5721 -0.3063
vn 0.7927 -0.5599 -0.2413
vn 0.7699 -0.6124 -0.1796
vn 0.7970 -0.5859 -0.1470
vn 0.7864 -0.6113 -0.0882
vn 0.7774 -0.6275 -0.0427
vn 0.7661 -0.6414 -0.0423
vn 0.7572 -0.6496 -0.0687
vn 0.7666 -0.5264 -0.3677
vn 0.7662 -0.5525 -0.3281
vn 0.7889 -0.5366 -0.2995
vn 0.7920 -0.5602 -0.2428
vn 0.7963 -0.5809 -0.1686
vn 0.7889 -0.6054 -0.1060
vn 0.3896 -0.4648 -0.7951
vn 0.3944 -0.4415 -0.8059
vn 0.4028 -0.4599 -0.7914
vn 0.3837 -0.4148 -0.8251
vn 0.4200 -0.4235 -0.8026
vn 0.3911 -0.3960 -0.8308
vn 0.3989 -0.4103 -0.8201
vn 0.3801 -0.3713 -0.8471
vn 0.4151 -0.3802 -0.8266
vn 0.3845 -0.3463 -0.8557
vn 0.3928 -0.3600 -0.8462
vn 0.3660 -0.3233 -0.8726
vn 0.4023 -0.3343 -0.8523
vn 0.4290 -0.4382 -0.7899
vn 0.4367 -0.4123 -0.7996
vn 0.4462 -0.4316 -0.7840
vn 0.4237 -0.3954 -0.8149
vn 0.4496 -0.4062 -0.7955
vn 0.4254 -0.3716 -0.8252
vn 0.4326 -0.3868 -0.8144
vn 0.4123 -0.3484 -0.8418
vn 0.4406 -0.3601 -0.8223
vn 0.4187 -0.3406 -0.8418
vn 0.4668 -0.4182 -0.7792
vn 0.4632 -0.4023 -0.7897
vn 0.4743 -0.4144 -0.7768
vn 0.4497 -0.3707 -0.8126
vn 0.4870 -0.3823 -0.7853
vn 0.4553 -0.3582 -0.8151
vn 0.4627 -0.3642 -0.8083
vn 0.4357 -0.3300 -0.8374
vn 0.4839 -0.3362 -0.8079
vn 0.4871 -0.4032 -0.7747
vn 0.4983 -0.3748 -0.7819
vn 0.5027 -0.3867 -0.7731
vn 0.4792 -0.3510 -0.8045
vn 0.5162 -0.3594 -0.7774
vn 0.4902 -0.3391 -0.8029
vn 0.5034 -0.3443 -0.7925
vn 0.5234 -0.3609 -0.7718
vn 0.5198 -0.3341 -0.7862
vn 0.5325 -0.3505 -0.7705
vn 0.5418 -0.3390 -0.7691
vn 0.3976 -0.4929 -0.7739
vn 0.3977 -0.4963 -0.7717
vn 0.4193 -0.5002 -0.7576
vn 0.4215 -0.4753 -0.7722
vn 0.4516 -0.4725 -0.7569
vn 0.4644 -0.5114 -0.7230
vn 0.4407 -0.4729 -0.7630
vn 0.4455 -0.4728 -0.7602
vn 0.4674 -0.4716 -0.7477
vn 0.4732 -0.4468 -0.7592
vn 0.4853 -0.4864 -0.7266
vn 0.5208 -0.4934 -0.6966
vn 0.4911 -0.4554 -0.7426
vn 0.5034 -0.4803 -0.7182
vn 0.4823 -0.4409 -0.7570
vn 0.4854 -0.4480 -0.7508
vn 0.5028 -0.4499 -0.7381
vn 0.4962 -0.4313 -0.7535
vn 0.5342 -0.4820 -0.6944
vn 0.5374 -0.4948 -0.6829
vn 0.5594 -0.4982 -0.6625
vn 0.5212 -0.4642 -0.7162
vn 0.5487 -0.4735 -0.6890
vn 0.5166 -0.4400 -0.7345
vn 0.5305 -0.4616 -0.7110
vn 0.5042 -0.4303 -0.7488
vn 0.5088 -0.4323 -0.7445
vn 0.5264 -0.4360 -0.7299
vn 0.5265 -0.4098 -0.7449
vn 0.5146 -0.3881 -0.7645
vn 0.5797 -0.4852 -0.6546
vn 0.5900 -0.5001 -0.6339
vn 0.6147 -0.5007 -0.6095
vn 0.5594 -0.4730 -0.6808
vn 0.5656 -0.4733 -0.6754
vn 0.5960 -0.4778 -0.6454
vn 0.5409 -0.4499 -0.7106
vn 0.5794 -0.4573 -0.6747
vn 0.5442 -0.4278 -0.7217
vn 0.5541 -0.4430 -0.7048
vn 0.5653 -0.4440 -0.6952
vn 0.5340 -0.4079 -0.7405
vn 0.5647 -0.4163 -0.7126
vn 0.5313 -0.3744 -0.7599
vn 0.5470 -0.3969 -0.7371
vn 0.5438 -0.3689 -0.7537
vn 0.6315 -0.4915 -0.5996
vn 0.6428 -0.5023 -0.5783
vn 0.6727 -0.5036 -0.5422
vn 0.6042 -0.4763 -0.6387
vn 0.6165 -0.4832 -0.6216
vn 0.6418 -0.4891 -0.5907
vn 0.5922 -0.4579 -0.6630
vn 0.6275 -0.4603 -0.6280
vn 0.5957 -0.4213 -0.6839
vn 0.6094 -0.4490 -0.6535
vn 0.6162 -0.4488 -0.6472
vn 0.5761 -0.4135 -0.7050
vn 0.5829 -0.4167 -0.6975
vn 0.6056 -0.4204 -0.6757
vn 0.5542 -0.3867 -0.7371
vn 0.5962 -0.3963 -0.6982
vn 0.5614 -0.3611 -0.7446
vn 0.5678 -0.3729 -0.7339
vn 0.5804 -0.3753 -0.7227
vn 0.5850 -0.3430 -0.7350
vn 0.6814 -0.4981 -0.5363
vn 0.6912 -0.5062 -0.5158
vn 0.7270 -0.5019 -0.4686
vn 0.7328 -0.5252 -0.4327
vn 0.6549 -0.4855 -0.5791
vn 0.6732 -0.4924 -0.5516
vn 0.7046 -0.4827 -0.5201
vn 0.7071 -0.5076 -0.4924
vn 0.6402 -0.4589 -0.6161
vn 0.6925 -0.4583 -0.5571
vn 0.6949 -0.4826 -0.5332
vn 0.6469 -0.4264 -0.6322
vn 0.6613 -0.4477 -0.6019
vn 0.6748 -0.4549 -0.5812
vn 0.6240 -0.4091 -0.6658
vn 0.6354 -0.4216 -0.6469
vn 0.6578 -0.4236 -0.6228
vn 0.6111 -0.3958 -0.6855
vn 0.6509 -0.3925 -0.6498
vn 0.6172 -0.3478 -0.7057
vn 0.6351 -0.3786 -0.6733
vn 0.6437 -0.3749 -0.6671
vn 0.5974 -0.3413 -0.7257
vn 0.6383 -0.3447 -0.6883
vn 0.7634 -0.4937 -0.4166
vn 0.7634 -0.5103 -0.3960
vn 0.7516 -0.4614 -0.4714
vn 0.7589 -0.4922 -0.4264
vn 0.7686 -0.4900 -0.4112
vn 0.7257 -0.4568 -0.5145
vn 0.7359 -0.4706 -0.4868
vn 0.7534 -0.4705 -0.4595
vn 0.7026 -0.4250 -0.5708
vn 0.7166 -0.4474 -0.5350
vn 0.7344 -0.4490 -0.5090
vn 0.6785 -0.4102 -0.6095
vn 0.6909 -0.4233 -0.5860
vn 0.7182 -0.4201 -0.5548
vn 0.6628 -0.3886 -0.6401
vn 0.7084 -0.3846 -0.5918
vn 0.6735 -0.3523 -0.6498
vn 0.6874 -0.3705 -0.6246
vn 0.7010 -0.3676 -0.6111
vn 0.6571 -0.3460 -0.6697
vn 0.6914 -0.3465 -0.6339
vn 0.7821 -0.5093 -0.3591
vn 0.7822 -0.5365 -0.3167
vn 0.3739 -0.2953 -0.8792
vn 0.3849 -0.3076 -0.8702
vn 0.3780 -0.2681 -0.8861
vn 0.3629 -0.1821 -0.9139
vn 0.3945 -0.2365 -0.8880
vn 0.3463 -0.1664 -0.9232
vn 0.3842 -0.1734 -0.9068
vn 0.3540 -0.1229 -0.9271
vn 0.3692 -0.1313 -0.9200
vn 0.3534 -0.0904 -0.9311
vn 0.3469 -0.0552 -0.9363
vn 0.3405 -0.0180 -0.9401
vn 0.4162 -0.2759 -0.8664
vn 0.4356 -0.3180 -0.8421
vn 0.4039 -0.2592 -0.8773
vn 0.4325 -0.2686 -0.8607
vn 0.4091 -0.2241 -0.8846
vn 0.4096 -0.1827 -0.8938
vn 0.3953 -0.0987 -0.9133
vn 0.4213 -0.1404 -0.8960
vn 0.3769 -0.0918 -0.9217
vn 0.4063 -0.0983 -0.9084
vn 0.3749 -0.0606 -0.9251
vn 0.4014 -0.0655 -0.9136
vn 0.3698 -0.0240 -0.9288
vn 0.3956 -0.0300 -0.9179
vn 0.4515 -0.3021 -0.8396
vn 0.4698 -0.3111 -0.8261
vn 0.4464 -0.2603 -0.8561
vn 0.4590 -0.2789 -0.8436
vn 0.4228 -0.2145 -0.8805
vn 0.4726 -0.2247 -0.8522
vn 0.4348 -0.1809 -0.8822
vn 0.4561 -0.1882 -0.8698
vn 0.4327 -0.1367 -0.8911
vn 0.4413 -0.1517 -0.8845
vn 0.4301 -0.1083 -0.8963
vn 0.4268 -0.0703 -0.9016
vn 0.4242 -0.0348 -0.9049
vn 0.4868 -0.2916 -0.8234
vn 0.5012 -0.3201 -0.8040
vn 0.4696 -0.2717 -0.8400
vn 0.4992 -0.2823 -0.8192
vn 0.4768 -0.2363 -0.8467
vn 0.4807 -0.2483 -0.8410
vn 0.4814 -0.1959 -0.8543
vn 0.4672 -0.1162 -0.8765
vn 0.4922 -0.1594 -0.8558
vn 0.4501 -0.1084 -0.8864
vn 0.4774 -0.1148 -0.8712
vn 0.4489 -0.0731 -0.8906
vn 0.4711 -0.0787 -0.8786
vn 0.4459 -0.0375 -0.8943
vn 0.4653 -0.0418 -0.8842
vn 0.5070 -0.3075 -0.8052
vn 0.5436 -0.3117 -0.7793
vn 0.5209 -0.2869 -0.8040
vn 0.5346 -0.2872 -0.7948
vn 0.5169 -0.2084 -0.8303
vn 0.5424 -0.2566 -0.7999
vn 0.4954 -0.1913 -0.8473
vn 0.5410 -0.1970 -0.8176
vn 0.5024 -0.1496 -0.8516
vn 0.5365 -0.1548 -0.8296
vn 0.5074 -0.1181 -0.8536
vn 0.5334 -0.1195 -0.8374
vn 0.5115 -0.0849 -0.8551
vn 0.5098 -0.0468 -0.8590
vn 0.5589 -0.3130 -0.7679
vn 0.5579 -0.2751 -0.7830
vn 0.5744 -0.2899 -0.7655
vn 0.5422 -0.2388 -0.8056
vn 0.5876 -0.2421 -0.7720
vn 0.5580 -0.1986 -0.8058
vn 0.5776 -0.2008 -0.7912
vn 0.5664 -0.1577 -0.8089
vn 0.5529 -0.1148 -0.8253
vn 0.5721 -0.1229 -0.8109
vn 0.5246 -0.0785 -0.8477
vn 0.5809 -0.0821 -0.8098
vn 0.5310 -0.0492 -0.8459
vn 0.5716 -0.0528 -0.8188
vn 0.5861 -0.2774 -0.7613
vn 0.6006 -0.2443 -0.7613
vn 0.6058 -0.1917 -0.7722
vn 0.6204 -0.2019 -0.7578
vn 0.5702 -0.1456 -0.8085
vn 0.6429 -0.1478 -0.7516
vn 0.5843 -0.1181 -0.8029
vn 0.6331 -0.1200 -0.7647
vn 0.5904 -0.0873 -0.8024
vn 0.6327 -0.0864 -0.7696
vn 0.5969 -0.0522 -0.8006
vn 0.6326 -0.0508 -0.7728
vn 0.6383 -0.1499 -0.7551
vn 0.6519 -0.1180 -0.7491
vn 0.6606 -0.0851 -0.7459
vn 0.6674 -0.0493 -0.7431
vn 0.5748 -0.3160 -0.7548
vn 0.6073 -0.2888 -0.7402
vn 0.6185 -0.3181 -0.7186
vn 0.6231 -0.3200 -0.7137
vn 0.6277 -0.2798 -0.7264
vn 0.6272 -0.2404 -0.7408
vn 0.6254 -0.1999 -0.7542
vn 0.6624 -0.2797 -0.6950
vn 0.6809 -0.3211 -0.6582
vn 0.6809 -0.3210 -0.6583
vn 0.6449 -0.2766 -0.7125
vn 0.6859 -0.2732 -0.6744
vn 0.6665 -0.2374 -0.7066
vn 0.6870 -0.2328 -0.6884
vn 0.6638 -0.1797 -0.7260
vn 0.6879 -0.1955 -0.6990
vn 0.6877 -0.1909 -0.7004
vn 0.7031 -0.1472 -0.6957
vn 0.7002 -0.1163 -0.7045
vn 0.7004 -0.0830 -0.7089
vn 0.7013 -0.0472 -0.7113
vn 0.7741 -0.6309 -0.0524
vn 0.7714 -0.6344 -0.0499
vn 0.7663 -0.6382 -0.0740
vn 0.7951 -0.5535 -0.2479
vn 0.8079 -0.5615 -0.1790
vn 0.8131 -0.5704 -0.1166
vn 0.7959 -0.5990 -0.0881
vn 0.8050 -0.5897 -0.0651
vn 0.7951 -0.6040 -0.0554
vn 0.7937 -0.6041 -0.0721
vn 0.7762 -0.4834 -0.4048
vn 0.7818 -0.4879 -0.3882
vn 0.7607 -0.4681 -0.4498
vn 0.7716 -0.4702 -0.4283
vn 0.7997 -0.4581 -0.3881
vn 0.7493 -0.4326 -0.5014
vn 0.7576 -0.4485 -0.4742
vn 0.7902 -0.4340 -0.4327
vn 0.7936 -0.4560 -0.4027
vn 0.7241 -0.4224 -0.5453
vn 0.7387 -0.4217 -0.5259
vn 0.7779 -0.4070 -0.4788
vn 0.7843 -0.4276 -0.4495
vn 0.7121 -0.3846 -0.5874
vn 0.7683 -0.3795 -0.5155
vn 0.7712 -0.4020 -0.4936
vn 0.7218 -0.3508 -0.5966
vn 0.7354 -0.3620 -0.5728
vn 0.7611 -0.3585 -0.5405
vn 0.7095 -0.3468 -0.6135
vn 0.7474 -0.3381 -0.5719
vn 0.7551 -0.3484 -0.5553
vn 0.8153 -0.4281 -0.3899
vn 0.8180 -0.4448 -0.3648
vn 0.8047 -0.4029 -0.4360
vn 0.8101 -0.4166 -0.4125
vn 0.8309 -0.4079 -0.3784
vn 0.7904 -0.3805 -0.4801
vn 0.7997 -0.3926 -0.4543
vn 0.8215 -0.3822 -0.4230
vn 0.8262 -0.4022 -0.3944
vn 0.7788 -0.3582 -0.5149
vn 0.8155 -0.3518 -0.4596
vn 0.8202 -0.3703 -0.4362
vn 0.7850 -0.3256 -0.5270
vn 0.7951 -0.3371 -0.5041
vn 0.8091 -0.3418 -0.4781
vn 0.8402 -0.3812 -0.3857
vn 0.8442 -0.3953 -0.3620
vn 0.8342 -0.3487 -0.4273
vn 0.8361 -0.3621 -0.4121
vn 0.8572 -0.3531 -0.3748
vn 0.8141 -0.3394 -0.4711
vn 0.8295 -0.3400 -0.4430
vn 0.8460 -0.3321 -0.4172
vn 0.8539 -0.3476 -0.3874
vn 0.8586 -0.3447 -0.3795
vn 0.8664 -0.3429 -0.3631
vn 0.7809 -0.5104 -0.3602
vn 0.8114 -0.4930 -0.3139
vn 0.8054 -0.5255 -0.2742
vn 0.8201 -0.5150 -0.2493
vn 0.8210 -0.5385 -0.1894
vn 0.8170 -0.5628 -0.1255
vn 0.8089 -0.5819 -0.0840
vn 0.8011 -0.5952 -0.0622
vn 0.7979 -0.5987 -0.0709
vn 0.8104 -0.4701 -0.3498
vn 0.8155 -0.4904 -0.3074
vn 0.8213 -0.5053 -0.2648
vn 0.8066 -0.4701 -0.3583
vn 0.8215 -0.5382 -0.1883
vn 0.8353 -0.5324 -0.1369
vn 0.8336 -0.5442 -0.0942
vn 0.8294 -0.5546 -0.0672
vn 0.8289 -0.5555 -0.0661
vn 0.8154 -0.5750 -0.0662
vn 0.8175 -0.4907 -0.3016
vn 0.8375 -0.4784 -0.2641
vn 0.8308 -0.4981 -0.2483
vn 0.8534 -0.4847 -0.1917
vn 0.8461 -0.5132 -0.1442
vn 0.8421 -0.5289 -0.1055
vn 0.8370 -0.5421 -0.0741
vn 0.8364 -0.5448 -0.0602
vn 0.8153 -0.4610 -0.3505
vn 0.8179 -0.4636 -0.3408
vn 0.8399 -0.4531 -0.2988
vn 0.8399 -0.4745 -0.2635
vn 0.8493 -0.4835 -0.2119
vn 0.8492 -0.5032 -0.1599
vn 0.8347 -0.4332 -0.3402
vn 0.8380 -0.4457 -0.3149
vn 0.8381 -0.4685 -0.2795
vn 0.8351 -0.4226 -0.3522
vn 0.8413 -0.5291 -0.1111
vn 0.8461 -0.5272 -0.0784
vn 0.8501 -0.5239 -0.0541
vn 0.8475 -0.4858 -0.2138
vn 0.8610 -0.4809 -0.1654
vn 0.8533 -0.5010 -0.1446
vn 0.8643 -0.4894 -0.1162
vn 0.8612 -0.5021 -0.0787
vn 0.8649 -0.4998 -0.0459
vn 0.8430 -0.4384 -0.3116
vn 0.8632 -0.4222 -0.2767
vn 0.8570 -0.4543 -0.2433
vn 0.8689 -0.4458 -0.2152
vn 0.8695 -0.4653 -0.1656
vn 0.8718 -0.4722 -0.1302
vn 0.8737 -0.4795 -0.0824
vn 0.8771 -0.4786 -0.0391
vn 0.8427 -0.4115 -0.3471
vn 0.8435 -0.4179 -0.3375
vn 0.8598 -0.4083 -0.3066
vn 0.8654 -0.4219 -0.2704
vn 0.8734 -0.4297 -0.2291
vn 0.8726 -0.4516 -0.1863
vn 0.8579 -0.3863 -0.3388
vn 0.8615 -0.3968 -0.3168
vn 0.8645 -0.4152 -0.2831
vn 0.8604 -0.3696 -0.3509
vn 0.8861 -0.4467 -0.1238
vn 0.8963 -0.4364 -0.0782
vn 0.9023 -0.4299 -0.0324
vn 0.8805 -0.4179 -0.2236
vn 0.9004 -0.3965 -0.1791
vn 0.8932 -0.4277 -0.1387
vn 0.9068 -0.4052 -0.1159
vn 0.9101 -0.4081 -0.0723
vn 0.9132 -0.4066 -0.0287
vn 0.8667 -0.3897 -0.3113
vn 0.8875 -0.3701 -0.2744
vn 0.8850 -0.3988 -0.2401
vn 0.8972 -0.3850 -0.2164
vn 0.9052 -0.3917 -0.1651
vn 0.9135 -0.3905 -0.1137
vn 0.9208 -0.3836 -0.0707
vn 0.9236 -0.3824 -0.0271
vn 0.8692 -0.3554 -0.3438
vn 0.8688 -0.3623 -0.3374
vn 0.8884 -0.3451 -0.3027
vn 0.8949 -0.3602 -0.2635
vn 0.9050 -0.3636 -0.2208
vn 0.9163 -0.3630 -0.1692
vn 0.9184 -0.3789 -0.1137
vn 0.8832 -0.3317 -0.3314
vn 0.8889 -0.3374 -0.3098
vn 0.9020 -0.3409 -0.2649
vn 0.9110 -0.3476 -0.2219
vn 0.9257 -0.3731 -0.0626
vn 0.9314 -0.3631 -0.0249
vn 0.9232 -0.3489 -0.1611
vn 0.9395 -0.3261 -0.1047
vn 0.9328 -0.3507 -0.0830
vn 0.9428 -0.3281 -0.0583
vn 0.9423 -0.3340 -0.0228
vn 0.9036 -0.3450 -0.2538
vn 0.9239 -0.3195 -0.2108
vn 0.9231 -0.3299 -0.1977
vn 0.9364 -0.3161 -0.1525
vn 0.9416 -0.3229 -0.0955
vn 0.9452 -0.3209 -0.0598
vn 0.9486 -0.3157 -0.0196
vn 0.7183 -0.2780 -0.6377
vn 0.7368 -0.3155 -0.5980
vn 0.7438 -0.3166 -0.5887
vn 0.6994 -0.2705 -0.6616
vn 0.7442 -0.2640 -0.6136
vn 0.7228 -0.2270 -0.6527
vn 0.7478 -0.2200 -0.6265
vn 0.7227 -0.1618 -0.6720
vn 0.7452 -0.1825 -0.6414
vn 0.7511 -0.1772 -0.6360
vn 0.7029 -0.1434 -0.6967
vn 0.7490 -0.1382 -0.6480
vn 0.7173 -0.1147 -0.6872
vn 0.7477 -0.1108 -0.6547
vn 0.7251 -0.0813 -0.6839
vn 0.7507 -0.0784 -0.6560
vn 0.7303 -0.0460 -0.6816
vn 0.7520 -0.0452 -0.6576
vn 0.7665 -0.2799 -0.5780
vn 0.7799 -0.3060 -0.5460
vn 0.8031 -0.2938 -0.5184
vn 0.7503 -0.2617 -0.6071
vn 0.8008 -0.2539 -0.5424
vn 0.8045 -0.2655 -0.5313
vn 0.7690 -0.2168 -0.6014
vn 0.8001 -0.2149 -0.5600
vn 0.7650 -0.1730 -0.6203
vn 0.7819 -0.1745 -0.5985
vn 0.7996 -0.1731 -0.5751
vn 0.7476 -0.1332 -0.6506
vn 0.7994 -0.1274 -0.5871
vn 0.8008 -0.1377 -0.5829
vn 0.7649 -0.1053 -0.6355
vn 0.7970 -0.0977 -0.5961
vn 0.8017 -0.0995 -0.5894
vn 0.7748 -0.0746 -0.6278
vn 0.8004 -0.0693 -0.5955
vn 0.7815 -0.0432 -0.6224
vn 0.8032 -0.0397 -0.5944
vn 0.8037 -0.2914 -0.5188
vn 0.8523 -0.2848 -0.4387
vn 0.8510 -0.3037 -0.4285
vn 0.8162 -0.2538 -0.5190
vn 0.8249 -0.2608 -0.5015
vn 0.8457 -0.2548 -0.4689
vn 0.8549 -0.2721 -0.4418
vn 0.8060 -0.2083 -0.5540
vn 0.8469 -0.2026 -0.4917
vn 0.8496 -0.2200 -0.4793
vn 0.8233 -0.1739 -0.5403
vn 0.8445 -0.1690 -0.5082
vn 0.8532 -0.1754 -0.4912
vn 0.8320 -0.1343 -0.5382
vn 0.8474 -0.1318 -0.5143
vn 0.8211 -0.0870 -0.5641
vn 0.8391 -0.0970 -0.5352
vn 0.8490 -0.0950 -0.5198
vn 0.8028 -0.0601 -0.5932
vn 0.8452 -0.0563 -0.5315
vn 0.8500 -0.0639 -0.5228
vn 0.8116 -0.0377 -0.5829
vn 0.8412 -0.0359 -0.5396
vn 0.8513 -0.0358 -0.5234
vn 0.8559 -0.2952 -0.4246
vn 0.8894 -0.2869 -0.3558
vn 0.8661 -0.2589 -0.4277
vn 0.8746 -0.2667 -0.4048
vn 0.8862 -0.2609 -0.3830
vn 0.8568 -0.2139 -0.4693
vn 0.8891 -0.2093 -0.4070
vn 0.8924 -0.2229 -0.3923
vn 0.8631 -0.1663 -0.4768
vn 0.8728 -0.1720 -0.4567
vn 0.8883 -0.1669 -0.4278
vn 0.8994 -0.1783 -0.3992
vn 0.8518 -0.1210 -0.5098
vn 0.8872 -0.1155 -0.4466
vn 0.8916 -0.1284 -0.4343
vn 0.8657 -0.0936 -0.4917
vn 0.8826 -0.0891 -0.4615
vn 0.8948 -0.0908 -0.4372
vn 0.8704 -0.0621 -0.4884
vn 0.8844 -0.0606 -0.4627
vn 0.8963 -0.0621 -0.4390
vn 0.8732 -0.0334 -0.4863
vn 0.8854 -0.0317 -0.4638
vn 0.8971 -0.0328 -0.4406
vn 0.8937 -0.2127 -0.3952
vn 0.9048 -0.1692 -0.3909
vn 0.9096 -0.1753 -0.3767
vn 0.8969 -0.1159 -0.4267
vn 0.9253 -0.1121 -0.3622
vn 0.9088 -0.0879 -0.4079
vn 0.9197 -0.0855 -0.3831
vn 0.9124 -0.0592 -0.4049
vn 0.9216 -0.0560 -0.3841
vn 0.9151 -0.0315 -0.4019
vn 0.9241 -0.0278 -0.3812
vn 0.8902 -0.3038 -0.3394
vn 0.8949 -0.3134 -0.3176
vn 0.8951 -0.2766 -0.3497
vn 0.9095 -0.2808 -0.3065
vn 0.9052 -0.3012 -0.3000
vn 0.9303 -0.2778 -0.2394
vn 0.9332 -0.2981 -0.2007
vn 0.9418 -0.2990 -0.1537
vn 0.9529 -0.2896 -0.0896
vn 0.9565 -0.2863 -0.0553
vn 0.9590 -0.2829 -0.0147
vn 0.9007 -0.2694 -0.3408
vn 0.9080 -0.2702 -0.3202
vn 0.9197 -0.2594 -0.2948
vn 0.9301 -0.2658 -0.2536
vn 0.9430 -0.2655 -0.2006
vn 0.9533 -0.2640 -0.1469
vn 0.9590 -0.2687 -0.0901
vn 0.9290 -0.2042 -0.3085
vn 0.9280 -0.2208 -0.3002
vn 0.9413 -0.2224 -0.2540
vn 0.9487 -0.2349 -0.2118
vn 0.9248 -0.1691 -0.3409
vn 0.9370 -0.1764 -0.3014
vn 0.9466 -0.1875 -0.2622
vn 0.9292 -0.1277 -0.3468
vn 0.9437 -0.1315 -0.3036
vn 0.9334 -0.0865 -0.3484
vn 0.9481 -0.0869 -0.3060
vn 0.9368 -0.0535 -0.3458
vn 0.9507 -0.0508 -0.3060
vn 0.9399 -0.0225 -0.3408
vn 0.9525 -0.0185 -0.3039
vn 0.9620 -0.2693 -0.0448
vn 0.9664 -0.2569 -0.0111
vn 0.9550 -0.2628 -0.1375
vn 0.9666 -0.2418 -0.0848
vn 0.9646 -0.2549 -0.0672
vn 0.9708 -0.2365 -0.0403
vn 0.9701 -0.2424 -0.0089
vn 0.9629 -0.1863 -0.1952
vn 0.9600 -0.2174 -0.1762
vn 0.9731 -0.1924 -0.1270
vn 0.9736 -0.2141 -0.0791
vn 0.9753 -0.2163 -0.0456
vn 0.9769 -0.2138 -0.0059
vn 0.9533 -0.1714 -0.2485
vn 0.9602 -0.1761 -0.2167
vn 0.9682 -0.1676 -0.1858
vn 0.9747 -0.1754 -0.1388
vn 0.9809 -0.1754 -0.0844
vn 0.9834 -0.1757 -0.0450
vn 0.9844 -0.1760 -0.0041
vn 0.9460 -0.1205 -0.3008
vn 0.9708 -0.1107 -0.2128
vn 0.9733 -0.1248 -0.1925
vn 0.9822 -0.1262 -0.1394
vn 0.9880 -0.1284 -0.0858
vn 0.9903 -0.1310 -0.0467
vn 0.9909 -0.1343 -0.0061
vn 0.9568 -0.0817 -0.2791
vn 0.9686 -0.0768 -0.2363
vn 0.9780 -0.0799 -0.1929
vn 0.9866 -0.0812 -0.1414
vn 0.9923 -0.0852 -0.0898
vn 0.9946 -0.0907 -0.0509
vn 0.9954 -0.0951 -0.0096
vn 0.9608 -0.0460 -0.2735
vn 0.9694 -0.0433 -0.2415
vn 0.9799 -0.0461 -0.1939
vn 0.9885 -0.0485 -0.1435
vn 0.9942 -0.0515 -0.0944
vn 0.9969 -0.0556 -0.0558
vn 0.9982 -0.0589 -0.0123
vn 0.9630 -0.0157 -0.2690
vn 0.9699 -0.0140 -0.2431
vn 0.9808 -0.0135 -0.1944
vn 0.9894 -0.0129 -0.1446
vn 0.9950 -0.0152 -0.0985
vn 0.9980 -0.0198 -0.0603
vn 0.9996 -0.0228 -0.0140
vn 0.0140 -0.9800 -0.1986
vn 0.0283 -0.9938 -0.1075
vn 0.0365 -0.9991 0.0221
vn 0.0362 -0.9956 0.0860
vn -0.0270 -0.9995 -0.0136
vn -0.0253 -0.9953 -0.0939
vn -0.0071 -0.9628 -0.2703
vn -0.0038 -0.9641 -0.2657
vn 0.0007 -0.9773 -0.2119
vn -0.0464 -0.9811 -0.1879
vn -0.0468 -0.9937 -0.1017
vn -0.0560 -0.9983 0.0153
vn -0.0695 -0.9945 0.0788
vn -0.1001 -0.9948 -0.0183
vn -0.0907 -0.9928 -0.0781
vn -0.0690 -0.9659 -0.2496
vn -0.0463 -0.9645 -0.2598
vn -0.0429 -0.9759 -0.2139
vn -0.0873 -0.9790 -0.1843
vn -0.0933 -0.9896 -0.1091
vn -0.1166 -0.9931 -0.0089
vn -0.1407 -0.9880 0.0639
vn -0.2787 -0.9603 0.0120
vn -0.2412 -0.9688 -0.0573
vn -0.1906 -0.9612 -0.1995
vn -0.1745 -0.9671 -0.1848
vn -0.1268 -0.9703 -0.2061
vn -0.0931 -0.9662 -0.2406
vn -0.1682 -0.9723 -0.1625
vn -0.1409 -0.9766 -0.1625
vn -0.1222 -0.9860 -0.1132
vn -0.1305 -0.9908 -0.0351
vn -0.1516 -0.9875 0.0438
vn -0.2448 -0.9687 0.0414
vn -0.2883 -0.9567 0.0410
vn -0.2498 -0.9681 -0.0202
vn -0.2669 -0.9632 -0.0305
vn -0.2514 -0.9623 -0.1039
vn -0.2131 -0.9669 -0.1404
vn -0.1905 -0.9664 -0.1725
vn -0.2101 -0.9770 0.0372
vn -0.2127 -0.9769 -0.0220
vn -0.2069 -0.9745 -0.0872
vn -0.1767 -0.9756 -0.1301
vn -0.1396 -0.9817 -0.1299
vn -0.1148 -0.9882 -0.1012
vn -0.1057 -0.9934 -0.0455
vn -0.1129 -0.9933 0.0255
vn -0.1441 -0.9889 0.0371
vn -0.1534 -0.9876 -0.0334
vn -0.1611 -0.9836 -0.0807
vn -0.1509 -0.9837 -0.0983
vn -0.1221 -0.9879 -0.0958
vn -0.0886 -0.9931 -0.0767
vn -0.0666 -0.9970 -0.0386
vn -0.0604 -0.9980 0.0175
vn -0.0621 -0.9977 0.0283
vn -0.0792 -0.9955 -0.0513
vn -0.0962 -0.9913 -0.0894
vn -0.1006 -0.9913 -0.0851
vn -0.0857 -0.9942 -0.0656
vn -0.0592 -0.9971 -0.0469
vn -0.0354 -0.9991 -0.0225
vn -0.0149 -0.9995 0.0281
vn 0.0025 -0.9999 0.0136
vn -0.0146 -0.9974 -0.0712
vn -0.0326 -0.9939 -0.1053
vn -0.0424 -0.9956 -0.0841
vn -0.0394 -0.9980 -0.0489
vn -0.0258 -0.9994 -0.0235
vn -0.0023 -1.0000 0.0013
vn 0.0281 -0.9981 0.0552
vn 0.0245 -0.9907 0.1340
vn 0.0109 -0.9804 0.1965
vn -0.0275 -0.9820 0.1871
vn 0.0079 -0.9829 0.1841
vn 0.0135 -0.9651 0.2615
vn 0.0101 -0.9313 0.3641
vn 0.0099 -0.9070 0.4211
vn 0.0081 -0.8786 0.4775
vn 0.0039 -0.8585 0.5129
vn 0.0012 -0.8291 0.5591
vn 0.0024 -0.7849 0.6196
vn 0.0055 -0.7706 0.6372
vn 0.0073 -0.7074 0.7068
vn 0.0079 -0.7017 0.7124
vn -0.0775 -0.9884 0.1308
vn -0.0866 -0.9778 0.1908
vn -0.0799 -0.9768 0.1986
vn -0.0684 -0.9621 0.2638
vn -0.0453 -0.9280 0.3697
vn -0.0302 -0.9011 0.4326
vn -0.0651 -0.8856 0.4599
vn -0.0218 -0.8813 0.4721
vn -0.0197 -0.8578 0.5136
vn -0.0123 -0.8254 0.5644
vn -0.0029 -0.7794 0.6265
vn 0.0073 -0.7646 0.6444
vn 0.0162 -0.7028 0.7112
vn 0.0267 -0.6950 0.7185
vn -0.1497 -0.9807 0.1256
vn -0.1352 -0.9712 0.1962
vn -0.1293 -0.9623 0.2394
vn -0.1464 -0.9473 0.2849
vn -0.1195 -0.9517 0.2827
vn -0.0949 -0.9211 0.3776
vn -0.0765 -0.8933 0.4429
vn -0.0627 -0.8573 0.5109
vn -0.0383 -0.8446 0.5341
vn -0.0078 -0.8132 0.5820
vn 0.0096 -0.7676 0.6408
vn 0.0273 -0.7518 0.6588
vn 0.0425 -0.6904 0.7222
vn 0.0598 -0.6780 0.7326
vn -0.1670 -0.9788 0.1185
vn -0.1684 -0.9626 0.2123
vn -0.1548 -0.9473 0.2805
vn -0.1369 -0.9301 0.3408
vn -0.1187 -0.9108 0.3955
vn -0.0824 -0.8815 0.4649
vn -0.0634 -0.8406 0.5379
vn -0.0385 -0.8210 0.5696
vn -0.0095 -0.7938 0.6081
vn 0.0146 -0.7487 0.6627
vn 0.0424 -0.7291 0.6830
vn 0.0649 -0.6724 0.7374
vn 0.0872 -0.6535 0.7519
vn -0.1246 -0.9863 0.1085
vn -0.1293 -0.9684 0.2131
vn -0.1213 -0.9449 0.3040
vn -0.1133 -0.9210 0.3726
vn -0.0903 -0.8947 0.4374
vn -0.0541 -0.8674 0.4946
vn -0.0355 -0.8261 0.5625
vn -0.0124 -0.7985 0.6019
vn 0.0196 -0.7683 0.6398
vn 0.0462 -0.7247 0.6875
vn 0.0724 -0.7006 0.7099
vn 0.0904 -0.6548 0.7503
vn 0.1075 -0.6274 0.7713
vn -0.0598 -0.9927 0.1049
vn -0.0535 -0.9747 0.2169
vn -0.0412 -0.9462 0.3210
vn -0.0343 -0.9169 0.3977
vn -0.0206 -0.8779 0.4783
vn 0.0043 -0.8537 0.5207
vn 0.0310 -0.8056 0.5916
vn 0.0583 -0.7741 0.6303
vn 0.0851 -0.7394 0.6679
vn 0.1052 -0.7010 0.7053
vn 0.1262 -0.6711 0.7305
vn 0.1424 -0.6387 0.7561
vn 0.1586 -0.5992 0.7847
vn 0.0050 -0.9934 0.1146
vn 0.0224 -0.9730 0.2299
vn 0.0365 -0.9416 0.3346
vn 0.0533 -0.9090 0.4134
vn 0.0726 -0.8613 0.5029
vn 0.0878 -0.8374 0.5395
vn 0.1134 -0.7740 0.6229
vn 0.1335 -0.7519 0.6456
vn 0.1566 -0.7048 0.6919
vn 0.1808 -0.6747 0.7156
vn 0.2034 -0.6357 0.7446
vn 0.2123 -0.6295 0.7474
vn 0.2580 -0.5894 0.7655
vn 0.2177 -0.5753 0.7884
vn 0.0629 -0.9879 0.1419
vn 0.0948 -0.9633 0.2512
vn 0.1071 -0.9340 0.3409
vn 0.1333 -0.8868 0.4425
vn 0.1619 -0.8414 0.5156
vn 0.1596 -0.8294 0.5353
vn 0.2423 -0.7534 0.6112
vn 0.1883 -0.7318 0.6550
vn 0.2024 -0.7433 0.6376
vn 0.2889 -0.6764 0.6775
vn 0.2275 -0.6562 0.7194
vn 0.2468 -0.6580 0.7114
vn 0.2922 -0.6179 0.7300
vn 0.2609 -0.6042 0.7529
vn 0.2873 -0.5979 0.7483
vn 0.2911 -0.5587 0.7766
vn 0.0089 -0.6239 0.7815
vn 0.0354 -0.6184 0.7851
vn 0.0704 -0.6106 0.7888
vn 0.1017 -0.6025 0.7916
vn 0.1221 -0.5911 0.7973
vn 0.1640 -0.5875 0.7924
vn 0.2349 -0.5743 0.7842
vn 0.2929 -0.5464 0.7847
vn 0.0105 -0.6136 0.7896
vn 0.0106 -0.5827 0.8126
vn 0.0091 -0.5615 0.8274
vn 0.0082 -0.5475 0.8368
vn 0.0087 -0.5002 0.8659
vn 0.0110 -0.4794 0.8775
vn 0.0122 -0.4504 0.8927
vn 0.0129 -0.4299 0.9028
vn 0.0142 -0.4068 0.9134
vn 0.0143 -0.3841 0.9232
vn 0.0141 -0.3555 0.9346
vn 0.0142 -0.3339 0.9425
vn 0.0447 -0.6064 0.7939
vn 0.0520 -0.5803 0.8128
vn 0.0574 -0.5575 0.8282
vn 0.0574 -0.5508 0.8327
vn 0.0746 -0.5194 0.8513
vn 0.0575 -0.4926 0.8683
vn 0.0646 -0.4766 0.8767
vn 0.0638 -0.4492 0.8911
vn 0.0632 -0.4276 0.9018
vn 0.0652 -0.4049 0.9120
vn 0.0600 -0.3894 0.9191
vn 0.0731 -0.3709 0.9258
vn 0.0565 -0.3503 0.9349
vn 0.0590 -0.3352 0.9403
vn 0.0771 -0.5947 0.8002
vn 0.0834 -0.5735 0.8149
vn 0.0893 -0.5508 0.8299
vn 0.1061 -0.5456 0.8313
vn 0.1080 -0.4789 0.8712
vn 0.1039 -0.4695 0.8768
vn 0.0999 -0.4574 0.8836
vn 0.1288 -0.4351 0.8911
vn 0.0975 -0.4168 0.9037
vn 0.1036 -0.4036 0.9091
vn 0.1116 -0.3903 0.9139
vn 0.1073 -0.3450 0.9324
vn 0.1003 -0.3353 0.9368
vn 0.1104 -0.5820 0.8057
vn 0.1180 -0.5655 0.8163
vn 0.1228 -0.5402 0.8326
vn 0.1334 -0.5245 0.8409
vn 0.1351 -0.4870 0.8629
vn 0.1353 -0.4619 0.8765
vn 0.1454 -0.4452 0.8835
vn 0.1441 -0.4179 0.8970
vn 0.1407 -0.4013 0.9051
vn 0.1485 -0.3743 0.9153
vn 0.1478 -0.3554 0.9230
vn 0.1450 -0.3294 0.9330
vn 0.1337 -0.5666 0.8131
vn 0.1411 -0.5613 0.8155
vn 0.1617 -0.5368 0.8281
vn 0.1474 -0.5271 0.8369
vn 0.1597 -0.5129 0.8434
vn 0.1606 -0.4856 0.8593
vn 0.1607 -0.4534 0.8767
vn 0.1711 -0.4321 0.8854
vn 0.1715 -0.4247 0.8889
vn 0.1844 -0.4006 0.8975
vn 0.1702 -0.3901 0.9049
vn 0.1798 -0.3686 0.9120
vn 0.1733 -0.3654 0.9146
vn 0.2108 -0.3320 0.9194
vn 0.1694 -0.3113 0.9351
vn 0.2003 -0.5577 0.8055
vn 0.1675 -0.5464 0.8206
vn 0.1810 -0.5444 0.8191
vn 0.1829 -0.5150 0.8374
vn 0.1872 -0.5007 0.8451
vn 0.1902 -0.4922 0.8494
vn 0.2315 -0.4515 0.8617
vn 0.1924 -0.4310 0.8816
vn 0.2094 -0.4246 0.8808
vn 0.2302 -0.4190 0.8783
vn 0.2282 -0.3596 0.9048
vn 0.2204 -0.3585 0.9071
vn 0.2304 -0.3384 0.9124
vn 0.2246 -0.3209 0.9201
vn 0.2336 -0.5272 0.8170
vn 0.2364 -0.5225 0.8192
vn 0.2383 -0.5217 0.8192
vn 0.2892 -0.4804 0.8280
vn 0.2406 -0.4708 0.8488
vn 0.2646 -0.4595 0.8478
vn 0.2578 -0.4290 0.8658
vn 0.2806 -0.4172 0.8644
vn 0.2522 -0.4123 0.8754
vn 0.2653 -0.3942 0.8799
vn 0.2584 -0.3773 0.8893
vn 0.2744 -0.3570 0.8929
vn 0.2542 -0.3474 0.9026
vn 0.2625 -0.3301 0.9067
vn 0.2940 -0.5362 0.7913
vn 0.3423 -0.4990 0.7962
vn 0.2971 -0.4953 0.8163
vn 0.3183 -0.4910 0.8109
vn 0.3141 -0.4569 0.8322
vn 0.3085 -0.4424 0.8421
vn 0.3260 -0.4302 0.8418
vn 0.3178 -0.3915 0.8635
vn 0.3078 -0.3834 0.8708
vn 0.3248 -0.3667 0.8718
vn 0.3134 -0.3367 0.8879
vn 0.3468 -0.3251 0.8798
vn 0.3018 -0.3167 0.8992
vn 0.0139 -0.2911 0.9566
vn 0.0126 -0.2609 0.9653
vn 0.0110 -0.2383 0.9711
vn 0.0109 -0.2001 0.9797
vn 0.0121 -0.1547 0.9879
vn 0.0128 -0.1303 0.9914
vn 0.0153 -0.1050 0.9944
vn 0.0239 -0.0640 0.9977
vn 0.0368 -0.0331 0.9988
vn 0.0603 -0.2887 0.9555
vn 0.0570 -0.2640 0.9628
vn 0.0659 -0.2494 0.9661
vn 0.0552 -0.2359 0.9702
vn 0.0570 -0.2017 0.9778
vn 0.0539 -0.1549 0.9865
vn 0.0532 -0.1300 0.9901
vn 0.0548 -0.1012 0.9934
vn 0.0599 -0.0542 0.9967
vn 0.0704 -0.0195 0.9973
vn 0.0998 -0.2865 0.9529
vn 0.1058 -0.2636 0.9588
vn 0.1004 -0.2291 0.9682
vn 0.0931 -0.1993 0.9755
vn 0.1003 -0.1564 0.9826
vn 0.0990 -0.1300 0.9866
vn 0.0990 -0.0994 0.9901
vn 0.0987 -0.0512 0.9938
vn 0.0950 -0.0156 0.9954
vn 0.1469 -0.2903 0.9456
vn 0.1475 -0.2519 0.9565
vn 0.1437 -0.2434 0.9592
vn 0.1599 -0.2014 0.9664
vn 0.1355 -0.1782 0.9746
vn 0.1423 -0.1577 0.9772
vn 0.1416 -0.1301 0.9813
vn 0.1423 -0.0982 0.9849
vn 0.1391 -0.0559 0.9887
vn 0.1297 -0.0241 0.9913
vn 0.1813 -0.2899 0.9397
vn 0.1819 -0.2502 0.9509
vn 0.1950 -0.2173 0.9564
vn 0.1799 -0.1766 0.9677
vn 0.2187 -0.1595 0.9627
vn 0.1621 -0.1503 0.9753
vn 0.2017 -0.1328 0.9704
vn 0.1793 -0.1244 0.9759
vn 0.1858 -0.0982 0.9777
vn 0.1842 -0.0607 0.9810
vn 0.1833 -0.0295 0.9826
vn 0.2463 -0.2904 0.9246
vn 0.2145 -0.2784 0.9362
vn 0.2274 -0.2508 0.9409
vn 0.2269 -0.2048 0.9521
vn 0.2285 -0.1646 0.9595
vn 0.2449 -0.1400 0.9594
vn 0.2268 -0.1001 0.9688
vn 0.2433 -0.0922 0.9656
vn 0.2217 -0.0922 0.9707
vn 0.2454 -0.0575 0.9677
vn 0.2289 -0.0590 0.9717
vn 0.2482 -0.0262 0.9684
vn 0.2334 -0.0275 0.9720
vn 0.2773 -0.3015 0.9122
vn 0.2669 -0.2634 0.9270
vn 0.2903 -0.2499 0.9237
vn 0.2580 -0.2421 0.9353
vn 0.2662 -0.2057 0.9417
vn 0.2648 -0.1650 0.9501
vn 0.2641 -0.1272 0.9561
vn 0.2696 -0.0926 0.9585
vn 0.2852 -0.0573 0.9568
vn 0.2931 -0.0267 0.9557
vn 0.3120 -0.2894 0.9049
vn 0.3165 -0.2591 0.9125
vn 0.3061 -0.2420 0.9207
vn 0.3356 -0.2053 0.9194
vn 0.2871 -0.1952 0.9378
vn 0.3163 -0.1679 0.9337
vn 0.3037 -0.1636 0.9386
vn 0.3076 -0.1258 0.9432
vn 0.3079 -0.0842 0.9477
vn 0.3081 -0.0535 0.9498
vn 0.3086 -0.0251 0.9509
vn 0.0582 -0.9983 -0.0008
vn 0.0448 -0.9952 -0.0871
vn 0.0303 -0.9921 -0.1214
vn 0.0169 -0.9957 -0.0910
vn 0.0147 -0.9990 -0.0412
vn 0.0268 -0.9996 -0.0055
vn 0.0507 -0.9982 0.0306
vn 0.0873 -0.9918 0.0929
vn 0.1264 -0.9918 -0.0170
vn 0.1112 -0.9889 -0.0983
vn 0.1028 -0.9860 -0.1312
vn 0.0968 -0.9903 -0.0998
vn 0.0923 -0.9950 -0.0390
vn 0.1021 -0.9947 0.0144
vn 0.1322 -0.9891 0.0650
vn 0.1712 -0.9760 0.1344
vn 0.1990 -0.9795 -0.0304
vn 0.1890 -0.9758 -0.1101
vn 0.1814 -0.9745 -0.1319
vn 0.1859 -0.9776 -0.0988
vn 0.1929 -0.9805 -0.0367
vn 0.2041 -0.9784 0.0338
vn 0.2298 -0.9679 0.1020
vn 0.2632 -0.9496 0.1704
vn 0.2565 -0.9658 -0.0368
vn 0.2508 -0.9609 -0.1175
vn 0.2520 -0.9598 -0.1238
vn 0.2732 -0.9586 -0.0801
vn 0.2945 -0.9554 -0.0203
vn 0.3136 -0.9483 0.0478
vn 0.3215 -0.9392 0.1207
vn 0.3141 -0.9321 0.1804
vn 0.3027 -0.9519 -0.0465
vn 0.2732 -0.9578 -0.0891
vn 0.2931 -0.9479 -0.1247
vn 0.3072 -0.9432 -0.1261
vn 0.3037 -0.9496 -0.0783
vn 0.3703 -0.9254 0.0803
vn 0.4163 -0.8966 0.1514
vn 0.4614 -0.8573 0.2282
vn 0.4047 -0.8735 0.2706
vn 0.3091 -0.9510 -0.0051
vn 0.3898 -0.9186 -0.0655
vn 0.3778 -0.9164 -0.1325
vn 0.4005 -0.9076 -0.1257
vn 0.4470 -0.8912 -0.0768
vn 0.3962 -0.9175 -0.0337
vn 0.5042 -0.8634 0.0199
vn 0.4236 -0.9042 0.0550
vn 0.5086 -0.8536 0.1128
vn 0.5147 -0.8366 0.1877
vn 0.5133 -0.8204 0.2520
vn 0.5824 -0.7607 0.2866
vn 0.4630 -0.8824 -0.0836
vn 0.4618 -0.8794 -0.1159
vn 0.4786 -0.8728 -0.0959
vn 0.4999 -0.8651 -0.0409
vn 0.5214 -0.8525 0.0390
vn 0.5376 -0.8347 0.1198
vn 0.5450 -0.8166 0.1901
vn 0.5547 -0.8265 -0.0964
vn 0.5511 -0.8264 -0.1157
vn 0.5647 -0.8212 -0.0817
vn 0.5920 -0.8057 -0.0182
vn 0.6244 -0.7778 0.0722
vn 0.6505 -0.7441 0.1521
vn 0.6741 -0.7050 0.2204
vn 0.6281 -0.7349 0.2556
vn 0.6705 -0.6734 0.3115
vn 0.6831 -0.6560 0.3211
vn 0.5973 -0.7963 -0.0953
vn 0.6154 -0.7812 -0.1051
vn 0.6451 -0.7615 -0.0631
vn 0.6740 -0.7387 0.0053
vn 0.6907 -0.7170 0.0939
vn 0.6916 -0.7032 0.1650
vn 0.6752 -0.7009 0.2296
vn 0.6702 -0.7363 -0.0931
vn 0.6715 -0.7356 -0.0889
vn 0.6861 -0.7264 -0.0399
vn 0.7077 -0.7058 0.0318
vn 0.7278 -0.6763 0.1135
vn 0.7441 -0.6438 0.1786
vn 0.7513 -0.6138 0.2424
vn 0.7060 -0.6437 0.2954
vn 0.7343 -0.5926 0.3311
vn 0.7369 -0.6160 0.2784
vn 0.7445 -0.5815 0.3280
vn 0.7196 -0.6882 -0.0929
vn 0.7323 -0.6766 -0.0769
vn 0.7513 -0.6595 -0.0243
vn 0.7646 -0.6426 0.0495
vn 0.7670 -0.6292 0.1262
vn 0.7567 -0.6276 0.1830
vn 0.7530 -0.6521 -0.0883
vn 0.7608 -0.6461 -0.0613
vn 0.7738 -0.6334 -0.0078
vn 0.7847 -0.6167 0.0632
vn 0.7914 -0.5961 0.1354
vn 0.7934 -0.5794 0.1864
vn 0.7755 -0.5938 0.2146
vn 0.7928 -0.5408 0.2810
vn 0.7609 -0.5620 0.3242
vn 0.7887 -0.5776 0.2107
vn 0.7924 -0.5470 0.2700
vn 0.7821 -0.5353 0.3189
vn 0.7649 -0.5452 0.3430
vn 0.1291 -0.9751 0.1805
vn 0.1621 -0.9470 0.2774
vn 0.1661 -0.9311 0.3246
vn 0.2705 -0.8637 0.4253
vn 0.2122 -0.8449 0.4910
vn 0.2381 -0.8215 0.5181
vn 0.2724 -0.7686 0.5788
vn 0.2962 -0.7049 0.6446
vn 0.3108 -0.6914 0.6523
vn 0.3261 -0.6274 0.7072
vn 0.3360 -0.6148 0.7136
vn 0.3383 -0.5833 0.7384
vn 0.3800 -0.5606 0.7357
vn 0.3380 -0.5668 0.7513
vn 0.3441 -0.5680 0.7477
vn 0.2107 -0.9524 0.2202
vn 0.2179 -0.9340 0.2832
vn 0.3130 -0.8815 0.3534
vn 0.2811 -0.8744 0.3955
vn 0.3232 -0.8196 0.4730
vn 0.3053 -0.8126 0.4965
vn 0.4040 -0.7178 0.5670
vn 0.3450 -0.7067 0.6178
vn 0.3568 -0.7027 0.6155
vn 0.4153 -0.6493 0.6371
vn 0.3691 -0.6366 0.6771
vn 0.3750 -0.6376 0.6729
vn 0.4337 -0.5862 0.6843
vn 0.3826 -0.5726 0.7250
vn 0.4087 -0.5675 0.7148
vn 0.4077 -0.5384 0.7375
vn 0.2717 -0.9347 0.2290
vn 0.3721 -0.8816 0.2905
vn 0.3369 -0.8845 0.3229
vn 0.3943 -0.8215 0.4120
vn 0.3691 -0.8109 0.4541
vn 0.4627 -0.7242 0.5113
vn 0.4235 -0.7188 0.5513
vn 0.4352 -0.6880 0.5808
vn 0.4701 -0.6531 0.5937
vn 0.4451 -0.6510 0.6149
vn 0.4549 -0.6101 0.6488
vn 0.4824 -0.5879 0.6494
vn 0.4548 -0.5875 0.6693
vn 0.4566 -0.5638 0.6882
vn 0.4753 -0.5518 0.6853
vn 0.4418 -0.5453 0.7124
vn 0.4391 -0.5521 0.7088
vn 0.4578 -0.8218 0.3391
vn 0.4364 -0.8122 0.3872
vn 0.5401 -0.7149 0.4441
vn 0.4970 -0.7205 0.4836
vn 0.5151 -0.6766 0.5262
vn 0.5460 -0.6464 0.5330
vn 0.5269 -0.6515 0.5458
vn 0.5366 -0.5918 0.6015
vn 0.5532 -0.5853 0.5928
vn 0.5313 -0.5887 0.6093
vn 0.5260 -0.5541 0.6452
vn 0.5367 -0.5533 0.6371
vn 0.5164 -0.5519 0.6547
vn 0.5078 -0.5321 0.6775
vn 0.4889 -0.8123 0.3181
vn 0.6260 -0.6917 0.3603
vn 0.5663 -0.7073 0.4230
vn 0.5847 -0.6713 0.4554
vn 0.6228 -0.6335 0.4592
vn 0.5961 -0.6409 0.4837
vn 0.6071 -0.5845 0.5383
vn 0.6200 -0.5772 0.5314
vn 0.6037 -0.5808 0.5461
vn 0.6002 -0.5459 0.5846
vn 0.6133 -0.5460 0.5708
vn 0.5933 -0.5528 0.5852
vn 0.5817 -0.5201 0.6254
vn 0.6336 -0.6785 0.3717
vn 0.7001 -0.6084 0.3738
vn 0.6541 -0.6264 0.4241
vn 0.6619 -0.5919 0.4599
vn 0.6846 -0.5709 0.4532
vn 0.6573 -0.5732 0.4893
vn 0.6555 -0.5426 0.5253
vn 0.6696 -0.5375 0.5126
vn 0.6471 -0.5418 0.5364
vn 0.6398 -0.5273 0.5591
vn 0.6993 -0.6084 0.3754
vn 0.7448 -0.5549 0.3706
vn 0.7037 -0.5724 0.4209
vn 0.6990 -0.5549 0.4510
vn 0.7317 -0.5558 0.3946
vn 0.7319 -0.5250 0.4344
vn 0.6964 -0.5295 0.4844
vn 0.6910 -0.5233 0.4986
vn 0.7676 -0.5084 0.3903
vn 0.7290 -0.5287 0.4347
vn 0.7746 -0.5349 0.3375
vn 0.3885 -0.5261 0.7565
vn 0.3471 -0.5148 0.7839
vn 0.3710 -0.5052 0.7792
vn 0.4102 -0.5298 0.7423
vn 0.4055 -0.5048 0.7621
vn 0.4235 -0.4917 0.7608
vn 0.4001 -0.4876 0.7760
vn 0.4225 -0.4805 0.7685
vn 0.4811 -0.5137 0.7104
vn 0.4365 -0.5021 0.7465
vn 0.4576 -0.4973 0.7371
vn 0.4504 -0.4703 0.7589
vn 0.4627 -0.4657 0.7543
vn 0.4422 -0.4604 0.7698
vn 0.4543 -0.4526 0.7673
vn 0.5371 -0.5138 0.6690
vn 0.4980 -0.5128 0.6993
vn 0.4955 -0.5060 0.7060
vn 0.5157 -0.4901 0.7028
vn 0.4798 -0.4770 0.7364
vn 0.4946 -0.4726 0.7294
vn 0.4836 -0.4560 0.7472
vn 0.5064 -0.4387 0.7424
vn 0.4754 -0.4332 0.7657
vn 0.4934 -0.4294 0.7564
vn 0.5960 -0.5195 0.6123
vn 0.5654 -0.5165 0.6431
vn 0.5530 -0.5087 0.6599
vn 0.5760 -0.4911 0.6535
vn 0.5436 -0.4881 0.6828
vn 0.5376 -0.4811 0.6925
vn 0.5737 -0.4547 0.6812
vn 0.5168 -0.4525 0.7268
vn 0.5595 -0.4401 0.7023
vn 0.5397 -0.4430 0.7158
vn 0.5346 -0.4202 0.7333
vn 0.5469 -0.4195 0.7245
vn 0.5173 -0.4092 0.7516
vn 0.5286 -0.4064 0.7452
vn 0.6518 -0.5227 0.5495
vn 0.6302 -0.5226 0.5743
vn 0.6172 -0.5063 0.6023
vn 0.6402 -0.4873 0.5939
vn 0.6115 -0.4898 0.6215
vn 0.6036 -0.4695 0.6444
vn 0.6296 -0.4554 0.6294
vn 0.5878 -0.4536 0.6699
vn 0.6137 -0.4456 0.6518
vn 0.6082 -0.4443 0.6578
vn 0.5933 -0.4167 0.6888
vn 0.6064 -0.4177 0.6766
vn 0.5802 -0.4177 0.6992
vn 0.5697 -0.4151 0.7093
vn 0.6078 -0.3834 0.6954
vn 0.5475 -0.3838 0.7436
vn 0.5986 -0.3625 0.7143
vn 0.5727 -0.3695 0.7318
vn 0.7101 -0.5127 0.4826
vn 0.6824 -0.5200 0.5138
vn 0.6718 -0.5117 0.5355
vn 0.7054 -0.4759 0.5254
vn 0.6678 -0.4817 0.5674
vn 0.6636 -0.4678 0.5838
vn 0.6845 -0.4574 0.5677
vn 0.6466 -0.4577 0.6102
vn 0.6694 -0.4498 0.5913
vn 0.6663 -0.4458 0.5978
vn 0.6521 -0.4094 0.6381
vn 0.6653 -0.4096 0.6242
vn 0.6435 -0.4144 0.6436
vn 0.6308 -0.4072 0.6605
vn 0.6655 -0.3789 0.6431
vn 0.6149 -0.3800 0.6910
vn 0.6546 -0.3593 0.6651
vn 0.6396 -0.3607 0.6788
vn 0.6258 -0.3480 0.6981
vn 0.6502 -0.3367 0.6811
vn 0.6106 -0.3380 0.7162
vn 0.7719 -0.5087 0.3813
vn 0.7641 -0.4918 0.4174
vn 0.7248 -0.5117 0.4614
vn 0.7136 -0.5162 0.4737
vn 0.7589 -0.4900 0.4289
vn 0.7579 -0.4645 0.4581
vn 0.7112 -0.4782 0.5152
vn 0.7099 -0.4676 0.5267
vn 0.7440 -0.4656 0.4792
vn 0.7357 -0.4508 0.5054
vn 0.7023 -0.4599 0.5434
vn 0.7326 -0.4422 0.5175
vn 0.7229 -0.4455 0.5282
vn 0.7066 -0.4125 0.5750
vn 0.7296 -0.3955 0.5579
vn 0.6922 -0.4044 0.5978
vn 0.6849 -0.3955 0.6120
vn 0.7236 -0.3842 0.5734
vn 0.7171 -0.3727 0.5890
vn 0.6736 -0.3801 0.6339
vn 0.7087 -0.3610 0.6062
vn 0.6969 -0.3564 0.6224
vn 0.6822 -0.3379 0.6484
vn 0.7055 -0.3264 0.6291
vn 0.6691 -0.3337 0.6641
vn 0.3639 -0.4830 0.7964
vn 0.3784 -0.4731 0.7956
vn 0.3573 -0.4704 0.8069
vn 0.3525 -0.4770 0.8051
vn 0.4031 -0.4315 0.8070
vn 0.3472 -0.4126 0.8421
vn 0.3644 -0.4099 0.8362
vn 0.3593 -0.4138 0.8365
vn 0.3945 -0.3793 0.8370
vn 0.3466 -0.3649 0.8641
vn 0.3755 -0.3563 0.8556
vn 0.3614 -0.3483 0.8649
vn 0.3652 -0.3379 0.8674
vn 0.3520 -0.3205 0.8794
vn 0.4141 -0.4416 0.7959
vn 0.4220 -0.4366 0.7946
vn 0.4112 -0.4347 0.8012
vn 0.4094 -0.4222 0.8088
vn 0.4240 -0.4112 0.8070
vn 0.3945 -0.3978 0.8283
vn 0.4023 -0.3875 0.8295
vn 0.4123 -0.3699 0.8325
vn 0.3932 -0.3410 0.8539
vn 0.4026 -0.3418 0.8492
vn 0.3821 -0.3331 0.8620
vn 0.4389 -0.4183 0.7952
vn 0.4447 -0.4154 0.7935
vn 0.4352 -0.4131 0.7999
vn 0.4315 -0.4074 0.8049
vn 0.4504 -0.3896 0.8033
vn 0.4154 -0.3799 0.8265
vn 0.4371 -0.3694 0.8200
vn 0.4256 -0.3625 0.8291
vn 0.4310 -0.3540 0.8300
vn 0.4167 -0.3359 0.8447
vn 0.4743 -0.3969 0.7858
vn 0.4911 -0.3953 0.7762
vn 0.4654 -0.3894 0.7949
vn 0.4770 -0.3822 0.7915
vn 0.4567 -0.3550 0.8157
vn 0.4638 -0.3529 0.8126
vn 0.4463 -0.3443 0.8260
vn 0.5141 -0.3816 0.7681
vn 0.5369 -0.3705 0.7580
vn 0.5031 -0.3644 0.7837
vn 0.5207 -0.3637 0.7724
vn 0.5038 -0.3346 0.7964
vn 0.5678 -0.3568 0.7418
vn 0.5952 -0.3397 0.7282
vn 0.5450 -0.3372 0.7677
vn 0.6404 -0.3104 0.7025
vn 0.6347 -0.3116 0.7071
vn 0.7018 -0.3029 0.6448
vn 0.6961 -0.3076 0.6487
vn 0.6770 -0.2796 0.6808
vn 0.7058 -0.2620 0.6581
vn 0.6548 -0.2624 0.7088
vn 0.7030 -0.2163 0.6775
vn 0.6755 -0.2174 0.7046
vn 0.7021 -0.1725 0.6909
vn 0.6927 -0.1752 0.6996
vn 0.3600 -0.2984 0.8840
vn 0.3384 -0.2833 0.8973
vn 0.3416 -0.2553 0.9045
vn 0.3421 -0.2160 0.9145
vn 0.3500 -0.1742 0.9204
vn 0.3348 -0.1535 0.9297
vn 0.3529 -0.1247 0.9273
vn 0.3191 -0.1186 0.9403
vn 0.3385 -0.0879 0.9368
vn 0.3279 -0.0848 0.9409
vn 0.3377 -0.0546 0.9397
vn 0.3273 -0.0536 0.9434
vn 0.3371 -0.0258 0.9411
vn 0.3273 -0.0247 0.9446
vn 0.3925 -0.3130 0.8648
vn 0.3775 -0.2755 0.8841
vn 0.3993 -0.2626 0.8784
vn 0.3585 -0.2533 0.8985
vn 0.3776 -0.2255 0.8981
vn 0.3686 -0.2129 0.9049
vn 0.3699 -0.1719 0.9130
vn 0.3694 -0.1341 0.9196
vn 0.3749 -0.0916 0.9225
vn 0.3796 -0.0559 0.9234
vn 0.3861 -0.0256 0.9221
vn 0.4297 -0.3109 0.8478
vn 0.4046 -0.2974 0.8648
vn 0.4143 -0.2708 0.8689
vn 0.4299 -0.2376 0.8711
vn 0.4068 -0.1848 0.8946
vn 0.4224 -0.1772 0.8889
vn 0.3904 -0.1703 0.9048
vn 0.4168 -0.1315 0.8994
vn 0.3975 -0.1290 0.9085
vn 0.4141 -0.0912 0.9057
vn 0.4013 -0.0884 0.9117
vn 0.4027 -0.0546 0.9137
vn 0.4049 -0.0201 0.9141
vn 0.4611 -0.3219 0.8269
vn 0.4503 -0.2811 0.8475
vn 0.4719 -0.2697 0.8394
vn 0.4337 -0.2639 0.8615
vn 0.4585 -0.2301 0.8584
vn 0.4459 -0.2214 0.8673
vn 0.4527 -0.1853 0.8722
vn 0.4619 -0.1359 0.8765
vn 0.4729 -0.0917 0.8763
vn 0.4482 -0.0868 0.8897
vn 0.4946 -0.0452 0.8680
vn 0.4105 -0.0460 0.9107
vn 0.4851 -0.0145 0.8743
vn 0.4261 -0.0155 0.9046
vn 0.5490 -0.3006 0.7799
vn 0.4797 -0.2957 0.8261
vn 0.5366 -0.2699 0.7995
vn 0.5035 -0.2701 0.8207
vn 0.5288 -0.2372 0.8150
vn 0.5030 -0.1873 0.8437
vn 0.5338 -0.1765 0.8270
vn 0.4788 -0.1740 0.8605
vn 0.5337 -0.1306 0.8355
vn 0.4897 -0.1289 0.8623
vn 0.5330 -0.0828 0.8420
vn 0.4965 -0.0816 0.8642
vn 0.5309 -0.0461 0.8462
vn 0.5021 -0.0487 0.8635
vn 0.5322 -0.0104 0.8466
vn 0.5075 -0.0132 0.8615
vn 0.5833 -0.3094 0.7510
vn 0.5647 -0.3043 0.7672
vn 0.5784 -0.2772 0.7672
vn 0.5566 -0.2659 0.7870
vn 0.5924 -0.2232 0.7741
vn 0.5338 -0.2169 0.8173
vn 0.5812 -0.1751 0.7947
vn 0.5515 -0.1759 0.8154
vn 0.5666 -0.1384 0.8123
vn 0.5641 -0.1303 0.8154
vn 0.5701 -0.0865 0.8170
vn 0.5721 -0.0468 0.8188
vn 0.5743 -0.0090 0.8186
vn 0.6204 -0.2792 0.7329
vn 0.6476 -0.2657 0.7142
vn 0.5937 -0.2650 0.7598
vn 0.6490 -0.2205 0.7282
vn 0.6112 -0.2268 0.7583
vn 0.6484 -0.1766 0.7405
vn 0.6334 -0.1757 0.7536
vn 0.6516 -0.1405 0.7454
vn 0.6157 -0.0919 0.7826
vn 0.6497 -0.0848 0.7555
vn 0.5796 -0.0831 0.8107
vn 0.6464 -0.0453 0.7616
vn 0.5852 -0.0439 0.8097
vn 0.6430 -0.0098 0.7658
vn 0.5874 -0.0084 0.8092
vn 0.6754 -0.1709 0.7173
vn 0.7088 -0.1218 0.6948
vn 0.6426 -0.1217 0.7565
vn 0.6985 -0.0880 0.7101
vn 0.6545 -0.0863 0.7512
vn 0.6964 -0.0500 0.7159
vn 0.6569 -0.0480 0.7524
vn 0.6955 -0.0139 0.7184
vn 0.6559 -0.0122 0.7547
vn 0.7701 -0.6327 -0.0817
vn 0.7845 -0.6183 -0.0473
vn 0.8000 -0.5999 0.0072
vn 0.8088 -0.5833 0.0741
vn 0.8041 -0.5785 0.1367
vn 0.7991 -0.5972 -0.0692
vn 0.8101 -0.5855 -0.0317
vn 0.8216 -0.5695 0.0246
vn 0.8259 -0.5576 0.0837
vn 0.8286 -0.5429 0.1365
vn 0.8161 -0.5566 0.1552
vn 0.8299 -0.5165 0.2111
vn 0.8031 -0.5343 0.2636
vn 0.8046 -0.5914 -0.0542
vn 0.8181 -0.5747 -0.0191
vn 0.8207 -0.5705 0.0317
vn 0.8241 -0.5568 0.1042
vn 0.8328 -0.5341 0.1459
vn 0.8321 -0.5152 0.2052
vn 0.8255 -0.5016 0.2588
vn 0.8105 -0.5133 0.2823
vn 0.8147 -0.4776 0.3287
vn 0.8252 -0.4966 0.2692
vn 0.8183 -0.4797 0.3165
vn 0.8408 -0.5398 -0.0416
vn 0.8465 -0.5323 -0.0071
vn 0.8584 -0.5115 0.0397
vn 0.8442 -0.5321 0.0656
vn 0.8653 -0.4893 0.1084
vn 0.8540 -0.4995 0.1453
vn 0.8381 -0.5068 0.2019
vn 0.8432 -0.5365 -0.0339
vn 0.8540 -0.5202 0.0084
vn 0.8615 -0.5048 0.0552
vn 0.8644 -0.4916 0.1053
vn 0.8619 -0.4857 0.1457
vn 0.8601 -0.4694 0.1996
vn 0.8431 -0.4800 0.2424
vn 0.8481 -0.4604 0.2622
vn 0.8234 -0.4775 0.3066
vn 0.8629 -0.4801 0.1577
vn 0.8600 -0.4658 0.2084
vn 0.8508 -0.4586 0.2563
vn 0.8463 -0.4410 0.2987
vn 0.8213 -0.4525 0.3473
vn 0.8405 -0.4421 0.3132
vn 0.8585 -0.5124 -0.0203
vn 0.8666 -0.4986 0.0214
vn 0.8703 -0.4886 0.0625
vn 0.8661 -0.4884 0.1063
vn 0.8712 -0.4908 -0.0100
vn 0.8762 -0.4811 0.0297
vn 0.8793 -0.4715 0.0675
vn 0.8823 -0.4582 0.1079
vn 0.8743 -0.4678 0.1293
vn 0.8823 -0.4432 0.1587
vn 0.8696 -0.4496 0.2040
vn 0.8526 -0.4604 0.2474
vn 0.8823 -0.4707 -0.0011
vn 0.8859 -0.4624 0.0373
vn 0.8878 -0.4539 0.0761
vn 0.8873 -0.4460 0.1173
vn 0.8842 -0.4405 0.1553
vn 0.8786 -0.4329 0.2017
vn 0.8772 -0.4158 0.2400
vn 0.8556 -0.4351 0.2804
vn 0.8524 -0.4249 0.3049
vn 0.8836 -0.4366 0.1693
vn 0.8850 -0.4169 0.2074
vn 0.8759 -0.4116 0.2516
vn 0.8686 -0.3975 0.2959
vn 0.8506 -0.4055 0.3348
vn 0.8730 -0.4074 0.2682
vn 0.8693 -0.3854 0.3095
vn 0.9046 -0.4262 0.0032
vn 0.9036 -0.4266 0.0381
vn 0.9004 -0.4280 0.0778
vn 0.8948 -0.4317 0.1140
vn 0.9143 -0.4051 0.0042
vn 0.9139 -0.4043 0.0362
vn 0.9119 -0.4034 0.0756
vn 0.9101 -0.3996 0.1100
vn 0.9011 -0.4152 0.1245
vn 0.9074 -0.3872 0.1634
vn 0.8913 -0.4054 0.2030
vn 0.9243 -0.3815 0.0049
vn 0.9238 -0.3812 0.0365
vn 0.9216 -0.3807 0.0761
vn 0.9169 -0.3838 0.1095
vn 0.9107 -0.3841 0.1521
vn 0.9042 -0.3788 0.1973
vn 0.8952 -0.3901 0.2155
vn 0.8964 -0.3591 0.2600
vn 0.8726 -0.3827 0.3034
vn 0.9241 -0.3653 0.1123
vn 0.9231 -0.3511 0.1572
vn 0.9143 -0.3522 0.2001
vn 0.9040 -0.3490 0.2468
vn 0.8961 -0.3327 0.2938
vn 0.8755 -0.3510 0.3320
vn 0.9225 -0.3285 0.2026
vn 0.9144 -0.3189 0.2494
vn 0.9001 -0.3158 0.3002
vn 0.9319 -0.3626 0.0045
vn 0.9306 -0.3643 0.0351
vn 0.9252 -0.3731 0.0697
vn 0.9437 -0.3307 0.0059
vn 0.9454 -0.3239 0.0357
vn 0.9483 -0.3105 0.0664
vn 0.9362 -0.3395 0.0912
vn 0.9455 -0.3081 0.1057
vn 0.9343 -0.3246 0.1473
vn 0.9505 -0.3104 0.0110
vn 0.9515 -0.3047 0.0417
vn 0.9506 -0.3018 0.0728
vn 0.9483 -0.3011 0.1004
vn 0.9457 -0.2933 0.1405
vn 0.9365 -0.3067 0.1700
vn 0.9385 -0.2883 0.1900
vn 0.9185 -0.3170 0.2365
vn 0.7806 -0.5015 0.3729
vn 0.8088 -0.4639 0.3616
vn 0.7821 -0.4803 0.3970
vn 0.7788 -0.4686 0.4169
vn 0.8058 -0.4620 0.3705
vn 0.7976 -0.4484 0.4035
vn 0.7726 -0.4579 0.4398
vn 0.7633 -0.4470 0.4664
vn 0.7884 -0.4476 0.4221
vn 0.7860 -0.4225 0.4513
vn 0.7571 -0.4339 0.4884
vn 0.7494 -0.4243 0.5084
vn 0.7833 -0.4107 0.4666
vn 0.7800 -0.3916 0.4881
vn 0.7406 -0.3982 0.5413
vn 0.7740 -0.3774 0.5085
vn 0.7618 -0.3729 0.5297
vn 0.7536 -0.3625 0.5483
vn 0.7679 -0.3445 0.5401
vn 0.7479 -0.3525 0.5625
vn 0.7320 -0.3312 0.5954
vn 0.7646 -0.3264 0.5558
vn 0.7621 -0.3120 0.5673
vn 0.7190 -0.3218 0.6160
vn 0.8186 -0.4478 0.3597
vn 0.8341 -0.4269 0.3494
vn 0.8192 -0.4375 0.3708
vn 0.8132 -0.4142 0.4088
vn 0.8346 -0.4143 0.3632
vn 0.8295 -0.3922 0.3976
vn 0.8056 -0.3994 0.4375
vn 0.8047 -0.3811 0.4551
vn 0.8224 -0.3869 0.4170
vn 0.8164 -0.3646 0.4478
vn 0.8023 -0.3709 0.4677
vn 0.7888 -0.3570 0.5003
vn 0.8153 -0.3498 0.4614
vn 0.8142 -0.3331 0.4756
vn 0.7798 -0.3433 0.5235
vn 0.8111 -0.3189 0.4903
vn 0.7986 -0.3214 0.5088
vn 0.7865 -0.3060 0.5364
vn 0.8498 -0.3905 0.3540
vn 0.8613 -0.3727 0.3454
vn 0.8464 -0.3798 0.3732
vn 0.8378 -0.3646 0.4063
vn 0.8610 -0.3591 0.3601
vn 0.8558 -0.3339 0.3952
vn 0.8315 -0.3423 0.4375
vn 0.8297 -0.3257 0.4534
vn 0.8526 -0.3232 0.4107
vn 0.8430 -0.3113 0.4387
vn 0.8231 -0.3176 0.4709
vn 0.8725 -0.3400 0.3509
vn 0.8913 -0.3096 0.3312
vn 0.8652 -0.3183 0.3876
vn 0.9094 -0.2808 0.3067
vn 0.9611 -0.2756 0.0194
vn 0.9612 -0.2717 0.0468
vn 0.9604 -0.2683 0.0747
vn 0.9586 -0.2655 0.1027
vn 0.9529 -0.2655 0.1467
vn 0.9484 -0.2615 0.1792
vn 0.9466 -0.2365 0.2190
vn 0.9203 -0.2658 0.2872
vn 0.9247 -0.2437 0.2924
vn 0.9650 -0.2558 0.0582
vn 0.9676 -0.2400 0.0791
vn 0.9666 -0.2326 0.1075
vn 0.9625 -0.2285 0.1461
vn 0.9565 -0.2276 0.1828
vn 0.9454 -0.2261 0.2348
vn 0.9355 -0.2219 0.2749
vn 0.9224 -0.2331 0.3079
vn 0.9648 -0.2069 0.1620
vn 0.9640 -0.1920 0.1839
vn 0.9530 -0.1890 0.2367
vn 0.9408 -0.1848 0.2842
vn 0.9390 -0.1935 0.2844
vn 0.9683 -0.1600 0.1916
vn 0.9593 -0.1499 0.2391
vn 0.9458 -0.1452 0.2905
vn 0.9618 -0.1147 0.2487
vn 0.9496 -0.1019 0.2964
vn 0.9604 -0.0721 0.2690
vn 0.9515 -0.0612 0.3015
vn 0.9514 -0.0292 0.3065
vn 0.9511 0.0049 0.3089
vn 0.9660 -0.2576 0.0204
vn 0.9715 -0.2362 0.0214
vn 0.9691 -0.2442 0.0343
vn 0.9726 -0.2251 0.0587
vn 0.9696 -0.2306 0.0815
vn 0.9664 -0.2335 0.1073
vn 0.9769 -0.2121 0.0260
vn 0.9770 -0.2063 0.0542
vn 0.9770 -0.1962 0.0829
vn 0.9787 -0.1771 0.1038
vn 0.9724 -0.1944 0.1293
vn 0.9752 -0.1622 0.1507
vn 0.9842 -0.1750 0.0272
vn 0.9833 -0.1720 0.0599
vn 0.9815 -0.1684 0.0906
vn 0.9797 -0.1641 0.1156
vn 0.9769 -0.1544 0.1479
vn 0.9728 -0.1568 0.1703
vn 0.9708 -0.1493 0.1879
vn 0.9903 -0.1360 0.0285
vn 0.9888 -0.1353 0.0625
vn 0.9866 -0.1333 0.0939
vn 0.9842 -0.1292 0.1211
vn 0.9797 -0.1228 0.1585
vn 0.9784 -0.1076 0.1765
vn 0.9687 -0.1095 0.2226
vn 0.9949 -0.0971 0.0282
vn 0.9933 -0.0966 0.0640
vn 0.9908 -0.0936 0.0975
vn 0.9880 -0.0888 0.1266
vn 0.9828 -0.0831 0.1649
vn 0.9773 -0.0739 0.1988
vn 0.9746 -0.0712 0.2122
vn 0.9656 -0.0669 0.2514
vn 0.9978 -0.0601 0.0277
vn 0.9961 -0.0595 0.0655
vn 0.9932 -0.0564 0.1023
vn 0.9899 -0.0509 0.1322
vn 0.9843 -0.0451 0.1706
vn 0.9779 -0.0388 0.2056
vn 0.9773 -0.0241 0.2106
vn 0.9525 -0.0218 0.3036
vn 0.9993 -0.0227 0.0282
vn 0.9975 -0.0212 0.0670
vn 0.9942 -0.0189 0.1061
vn 0.9903 -0.0149 0.1379
vn 0.9843 -0.0091 0.1763
vn 0.9774 -0.0035 0.2114
vn 0.9729 0.0003 0.2314
vn 0.9568 0.0029 0.2907
vn 0.7610 -0.2893 0.5807
vn 0.7443 -0.2958 0.5987
vn 0.7294 -0.2717 0.6278
vn 0.7600 -0.2675 0.5924
vn 0.7556 -0.2593 0.6015
vn 0.7140 -0.2641 0.6484
vn 0.7573 -0.2216 0.6143
vn 0.7293 -0.2180 0.6486
vn 0.7539 -0.1717 0.6341
vn 0.7414 -0.1711 0.6489
vn 0.7209 -0.1655 0.6730
vn 0.7470 -0.1389 0.6502
vn 0.7554 -0.1241 0.6435
vn 0.7004 -0.1241 0.7029
vn 0.7506 -0.0913 0.6544
vn 0.7114 -0.0901 0.6970
vn 0.7500 -0.0507 0.6595
vn 0.7146 -0.0505 0.6977
vn 0.7509 -0.0128 0.6603
vn 0.7164 -0.0142 0.6975
vn 0.8071 -0.2994 0.5089
vn 0.8067 -0.2807 0.5200
vn 0.7750 -0.2855 0.5638
vn 0.8044 -0.2602 0.5340
vn 0.7914 -0.2606 0.5530
vn 0.7805 -0.2531 0.5716
vn 0.7988 -0.2315 0.5553
vn 0.8040 -0.2150 0.5544
vn 0.7688 -0.2185 0.6010
vn 0.8030 -0.1781 0.5688
vn 0.7843 -0.1749 0.5952
vn 0.8027 -0.1318 0.5817
vn 0.7976 -0.1376 0.5872
vn 0.7756 -0.0958 0.6239
vn 0.8044 -0.0878 0.5876
vn 0.7976 -0.0855 0.5971
vn 0.7578 -0.0894 0.6463
vn 0.8083 -0.0435 0.5872
vn 0.8004 -0.0463 0.5977
vn 0.7641 -0.0502 0.6432
vn 0.8112 -0.0039 0.5847
vn 0.8036 -0.0062 0.5951
vn 0.7684 -0.0096 0.6399
vn 0.8489 -0.3026 0.4334
vn 0.8472 -0.2861 0.4477
vn 0.8383 -0.2940 0.4592
vn 0.8300 -0.2647 0.4910
vn 0.8512 -0.2636 0.4538
vn 0.8432 -0.2526 0.4746
vn 0.8196 -0.2584 0.5114
vn 0.8490 -0.2107 0.4846
vn 0.8393 -0.2226 0.4960
vn 0.8290 -0.1808 0.5292
vn 0.8563 -0.1647 0.4896
vn 0.8477 -0.1642 0.5045
vn 0.8194 -0.1742 0.5461
vn 0.8604 -0.1197 0.4954
vn 0.8561 -0.1174 0.5033
vn 0.8334 -0.1286 0.5375
vn 0.8609 -0.0768 0.5030
vn 0.8437 -0.0822 0.5305
vn 0.8646 -0.0345 0.5012
vn 0.8500 -0.0389 0.5254
vn 0.8675 0.0043 0.4975
vn 0.8542 -0.0006 0.5200
vn 0.8991 -0.2706 0.3440
vn 0.8835 -0.2886 0.3691
vn 0.8794 -0.2480 0.4063
vn 0.9035 -0.2475 0.3498
vn 0.8896 -0.2367 0.3905
vn 0.8740 -0.2489 0.4173
vn 0.8658 -0.2479 0.4347
vn 0.9033 -0.2098 0.3743
vn 0.8996 -0.1939 0.3913
vn 0.8979 -0.1846 0.3997
vn 0.8577 -0.1974 0.4747
vn 0.9096 -0.1454 0.3891
vn 0.8975 -0.1454 0.4163
vn 0.8784 -0.1538 0.4526
vn 0.9159 -0.1019 0.3882
vn 0.9025 -0.1011 0.4187
vn 0.8922 -0.1115 0.4376
vn 0.8807 -0.0813 0.4666
vn 0.9199 -0.0590 0.3877
vn 0.9075 -0.0614 0.4155
vn 0.8995 -0.0597 0.4327
vn 0.8689 -0.0674 0.4903
vn 0.9217 -0.0195 0.3874
vn 0.9111 -0.0222 0.4117
vn 0.8996 -0.0255 0.4359
vn 0.8772 -0.0298 0.4792
vn 0.9216 0.0118 0.3880
vn 0.9123 0.0119 0.4093
vn 0.9017 0.0097 0.4323
vn 0.8802 0.0077 0.4746
vn 0.9291 -0.1475 0.3390
vn 0.9392 -0.1334 0.3165
vn 0.9166 -0.1373 0.3754
vn 0.9387 -0.0942 0.3317
vn 0.9250 -0.0964 0.3675
vn 0.9392 -0.0565 0.3388
vn 0.9297 -0.0567 0.3640
vn 0.9386 -0.0244 0.3440
vn 0.9303 -0.0203 0.3662
vn 0.9376 0.0067 0.3477
vn 0.9284 0.0093 0.3716
vn -0.0311 0.0414 -0.9987
vn -0.0347 0.0854 -0.9957
vn -0.0377 0.1322 -0.9905
vn -0.0385 0.1862 -0.9818
vn -0.0383 0.2310 -0.9722
vn -0.0367 0.2710 -0.9619
vn -0.0378 0.3268 -0.9443
vn -0.0355 0.3551 -0.9342
vn -0.0291 0.4000 -0.9161
vn -0.0277 0.4402 -0.8975
vn 0.0162 0.0367 -0.9992
vn 0.0101 0.0804 -0.9967
vn 0.0040 0.1282 -0.9917
vn -0.0012 0.1843 -0.9829
vn -0.0039 0.2305 -0.9731
vn -0.0043 0.2731 -0.9620
vn -0.0057 0.3261 -0.9453
vn -0.0070 0.3588 -0.9334
vn -0.0052 0.4040 -0.9147
vn -0.0027 0.4417 -0.8971
vn 0.0660 0.0311 -0.9973
vn 0.0615 0.0753 -0.9953
vn 0.0560 0.1217 -0.9910
vn 0.0495 0.1792 -0.9826
vn 0.0440 0.2277 -0.9727
vn 0.0387 0.2692 -0.9623
vn 0.0387 0.3237 -0.9454
vn 0.0387 0.3569 -0.9334
vn 0.0360 0.4050 -0.9136
vn 0.0393 0.4464 -0.8940
vn 0.1188 0.0278 -0.9925
vn 0.1156 0.0709 -0.9908
vn 0.1107 0.1156 -0.9871
vn 0.1044 0.1728 -0.9794
vn 0.0979 0.2223 -0.9700
vn 0.0823 0.2472 -0.9655
vn 0.1282 0.2835 -0.9504
vn 0.0854 0.3361 -0.9379
vn 0.0927 0.3509 -0.9318
vn 0.0851 0.4009 -0.9122
vn 0.0868 0.4497 -0.8889
vn 0.1684 0.0266 -0.9854
vn 0.1663 0.0665 -0.9838
vn 0.1634 0.1119 -0.9802
vn 0.1622 0.1693 -0.9721
vn 0.1478 0.2090 -0.9667
vn 0.1772 0.2200 -0.9593
vn 0.1571 0.2447 -0.9568
vn 0.1717 0.3017 -0.9378
vn 0.1537 0.3474 -0.9250
vn 0.1416 0.3816 -0.9134
vn 0.1870 0.4117 -0.8919
vn 0.1462 0.4612 -0.8752
vn 0.2131 0.0248 -0.9767
vn 0.2098 0.0626 -0.9757
vn 0.2086 0.1116 -0.9716
vn 0.2016 0.1595 -0.9664
vn 0.2314 0.1686 -0.9581
vn 0.2120 0.1790 -0.9607
vn 0.2327 0.2410 -0.9422
vn 0.2121 0.2872 -0.9341
vn 0.2061 0.3425 -0.9166
vn 0.2148 0.3629 -0.9067
vn 0.2248 0.4443 -0.8672
vn 0.2538 0.0219 -0.9670
vn 0.2734 0.0209 -0.9617
vn 0.2494 0.0582 -0.9666
vn 0.2718 0.0579 -0.9606
vn 0.2308 0.1004 -0.9678
vn 0.2873 0.1061 -0.9519
vn 0.2523 0.1513 -0.9558
vn 0.2652 0.1797 -0.9473
vn 0.2587 0.2218 -0.9402
vn 0.2579 0.2873 -0.9225
vn 0.2470 0.3233 -0.9135
vn 0.3024 0.3490 -0.8870
vn 0.2620 0.3867 -0.8842
vn 0.2749 0.4187 -0.8655
vn 0.3080 0.0205 -0.9512
vn 0.3030 0.0585 -0.9512
vn 0.2950 0.1136 -0.9487
vn 0.2925 0.1715 -0.9408
vn 0.2953 0.2238 -0.9288
vn 0.2861 0.2784 -0.9169
vn 0.3220 0.3001 -0.8979
vn 0.3052 0.3358 -0.8911
vn 0.3199 0.3654 -0.8742
vn 0.3022 0.4052 -0.8628
vn 0.3151 0.4236 -0.8493
vn 0.3143 0.4483 -0.8368
vn -0.0276 0.5044 -0.8631
vn -0.0238 0.5337 -0.8454
vn -0.0231 0.5929 -0.8050
vn -0.0228 0.6262 -0.7794
vn -0.0235 0.6696 -0.7424
vn -0.0267 0.7145 -0.6991
vn -0.0337 0.7555 -0.6542
vn -0.0381 0.8021 -0.5960
vn -0.0012 0.5074 -0.8617
vn -0.0006 0.5354 -0.8446
vn -0.0006 0.5928 -0.8053
vn -0.0004 0.6273 -0.7788
vn -0.0002 0.6683 -0.7439
vn -0.0001 0.7129 -0.7012
vn -0.0004 0.7513 -0.6599
vn -0.0018 0.8012 -0.5984
vn 0.0434 0.5076 -0.8605
vn 0.0424 0.5348 -0.8439
vn 0.0440 0.5929 -0.8040
vn 0.0431 0.6251 -0.7794
vn 0.0417 0.6678 -0.7432
vn 0.0413 0.7117 -0.7012
vn 0.0422 0.7517 -0.6581
vn 0.0410 0.7971 -0.6025
vn 0.0900 0.5044 -0.8588
vn 0.0861 0.5326 -0.8420
vn 0.0911 0.5957 -0.7980
vn 0.0930 0.6193 -0.7797
vn 0.0941 0.6679 -0.7383
vn 0.0943 0.7064 -0.7015
vn 0.0936 0.7520 -0.6525
vn 0.0884 0.7863 -0.6115
vn 0.1543 0.4922 -0.8567
vn 0.1299 0.5121 -0.8491
vn 0.1979 0.5596 -0.8048
vn 0.1338 0.6132 -0.7785
vn 0.1447 0.6111 -0.7782
vn 0.1453 0.6675 -0.7303
vn 0.1407 0.6937 -0.7064
vn 0.1352 0.7513 -0.6460
vn 0.1259 0.7693 -0.6264
vn 0.2006 0.4828 -0.8524
vn 0.2090 0.5251 -0.8250
vn 0.2117 0.5807 -0.7861
vn 0.1921 0.5924 -0.7824
vn 0.2251 0.6275 -0.7454
vn 0.1866 0.6692 -0.7193
vn 0.1785 0.6706 -0.7201
vn 0.2105 0.6975 -0.6850
vn 0.1696 0.7521 -0.6369
vn 0.2495 0.4556 -0.8545
vn 0.3019 0.4843 -0.8211
vn 0.2531 0.5393 -0.8032
vn 0.2515 0.5592 -0.7900
vn 0.2491 0.5859 -0.7712
vn 0.2442 0.6407 -0.7279
vn 0.2392 0.6549 -0.7168
vn 0.2339 0.7300 -0.6422
vn 0.3245 0.5004 -0.8027
vn 0.2946 0.5288 -0.7960
vn 0.3271 0.5525 -0.7666
vn 0.2934 0.5933 -0.7497
vn 0.2873 0.6071 -0.7409
vn 0.3058 0.6205 -0.7221
vn 0.2805 0.6614 -0.6956
vn 0.2732 0.6912 -0.6690
vn -0.0376 0.8550 -0.5173
vn -0.0402 0.8805 -0.4723
vn -0.0381 0.9215 -0.3864
vn -0.0397 0.9482 -0.3151
vn -0.0464 0.9793 -0.1970
vn -0.0463 0.9959 -0.0773
vn -0.0451 0.9985 0.0302
vn -0.0462 0.9882 0.1460
vn -0.0461 0.9663 0.2534
vn -0.0053 0.8539 -0.5204
vn -0.0110 0.8784 -0.4779
vn -0.0157 0.9200 -0.3917
vn -0.0211 0.9461 -0.3232
vn -0.0292 0.9790 -0.2017
vn -0.0411 0.9957 -0.0829
vn -0.0545 0.9982 0.0240
vn -0.0652 0.9881 0.1392
vn -0.0790 0.9666 0.2439
vn 0.0335 0.8498 -0.5260
vn 0.0262 0.8728 -0.4874
vn 0.0175 0.9158 -0.4013
vn 0.0099 0.9440 -0.3298
vn -0.0040 0.9764 -0.2160
vn -0.0281 0.9943 -0.1030
vn -0.0489 0.9987 0.0104
vn -0.0697 0.9903 0.1204
vn -0.0991 0.9710 0.2178
vn 0.0752 0.8429 -0.5328
vn 0.0693 0.8655 -0.4960
vn 0.0583 0.9100 -0.4104
vn 0.0463 0.9402 -0.3374
vn 0.0283 0.9703 -0.2403
vn 0.0009 0.9917 -0.1286
vn -0.0267 0.9996 -0.0118
vn -0.0602 0.9943 0.0880
vn -0.0977 0.9784 0.1823
vn 0.1328 0.7988 -0.5867
vn 0.1137 0.8382 -0.5334
vn 0.1186 0.8571 -0.5013
vn 0.1030 0.9004 -0.4227
vn 0.0839 0.9334 -0.3489
vn 0.0663 0.9617 -0.2659
vn 0.0413 0.9872 -0.1541
vn 0.0086 0.9989 -0.0462
vn -0.0304 0.9983 0.0499
vn -0.0713 0.9873 0.1421
vn 0.1863 0.7449 -0.6406
vn 0.1725 0.8306 -0.5295
vn 0.1554 0.8539 -0.4966
vn 0.1401 0.8858 -0.4424
vn 0.1433 0.9027 -0.4058
vn 0.1207 0.9275 -0.3537
vn 0.1150 0.9496 -0.2916
vn 0.0847 0.9794 -0.1835
vn 0.0499 0.9952 -0.0842
vn 0.0111 0.9999 0.0103
vn -0.0337 0.9948 0.0964
vn 0.2241 0.7498 -0.6225
vn 0.2116 0.7988 -0.5631
vn 0.1879 0.8486 -0.4945
vn 0.2013 0.8639 -0.4617
vn 0.1776 0.9207 -0.3475
vn 0.1520 0.9400 -0.3053
vn 0.1350 0.9670 -0.2162
vn 0.1006 0.9875 -0.1210
vn 0.0588 0.9977 -0.0338
vn 0.0108 0.9988 0.0478
vn 0.2574 0.7518 -0.6071
vn 0.2487 0.7674 -0.5909
vn 0.2848 0.7946 -0.5361
vn 0.2337 0.8444 -0.4821
vn 0.2511 0.8604 -0.4435
vn 0.2237 0.8953 -0.3853
vn 0.2384 0.9055 -0.3510
vn 0.1927 0.9341 -0.3007
vn 0.1865 0.9509 -0.2470
vn 0.1524 0.9753 -0.1599
vn 0.1095 0.9907 -0.0804
vn 0.0594 0.9982 -0.0041
vn -0.0339 0.9994 -0.0000
vn -0.0754 0.7390 0.6695
vn -0.0680 0.7754 0.6278
vn 0.1200 0.8133 -0.5693
vn 0.1838 0.8418 -0.5075
vn -0.0560 0.7388 0.6716
vn -0.0673 0.7184 0.6924
vn 0.0292 0.2102 -0.9772
vn -0.0466 0.8004 0.5977
vn -0.0485 0.7589 0.6494
vn -0.0000 -0.0129 -0.9999
vn -0.0481 0.8815 0.4697
vn -0.0474 0.8550 0.5165
vn -0.0491 0.8166 0.5751
vn -0.0000 0.0055 -1.0000
vn -0.0431 0.9460 0.3212
vn -0.0453 0.9147 0.4015
vn 0.0358 0.0656 -0.9972
vn 0.0147 0.0678 -0.9976
vn -0.0720 0.1637 -0.9839
vn -0.1432 0.9897 -0.0000
vn -0.3185 0.7345 0.5992
vn -0.3100 0.6861 0.6581
vn -0.6809 0.6909 0.2428
vn -0.1406 0.8962 -0.4208
vn 0.2408 0.9560 -0.1676
vn -0.2442 0.7521 0.6121
vn -0.2707 0.6957 0.6654
vn -0.4664 0.6935 0.5491
vn -0.1847 0.7930 0.5806
vn -0.2033 0.7452 0.6351
vn -0.2988 0.7591 0.5783
vn -0.1290 0.8791 0.4589
vn -0.1432 0.8552 0.4981
vn -0.1658 0.8127 0.5585
vn -0.0897 0.9437 0.3185
vn -0.1073 0.9149 0.3891
vn 0.4321 0.0006 -0.9018
vn 0.2303 0.0567 -0.9715
vn -0.4413 0.8118 0.3824
vn -0.3550 0.8975 0.2618
vn -0.1463 0.7720 0.6186
vn -0.4058 0.7607 0.5066
vn -0.4561 0.6852 0.5679
vn -0.5328 0.7185 0.4470
vn -0.2755 0.7914 0.5457
vn -0.3268 0.7750 0.5409
vn -0.3862 0.7779 0.4958
vn -0.1756 0.8839 0.4335
vn -0.1982 0.8628 0.4651
vn -0.2359 0.8131 0.5321
vn -0.2970 0.8126 0.5015
vn -0.1207 0.9444 0.3058
vn -0.1460 0.9163 0.3729
vn -0.1771 0.9062 0.3840
vn -0.6071 0.7418 0.2848
vn -0.4325 0.7754 0.4601
vn -0.5134 0.7532 0.4111
vn -0.5693 0.7438 0.3502
vn -0.6338 0.7362 0.2371
vn -0.3707 0.7929 0.4836
vn -0.3895 0.7839 0.4835
vn -0.4774 0.7774 0.4095
vn -0.4978 0.7827 0.3738
vn -0.2477 0.8663 0.4337
vn -0.2823 0.8504 0.4440
vn -0.3367 0.8149 0.4718
vn -0.1383 0.9507 0.2777
vn -0.1665 0.9302 0.3270
vn -0.2070 0.9005 0.3824
vn -0.5939 0.7753 0.2148
vn -0.3969 0.8084 0.4347
vn -0.4416 0.8093 0.3873
vn -0.5012 0.8064 0.3140
vn -0.5587 0.7804 0.2809
vn -0.6002 0.7787 0.1829
vn -0.2598 0.8807 0.3961
vn -0.2911 0.8678 0.4028
vn -0.3326 0.8380 0.4327
vn -0.3839 0.8436 0.3754
vn -0.4067 0.8373 0.3654
vn -0.1189 0.9659 0.2300
vn -0.1603 0.9422 0.2942
vn -0.2060 0.9154 0.3459
vn -0.2248 0.9159 0.3326
vn -0.4975 0.8261 0.2648
vn -0.5438 0.8264 0.1465
vn -0.2982 0.8801 0.3696
vn -0.3394 0.8791 0.3346
vn -0.3964 0.8650 0.3076
vn -0.4555 0.8399 0.2951
vn -0.4887 0.8419 0.2291
vn -0.5062 0.8545 0.1161
vn -0.0854 0.9804 0.1776
vn -0.1462 0.9572 0.2496
vn -0.1879 0.9431 0.2744
vn -0.2397 0.9141 0.3269
vn -0.2583 0.9160 0.3069
vn -0.3244 0.8973 0.2995
vn -0.3763 0.8921 0.2502
vn -0.4283 0.8850 0.1826
vn -0.4940 0.8648 0.0899
vn -0.5273 0.8487 0.0396
vn -0.0424 0.9916 0.1224
vn -0.1037 0.9772 0.1851
vn -0.1662 0.9581 0.2335
vn -0.2110 0.9466 0.2439
vn -0.2726 0.9180 0.2882
vn -0.2875 0.9246 0.2499
vn -0.3591 0.9121 0.1976
vn -0.4212 0.8973 0.1319
vn -0.4641 0.8837 0.0604
vn 0.0019 0.9979 0.0642
vn -0.0612 0.9908 0.1204
vn -0.1274 0.9769 0.1717
vn -0.1908 0.9612 0.1990
vn -0.2431 0.9506 0.1931
vn -0.3057 0.9286 0.2102
vn -0.3467 0.9261 0.1488
vn -0.3870 0.9179 0.0882
vn -0.4244 0.9048 0.0358
vn 0.0621 0.0582 -0.9964
vn 0.3362 0.0177 -0.9416
vn 0.3344 0.0555 -0.9408
vn 0.3329 0.1088 -0.9367
vn 0.3273 0.1700 -0.9295
vn 0.3398 0.1790 -0.9233
vn 0.3093 0.2161 -0.9261
vn 0.3694 0.2328 -0.8996
vn 0.3371 0.2712 -0.9016
vn 0.3569 0.3204 -0.8775
vn 0.3389 0.3557 -0.8710
vn 0.3632 0.3676 -0.8561
vn 0.3513 0.3763 -0.8573
vn 0.3706 0.4457 -0.8149
vn 0.3644 0.0142 -0.9311
vn 0.3882 0.0104 -0.9215
vn 0.3605 0.0539 -0.9312
vn 0.3826 0.0534 -0.9224
vn 0.3444 0.0977 -0.9337
vn 0.3942 0.1000 -0.9136
vn 0.3636 0.1459 -0.9201
vn 0.3829 0.1878 -0.9045
vn 0.3723 0.2488 -0.8941
vn 0.3613 0.3105 -0.8792
vn 0.3690 0.3267 -0.8701
vn 0.3730 0.3487 -0.8598
vn 0.3911 0.3872 -0.8350
vn 0.3778 0.4243 -0.8229
vn 0.3873 0.4511 -0.8041
vn 0.4212 0.0073 -0.9070
vn 0.4169 0.0526 -0.9074
vn 0.4097 0.1077 -0.9059
vn 0.4040 0.1769 -0.8975
vn 0.3918 0.2366 -0.8891
vn 0.4326 0.2509 -0.8660
vn 0.4074 0.2851 -0.8676
vn 0.4326 0.3511 -0.8304
vn 0.4118 0.3783 -0.8290
vn 0.4254 0.3891 -0.8171
vn 0.3962 0.4069 -0.8231
vn 0.4500 0.4297 -0.7829
vn 0.4133 0.4708 -0.7795
vn 0.4440 0.0051 -0.8960
vn 0.4609 0.0036 -0.8875
vn 0.4428 0.0500 -0.8952
vn 0.4597 0.0513 -0.8866
vn 0.4404 0.1019 -0.8920
vn 0.4601 0.1039 -0.8817
vn 0.4230 0.1653 -0.8909
vn 0.4732 0.1726 -0.8639
vn 0.4470 0.2110 -0.8693
vn 0.4618 0.2660 -0.8461
vn 0.4431 0.3278 -0.8344
vn 0.4606 0.3415 -0.8193
vn 0.4546 0.3589 -0.8152
vn 0.4786 0.4047 -0.7792
vn 0.4535 0.4318 -0.7797
vn 0.4801 0.4439 -0.7566
vn 0.4607 0.4624 -0.7576
vn 0.5091 0.0031 -0.8607
vn 0.5091 0.0542 -0.8590
vn 0.5052 0.1061 -0.8564
vn 0.4955 0.1791 -0.8499
vn 0.5211 0.1854 -0.8331
vn 0.4682 0.2479 -0.8481
vn 0.5394 0.2588 -0.8013
vn 0.4964 0.3040 -0.8131
vn 0.5137 0.3575 -0.7800
vn 0.4909 0.3877 -0.7802
vn 0.5141 0.3981 -0.7598
vn 0.5010 0.4136 -0.7602
vn 0.5136 0.4594 -0.7246
vn 0.5304 0.0039 -0.8477
vn 0.5701 0.0038 -0.8216
vn 0.5320 0.0551 -0.8449
vn 0.5689 0.0582 -0.8203
vn 0.5183 0.0903 -0.8504
vn 0.5847 0.0951 -0.8057
vn 0.5510 0.1477 -0.8214
vn 0.5720 0.1914 -0.7976
vn 0.5497 0.2648 -0.7923
vn 0.5629 0.2741 -0.7797
vn 0.5231 0.3279 -0.7867
vn 0.5853 0.3354 -0.7382
vn 0.5473 0.3747 -0.7484
vn 0.5540 0.4042 -0.7278
vn 0.5199 0.4348 -0.7353
vn 0.5993 0.0026 -0.8005
vn 0.6336 0.0026 -0.7736
vn 0.5952 0.0568 -0.8016
vn 0.6342 0.0555 -0.7712
vn 0.5889 0.1075 -0.8011
vn 0.6350 0.1099 -0.7646
vn 0.5714 0.1782 -0.8011
vn 0.6426 0.1859 -0.7433
vn 0.6075 0.2245 -0.7619
vn 0.6241 0.2830 -0.7283
vn 0.5919 0.3383 -0.7316
vn 0.6704 0.0030 -0.7420
vn 0.6679 0.0554 -0.7422
vn 0.6610 0.1101 -0.7423
vn 0.6423 0.1877 -0.7431
vn 0.5679 0.3993 -0.7198
vn 0.5835 0.4394 -0.6830
vn 0.5363 0.4933 -0.6848
vn 0.6105 0.2885 -0.7376
vn 0.6310 0.3435 -0.6956
vn 0.6052 0.3675 -0.7061
vn 0.6181 0.4011 -0.6760
vn 0.6228 0.3998 -0.6725
vn 0.5799 0.4367 -0.6878
vn 0.6360 0.4358 -0.6369
vn 0.5867 0.4882 -0.6460
vn 0.7017 0.0026 -0.7124
vn 0.7008 0.0545 -0.7113
vn 0.7001 0.1101 -0.7055
vn 0.7026 0.1889 -0.6860
vn 0.6677 0.2190 -0.7115
vn 0.6930 0.2915 -0.6593
vn 0.6782 0.2878 -0.6761
vn 0.6515 0.3428 -0.6767
vn 0.6865 0.3366 -0.6445
vn 0.6596 0.3619 -0.6587
vn 0.6718 0.3978 -0.6248
vn 0.6687 0.3983 -0.6279
vn 0.6352 0.4366 -0.6371
vn 0.6776 0.4339 -0.5937
vn 0.6406 0.4789 -0.6002
vn 0.3355 0.4825 -0.8091
vn 0.3522 0.4944 -0.7946
vn 0.3420 0.5193 -0.7831
vn 0.3451 0.5592 -0.7538
vn 0.3384 0.5781 -0.7425
vn 0.3364 0.6463 -0.6849
vn 0.3031 0.6541 -0.6930
vn 0.3959 0.5172 -0.7588
vn 0.3695 0.5329 -0.7612
vn 0.4085 0.5528 -0.7263
vn 0.3733 0.5914 -0.7148
vn 0.3680 0.6171 -0.6956
vn 0.4119 0.4920 -0.7670
vn 0.4247 0.5038 -0.7522
vn 0.4187 0.5292 -0.7380
vn 0.4273 0.5637 -0.7069
vn 0.4769 0.5230 -0.7064
vn 0.4486 0.5418 -0.7107
vn 0.4848 0.4937 -0.7219
vn 0.3658 0.6843 -0.6308
vn 0.2904 0.7595 -0.5821
vn 0.3158 0.7560 -0.5734
vn 0.2973 0.8146 -0.4980
vn 0.2700 0.8570 -0.4389
vn 0.2900 0.8727 -0.3927
vn 0.2532 0.9160 -0.3112
vn 0.2530 0.9208 -0.2970
vn 0.2196 0.9404 -0.2597
vn 0.2029 0.9577 -0.2040
vn 0.1559 0.9795 -0.1277
vn 0.1046 0.9927 -0.0593
vn 0.3834 0.6329 -0.6726
vn 0.3716 0.6613 -0.6516
vn 0.3669 0.6990 -0.6138
vn 0.3697 0.7219 -0.5850
vn 0.3441 0.7586 -0.5532
vn 0.3346 0.7703 -0.5429
vn 0.3979 0.7804 -0.4822
vn 0.2999 0.8594 -0.4141
vn 0.3123 0.8678 -0.3865
vn 0.3169 0.8822 -0.3483
vn 0.2677 0.9257 -0.2674
vn 0.2642 0.9275 -0.2646
vn 0.2323 0.9454 -0.2285
vn 0.2049 0.9619 -0.1811
vn 0.1487 0.9821 -0.1153
vn 0.4312 0.5771 -0.6936
vn 0.4300 0.6511 -0.6255
vn 0.4262 0.6609 -0.6178
vn 0.4058 0.7410 -0.5351
vn 0.3944 0.7712 -0.4997
vn 0.3842 0.7979 -0.4646
vn 0.3997 0.8067 -0.4353
vn 0.3389 0.8586 -0.3848
vn 0.3367 0.8733 -0.3522
vn 0.3276 0.8896 -0.3181
vn 0.2737 0.9287 -0.2503
vn 0.2715 0.9289 -0.2518
vn 0.2337 0.9487 -0.2127
vn 0.2003 0.9641 -0.1745
vn 0.4838 0.5639 -0.6693
vn 0.4550 0.5962 -0.6615
vn 0.4540 0.6150 -0.6447
vn 0.4763 0.6332 -0.6101
vn 0.4495 0.6716 -0.5890
vn 0.4384 0.6877 -0.5787
vn 0.4861 0.6930 -0.5324
vn 0.4056 0.7797 -0.4771
vn 0.4234 0.7806 -0.4598
vn 0.4025 0.8143 -0.4182
vn 0.4111 0.8172 -0.4039
vn 0.3590 0.8616 -0.3589
vn 0.3493 0.8764 -0.3315
vn 0.3331 0.8925 -0.3042
vn 0.2790 0.9286 -0.2445
vn 0.2777 0.9277 -0.2494
vn 0.2365 0.9489 -0.2087
vn 0.5280 0.5087 -0.6800
vn 0.4961 0.5460 -0.6752
vn 0.4915 0.5638 -0.6637
vn 0.5256 0.5712 -0.6304
vn 0.4910 0.6094 -0.6226
vn 0.4892 0.6441 -0.5881
vn 0.5040 0.6538 -0.5643
vn 0.4814 0.6853 -0.5465
vn 0.4767 0.7062 -0.5234
vn 0.4997 0.7123 -0.4928
vn 0.4351 0.7817 -0.4469
vn 0.4474 0.7840 -0.4303
vn 0.4212 0.8178 -0.3921
vn 0.4302 0.8149 -0.3884
vn 0.3741 0.8615 -0.3434
vn 0.3612 0.8759 -0.3199
vn 0.3458 0.8895 -0.2988
vn 0.2937 0.9246 -0.2427
vn 0.5370 0.5132 -0.6695
vn 0.5561 0.5210 -0.6475
vn 0.5378 0.5482 -0.6405
vn 0.5350 0.5787 -0.6155
vn 0.5568 0.5865 -0.5882
vn 0.5334 0.6171 -0.5785
vn 0.5238 0.6581 -0.5409
vn 0.5431 0.6602 -0.5188
vn 0.5105 0.6970 -0.5036
vn 0.5034 0.7178 -0.4810
vn 0.5205 0.7179 -0.4623
vn 0.4573 0.7819 -0.4237
vn 0.4810 0.7667 -0.4253
vn 0.4650 0.7845 -0.4102
vn 0.4450 0.8065 -0.3892
vn 0.4573 0.8041 -0.3800
vn 0.3868 0.8605 -0.3314
vn 0.4091 0.8468 -0.3399
vn 0.3812 0.8724 -0.3059
vn 0.5869 0.5198 -0.6207
vn 0.6115 0.5171 -0.5990
vn 0.5811 0.5540 -0.5962
vn 0.5770 0.5906 -0.5642
vn 0.5908 0.5935 -0.5466
vn 0.5676 0.6263 -0.5344
vn 0.5536 0.6616 -0.5058
vn 0.5753 0.6538 -0.4916
vn 0.5357 0.7002 -0.4720
vn 0.5504 0.6972 -0.4592
vn 0.5050 0.7632 -0.4030
vn 0.5159 0.7537 -0.4070
vn 0.4875 0.7802 -0.3920
vn 0.5039 0.7762 -0.3789
vn 0.4471 0.8404 -0.3063
vn 0.6339 0.5113 -0.5803
vn 0.6613 0.5046 -0.5551
vn 0.6254 0.5499 -0.5536
vn 0.6150 0.5901 -0.5230
vn 0.6357 0.5831 -0.5059
vn 0.5992 0.6274 -0.4973
vn 0.5879 0.6473 -0.4852
vn 0.6155 0.6396 -0.4604
vn 0.5603 0.6980 -0.4460
vn 0.5924 0.6768 -0.4371
vn 0.5771 0.6925 -0.4328
vn 0.5531 0.7357 -0.3909
vn 0.5676 0.7252 -0.3898
vn 0.5172 0.7754 -0.3622
vn 0.0454 0.9990 0.0024
vn -0.0171 0.9982 0.0570
vn -0.0832 0.9911 0.1037
vn -0.1538 0.9790 0.1340
vn -0.2244 0.9647 0.1376
vn -0.2830 0.9540 0.0994
vn -0.3306 0.9422 0.0551
vn -0.3520 0.9357 0.0242
vn 0.0913 0.9941 -0.0591
vn 0.0281 0.9996 -0.0073
vn -0.0385 0.9986 0.0354
vn -0.1060 0.9923 0.0640
vn -0.1744 0.9824 0.0676
vn -0.2320 0.9715 0.0491
vn -0.2683 0.9628 0.0305
vn -0.2870 0.9578 0.0149
vn 0.1397 0.9830 -0.1190
vn 0.0801 0.9943 -0.0706
vn 0.0182 0.9994 -0.0299
vn -0.0460 0.9989 -0.0026
vn -0.1025 0.9947 0.0083
vn -0.1438 0.9896 0.0074
vn -0.1728 0.9849 0.0047
vn -0.1927 0.9812 0.0006
vn 0.2034 0.9630 -0.1769
vn 0.1465 0.9807 -0.1292
vn 0.0902 0.9919 -0.0893
vn 0.0387 0.9975 -0.0587
vn -0.0090 0.9992 -0.0402
vn -0.0530 0.9981 -0.0303
vn -0.0867 0.9960 -0.0215
vn -0.1065 0.9942 -0.0141
vn 0.2941 0.9230 -0.2481
vn 0.2490 0.9463 -0.2064
vn 0.2237 0.9582 -0.1783
vn 0.1796 0.9738 -0.1394
vn 0.1322 0.9855 -0.1066
vn 0.0879 0.9926 -0.0836
vn 0.0558 0.9965 -0.0628
vn 0.0353 0.9984 -0.0434
vn 0.0211 0.9994 -0.0267
vn 0.3768 0.8784 -0.2938
vn 0.3265 0.9145 -0.2390
vn 0.3435 0.9080 -0.2398
vn 0.2706 0.9421 -0.1982
vn 0.2996 0.9320 -0.2042
vn 0.2619 0.9501 -0.1695
vn 0.2389 0.9598 -0.1477
vn 0.2090 0.9712 -0.1143
vn 0.1867 0.9788 -0.0847
vn 0.1666 0.9841 -0.0609
vn 0.1504 0.9878 -0.0391
vn 0.4586 0.8310 -0.3148
vn 0.4106 0.8661 -0.2851
vn 0.4095 0.8704 -0.2734
vn 0.4251 0.8728 -0.2399
vn 0.3597 0.9172 -0.1715
vn 0.3942 0.9020 -0.1759
vn 0.3126 0.9375 -0.1527
vn 0.3616 0.9198 -0.1525
vn 0.3136 0.9410 -0.1270
vn 0.2987 0.9483 -0.1076
vn 0.2785 0.9573 -0.0770
vn 0.2691 0.9619 -0.0473
vn 0.5320 0.7742 -0.3429
vn 0.4974 0.8140 -0.3001
vn 0.5357 0.7956 -0.2828
vn 0.4516 0.8529 -0.2619
vn 0.5043 0.8261 -0.2514
vn 0.4596 0.8592 -0.2249
vn 0.4592 0.8651 -0.2021
vn 0.4747 0.8637 -0.1693
vn 0.4230 0.8955 -0.1381
vn 0.4893 0.8637 -0.1206
vn 0.3573 0.9275 -0.1098
vn 0.4793 0.8734 -0.0866
vn 0.3703 0.9255 -0.0793
vn 0.4737 0.8794 -0.0468
vn 0.3785 0.9245 -0.0448
vn 0.7321 0.0022 -0.6812
vn 0.7527 0.0026 -0.6583
vn 0.7297 0.0536 -0.6817
vn 0.7530 0.0530 -0.6559
vn 0.7230 0.1102 -0.6820
vn 0.7524 0.1103 -0.6494
vn 0.7040 0.1892 -0.6846
vn 0.7521 0.1869 -0.6320
vn 0.7251 0.2177 -0.6533
vn 0.7444 0.2773 -0.6074
vn 0.7406 0.2685 -0.6160
vn 0.7001 0.3316 -0.6324
vn 0.7409 0.3212 -0.5898
vn 0.7119 0.3491 -0.6094
vn 0.7250 0.3880 -0.5690
vn 0.7291 0.3843 -0.5663
vn 0.6809 0.4317 -0.5916
vn 0.7288 0.4209 -0.5401
vn 0.6817 0.4726 -0.5585
vn 0.7175 0.4450 -0.5358
vn 0.7845 0.0032 -0.6201
vn 0.8045 0.0035 -0.5940
vn 0.7820 0.0519 -0.6211
vn 0.8035 0.0497 -0.5932
vn 0.7748 0.1101 -0.6226
vn 0.7991 0.1060 -0.5918
vn 0.7540 0.1842 -0.6305
vn 0.7995 0.1768 -0.5741
vn 0.7671 0.2180 -0.6033
vn 0.7972 0.1903 -0.5730
vn 0.7807 0.2613 -0.5677
vn 0.7926 0.2554 -0.5537
vn 0.7460 0.3185 -0.5849
vn 0.7889 0.3083 -0.5316
vn 0.7550 0.3458 -0.5571
vn 0.7872 0.3202 -0.5270
vn 0.7608 0.3709 -0.5327
vn 0.7815 0.3561 -0.5123
vn 0.7600 0.3889 -0.5208
vn 0.7589 0.4269 -0.4917
vn 0.7679 0.4203 -0.4834
vn 0.7523 0.4459 -0.4850
vn 0.8131 0.0033 -0.5822
vn 0.8420 0.0035 -0.5395
vn 0.8526 0.0044 -0.5226
vn 0.8111 0.0486 -0.5828
vn 0.8422 0.0480 -0.5370
vn 0.8526 0.0511 -0.5200
vn 0.7931 0.0890 -0.6026
vn 0.8545 0.0877 -0.5120
vn 0.8165 0.1624 -0.5541
vn 0.8515 0.1092 -0.5128
vn 0.8312 0.1867 -0.5237
vn 0.8432 0.1809 -0.5062
vn 0.8035 0.2499 -0.5403
vn 0.8412 0.2377 -0.4856
vn 0.8087 0.2937 -0.5096
vn 0.8369 0.2519 -0.4859
vn 0.8123 0.3089 -0.4947
vn 0.8285 0.2972 -0.4745
vn 0.8325 0.3053 -0.4623
vn 0.7805 0.3489 -0.5188
vn 0.8259 0.3353 -0.4532
vn 0.7831 0.3952 -0.4802
vn 0.8234 0.3501 -0.4466
vn 0.7804 0.4151 -0.4677
vn 0.8124 0.3927 -0.4310
vn 0.7786 0.4357 -0.4516
vn 0.8149 0.4095 -0.4101
vn 0.8749 0.0052 -0.4843
vn 0.8860 0.0057 -0.4637
vn 0.8977 0.0070 -0.4406
vn 0.8734 0.0506 -0.4843
vn 0.8852 0.0493 -0.4626
vn 0.8980 0.0521 -0.4369
vn 0.8680 0.1100 -0.4843
vn 0.8811 0.1070 -0.4608
vn 0.8968 0.1136 -0.4275
vn 0.8527 0.1753 -0.4920
vn 0.8772 0.1670 -0.4502
vn 0.8583 0.1990 -0.4730
vn 0.8884 0.1728 -0.4254
vn 0.9003 0.1763 -0.3980
vn 0.8565 0.2389 -0.4575
vn 0.8804 0.2244 -0.4177
vn 0.8583 0.2745 -0.4336
vn 0.8879 0.2342 -0.3960
vn 0.8643 0.2895 -0.4113
vn 0.8764 0.2769 -0.3940
vn 0.8325 0.3361 -0.4404
vn 0.8709 0.3191 -0.3739
vn 0.8310 0.3885 -0.3981
vn 0.8333 0.3984 -0.3833
vn 0.9167 0.0082 -0.3995
vn 0.9263 0.0108 -0.3767
vn 0.9166 0.0527 -0.3962
vn 0.9264 0.0535 -0.3727
vn 0.9075 0.1064 -0.4064
vn 0.9274 0.1021 -0.3598
vn 0.9130 0.1529 -0.3783
vn 0.9154 0.1660 -0.3668
vn 0.8944 0.2176 -0.3908
vn 0.8848 0.2900 -0.3647
vn 0.8738 0.3356 -0.3518
vn 0.8752 0.3553 -0.3283
vn 0.8610 0.3807 -0.3372
vn 0.8345 0.4209 -0.3556
vn 0.8673 0.3919 -0.3069
vn 0.8744 0.4039 -0.2688
vn 0.9417 0.0147 -0.3362
vn 0.9533 0.0173 -0.3016
vn 0.9407 0.0548 -0.3349
vn 0.9526 0.0555 -0.2990
vn 0.9346 0.1070 -0.3393
vn 0.9507 0.1073 -0.2910
vn 0.9282 0.1550 -0.3382
vn 0.9439 0.1575 -0.2902
vn 0.9498 0.1644 -0.2663
vn 0.9249 0.2053 -0.3199
vn 0.9016 0.2606 -0.3451
vn 0.9314 0.2152 -0.2936
vn 0.9436 0.2134 -0.2532
vn 0.9101 0.2735 -0.3114
vn 0.9196 0.2621 -0.2926
vn 0.9117 0.2754 -0.3050
vn 0.9313 0.2626 -0.2523
vn 0.9435 0.2621 -0.2030
vn 0.9466 0.2743 -0.1693
vn 0.9017 0.3289 -0.2805
vn 0.9211 0.3081 -0.2380
vn 0.8932 0.3704 -0.2548
vn 0.9251 0.3212 -0.2024
vn 0.9341 0.3195 -0.1591
vn 0.9383 0.3249 -0.1186
vn 0.9373 0.3408 -0.0732
vn 0.9374 0.3476 -0.0222
vn 0.8938 0.3893 -0.2226
vn 0.9088 0.3683 -0.1962
vn 0.8892 0.4081 -0.2066
vn 0.9126 0.3781 -0.1554
vn 0.9063 0.3898 -0.1635
vn 0.9194 0.3783 -0.1082
vn 0.9232 0.3776 -0.0710
vn 0.9269 0.3746 -0.0236
vn 0.9633 0.0166 -0.2678
vn 0.9700 0.0162 -0.2424
vn 0.9812 0.0186 -0.1922
vn 0.9892 0.0200 -0.1450
vn 0.9946 0.0179 -0.1027
vn 0.9979 0.0157 -0.0628
vn 0.9998 0.0159 -0.0142
vn 0.9617 0.0531 -0.2689
vn 0.9693 0.0510 -0.2404
vn 0.9801 0.0513 -0.1916
vn 0.9880 0.0491 -0.1465
vn 0.9934 0.0478 -0.1047
vn 0.9969 0.0493 -0.0615
vn 0.9986 0.0518 -0.0130
vn 0.9540 0.1024 -0.2817
vn 0.9689 0.0965 -0.2279
vn 0.9588 0.1408 -0.2466
vn 0.9750 0.1041 -0.1963
vn 0.9839 0.0988 -0.1490
vn 0.9897 0.0978 -0.1044
vn 0.9933 0.0989 -0.0591
vn 0.9949 0.1001 -0.0116
vn 0.9635 0.1561 -0.2175
vn 0.9697 0.1488 -0.1935
vn 0.9769 0.1501 -0.1521
vn 0.9835 0.1479 -0.1043
vn 0.9873 0.1474 -0.0586
vn 0.9892 0.1463 -0.0120
vn 0.9495 0.1993 -0.2422
vn 0.9688 0.1751 -0.1757
vn 0.9461 0.2582 -0.1953
vn 0.9692 0.1971 -0.1477
vn 0.9584 0.2362 -0.1605
vn 0.9734 0.2019 -0.1080
vn 0.9786 0.1968 -0.0605
vn 0.9810 0.1934 -0.0147
vn 0.9571 0.2572 -0.1336
vn 0.9644 0.2437 -0.1027
vn 0.9551 0.2759 -0.1083
vn 0.9663 0.2496 -0.0625
vn 0.9619 0.2650 -0.0665
vn 0.9686 0.2481 -0.0174
vn 0.9648 0.2622 -0.0194
vn 0.6712 0.4997 -0.5476
vn 0.7171 0.4830 -0.5024
vn 0.6627 0.5473 -0.5112
vn 0.6965 0.5147 -0.5000
vn 0.6477 0.5761 -0.4986
vn 0.6933 0.5513 -0.4640
vn 0.6313 0.6216 -0.4638
vn 0.6715 0.5834 -0.4570
vn 0.6578 0.6074 -0.4453
vn 0.6337 0.6588 -0.4055
vn 0.6514 0.6465 -0.3970
vn 0.6173 0.6812 -0.3934
vn 0.5986 0.7071 -0.3765
vn 0.7426 0.4929 -0.4534
vn 0.7504 0.4830 -0.4513
vn 0.7279 0.5175 -0.4498
vn 0.7062 0.5699 -0.4202
vn 0.7344 0.5540 -0.3921
vn 0.6885 0.6053 -0.3994
vn 0.6738 0.6368 -0.3749
vn 0.7638 0.4709 -0.4416
vn 0.8121 0.4373 -0.3863
vn 0.7513 0.5269 -0.3973
vn 0.6397 0.6894 -0.3400
vn 0.5465 0.7740 -0.3197
vn 0.6092 0.7321 -0.3048
vn 0.5697 0.7687 -0.2907
vn 0.5917 0.7614 -0.2648
vn 0.5518 0.8010 -0.2323
vn 0.6117 0.7670 -0.1937
vn 0.4971 0.8478 -0.1849
vn 0.5957 0.7883 -0.1544
vn 0.5157 0.8441 -0.1468
vn 0.5828 0.8026 -0.1272
vn 0.5261 0.8411 -0.1252
vn 0.5678 0.8178 -0.0939
vn 0.5396 0.8373 -0.0874
vn 0.5451 0.8369 -0.0506
vn 0.7216 0.5843 -0.3713
vn 0.7160 0.6049 -0.3485
vn 0.6521 0.6726 -0.3499
vn 0.7068 0.6339 -0.3141
vn 0.6835 0.6613 -0.3089
vn 0.6558 0.7015 -0.2791
vn 0.7059 0.6676 -0.2368
vn 0.6041 0.7607 -0.2374
vn 0.6916 0.6927 -0.2046
vn 0.6255 0.7543 -0.1993
vn 0.6779 0.7164 -0.1650
vn 0.6400 0.7517 -0.1592
vn 0.6656 0.7343 -0.1332
vn 0.6513 0.7476 -0.1299
vn 0.6648 0.7409 -0.0954
vn 0.6224 0.7798 -0.0677
vn 0.6761 0.7358 -0.0393
vn 0.5668 0.8228 -0.0416
vn 0.8039 0.4714 -0.3627
vn 0.7852 0.5049 -0.3585
vn 0.7688 0.5460 -0.3329
vn 0.7911 0.5341 -0.2981
vn 0.7515 0.5830 -0.3087
vn 0.7869 0.5603 -0.2585
vn 0.7313 0.6232 -0.2772
vn 0.7827 0.5761 -0.2354
vn 0.7064 0.6662 -0.2390
vn 0.7766 0.5950 -0.2073
vn 0.7242 0.6572 -0.2090
vn 0.7751 0.6104 -0.1629
vn 0.7413 0.6503 -0.1661
vn 0.7753 0.6201 -0.1198
vn 0.7597 0.6372 -0.1296
vn 0.7788 0.6220 -0.0808
vn 0.7826 0.6217 -0.0323
vn 0.7168 0.6877 -0.1155
vn 0.7776 0.6244 -0.0743
vn 0.6632 0.7443 -0.0788
vn 0.7738 0.6326 -0.0336
vn 0.6768 0.7351 -0.0386
vn 0.8172 0.4607 -0.3463
vn 0.8626 0.4134 -0.2914
vn 0.8012 0.5156 -0.3038
vn 0.8611 0.4473 -0.2418
vn 0.8302 0.4965 -0.2536
vn 0.8602 0.4613 -0.2174
vn 0.8572 0.4851 -0.1728
vn 0.8111 0.5396 -0.2257
vn 0.8425 0.5015 -0.1966
vn 0.7915 0.5761 -0.2042
vn 0.8436 0.5141 -0.1550
vn 0.8072 0.5678 -0.1615
vn 0.8458 0.5220 -0.1100
vn 0.8188 0.5624 -0.1150
vn 0.8474 0.5257 -0.0740
vn 0.8272 0.5567 -0.0760
vn 0.8483 0.5287 -0.0286
vn 0.8321 0.5538 -0.0294
vn 0.8819 0.4499 -0.1410
vn 0.9168 0.3876 -0.0966
vn 0.8517 0.5143 -0.1008
vn 0.9102 0.4085 -0.0690
vn 0.8626 0.5006 -0.0725
vn 0.9104 0.4130 -0.0259
vn 0.8664 0.4985 -0.0283
vn 0.0435 -0.0109 0.9990
vn 0.0368 0.0205 0.9991
vn 0.0254 0.0616 0.9978
vn 0.0187 0.1040 0.9944
vn 0.0141 0.1557 0.9877
vn 0.0079 0.2097 0.9777
vn -0.0012 0.3359 0.9419
vn 0.0020 0.2631 0.9648
vn -0.0019 0.3727 0.9279
vn 0.0797 -0.0084 0.9968
vn 0.0775 0.0091 0.9970
vn 0.0686 0.0527 0.9963
vn 0.0627 0.1004 0.9930
vn 0.0584 0.1507 0.9869
vn 0.0532 0.2038 0.9776
vn 0.0460 0.3325 0.9420
vn 0.0462 0.2552 0.9658
vn 0.0462 0.3711 0.9275
vn 0.0912 -0.0068 0.9958
vn 0.0932 0.0074 0.9956
vn 0.0986 0.0510 0.9938
vn 0.1004 0.0981 0.9901
vn 0.0975 0.1461 0.9845
vn 0.0935 0.1997 0.9754
vn 0.1008 0.2727 0.9568
vn 0.0823 0.3350 0.9386
vn 0.0797 0.2370 0.9682
vn 0.0834 0.3606 0.9290
vn 0.1244 -0.0075 0.9922
vn 0.1302 0.0160 0.9914
vn 0.1389 0.0568 0.9887
vn 0.1424 0.0977 0.9850
vn 0.1407 0.1422 0.9798
vn 0.1378 0.1952 0.9710
vn 0.1350 0.1912 0.9722
vn 0.1485 0.3136 0.9379
vn 0.1203 0.3537 0.9276
vn 0.1868 -0.0038 0.9824
vn 0.1922 0.0236 0.9811
vn 0.1938 0.0594 0.9792
vn 0.1911 0.0954 0.9769
vn 0.1839 0.1354 0.9736
vn 0.2107 0.1818 0.9605
vn 0.1739 0.2142 0.9612
vn 0.1691 0.1718 0.9705
vn 0.1825 0.2659 0.9466
vn 0.1623 0.3481 0.9233
vn 0.2509 0.0032 0.9680
vn 0.2363 0.0009 0.9717
vn 0.2536 0.0277 0.9669
vn 0.2379 0.0260 0.9709
vn 0.2538 0.0571 0.9656
vn 0.2364 0.0570 0.9700
vn 0.2547 0.0896 0.9629
vn 0.2290 0.0885 0.9694
vn 0.2771 0.1201 0.9533
vn 0.2280 0.1789 0.9571
vn 0.1977 0.1141 0.9736
vn 0.2345 0.1873 0.9539
vn 0.2233 0.2493 0.9423
vn 0.2130 0.3604 0.9081
vn 0.2084 0.3361 0.9185
vn 0.2946 0.0042 0.9556
vn 0.2931 0.0297 0.9556
vn 0.2895 0.0589 0.9554
vn 0.2834 0.0927 0.9545
vn 0.2782 0.1314 0.9515
vn 0.2722 0.1774 0.9457
vn 0.2667 0.2449 0.9321
vn 0.2819 0.3268 0.9020
vn 0.2556 0.3728 0.8920
vn 0.2526 0.3065 0.9177
vn 0.3095 0.0045 0.9509
vn 0.3115 0.0307 0.9498
vn 0.3141 0.0585 0.9476
vn 0.3158 0.0903 0.9445
vn 0.3159 0.1291 0.9400
vn 0.3360 0.1762 0.9252
vn 0.3106 0.1706 0.9351
vn 0.3647 0.2300 0.9023
vn 0.3012 0.3042 0.9037
vn 0.2720 0.2199 0.9368
vn 0.3146 0.3409 0.8859
vn 0.0963 0.9847 -0.1453
vn 0.5312 0.7401 0.4123
vn 0.6321 0.4401 0.6378
vn 0.4693 0.8389 0.2757
vn 0.0552 0.7345 -0.6763
vn 0.0594 0.7445 -0.6650
vn 0.9779 0.1962 0.0727
vn 0.4131 0.3577 0.8375
vn 0.0429 0.7437 -0.6671
vn 0.0272 0.7584 -0.6512
vn 0.9984 -0.0569 -0.0000
vn 0.1634 0.0454 0.9855
vn 0.0143 0.7890 -0.6143
vn 0.0018 0.8254 -0.5645
vn 0.9969 -0.0790 -0.0000
vn -0.0000 -0.0628 0.9980
vn -0.0096 0.8447 -0.5352
vn -0.0148 0.8729 -0.4878
vn -0.0204 0.8948 -0.4460
vn 0.9851 -0.1721 -0.0000
vn 0.0493 -0.0098 0.9987
vn -0.0271 0.9175 -0.3967
vn -0.0482 -0.1683 0.9846
vn -0.4544 0.8905 0.0238
vn -0.3672 0.0958 0.9252
vn -0.0246 0.9989 -0.0398
vn -0.0223 0.9697 -0.2434
vn 0.2302 0.9432 0.2397
vn 0.5182 0.8151 0.2590
vn 0.4233 0.7353 0.5293
vn -0.4959 0.6963 -0.5188
vn -0.1778 0.6883 -0.7033
vn -0.1963 0.7553 -0.6253
vn -0.3048 0.7376 -0.6026
vn -0.1605 0.7158 -0.6796
vn -0.1564 0.7580 -0.6332
vn -0.2220 0.7620 -0.6084
vn -0.1416 0.7707 -0.6212
vn -0.1345 0.8141 -0.5649
vn -0.1277 0.8366 -0.5327
vn -0.1141 0.8711 -0.4777
vn -0.1019 0.8923 -0.4397
vn 0.6739 -0.7388 -0.0000
vn -0.0806 0.9181 -0.3881
vn 0.9984 -0.0565 -0.0000
vn 0.6512 -0.2188 0.7267
vn 0.9954 -0.0423 -0.0861
vn 0.3777 -0.1852 0.9072
vn 0.0053 -0.8959 0.4442
vn -0.1330 0.9865 0.0953
vn -0.2277 0.9729 -0.0396
vn -0.6608 0.7481 0.0604
vn -0.6856 0.6981 -0.2065
vn -0.4972 0.6987 -0.5144
vn -0.4656 0.7379 -0.4886
vn -0.4846 0.7509 -0.4487
vn -0.4250 0.7486 -0.5089
vn -0.3827 0.7366 -0.5576
vn -0.3411 0.7683 -0.5417
vn -0.2805 0.7799 -0.5595
vn -0.2361 0.8027 -0.5477
vn -0.2573 0.8215 -0.5089
vn -0.2090 0.8303 -0.5166
vn -0.1772 0.8748 -0.4510
vn -0.1631 0.8939 -0.4175
vn -0.1677 0.9106 -0.3777
vn -0.1399 0.9203 -0.3653
vn -0.6513 0.7562 0.0638
vn -0.6107 0.7590 -0.2257
vn -0.6610 0.7491 0.0440
vn -0.6695 0.7179 -0.1908
vn -0.5901 0.7381 -0.3271
vn -0.5451 0.7363 -0.4009
vn -0.4602 0.7582 -0.4620
vn -0.4874 0.7690 -0.4136
vn -0.3935 0.7579 -0.5203
vn -0.3591 0.7964 -0.4866
vn -0.3291 0.8214 -0.4659
vn -0.2766 0.8466 -0.4547
vn -0.2446 0.8722 -0.4236
vn -0.2159 0.9052 -0.3662
vn -0.1802 0.9263 -0.3309
vn -0.6425 0.7658 0.0267
vn -0.6269 0.7579 -0.1806
vn -0.5599 0.7663 -0.3151
vn -0.6170 0.7868 0.0134
vn -0.6018 0.7834 -0.1554
vn -0.5796 0.7736 -0.2561
vn -0.5120 0.7783 -0.3634
vn -0.4705 0.7965 -0.3798
vn -0.4160 0.8052 -0.4227
vn -0.4106 0.8347 -0.3671
vn -0.3499 0.8280 -0.4382
vn -0.3092 0.8627 -0.4001
vn -0.2773 0.8774 -0.3916
vn -0.2605 0.9043 -0.3381
vn -0.2318 0.9083 -0.3482
vn -0.1889 0.9380 -0.2907
vn -0.5644 0.8255 0.0042
vn -0.5649 0.8143 -0.1332
vn -0.5367 0.8071 -0.2459
vn -0.4796 0.8133 -0.3296
vn -0.5213 0.8448 -0.1204
vn -0.4977 0.8390 -0.2200
vn -0.4684 0.8418 -0.2684
vn -0.4205 0.8416 -0.3388
vn -0.3788 0.8645 -0.3304
vn -0.3392 0.8691 -0.3601
vn -0.3133 0.8985 -0.3074
vn -0.2876 0.8989 -0.3305
vn -0.2331 0.9318 -0.2784
vn -0.1913 0.9499 -0.2470
vn -0.5214 0.8533 -0.0001
vn -0.5387 0.8425 -0.0057
vn -0.5315 0.8457 -0.0484
vn -0.5036 0.8578 -0.1023
vn -0.4578 0.8695 -0.1854
vn -0.4218 0.8742 -0.2405
vn -0.3833 0.8754 -0.2946
vn -0.3382 0.9092 -0.2430
vn -0.3256 0.9018 -0.2841
vn -0.2663 0.9307 -0.2506
vn -0.2241 0.9454 -0.2366
vn -0.1694 0.9672 -0.1891
vn -0.4831 0.8755 -0.0070
vn -0.4666 0.8808 -0.0809
vn -0.4354 0.8862 -0.1582
vn -0.3941 0.8945 -0.2111
vn -0.4331 0.9013 -0.0065
vn -0.4191 0.9061 -0.0579
vn -0.3825 0.9156 -0.1241
vn -0.3500 0.9215 -0.1682
vn -0.3393 0.9180 -0.2052
vn -0.2883 0.9362 -0.2010
vn -0.2439 0.9473 -0.2074
vn -0.1864 0.9656 -0.1812
vn -0.1313 0.9822 -0.1343
vn -0.0265 0.9419 -0.3349
vn -0.0190 0.9614 -0.2745
vn -0.0118 0.9854 -0.1696
vn -0.0099 0.9968 -0.0799
vn -0.0101 0.9999 -0.0015
vn -0.0090 0.9948 0.1011
vn -0.0059 0.9743 0.2251
vn -0.0010 0.9433 0.3320
vn 0.0055 0.9129 0.4081
vn -0.0611 0.9446 -0.3226
vn -0.0475 0.9643 -0.2605
vn -0.0311 0.9866 -0.1599
vn -0.0159 0.9973 -0.0723
vn -0.0018 1.0000 0.0047
vn 0.0078 0.9944 0.1054
vn 0.0157 0.9727 0.2315
vn 0.0241 0.9403 0.3394
vn 0.0341 0.9078 0.4180
vn -0.1108 0.9469 -0.3019
vn -0.0845 0.9687 -0.2333
vn -0.0549 0.9886 -0.1403
vn -0.0304 0.9982 -0.0519
vn -0.0047 0.9997 0.0240
vn 0.0154 0.9932 0.1158
vn 0.0311 0.9691 0.2447
vn 0.0441 0.9359 0.3495
vn 0.0572 0.9016 0.4287
vn -0.1484 0.9495 -0.2763
vn -0.1072 0.9756 -0.1918
vn -0.0664 0.9917 -0.1104
vn -0.0343 0.9991 -0.0249
vn -0.0032 0.9986 0.0536
vn 0.0265 0.9904 0.1358
vn 0.0488 0.9637 0.2626
vn 0.0620 0.9303 0.3614
vn 0.0828 0.8897 0.4489
vn -0.1505 0.9608 -0.2327
vn -0.1063 0.9833 -0.1480
vn -0.0631 0.9956 -0.0694
vn -0.0227 0.9997 0.0068
vn 0.0111 0.9962 0.0867
vn 0.0469 0.9847 0.1677
vn 0.0821 0.9541 0.2879
vn 0.1144 0.8939 0.4333
vn 0.0869 0.9273 0.3640
vn 0.1079 0.8706 0.4801
vn 0.1632 0.8477 0.5047
vn -0.1349 0.9742 -0.1810
vn -0.0864 0.9906 -0.1061
vn -0.0447 0.9987 -0.0259
vn -0.0029 0.9990 0.0455
vn 0.0358 0.9921 0.1200
vn 0.0748 0.9752 0.2081
vn 0.1046 0.9451 0.3096
vn 0.1383 0.9202 0.3661
vn 0.2009 0.8473 0.4917
vn -0.1153 0.9851 -0.1275
vn -0.0639 0.9962 -0.0590
vn -0.0165 0.9997 0.0162
vn 0.0268 0.9957 0.0884
vn 0.0703 0.9848 0.1587
vn 0.1135 0.9615 0.2504
vn 0.1416 0.9339 0.3282
vn 0.1756 0.8988 0.4016
vn 0.2289 0.8428 0.4871
vn 0.2511 0.8113 0.5279
vn -0.0789 0.9940 -0.0755
vn -0.0286 0.9996 -0.0089
vn 0.0194 0.9979 0.0613
vn 0.0630 0.9895 0.1299
vn 0.1078 0.9729 0.2047
vn 0.1510 0.9450 0.2901
vn 0.2149 0.8866 0.4096
vn 0.1680 0.9268 0.3360
vn 0.2075 0.8732 0.4410
vn 0.0005 0.4911 0.8711
vn -0.0008 0.4321 0.9018
vn 0.0021 0.5670 0.8237
vn 0.0067 0.6568 0.7541
vn 0.0043 0.5898 0.8075
vn 0.0123 0.7299 0.6835
vn 0.0092 0.6734 0.7392
vn 0.0113 0.8422 0.5390
vn 0.0144 0.8156 0.5784
vn 0.0151 0.7452 0.6667
vn 0.0440 0.4917 0.8696
vn 0.0427 0.4316 0.9011
vn 0.0456 0.5669 0.8225
vn 0.0446 0.6580 0.7517
vn 0.0437 0.5901 0.8061
vn 0.0474 0.7364 0.6749
vn 0.0432 0.6723 0.7390
vn 0.0455 0.8368 0.5457
vn 0.0531 0.8097 0.5844
vn 0.0560 0.7480 0.6613
vn 0.0707 0.4915 0.8680
vn 0.0705 0.4269 0.9015
vn 0.0729 0.5638 0.8227
vn 0.0776 0.6255 0.7764
vn 0.0670 0.6601 0.7482
vn 0.0652 0.5868 0.8071
vn 0.0655 0.7414 0.6679
vn 0.0678 0.6669 0.7421
vn 0.0668 0.8325 0.5501
vn 0.0336 0.7766 0.6291
vn 0.0639 0.8003 0.5962
vn 0.0674 0.7543 0.6530
vn 0.1097 0.4907 0.8644
vn 0.1088 0.4157 0.9029
vn 0.1047 0.5822 0.8063
vn 0.1046 0.5533 0.8264
vn 0.1047 0.6575 0.7462
vn 0.0864 0.7311 0.6768
vn 0.1159 0.6940 0.7106
vn 0.0835 0.7416 0.6657
vn 0.0918 0.6575 0.7479
vn 0.0862 0.8368 0.5407
vn 0.0850 0.8183 0.5685
vn 0.1703 0.4344 0.8845
vn 0.1455 0.4944 0.8570
vn 0.1453 0.3934 0.9078
vn 0.1363 0.5896 0.7961
vn 0.1431 0.5300 0.8359
vn 0.1366 0.6559 0.7424
vn 0.1350 0.6450 0.7522
vn 0.1359 0.7361 0.6631
vn 0.1367 0.7257 0.6742
vn 0.1263 0.8400 0.5277
vn 0.1340 0.8037 0.5797
vn 0.2185 0.4636 0.8587
vn 0.1833 0.5898 0.7865
vn 0.1828 0.5097 0.8407
vn 0.1759 0.6610 0.7295
vn 0.1796 0.6271 0.7579
vn 0.1760 0.7424 0.6464
vn 0.1750 0.7115 0.6805
vn 0.1547 0.8341 0.5295
vn 0.1715 0.7862 0.5937
vn 0.2610 0.4282 0.8651
vn 0.2708 0.5357 0.7998
vn 0.2341 0.5929 0.7705
vn 0.2318 0.4829 0.8445
vn 0.2536 0.6223 0.7406
vn 0.2281 0.6641 0.7120
vn 0.2300 0.6029 0.7639
vn 0.2149 0.7438 0.6329
vn 0.2263 0.6864 0.6911
vn 0.2203 0.7877 0.5753
vn 0.1885 0.8297 0.5254
vn 0.2038 0.7628 0.6137
vn 0.3132 0.4276 0.8480
vn 0.2896 0.4778 0.8293
vn 0.2762 0.4058 0.8712
vn 0.2735 0.5857 0.7630
vn 0.2922 0.5446 0.7861
vn 0.2759 0.6552 0.7033
vn 0.2663 0.7409 0.6165
vn 0.2833 0.6954 0.6604
vn 0.2488 0.7438 0.6204
vn 0.2556 0.6650 0.7018
vn -0.9054 0.2555 -0.3391
vn -0.9870 0.0122 0.1603
vn -0.9951 0.0982 0.0099
vn -0.9912 0.1307 -0.0191
vn -0.9474 0.0264 0.3189
vn -0.9686 0.2147 -0.1251
vn -0.9893 0.1026 0.1034
vn 0.9629 -0.0863 -0.2557
vn -0.0000 0.7912 -0.6116
vn 0.9839 -0.1789 0.0033
vn -0.0000 -0.2052 0.9787
vn 0.0114 0.2169 -0.9761
vn 0.9591 -0.2811 -0.0334
vn -0.0280 -0.2681 0.9630
vn -0.1036 -0.7302 0.6753
vn -0.0876 0.1260 -0.9882
vn -0.2243 -0.2602 0.9391
vn -0.2516 0.2540 -0.9339
vn -0.6460 0.5693 -0.5084
vn -0.7422 0.6503 0.1622
vn -0.5248 -0.1084 0.8443
vn -0.6499 0.4032 -0.6443
vn -0.9773 0.2089 -0.0354
vn -0.8573 -0.1274 0.4987
vn -0.9128 0.3273 -0.2440
vn -0.9104 0.2691 0.3142
vn 0.5782 -0.8149 -0.0401
vn 0.3713 -0.7593 0.5345
vn 0.3100 -0.0075 -0.9507
vn 0.9282 -0.3097 -0.2062
vn 0.8660 -0.4506 0.2169
vn 0.0841 -0.3932 0.9156
vn 0.0923 0.1317 -0.9870
vn 0.8039 -0.1497 -0.5756
vn 0.9117 -0.3921 0.1230
vn -0.0416 -0.2925 0.9554
vn -0.2371 -0.8176 0.5246
vn -0.0227 0.1066 -0.9940
vn 0.6126 0.0380 -0.7895
vn -0.2217 0.6675 -0.7109
vn -0.3094 -0.3344 0.8902
vn -0.2864 0.4222 -0.8600
vn -0.2463 0.9428 -0.2246
vn -0.2088 0.9284 0.3075
vn -0.3408 0.2129 0.9157
vn 0.5375 -0.8357 -0.1128
vn 0.3773 -0.7923 0.4794
vn 0.4981 -0.1524 -0.8536
vn 0.8702 -0.4120 -0.2700
vn 0.8324 -0.4428 0.3332
vn 0.2678 -0.3471 0.8988
vn 0.2998 0.3586 -0.8841
vn 0.2767 0.9398 -0.2007
vn 0.2685 0.9122 0.3095
vn 0.2586 0.2545 0.9319
vn 0.8266 -0.5132 -0.2308
vn 0.8289 -0.4966 0.2574
vn 0.4113 0.1922 -0.8910
vn 1.0000 -0.0000 0.0020
vn 0.3893 0.9191 -0.0609
vn 0.9999 -0.0000 0.0144
vn 0.3391 0.9295 0.1454
vn 0.4304 0.1553 0.8892
vn 0.6560 0.3592 0.6638
vn 0.6424 0.3584 0.6774
vn 0.7112 0.1440 0.6881
vn 0.7111 0.1807 0.6795
vn 0.7051 0.1845 0.6847
vn 0.7127 0.2316 0.6621
vn 0.6861 0.2307 0.6899
vn 0.7198 0.2745 0.6376
vn 0.6798 0.3333 0.6533
vn 0.6630 0.2743 0.6965
vn 0.7072 0.3656 0.6052
vn 0.6939 0.3623 0.6223
vn 0.3364 0.0077 0.9417
vn 0.3283 0.0063 0.9445
vn 0.3401 0.0391 0.9396
vn 0.3313 0.0343 0.9429
vn 0.3464 0.0662 0.9357
vn 0.3350 0.0616 0.9402
vn 0.3513 0.0957 0.9314
vn 0.3373 0.0916 0.9369
vn 0.3678 0.1284 0.9210
vn 0.3470 0.1650 0.9232
vn 0.3273 0.1210 0.9371
vn 0.3589 0.1828 0.9153
vn 0.3564 0.2486 0.9006
vn 0.3571 0.3373 0.8710
vn 0.3516 0.3580 0.8650
vn 0.3399 0.3230 0.8833
vn 0.3925 0.0099 0.9197
vn 0.3941 0.0436 0.9180
vn 0.3917 0.0706 0.9174
vn 0.3886 0.1007 0.9159
vn 0.3856 0.1406 0.9119
vn 0.3855 0.1808 0.9048
vn 0.4161 0.2516 0.8738
vn 0.3895 0.2993 0.8710
vn 0.3746 0.2360 0.8966
vn 0.4067 0.3546 0.8419
vn 0.4094 0.0138 0.9123
vn 0.4136 0.0460 0.9093
vn 0.4199 0.0805 0.9040
vn 0.4157 0.0700 0.9068
vn 0.4366 0.1059 0.8934
vn 0.4170 0.1000 0.9034
vn 0.4437 0.1456 0.8843
vn 0.4170 0.1386 0.8983
vn 0.4547 0.1903 0.8701
vn 0.4365 0.2034 0.8764
vn 0.4106 0.1791 0.8941
vn 0.4533 0.2684 0.8500
vn 0.4540 0.3414 0.8230
vn 0.4312 0.3295 0.8399
vn 0.4867 0.0187 0.8734
vn 0.4288 0.0165 0.9032
vn 0.4893 0.0497 0.8707
vn 0.4603 0.0485 0.8864
vn 0.4284 0.0466 0.9024
vn 0.4991 0.0868 0.8622
vn 0.4863 0.1122 0.8666
vn 0.4836 0.1541 0.8616
vn 0.4976 0.2045 0.8430
vn 0.4769 0.1975 0.8565
vn 0.5171 0.2626 0.8146
vn 0.4825 0.3088 0.8197
vn 0.4583 0.2487 0.8533
vn 0.5040 0.3552 0.7873
vn 0.5368 0.0258 0.8433
vn 0.5102 0.0216 0.8598
vn 0.5418 0.0550 0.8387
vn 0.5103 0.0530 0.8584
vn 0.5452 0.0807 0.8344
vn 0.5098 0.0773 0.8568
vn 0.5494 0.1151 0.8276
vn 0.5087 0.1096 0.8539
vn 0.5645 0.1537 0.8110
vn 0.5306 0.1870 0.8267
vn 0.4980 0.1452 0.8550
vn 0.5607 0.2132 0.8001
vn 0.5465 0.2821 0.7885
vn 0.5379 0.2718 0.7979
vn 0.5722 0.3434 0.7448
vn 0.5369 0.3775 0.7545
vn 0.5131 0.3341 0.7906
vn 0.5739 0.0278 0.8185
vn 0.5730 0.0582 0.8175
vn 0.5739 0.0845 0.8145
vn 0.5893 0.1293 0.7975
vn 0.5753 0.1207 0.8090
vn 0.5983 0.1702 0.7830
vn 0.5723 0.1643 0.8034
vn 0.6074 0.2139 0.7651
vn 0.5903 0.2204 0.7765
vn 0.5671 0.2047 0.7978
vn 0.6162 0.2905 0.7321
vn 0.6128 0.3512 0.7079
vn 0.5925 0.3684 0.7164
vn 0.5839 0.3441 0.7353
vn 0.6417 0.0250 0.7665
vn 0.5860 0.0255 0.8099
vn 0.6426 0.0592 0.7639
vn 0.5830 0.0576 0.8104
vn 0.6533 0.0834 0.7525
vn 0.6148 0.1248 0.7788
vn 0.5728 0.0788 0.8159
vn 0.6421 0.1356 0.7545
vn 0.6454 0.1819 0.7419
vn 0.6363 0.1738 0.7516
vn 0.6575 0.2273 0.7183
vn 0.6252 0.2215 0.7484
vn 0.6725 0.2712 0.6886
vn 0.6341 0.3295 0.6995
vn 0.6072 0.2659 0.7487
vn 0.6960 0.0262 0.7176
vn 0.6545 0.0252 0.7556
vn 0.6986 0.0623 0.7128
vn 0.6527 0.0599 0.7552
vn 0.7066 0.0997 0.7005
vn 0.6502 0.0920 0.7541
vn 0.7107 0.1349 0.6905
vn 0.6792 0.1501 0.7185
vn 0.6434 0.1305 0.7543
vn -0.3572 0.9340 -0.0054
vn -0.3521 0.9350 -0.0432
vn -0.3311 0.9391 -0.0923
vn -0.2980 0.9453 -0.1328
vn -0.2521 0.9542 -0.1613
vn -0.1924 0.9698 -0.1500
vn -0.1345 0.9831 -0.1239
vn -0.0799 0.9934 -0.0821
vn -0.2937 0.9559 -0.0065
vn -0.2885 0.9568 -0.0344
vn -0.2690 0.9607 -0.0682
vn -0.2332 0.9678 -0.0945
vn -0.1850 0.9772 -0.1045
vn -0.1307 0.9871 -0.0928
vn -0.0754 0.9948 -0.0680
vn -0.0237 0.9992 -0.0318
vn -0.2019 0.9794 -0.0090
vn -0.1978 0.9800 -0.0232
vn -0.1787 0.9830 -0.0409
vn -0.1470 0.9876 -0.0544
vn -0.1067 0.9927 -0.0561
vn -0.0617 0.9972 -0.0420
vn -0.0126 0.9998 -0.0144
vn 0.0434 0.9988 0.0224
vn -0.1135 0.9935 -0.0111
vn -0.1076 0.9941 -0.0114
vn -0.0890 0.9959 -0.0148
vn -0.0572 0.9982 -0.0167
vn -0.0137 0.9999 -0.0098
vn 0.0339 0.9994 0.0044
vn 0.0805 0.9961 0.0352
vn 0.1287 0.9887 0.0772
vn 0.0155 0.9998 -0.0114
vn 0.0214 0.9998 0.0007
vn 0.0364 0.9993 0.0068
vn 0.0592 0.9981 0.0164
vn 0.0923 0.9952 0.0338
vn 0.1371 0.9891 0.0535
vn 0.1871 0.9788 0.0833
vn 0.2308 0.9654 0.1212
vn 0.1420 0.9898 -0.0128
vn 0.1457 0.9893 0.0119
vn 0.1638 0.9861 0.0290
vn 0.1921 0.9803 0.0456
vn 0.2229 0.9724 0.0685
vn 0.2546 0.9624 0.0951
vn 0.2933 0.9470 0.1309
vn 0.3633 0.9118 0.1912
vn 0.3222 0.9347 0.1499
vn 0.5006 0.8357 0.2259
vn 0.2663 0.9638 -0.0151
vn 0.2698 0.9627 0.0216
vn 0.2846 0.9572 0.0526
vn 0.3091 0.9480 0.0755
vn 0.3379 0.9360 0.0987
vn 0.4270 0.8916 0.1509
vn 0.3590 0.9261 0.1161
vn 0.4638 0.8700 0.1675
vn 0.3641 0.9206 0.1413
vn 0.4252 0.8910 0.1591
vn 0.5179 0.8370 0.1767
vn 0.5434 0.8124 0.2113
vn 0.5168 0.8343 0.1918
vn 0.5777 0.7825 0.2324
vn 0.5181 0.8290 0.2106
vn 0.4738 0.8806 -0.0113
vn 0.3842 0.9231 -0.0135
vn 0.4800 0.8767 0.0326
vn 0.3872 0.9216 0.0262
vn 0.4903 0.8684 0.0745
vn 0.3891 0.9190 0.0629
vn 0.5039 0.8578 0.1018
vn 0.3899 0.9166 0.0882
vn 0.5230 0.8426 0.1282
vn 0.3829 0.9174 0.1083
vn 0.4638 0.8721 0.1561
vn 0.2588 0.8487 0.4613
vn 0.2843 0.7955 0.5351
vn 0.2516 0.8389 0.4826
vn 0.2808 0.7788 0.5609
vn -0.0291 0.9993 -0.0245
vn 0.0192 0.9991 0.0389
vn 0.0632 0.9925 0.1051
vn 0.1067 0.9792 0.1726
vn 0.1568 0.9540 0.2556
vn 0.2019 0.9098 0.3625
vn 0.1776 0.9333 0.3122
vn 0.2171 0.9014 0.3748
vn 0.3339 0.7454 0.5770
vn 0.2917 0.8486 0.4414
vn 0.2834 0.8414 0.4601
vn 0.3106 0.8108 0.4961
vn 0.0257 0.9993 0.0254
vn 0.0733 0.9937 0.0849
vn 0.1175 0.9821 0.1471
vn 0.1630 0.9620 0.2189
vn 0.1952 0.9384 0.2852
vn 0.2374 0.9168 0.3210
vn 0.3867 0.7128 0.5852
vn 0.3607 0.7467 0.5588
vn 0.3842 0.7005 0.6014
vn 0.3203 0.8449 0.4283
vn 0.3767 0.7729 0.5107
vn 0.3108 0.8361 0.4519
vn 0.3495 0.7654 0.5404
vn 0.0960 0.9927 0.0734
vn 0.1409 0.9816 0.1292
vn 0.1848 0.9641 0.1905
vn 0.2210 0.9410 0.2565
vn 0.3097 0.8798 0.3606
vn 0.2334 0.9277 0.2914
vn 0.2893 0.8773 0.3829
vn 0.4427 0.6543 0.6131
vn 0.4517 0.6438 0.6177
vn 0.4079 0.7431 0.5305
vn 0.4194 0.7243 0.5473
vn 0.3585 0.8449 0.3971
vn 0.4055 0.7865 0.4658
vn 0.3444 0.8395 0.4203
vn 0.3867 0.7815 0.4895
vn 0.1775 0.9768 0.1202
vn 0.2218 0.9599 0.1715
vn 0.2563 0.9398 0.2259
vn 0.3527 0.8785 0.3222
vn 0.2641 0.9275 0.2644
vn 0.3228 0.8804 0.3475
vn 0.5260 0.6034 0.5994
vn 0.4711 0.6610 0.5840
vn 0.4827 0.5957 0.6420
vn 0.4572 0.7397 0.4939
vn 0.5063 0.6678 0.5456
vn 0.4366 0.7443 0.5053
vn 0.4627 0.6672 0.5838
vn 0.4024 0.8438 0.3552
vn 0.4516 0.7860 0.4221
vn 0.3883 0.8386 0.3821
vn 0.4293 0.7876 0.4421
vn 0.2714 0.9481 0.1654
vn 0.3384 0.9098 0.2402
vn 0.2959 0.9344 0.1984
vn 0.3979 0.8706 0.2892
vn 0.2983 0.9248 0.2363
vn 0.3676 0.8750 0.3150
vn 0.6083 0.4570 0.6490
vn 0.5984 0.5178 0.6113
vn 0.5403 0.5829 0.6069
vn 0.5480 0.5104 0.6627
vn 0.5731 0.6011 0.5570
vn 0.5236 0.6508 0.5499
vn 0.5328 0.6034 0.5933
vn 0.5159 0.7233 0.4589
vn 0.5047 0.7383 0.4474
vn 0.5591 0.6623 0.4988
vn 0.4759 0.7424 0.4716
vn 0.5164 0.6637 0.5412
vn 0.4633 0.8395 0.2839
vn 0.4423 0.8391 0.3165
vn 0.5155 0.7667 0.3826
vn 0.4311 0.8370 0.3370
vn 0.4842 0.7760 0.4042
vn 0.4146 0.8841 0.2155
vn 0.3340 0.9254 0.1788
vn 0.3922 0.8970 0.2038
vn 0.6711 0.4101 0.6176
vn 0.6138 0.4898 0.6192
vn 0.6023 0.4155 0.6816
vn 0.6466 0.5087 0.5685
vn 0.5922 0.5771 0.5623
vn 0.6021 0.5124 0.6123
vn 0.6077 0.6290 0.4848
vn 0.6241 0.5898 0.5124
vn 0.5769 0.6437 0.5029
vn 0.5848 0.5990 0.5471
vn 0.5732 0.7123 0.4050
vn 0.5465 0.7399 0.3923
vn 0.5652 0.7175 0.4070
vn 0.4842 0.8387 0.2492
vn 0.5389 0.7884 0.2968
vn 0.4844 0.8328 0.2680
vn 0.5753 0.7480 0.3311
vn 0.4699 0.8295 0.3018
vn 0.5301 0.7600 0.3760
vn 0.6939 0.4524 0.5603
vn 0.7158 0.4138 0.5624
vn 0.6531 0.4883 0.5789
vn 0.6522 0.4113 0.6368
vn 0.6710 0.5456 0.5020
vn 0.6978 0.5010 0.5119
vn 0.6338 0.5775 0.5146
vn 0.6420 0.5109 0.5717
vn 0.6639 0.6089 0.4342
vn 0.6451 0.6302 0.4321
vn 0.6758 0.5738 0.4626
vn 0.6153 0.6390 0.4616
vn 0.6311 0.5899 0.5037
vn 0.6164 0.7181 0.3231
vn 0.6000 0.7355 0.3147
vn 0.6464 0.6731 0.3592
vn 0.5805 0.7399 0.3398
vn 0.6158 0.6943 0.3725
vn 0.6115 0.7466 0.2620
vn 0.5076 0.8280 0.2382
vn 0.5700 0.7673 0.2938
vn 0.3692 0.4513 0.8124
vn 0.3547 0.5341 0.7674
vn 0.3171 0.5962 0.7376
vn 0.3176 0.5064 0.8017
vn 0.3093 0.6597 0.6849
vn 0.3133 0.6273 0.7130
vn 0.2920 0.7462 0.5982
vn 0.3035 0.7133 0.6318
vn 0.3798 0.4761 0.7931
vn 0.3723 0.4198 0.8277
vn 0.3850 0.5639 0.7306
vn 0.3814 0.6224 0.6835
vn 0.3459 0.6650 0.6619
vn 0.3512 0.5941 0.7236
vn 0.3681 0.6899 0.6233
vn 0.3178 0.7501 0.5800
vn 0.3360 0.6764 0.6554
vn 0.4922 0.4076 0.7691
vn 0.4121 0.4998 0.7618
vn 0.3944 0.3782 0.8375
vn 0.4414 0.5358 0.7198
vn 0.4043 0.5911 0.6979
vn 0.4013 0.5250 0.7506
vn 0.4134 0.6337 0.6539
vn 0.3902 0.6633 0.6386
vn 0.3977 0.6270 0.6698
vn 0.4944 0.4367 0.7516
vn 0.4727 0.4796 0.7393
vn 0.4699 0.4153 0.7789
vn 0.4617 0.5774 0.6734
vn 0.4745 0.5473 0.6894
vn 0.5248 0.4556 0.7191
vn 0.5394 0.4545 0.7088
vn 0.5554 0.5159 0.6522
vn 0.4894 0.5896 0.6426
vn 0.4918 0.5028 0.7109
vn 0.8997 0.3038 0.3133
vn 0.8943 0.3891 0.2210
vn 0.8908 0.3731 0.2593
vn 0.8858 0.3612 0.2913
vn 0.8753 0.3800 0.2990
vn 0.9501 0.0333 0.3102
vn 0.9565 0.0644 0.2844
vn 0.9491 0.0594 0.3093
vn 0.9569 0.1046 0.2711
vn 0.9454 0.0989 0.3105
vn 0.9602 0.1497 0.2360
vn 0.9534 0.1401 0.2672
vn 0.9397 0.1398 0.3120
vn 0.9560 0.1937 0.2202
vn 0.9456 0.1888 0.2648
vn 0.9336 0.1827 0.3082
vn 0.9321 0.1882 0.3094
vn 0.9541 0.2595 0.1497
vn 0.9527 0.2445 0.1803
vn 0.9468 0.2403 0.2141
vn 0.9353 0.2385 0.2613
vn 0.9288 0.2296 0.2908
vn 0.9172 0.2572 0.3042
vn 0.9146 0.2347 0.3292
vn 0.9382 0.3453 0.0239
vn 0.9407 0.3315 0.0720
vn 0.9433 0.3103 0.1182
vn 0.9428 0.3031 0.1390
vn 0.9356 0.3050 0.1776
vn 0.9327 0.2976 0.2039
vn 0.9146 0.3435 0.2132
vn 0.9338 0.2627 0.2430
vn 0.8978 0.3611 0.2522
vn 0.9073 0.2919 0.3025
vn 0.9283 0.3713 0.0202
vn 0.9274 0.3686 0.0633
vn 0.9245 0.3661 0.1064
vn 0.9217 0.3638 0.1348
vn 0.9146 0.3792 0.1405
vn 0.9197 0.3543 0.1693
vn 0.9030 0.3919 0.1758
vn 0.9090 0.3705 0.1908
vn 0.9994 0.0168 0.0294
vn 0.9975 0.0182 0.0687
vn 0.9939 0.0199 0.1083
vn 0.9897 0.0217 0.1414
vn 0.9833 0.0240 0.1806
vn 0.9762 0.0267 0.2151
vn 0.9751 0.0202 0.2208
vn 0.9624 0.0611 0.2648
vn 0.9513 0.0235 0.3074
vn 0.9982 0.0525 0.0298
vn 0.9961 0.0530 0.0701
vn 0.9924 0.0547 0.1102
vn 0.9881 0.0566 0.1432
vn 0.9815 0.0579 0.1825
vn 0.9745 0.0568 0.2169
vn 0.9696 0.0610 0.2371
vn 0.9945 0.1008 0.0299
vn 0.9925 0.1004 0.0701
vn 0.9887 0.1002 0.1115
vn 0.9845 0.1006 0.1439
vn 0.9776 0.1018 0.1840
vn 0.9741 0.0938 0.2057
vn 0.9672 0.1270 0.2202
vn 0.9635 0.0987 0.2489
vn 0.9889 0.1457 0.0302
vn 0.9868 0.1459 0.0696
vn 0.9832 0.1450 0.1108
vn 0.9793 0.1434 0.1431
vn 0.9739 0.1393 0.1790
vn 0.9706 0.1436 0.1930
vn 0.9813 0.1903 0.0290
vn 0.9792 0.1902 0.0708
vn 0.9748 0.1932 0.1118
vn 0.9732 0.1869 0.1339
vn 0.9644 0.2227 0.1429
vn 0.9735 0.1622 0.1613
vn 0.9543 0.2411 0.1768
vn 0.9582 0.1843 0.2187
vn 0.9692 0.2450 0.0254
vn 0.9654 0.2599 0.0233
vn 0.9679 0.2412 0.0704
vn 0.9641 0.2562 0.0702
vn 0.9655 0.2371 0.1082
vn 0.9605 0.2553 0.1110
vn 0.9628 0.2446 0.1146
vn 0.7534 0.0292 0.6569
vn 0.7165 0.0273 0.6971
vn 0.7557 0.0674 0.6515
vn 0.7155 0.0651 0.6956
vn 0.7601 0.1018 0.6418
vn 0.7369 0.1374 0.6619
vn 0.7087 0.1015 0.6982
vn 0.7626 0.1449 0.6305
vn 0.7557 0.1433 0.6390
vn 0.7650 0.1846 0.6170
vn 0.7459 0.1824 0.6406
vn 0.7660 0.2319 0.5995
vn 0.7319 0.2320 0.6407
vn 0.7603 0.3072 0.5724
vn 0.7746 0.2752 0.5695
vn 0.7212 0.3475 0.5993
vn 0.7064 0.2723 0.6534
vn 0.7613 0.3560 0.5419
vn 0.7429 0.3825 0.5494
vn 0.7329 0.3639 0.5749
vn 0.8127 0.0344 0.5817
vn 0.8044 0.0325 0.5931
vn 0.7708 0.0318 0.6362
vn 0.8140 0.0702 0.5766
vn 0.8040 0.0663 0.5909
vn 0.7687 0.0680 0.6360
vn 0.8153 0.1081 0.5688
vn 0.8121 0.0921 0.5762
vn 0.7763 0.1413 0.6144
vn 0.7542 0.0956 0.6497
vn 0.8158 0.1457 0.5597
vn 0.7978 0.1452 0.5852
vn 0.8172 0.1869 0.5452
vn 0.7894 0.1870 0.5847
vn 0.8221 0.2386 0.5170
vn 0.8179 0.2273 0.5285
vn 0.7940 0.2473 0.5554
vn 0.7763 0.2311 0.5864
vn 0.8122 0.2913 0.5055
vn 0.8063 0.3024 0.5084
vn 0.8071 0.3719 0.4585
vn 0.8049 0.3508 0.4785
vn 0.7746 0.3868 0.5003
vn 0.7690 0.3584 0.5293
vn 0.8699 0.0396 0.4916
vn 0.8565 0.0354 0.5150
vn 0.8768 0.0689 0.4760
vn 0.8692 0.0664 0.4900
vn 0.8552 0.0693 0.5137
vn 0.8759 0.1046 0.4709
vn 0.8658 0.1027 0.4898
vn 0.8501 0.1066 0.5157
vn 0.8729 0.1434 0.4664
vn 0.8612 0.1411 0.4883
vn 0.8418 0.1469 0.5194
vn 0.8687 0.1851 0.4595
vn 0.8651 0.1687 0.4725
vn 0.8333 0.2267 0.5042
vn 0.8239 0.1773 0.5383
vn 0.8740 0.2391 0.4230
vn 0.8642 0.2242 0.4504
vn 0.8405 0.2331 0.4890
vn 0.8630 0.2925 0.4120
vn 0.8695 0.2715 0.4126
vn 0.8205 0.3553 0.4477
vn 0.8119 0.2792 0.5126
vn 0.8502 0.3674 0.3770
vn 0.8493 0.3510 0.3942
vn 0.8275 0.3865 0.4072
vn 0.8279 0.3642 0.4265
vn 0.9197 0.0364 0.3909
vn 0.9109 0.0399 0.4106
vn 0.9054 0.0363 0.4230
vn 0.8910 0.0599 0.4501
vn 0.8767 0.0372 0.4797
vn 0.9178 0.0611 0.3923
vn 0.9094 0.0608 0.4115
vn 0.9027 0.0652 0.4253
vn 0.9155 0.1001 0.3896
vn 0.9068 0.0976 0.4102
vn 0.8974 0.1006 0.4295
vn 0.9123 0.1399 0.3850
vn 0.9034 0.1359 0.4068
vn 0.8911 0.1389 0.4319
vn 0.9077 0.1963 0.3708
vn 0.9061 0.1817 0.3820
vn 0.9058 0.1701 0.3881
vn 0.8833 0.2244 0.4116
vn 0.8768 0.1756 0.4476
vn 0.9072 0.2388 0.3463
vn 0.8977 0.2277 0.3772
vn 0.8883 0.2333 0.3955
vn 0.8975 0.2898 0.3323
vn 0.9018 0.2658 0.3406
vn 0.8594 0.3519 0.3709
vn 0.8615 0.2777 0.4251
vn 0.8851 0.3394 0.3184
vn 0.8562 0.3986 0.3287
vn 0.8587 0.3611 0.3636
vn 0.9370 0.0329 0.3479
vn 0.9265 0.0340 0.3748
vn 0.9364 0.0585 0.3460
vn 0.9248 0.0598 0.3757
vn 0.9344 0.0979 0.3425
vn 0.9219 0.0999 0.3744
vn 0.9324 0.1359 0.3350
vn 0.9258 0.1422 0.3502
vn 0.9173 0.1380 0.3734
vn 0.6437 0.7311 0.2263
vn 0.6581 0.7057 0.2625
vn 0.6313 0.7351 0.2470
vn 0.5468 0.8372 -0.0095
vn 0.5512 0.8334 0.0408
vn 0.5798 0.8092 0.0954
vn 0.5525 0.8295 0.0817
vn 0.6004 0.7907 0.1198
vn 0.5505 0.8276 0.1095
vn 0.6185 0.7712 0.1504
vn 0.5466 0.8257 0.1394
vn 0.6345 0.7512 0.1819
vn 0.5396 0.8249 0.1682
vn 0.5928 0.7830 0.1884
vn 0.7361 0.6327 0.2406
vn 0.7486 0.6031 0.2754
vn 0.7253 0.6330 0.2706
vn 0.6808 0.7252 0.1031
vn 0.6888 0.7123 0.1344
vn 0.6732 0.7285 0.1266
vn 0.7040 0.6899 0.1683
vn 0.6658 0.7290 0.1589
vn 0.7217 0.6634 0.1976
vn 0.6568 0.7300 0.1891
vn 0.7353 0.6425 0.2158
vn 0.6458 0.7340 0.2101
vn 0.6899 0.6812 0.2450
vn 0.6744 0.7383 -0.0062
vn 0.5747 0.8183 -0.0079
vn 0.6848 0.7276 0.0404
vn 0.5671 0.8228 0.0359
vn 0.6317 0.7713 0.0774
vn 0.8246 0.4740 0.3088
vn 0.8045 0.5543 0.2133
vn 0.8123 0.5299 0.2439
vn 0.7955 0.5560 0.2408
vn 0.8162 0.5076 0.2758
vn 0.7757 0.5666 0.2781
vn 0.7960 0.5278 0.2964
vn 0.7862 0.6180 0.0052
vn 0.7882 0.6130 0.0538
vn 0.7872 0.6082 0.1019
vn 0.7878 0.6015 0.1324
vn 0.7719 0.6212 0.1355
vn 0.7927 0.5846 0.1728
vn 0.7574 0.6298 0.1723
vn 0.7954 0.5732 0.1968
vn 0.7452 0.6360 0.2004
vn 0.7698 0.6031 0.2090
vn 0.7765 0.6301 0.0007
vn 0.6832 0.7303 -0.0032
vn 0.7789 0.6251 0.0501
vn 0.6840 0.7279 0.0488
vn 0.7821 0.6160 0.0942
vn 0.6790 0.7281 0.0939
vn 0.7298 0.6734 0.1178
vn 0.8680 0.4741 0.1474
vn 0.8730 0.4505 0.1869
vn 0.8760 0.4386 0.2006
vn 0.8510 0.4824 0.2078
vn 0.8770 0.4175 0.2379
vn 0.8355 0.4932 0.2423
vn 0.8568 0.4435 0.2631
vn 0.8494 0.5276 0.0109
vn 0.8341 0.5516 0.0082
vn 0.8511 0.5221 0.0547
vn 0.8330 0.5507 0.0529
vn 0.8524 0.5131 0.1013
vn 0.8284 0.5513 0.0995
vn 0.8533 0.5047 0.1307
vn 0.8222 0.5532 0.1342
vn 0.8540 0.4935 0.1647
vn 0.8107 0.5603 0.1696
vn 0.8306 0.5240 0.1885
vn 0.9120 0.4099 0.0164
vn 0.8680 0.4963 0.0139
vn 0.9140 0.4016 0.0576
vn 0.8682 0.4929 0.0572
vn 0.9179 0.3848 0.0969
vn 0.8624 0.4964 0.0996
vn 0.8906 0.4375 0.1240
vn 0.7554 0.4293 0.4951
vn 0.7299 0.4734 0.4930
vn 0.7403 0.4355 0.5122
vn 0.7364 0.5203 0.4323
vn 0.7047 0.5645 0.4298
vn 0.7199 0.5304 0.4477
vn 0.7078 0.6189 0.3406
vn 0.6957 0.6352 0.3355
vn 0.7220 0.5833 0.3721
vn 0.6696 0.6451 0.3681
vn 0.6905 0.5986 0.4061
vn 0.6848 0.6681 0.2911
vn 0.6197 0.7359 0.2728
vn 0.6587 0.6915 0.2966
vn 0.7961 0.4420 0.4134
vn 0.8083 0.4072 0.4253
vn 0.7558 0.4872 0.4375
vn 0.7639 0.4262 0.4846
vn 0.7650 0.5543 0.3280
vn 0.7775 0.5239 0.3478
vn 0.7520 0.5618 0.3447
vn 0.7884 0.4855 0.3777
vn 0.7276 0.5729 0.3775
vn 0.7427 0.5154 0.4275
vn 0.7581 0.5780 0.3019
vn 0.7066 0.6402 0.3016
vn 0.7281 0.6055 0.3214
vn 0.8357 0.4402 0.3283
vn 0.8151 0.4796 0.3250
vn 0.8448 0.4047 0.3499
vn 0.7961 0.4923 0.3519
vn 0.8129 0.4291 0.3939
s 0
f 8//1 7//1 1//1 2//1
f 15//2 14//2 11//2 12//2
f 21//3 20//3 17//3 18//3
f 24//4 23//4 19//4 20//4
f 25//5 24//5 20//5 21//5
f 25//6 12//6 11//6 24//6
f 12//7 25//7 21//7 10//7
f 28//8 27//8 22//8 23//8
f 29//9 28//9 23//9 24//9
f 29//10 14//10 13//10 28//10
f 14//11 29//11 24//11 11//11
f 35//12 34//12 31//12 32//12
f 38//13 37//13 33//13 34//13
f 39//14 38//14 34//14 35//14
f 39//15 18//15 17//15 38//15
f 18//16 39//16 35//16 16//16
f 42//17 41//17 36//17 37//17
f 43//18 42//18 37//18 38//18
f 43//19 20//19 19//19 42//19
f 20//20 43//20 38//20 17//20
f 45//21 44//21 40//21 41//21
f 46//22 45//22 41//22 42//22
f 46//23 23//23 22//23 45//23
f 23//24 46//24 42//24 19//24
f 49//25 48//25 44//25 45//25
f 49//26 27//26 26//26 48//26
f 27//27 49//27 45//27 22//27
f 57//28 56//28 50//28 51//28
f 58//29 57//29 51//29 52//29
f 59//30 58//30 52//30 53//30
f 66//31 65//31 60//31 61//31
f 67//32 66//32 61//32 62//32
f 71//33 70//33 63//33 64//33
f 72//34 71//34 64//34 65//34
f 73//35 72//35 65//35 66//35
f 74//36 73//36 66//36 67//36
f 77//37 76//37 68//37 69//37
f 78//38 77//38 69//38 70//38
f 79//39 78//39 70//39 71//39
f 80//40 79//40 71//40 72//40
f 80//41 51//41 50//41 79//41
f 81//42 80//42 72//42 73//42
f 81//43 52//43 51//43 80//43
f 82//44 81//44 73//44 74//44
f 82//45 53//45 52//45 81//45
f 84//46 83//46 75//46 76//46
f 85//47 84//47 76//47 77//47
f 86//48 85//48 77//48 78//48
f 86//49 55//49 54//49 85//49
f 87//50 86//50 78//50 79//50
f 87//51 56//51 55//51 86//51
f 56//52 87//52 79//52 50//52
f 94//53 93//53 88//53 89//53
f 98//54 97//54 90//54 91//54
f 99//55 98//55 91//55 92//55
f 100//56 99//56 92//56 93//56
f 100//57 61//57 60//57 99//57
f 101//58 100//58 93//58 94//58
f 101//59 62//59 61//59 100//59
f 104//60 103//60 95//60 96//60
f 105//61 104//61 96//61 97//61
f 106//62 105//62 97//62 98//62
f 106//63 64//63 63//63 105//63
f 107//64 106//64 98//64 99//64
f 107//65 65//65 64//65 106//65
f 65//66 107//66 99//66 60//66
f 109//67 108//67 102//67 103//67
f 110//68 109//68 103//68 104//68
f 110//69 69//69 68//69 109//69
f 111//70 110//70 104//70 105//70
f 111//71 70//71 69//71 110//71
f 70//72 111//72 105//72 63//72
f 112//73 12//73 10//73 108//73
f 113//74 112//74 108//74 109//74
f 113//75 76//75 75//75 112//75
f 76//76 113//76 109//76 68//76
f 114//77 15//77 12//77 112//77
f 114//78 83//78 9//78 15//78
f 83//79 114//79 112//79 75//79
f 123//80 122//80 115//80 116//80
f 124//81 123//81 116//81 117//81
f 125//82 124//82 117//82 118//82
f 126//83 125//83 118//83 119//83
f 126//84 89//84 88//84 125//84
f 129//85 128//85 120//85 121//85
f 130//86 129//86 121//86 122//86
f 131//87 130//87 122//87 123//87
f 131//88 91//88 90//88 130//88
f 132//89 131//89 123//89 124//89
f 132//90 92//90 91//90 131//90
f 133//91 132//91 124//91 125//91
f 133//92 93//92 92//92 132//92
f 93//93 133//93 125//93 88//93
f 135//94 134//94 127//94 128//94
f 136//95 135//95 128//95 129//95
f 136//96 96//96 95//96 135//96
f 137//97 136//97 129//97 130//97
f 137//98 97//98 96//98 136//98
f 97//99 137//99 130//99 90//99
f 138//100 18//100 16//100 134//100
f 139//101 138//101 134//101 135//101
f 139//102 103//102 102//102 138//102
f 103//103 139//103 135//103 95//103
f 140//104 21//104 18//104 138//104
f 140//105 108//105 10//105 21//105
f 108//106 140//106 138//106 102//106
f 144//107 143//107 3//107 4//107
f 145//108 144//108 4//108 5//108
f 145//109 116//109 115//109 144//109
f 146//110 145//110 5//110 6//110
f 146//111 117//111 116//111 145//111
f 147//112 146//112 6//112 7//112
f 147//113 118//113 117//113 146//113
f 148//114 147//114 7//114 8//114
f 148//115 119//115 118//115 147//115
f 150//116 149//116 141//116 142//116
f 151//117 150//117 142//117 143//117
f 151//118 121//118 120//118 150//118
f 152//119 151//119 143//119 144//119
f 152//120 122//120 121//120 151//120
f 122//121 152//121 144//121 115//121
f 153//122 32//122 30//122 149//122
f 154//123 153//123 149//123 150//123
f 154//124 128//124 127//124 153//124
f 128//125 154//125 150//125 120//125
f 155//126 35//126 32//126 153//126
f 155//127 134//127 16//127 35//127
f 134//128 155//128 153//128 127//128
f 164//129 163//129 161//129 162//129
f 167//130 166//130 163//130 164//130
f 169//131 168//131 165//131 166//131
f 170//132 169//132 166//132 167//132
f 172//133 171//133 168//133 169//133
f 173//134 172//134 169//134 170//134
f 157//135 173//135 170//135 156//135
f 176//136 175//136 171//136 172//136
f 177//137 176//137 172//137 173//137
f 158//138 177//138 173//138 157//138
f 179//139 178//139 174//139 175//139
f 180//140 179//140 175//140 176//140
f 181//141 180//141 176//141 177//141
f 159//142 181//142 177//142 158//142
f 183//143 182//143 178//143 179//143
f 184//144 183//144 179//144 180//144
f 185//145 184//145 180//145 181//145
f 160//146 185//146 181//146 159//146
f 188//147 187//147 13//147 14//147
f 189//148 188//148 14//148 15//148
f 189//149 162//149 161//149 188//149
f 162//150 189//150 15//150 9//150
f 191//151 190//151 186//151 187//151
f 192//152 191//152 187//152 188//152
f 163//153 192//153 188//153 161//153
f 195//154 194//154 190//154 191//154
f 196//155 195//155 191//155 192//155
f 196//156 166//156 165//156 195//156
f 166//157 196//157 192//157 163//157
f 198//158 197//158 193//158 194//158
f 199//159 198//159 194//159 195//159
f 168//160 199//160 195//160 165//160
f 201//161 200//161 197//161 198//161
f 202//162 201//162 198//162 199//162
f 171//163 202//163 199//163 168//163
f 204//164 203//164 200//164 201//164
f 205//165 204//165 201//165 202//165
f 205//166 175//166 174//166 204//166
f 175//167 205//167 202//167 171//167
f 207//168 206//168 203//168 204//168
f 178//169 207//169 204//169 174//169
f 209//170 208//170 206//170 207//170
f 182//171 209//171 207//171 178//171
f 211//172 210//172 26//172 27//172
f 212//173 211//173 27//173 28//173
f 212//174 187//174 186//174 211//174
f 187//175 212//175 28//175 13//175
f 215//176 214//176 210//176 211//176
f 190//177 215//177 211//177 186//177
f 217//178 216//178 213//178 214//178
f 218//179 217//179 214//179 215//179
f 218//180 194//180 193//180 217//180
f 194//181 218//181 215//181 190//181
f 220//182 219//182 216//182 217//182
f 197//183 220//183 217//183 193//183
f 222//184 221//184 219//184 220//184
f 200//185 222//185 220//185 197//185
f 225//186 224//186 221//186 222//186
f 203//187 225//187 222//187 200//187
f 227//188 226//188 223//188 224//188
f 228//189 227//189 224//189 225//189
f 206//190 228//190 225//190 203//190
f 230//191 229//191 226//191 227//191
f 231//192 230//192 227//192 228//192
f 208//193 231//193 228//193 206//193
f 233//194 232//194 47//194 48//194
f 210//195 233//195 48//195 26//195
f 236//196 235//196 232//196 233//196
f 236//197 214//197 213//197 235//197
f 214//198 236//198 233//198 210//198
f 238//199 237//199 234//199 235//199
f 216//200 238//200 235//200 213//200
f 240//201 239//201 237//201 238//201
f 219//202 240//202 238//202 216//202
f 243//203 242//203 239//203 240//203
f 221//204 243//204 240//204 219//204
f 245//205 244//205 241//205 242//205
f 246//206 245//206 242//206 243//206
f 246//207 224//207 223//207 245//207
f 224//208 246//208 243//208 221//208
f 248//209 247//209 244//209 245//209
f 226//210 248//210 245//210 223//210
f 250//211 249//211 247//211 248//211
f 229//212 250//212 248//212 226//212
f 257//213 256//213 251//213 252//213
f 258//214 257//214 252//214 253//214
f 261//215 260//215 254//215 255//215
f 262//216 261//216 255//216 256//216
f 263//217 262//217 256//217 257//217
f 264//218 263//218 257//218 258//218
f 266//219 265//219 259//219 260//219
f 267//220 266//220 260//220 261//220
f 268//221 267//221 261//221 262//221
f 269//222 268//222 262//222 263//222
f 270//223 269//223 263//223 264//223
f 272//224 271//224 265//224 266//224
f 273//225 272//225 266//225 267//225
f 274//226 273//226 267//226 268//226
f 275//227 274//227 268//227 269//227
f 276//228 275//228 269//228 270//228
f 279//229 278//229 271//229 272//229
f 280//230 279//230 272//230 273//230
f 281//231 280//231 273//231 274//231
f 282//232 281//232 274//232 275//232
f 283//233 282//233 275//233 276//233
f 285//234 284//234 277//234 278//234
f 286//235 285//235 278//235 279//235
f 287//236 286//236 279//236 280//236
f 288//237 287//237 280//237 281//237
f 289//238 288//238 281//238 282//238
f 290//239 289//239 282//239 283//239
f 293//240 292//240 54//240 55//240
f 294//241 293//241 55//241 56//241
f 295//242 294//242 56//242 57//242
f 296//243 295//243 57//243 58//243
f 297//244 296//244 58//244 59//244
f 300//245 299//245 291//245 292//245
f 301//246 300//246 292//246 293//246
f 302//247 301//247 293//247 294//247
f 303//248 302//248 294//248 295//248
f 304//249 303//249 295//249 296//249
f 304//250 252//250 251//250 303//250
f 305//251 304//251 296//251 297//251
f 305//252 253//252 252//252 304//252
f 307//253 306//253 298//253 299//253
f 308//254 307//254 299//254 300//254
f 309//255 308//255 300//255 301//255
f 310//256 309//256 301//256 302//256
f 310//257 255//257 254//257 309//257
f 311//258 310//258 302//258 303//258
f 311//259 256//259 255//259 310//259
f 256//260 311//260 303//260 251//260
f 313//261 312//261 306//261 307//261
f 314//262 313//262 307//262 308//262
f 315//263 314//263 308//263 309//263
f 315//264 260//264 259//264 314//264
f 260//265 315//265 309//265 254//265
f 316//266 157//266 156//266 312//266
f 317//267 316//267 312//267 313//267
f 318//268 317//268 313//268 314//268
f 265//269 318//269 314//269 259//269
f 319//270 158//270 157//270 316//270
f 320//271 319//271 316//271 317//271
f 321//272 320//272 317//272 318//272
f 271//273 321//273 318//273 265//273
f 322//274 159//274 158//274 319//274
f 323//275 322//275 319//275 320//275
f 324//276 323//276 320//276 321//276
f 324//277 278//277 277//277 323//277
f 278//278 324//278 321//278 271//278
f 325//279 160//279 159//279 322//279
f 326//280 325//280 322//280 323//280
f 284//281 326//281 323//281 277//281
f 285//282 327//282 326//282 284//282
f 328//283 162//283 9//283 83//283
f 329//284 328//284 83//284 84//284
f 330//285 329//285 84//285 85//285
f 330//286 292//286 291//286 329//286
f 292//287 330//287 85//287 54//287
f 331//288 164//288 162//288 328//288
f 332//289 331//289 328//289 329//289
f 332//290 299//290 298//290 331//290
f 299//291 332//291 329//291 291//291
f 333//292 167//292 164//292 331//292
f 306//293 333//293 331//293 298//293
f 334//294 170//294 167//294 333//294
f 334//295 312//295 156//295 170//295
f 312//296 334//296 333//296 306//296
f 343//297 342//297 339//297 340//297
f 346//298 345//298 341//298 342//298
f 347//299 346//299 342//299 343//299
f 347//300 338//300 337//300 346//300
f 338//301 347//301 343//301 336//301
f 352//302 351//302 348//302 349//302
f 352//303 340//303 339//303 351//303
f 355//304 354//304 350//304 351//304
f 355//305 342//305 341//305 354//305
f 342//306 355//306 351//306 339//306
f 358//307 357//307 353//307 354//307
f 358//308 345//308 344//308 357//308
f 345//309 358//309 354//309 341//309
f 362//310 349//310 348//310 361//310
f 365//311 364//311 360//311 361//311
f 365//312 351//312 350//312 364//312
f 351//313 365//313 361//313 348//313
f 368//314 367//314 363//314 364//314
f 368//315 354//315 353//315 367//315
f 354//316 368//316 364//316 350//316
f 371//317 370//317 366//317 367//317
f 371//318 357//318 356//318 370//318
f 357//319 371//319 367//319 353//319
f 377//320 376//320 372//320 373//320
f 377//321 361//321 360//321 376//321
f 378//322 377//322 373//322 374//322
f 378//323 362//323 361//323 377//323
f 362//324 378//324 374//324 359//324
f 381//325 380//325 375//325 376//325
f 381//326 364//326 363//326 380//326
f 364//327 381//327 376//327 360//327
f 384//328 383//328 379//328 380//328
f 384//329 367//329 366//329 383//329
f 367//330 384//330 380//330 363//330
f 387//331 386//331 382//331 383//331
f 387//332 370//332 369//332 386//332
f 370//333 387//333 383//333 366//333
f 392//334 373//334 372//334 391//334
f 393//335 392//335 388//335 389//335
f 393//336 374//336 373//336 392//336
f 396//337 395//337 390//337 391//337
f 396//338 376//338 375//338 395//338
f 376//339 396//339 391//339 372//339
f 399//340 398//340 394//340 395//340
f 399//341 380//341 379//341 398//341
f 380//342 399//342 395//342 375//342
f 402//343 401//343 397//343 398//343
f 402//344 383//344 382//344 401//344
f 383//345 402//345 398//345 379//345
f 404//346 403//346 400//346 401//346
f 404//347 386//347 385//347 403//347
f 386//348 404//348 401//348 382//348
f 407//349 389//349 388//349 406//349
f 409//350 391//350 390//350 408//350
f 410//351 409//351 405//351 406//351
f 410//352 392//352 391//352 409//352
f 392//353 410//353 406//353 388//353
f 412//354 395//354 394//354 411//354
f 395//355 412//355 408//355 390//355
f 414//356 398//356 397//356 413//356
f 398//357 414//357 411//357 394//357
f 416//358 401//358 400//358 415//358
f 401//359 416//359 413//359 397//359
f 403//360 418//360 415//360 400//360
f 427//361 426//361 419//361 420//361
f 428//362 427//362 420//362 421//362
f 428//363 2//363 1//363 427//363
f 431//364 430//364 422//364 423//364
f 432//365 431//365 423//365 424//365
f 432//366 4//366 3//366 431//366
f 433//367 432//367 424//367 425//367
f 433//368 5//368 4//368 432//368
f 434//369 433//369 425//369 426//369
f 434//370 6//370 5//370 433//370
f 435//371 434//371 426//371 427//371
f 435//372 7//372 6//372 434//372
f 7//373 435//373 427//373 1//373
f 443//374 420//374 419//374 442//374
f 444//375 443//375 436//375 437//375
f 444//376 421//376 420//376 443//376
f 447//377 446//377 438//377 439//377
f 447//378 423//378 422//378 446//378
f 448//379 447//379 439//379 440//379
f 448//380 424//380 423//380 447//380
f 449//381 448//381 440//381 441//381
f 449//382 425//382 424//382 448//382
f 450//383 449//383 441//383 442//383
f 450//384 426//384 425//384 449//384
f 426//385 450//385 442//385 419//385
f 451//386 338//386 336//386 445//386
f 451//387 429//387 335//387 338//387
f 452//388 451//388 445//388 446//388
f 452//389 430//389 429//389 451//389
f 430//390 452//390 446//390 422//390
f 460//391 437//391 436//391 459//391
f 462//392 461//392 453//392 454//392
f 463//393 462//393 454//393 455//393
f 463//394 439//394 438//394 462//394
f 464//395 463//395 455//395 456//395
f 464//396 440//396 439//396 463//396
f 465//397 464//397 456//397 457//397
f 465//398 441//398 440//398 464//398
f 466//399 465//399 457//399 458//399
f 466//400 442//400 441//400 465//400
f 467//401 466//401 458//401 459//401
f 467//402 443//402 442//402 466//402
f 443//403 467//403 459//403 436//403
f 468//404 343//404 340//404 461//404
f 468//405 445//405 336//405 343//405
f 469//406 468//406 461//406 462//406
f 469//407 446//407 445//407 468//407
f 446//408 469//408 462//408 438//408
f 478//409 454//409 453//409 477//409
f 479//410 478//410 470//410 471//410
f 479//411 455//411 454//411 478//411
f 480//412 479//412 471//412 472//412
f 480//413 456//413 455//413 479//413
f 481//414 480//414 472//414 473//414
f 481//415 457//415 456//415 480//415
f 482//416 481//416 473//416 474//416
f 482//417 458//417 457//417 481//417
f 483//418 482//418 474//418 475//418
f 483//419 459//419 458//419 482//419
f 484//420 483//420 475//420 476//420
f 484//421 460//421 459//421 483//421
f 485//422 352//422 349//422 477//422
f 485//423 461//423 340//423 352//423
f 461//424 485//424 477//424 453//424
f 488//425 471//425 470//425 487//425
f 489//426 472//426 471//426 488//426
f 490//427 473//427 472//427 489//427
f 491//428 474//428 473//428 490//428
f 492//429 475//429 474//429 491//429
f 493//430 476//430 475//430 492//430
f 494//431 362//431 359//431 486//431
f 494//432 477//432 349//432 362//432
f 495//433 494//433 486//433 487//433
f 495//434 478//434 477//434 494//434
f 478//435 495//435 487//435 470//435
f 504//436 486//436 359//436 374//436
f 505//437 504//437 496//437 497//437
f 505//438 487//438 486//438 504//438
f 506//439 505//439 497//439 498//439
f 506//440 488//440 487//440 505//440
f 507//441 506//441 498//441 499//441
f 507//442 489//442 488//442 506//442
f 508//443 507//443 499//443 500//443
f 508//444 490//444 489//444 507//444
f 509//445 508//445 500//445 501//445
f 509//446 491//446 490//446 508//446
f 510//447 509//447 501//447 502//447
f 510//448 492//448 491//448 509//448
f 511//449 510//449 502//449 503//449
f 511//450 493//450 492//450 510//450
f 513//451 497//451 496//451 512//451
f 514//452 498//452 497//452 513//452
f 515//453 499//453 498//453 514//453
f 516//454 500//454 499//454 515//454
f 517//455 501//455 500//455 516//455
f 518//456 502//456 501//456 517//456
f 519//457 503//457 502//457 518//457
f 520//458 393//458 389//458 512//458
f 520//459 504//459 374//459 393//459
f 504//460 520//460 512//460 496//460
f 521//461 512//461 389//461 407//461
f 522//462 513//462 512//462 521//462
f 523//463 514//463 513//463 522//463
f 524//464 515//464 514//464 523//464
f 525//465 516//465 515//465 524//465
f 526//466 517//466 516//466 525//466
f 527//467 518//467 517//467 526//467
f 528//468 519//468 518//468 527//468
f 531//469 537//469 535//469 530//469
f 539//470 538//470 536//470 537//470
f 539//471 533//471 532//471 538//471
f 533//472 539//472 537//472 531//472
f 545//473 544//473 542//473 543//473
f 535//474 545//474 543//474 534//474
f 548//475 547//475 544//475 545//475
f 548//476 537//476 536//476 547//476
f 537//477 548//477 545//477 535//477
f 550//478 549//478 546//478 547//478
f 538//479 550//479 547//479 536//479
f 541//480 554//480 552//480 540//480
f 556//481 555//481 553//481 554//481
f 556//482 543//482 542//482 555//482
f 543//483 556//483 554//483 541//483
f 544//484 558//484 555//484 542//484
f 560//485 559//485 557//485 558//485
f 560//486 547//486 546//486 559//486
f 547//487 560//487 558//487 544//487
f 549//488 561//488 559//488 546//488
f 552//489 564//489 562//489 551//489
f 566//490 565//490 563//490 564//490
f 566//491 554//491 553//491 565//491
f 554//492 566//492 564//492 552//492
f 555//493 568//493 565//493 553//493
f 570//494 569//494 567//494 568//494
f 570//495 558//495 557//495 569//495
f 558//496 570//496 568//496 555//496
f 559//497 571//497 569//497 557//497
f 561//498 573//498 571//498 559//498
f 578//499 577//499 574//499 575//499
f 581//500 580//500 576//500 577//500
f 582//501 581//501 577//501 578//501
f 582//502 32//502 31//502 581//502
f 32//503 582//503 578//503 30//503
f 585//504 584//504 579//504 580//504
f 586//505 585//505 580//505 581//505
f 586//506 34//506 33//506 585//506
f 34//507 586//507 581//507 31//507
f 588//508 587//508 583//508 584//508
f 589//509 588//509 584//509 585//509
f 589//510 37//510 36//510 588//510
f 37//511 589//511 585//511 33//511
f 592//512 591//512 587//512 588//512
f 592//513 41//513 40//513 591//513
f 41//514 592//514 588//514 36//514
f 595//515 594//515 590//515 591//515
f 44//516 595//516 591//516 40//516
f 597//517 596//517 593//517 594//517
f 598//518 597//518 594//518 595//518
f 598//519 48//519 47//519 597//519
f 48//520 598//520 595//520 44//520
f 601//521 600//521 337//521 338//521
f 601//522 575//522 574//522 600//522
f 575//523 601//523 338//523 335//523
f 604//524 603//524 599//524 600//524
f 604//525 577//525 576//525 603//525
f 577//526 604//526 600//526 574//526
f 607//527 606//527 602//527 603//527
f 607//528 580//528 579//528 606//528
f 580//529 607//529 603//529 576//529
f 610//530 609//530 605//530 606//530
f 610//531 584//531 583//531 609//531
f 584//532 610//532 606//532 579//532
f 612//533 611//533 608//533 609//533
f 587//534 612//534 609//534 583//534
f 615//535 614//535 611//535 612//535
f 615//536 591//536 590//536 614//536
f 591//537 615//537 612//537 587//537
f 618//538 617//538 613//538 614//538
f 618//539 594//539 593//539 617//539
f 594//540 618//540 614//540 590//540
f 620//541 619//541 616//541 617//541
f 596//542 620//542 617//542 593//542
f 623//543 622//543 344//543 345//543
f 624//544 623//544 345//544 346//544
f 624//545 600//545 599//545 623//545
f 600//546 624//546 346//546 337//546
f 627//547 626//547 621//547 622//547
f 628//548 627//548 622//548 623//548
f 628//549 603//549 602//549 627//549
f 603//550 628//550 623//550 599//550
f 630//551 629//551 625//551 626//551
f 631//552 630//552 626//552 627//552
f 631//553 606//553 605//553 630//553
f 606//554 631//554 627//554 602//554
f 634//555 633//555 629//555 630//555
f 634//556 609//556 608//556 633//556
f 609//557 634//557 630//557 605//557
f 636//558 635//558 632//558 633//558
f 611//559 636//559 633//559 608//559
f 639//560 638//560 635//560 636//560
f 639//561 614//561 613//561 638//561
f 614//562 639//562 636//562 611//562
f 641//563 640//563 637//563 638//563
f 641//564 617//564 616//564 640//564
f 617//565 641//565 638//565 613//565
f 619//566 642//566 640//566 616//566
f 645//567 644//567 356//567 357//567
f 645//568 622//568 621//568 644//568
f 622//569 645//569 357//569 344//569
f 647//570 646//570 643//570 644//570
f 647//571 626//571 625//571 646//571
f 626//572 647//572 644//572 621//572
f 629//573 649//573 646//573 625//573
f 652//574 651//574 648//574 649//574
f 652//575 633//575 632//575 651//575
f 633//576 652//576 649//576 629//576
f 654//577 653//577 650//577 651//577
f 635//578 654//578 651//578 632//578
f 656//579 655//579 653//579 654//579
f 656//580 638//580 637//580 655//580
f 638//581 656//581 654//581 635//581
f 657//582 531//582 530//582 655//582
f 640//583 657//583 655//583 637//583
f 658//584 533//584 531//584 657//584
f 658//585 642//585 529//585 533//585
f 642//586 658//586 657//586 640//586
f 661//587 660//587 369//587 370//587
f 661//588 644//588 643//588 660//588
f 644//589 661//589 370//589 356//589
f 663//590 662//590 659//590 660//590
f 646//591 663//591 660//591 643//591
f 666//592 665//592 662//592 663//592
f 666//593 649//593 648//593 665//593
f 649//594 666//594 663//594 646//594
f 668//595 667//595 664//595 665//595
f 668//596 651//596 650//596 667//596
f 651//597 668//597 665//597 648//597
f 653//598 669//598 667//598 650//598
f 670//599 535//599 534//599 669//599
f 670//600 655//600 530//600 535//600
f 655//601 670//601 669//601 653//601
f 672//602 671//602 385//602 386//602
f 672//603 660//603 659//603 671//603
f 660//604 672//604 386//604 369//604
f 662//605 674//605 671//605 659//605
f 676//606 675//606 673//606 674//606
f 676//607 665//607 664//607 675//607
f 665//608 676//608 674//608 662//608
f 677//609 541//609 540//609 675//609
f 667//610 677//610 675//610 664//610
f 678//611 543//611 541//611 677//611
f 678//612 669//612 534//612 543//612
f 669//613 678//613 677//613 667//613
f 671//614 680//614 403//614 385//614
f 682//615 681//615 679//615 680//615
f 682//616 674//616 673//616 681//616
f 674//617 682//617 680//617 671//617
f 683//618 552//618 551//618 681//618
f 683//619 675//619 540//619 552//619
f 675//620 683//620 681//620 673//620
f 685//621 684//621 417//621 418//621
f 685//622 680//622 679//622 684//622
f 680//623 685//623 418//623 403//623
f 686//624 681//624 551//624 562//624
f 681//625 686//625 684//625 679//625
f 687//626 575//626 335//626 429//626
f 688//627 687//627 429//627 430//627
f 688//628 142//628 141//628 687//628
f 689//629 688//629 430//629 431//629
f 689//630 143//630 142//630 688//630
f 143//631 689//631 431//631 3//631
f 690//632 578//632 575//632 687//632
f 690//633 149//633 30//633 578//633
f 149//634 690//634 687//634 141//634
f 701//635 700//635 698//635 699//635
f 692//636 701//636 699//636 691//636
f 703//637 702//637 700//637 701//637
f 693//638 703//638 701//638 692//638
f 705//639 704//639 702//639 703//639
f 694//640 705//640 703//640 693//640
f 710//641 709//641 707//641 708//641
f 696//642 710//642 708//642 695//642
f 712//643 711//643 709//643 710//643
f 697//644 712//644 710//644 696//644
f 714//645 713//645 711//645 712//645
f 714//646 699//646 698//646 713//646
f 699//647 714//647 712//647 697//647
f 700//648 715//648 713//648 698//648
f 702//649 717//649 715//649 700//649
f 719//650 718//650 716//650 717//650
f 704//651 719//651 717//651 702//651
f 721//652 720//652 532//652 533//652
f 706//653 721//653 533//653 529//653
f 723//654 722//654 720//654 721//654
f 723//655 708//655 707//655 722//655
f 708//656 723//656 721//656 706//656
f 709//657 725//657 722//657 707//657
f 727//658 726//658 724//658 725//658
f 711//659 727//659 725//659 709//659
f 729//660 728//660 726//660 727//660
f 713//661 729//661 727//661 711//661
f 731//662 730//662 728//662 729//662
f 715//663 731//663 729//663 713//663
f 733//664 732//664 730//664 731//664
f 733//665 717//665 716//665 732//665
f 717//666 733//666 731//666 715//666
f 718//667 734//667 732//667 716//667
f 720//668 736//668 538//668 532//668
f 738//669 737//669 735//669 736//669
f 722//670 738//670 736//670 720//670
f 740//671 739//671 737//671 738//671
f 740//672 725//672 724//672 739//672
f 725//673 740//673 738//673 722//673
f 726//674 741//674 739//674 724//674
f 728//675 743//675 741//675 726//675
f 745//676 744//676 742//676 743//676
f 730//677 745//677 743//677 728//677
f 747//678 746//678 744//678 745//678
f 732//679 747//679 745//679 730//679
f 749//680 748//680 746//680 747//680
f 734//681 749//681 747//681 732//681
f 751//682 750//682 549//682 550//682
f 751//683 736//683 735//683 750//683
f 736//684 751//684 550//684 538//684
f 737//685 752//685 750//685 735//685
f 739//686 754//686 752//686 737//686
f 756//687 755//687 753//687 754//687
f 741//688 756//688 754//688 739//688
f 758//689 757//689 755//689 756//689
f 758//690 743//690 742//690 757//690
f 743//691 758//691 756//691 741//691
f 744//692 759//692 757//692 742//692
f 746//693 760//693 759//693 744//693
f 748//694 761//694 760//694 746//694
f 750//695 763//695 561//695 549//695
f 765//696 764//696 762//696 763//696
f 752//697 765//697 763//697 750//697
f 767//698 766//698 764//698 765//698
f 767//699 754//699 753//699 766//699
f 754//700 767//700 765//700 752//700
f 755//701 768//701 766//701 753//701
f 757//702 770//702 768//702 755//702
f 772//703 771//703 769//703 770//703
f 759//704 772//704 770//704 757//704
f 774//705 773//705 771//705 772//705
f 760//706 774//706 772//706 759//706
f 776//707 775//707 773//707 774//707
f 761//708 776//708 774//708 760//708
f 778//709 777//709 572//709 573//709
f 778//710 763//710 762//710 777//710
f 763//711 778//711 573//711 561//711
f 764//712 779//712 777//712 762//712
f 766//713 781//713 779//713 764//713
f 783//714 782//714 780//714 781//714
f 768//715 783//715 781//715 766//715
f 785//716 784//716 782//716 783//716
f 785//717 770//717 769//717 784//717
f 770//718 785//718 783//718 768//718
f 771//719 786//719 784//719 769//719
f 773//720 787//720 786//720 771//720
f 775//721 788//721 787//721 773//721
f 791//722 790//722 596//722 597//722
f 232//723 791//723 597//723 47//723
f 793//724 792//724 789//724 790//724
f 794//725 793//725 790//725 791//725
f 794//726 235//726 234//726 793//726
f 235//727 794//727 791//727 232//727
f 796//728 795//728 792//728 793//728
f 237//729 796//729 793//729 234//729
f 798//730 797//730 795//730 796//730
f 239//731 798//731 796//731 237//731
f 800//732 799//732 797//732 798//732
f 800//733 242//733 241//733 799//733
f 242//734 800//734 798//734 239//734
f 801//735 692//735 691//735 799//735
f 244//736 801//736 799//736 241//736
f 802//737 693//737 692//737 801//737
f 247//738 802//738 801//738 244//738
f 803//739 694//739 693//739 802//739
f 249//740 803//740 802//740 247//740
f 805//741 804//741 619//741 620//741
f 805//742 790//742 789//742 804//742
f 790//743 805//743 620//743 596//743
f 792//744 806//744 804//744 789//744
f 807//745 696//745 695//745 806//745
f 795//746 807//746 806//746 792//746
f 808//747 697//747 696//747 807//747
f 797//748 808//748 807//748 795//748
f 809//749 699//749 697//749 808//749
f 809//750 799//750 691//750 699//750
f 799//751 809//751 808//751 797//751
f 810//752 706//752 529//752 642//752
f 804//753 810//753 642//753 619//753
f 811//754 708//754 706//754 810//754
f 811//755 806//755 695//755 708//755
f 806//756 811//756 810//756 804//756
f 816//757 819//757 817//757 815//757
f 822//758 819//758 818//758 821//758
f 819//759 822//759 820//759 817//759
f 825//760 822//760 821//760 824//760
f 822//761 825//761 823//761 820//761
f 827//762 406//762 405//762 826//762
f 828//763 407//763 406//763 827//763
f 831//764 409//764 408//764 830//764
f 409//765 831//765 826//765 405//765
f 834//766 833//766 829//766 830//766
f 834//767 412//767 411//767 833//767
f 412//768 834//768 830//768 408//768
f 837//769 836//769 832//769 833//769
f 837//770 414//770 413//770 836//770
f 414//771 837//771 833//771 411//771
f 840//772 839//772 835//772 836//772
f 840//773 416//773 415//773 839//773
f 416//774 840//774 836//774 413//774
f 842//775 841//775 838//775 839//775
f 842//776 418//776 417//776 841//776
f 418//777 842//777 839//777 415//777
f 845//778 827//778 826//778 844//778
f 846//779 828//779 827//779 845//779
f 848//780 830//780 829//780 847//780
f 849//781 848//781 843//781 844//781
f 849//782 831//782 830//782 848//782
f 831//783 849//783 844//783 826//783
f 851//784 833//784 832//784 850//784
f 833//785 851//785 847//785 829//785
f 853//786 836//786 835//786 852//786
f 836//787 853//787 850//787 832//787
f 855//788 839//788 838//788 854//788
f 839//789 855//789 852//789 835//789
f 841//790 856//790 854//790 838//790
f 858//791 844//791 843//791 857//791
f 859//792 845//792 844//792 858//792
f 860//793 846//793 845//793 859//793
f 863//794 848//794 847//794 862//794
f 848//795 863//795 857//795 843//795
f 866//796 865//796 861//796 862//796
f 866//797 851//797 850//797 865//797
f 851//798 866//798 862//798 847//798
f 868//799 867//799 864//799 865//799
f 868//800 853//800 852//800 867//800
f 853//801 868//801 865//801 850//801
f 870//802 855//802 854//802 869//802
f 855//803 870//803 867//803 852//803
f 871//804 856//804 812//804 813//804
f 856//805 871//805 869//805 854//805
f 873//806 858//806 857//806 872//806
f 874//807 859//807 858//807 873//807
f 875//808 860//808 859//808 874//808
f 877//809 862//809 861//809 876//809
f 878//810 863//810 862//810 877//810
f 863//811 878//811 872//811 857//811
f 880//812 865//812 864//812 879//812
f 865//813 880//813 876//813 861//813
f 867//814 882//814 879//814 864//814
f 884//815 883//815 881//815 882//815
f 884//816 870//816 869//816 883//816
f 870//817 884//817 882//817 867//817
f 885//818 871//818 813//818 814//818
f 871//819 885//819 883//819 869//819
f 887//820 873//820 872//820 886//820
f 888//821 874//821 873//821 887//821
f 889//822 875//822 874//822 888//822
f 891//823 877//823 876//823 890//823
f 892//824 878//824 877//824 891//824
f 878//825 892//825 886//825 872//825
f 894//826 880//826 879//826 893//826
f 880//827 894//827 890//827 876//827
f 896//828 882//828 881//828 895//828
f 882//829 896//829 893//829 879//829
f 883//830 897//830 895//830 881//830
f 898//831 816//831 815//831 897//831
f 898//832 885//832 814//832 816//832
f 885//833 898//833 897//833 883//833
f 900//834 887//834 886//834 899//834
f 901//835 888//835 887//835 900//835
f 902//836 889//836 888//836 901//836
f 904//837 891//837 890//837 903//837
f 905//838 892//838 891//838 904//838
f 892//839 905//839 899//839 886//839
f 907//840 894//840 893//840 906//840
f 894//841 907//841 903//841 890//841
f 909//842 896//842 895//842 908//842
f 896//843 909//843 906//843 893//843
f 910//844 897//844 815//844 817//844
f 897//845 910//845 908//845 895//845
f 912//846 900//846 899//846 911//846
f 913//847 901//847 900//847 912//847
f 914//848 902//848 901//848 913//848
f 916//849 904//849 903//849 915//849
f 917//850 905//850 904//850 916//850
f 905//851 917//851 911//851 899//851
f 919//852 907//852 906//852 918//852
f 907//853 919//853 915//853 903//853
f 921//854 909//854 908//854 920//854
f 909//855 921//855 918//855 906//855
f 922//856 910//856 817//856 820//856
f 910//857 922//857 920//857 908//857
f 924//858 912//858 911//858 923//858
f 925//859 913//859 912//859 924//859
f 926//860 914//860 913//860 925//860
f 928//861 916//861 915//861 927//861
f 929//862 917//862 916//862 928//862
f 917//863 929//863 923//863 911//863
f 931//864 919//864 918//864 930//864
f 919//865 931//865 927//865 915//865
f 933//866 921//866 920//866 932//866
f 921//867 933//867 930//867 918//867
f 934//868 922//868 820//868 823//868
f 922//869 934//869 932//869 920//869
f 935//870 521//870 407//870 828//870
f 936//871 522//871 521//871 935//871
f 937//872 523//872 522//872 936//872
f 938//873 524//873 523//873 937//873
f 939//874 525//874 524//874 938//874
f 940//875 526//875 525//875 939//875
f 941//876 527//876 526//876 940//876
f 942//877 528//877 527//877 941//877
f 943//878 935//878 828//878 846//878
f 944//879 936//879 935//879 943//879
f 945//880 937//880 936//880 944//880
f 946//881 938//881 937//881 945//881
f 947//882 939//882 938//882 946//882
f 948//883 940//883 939//883 947//883
f 949//884 941//884 940//884 948//884
f 950//885 942//885 941//885 949//885
f 951//886 943//886 846//886 860//886
f 952//887 944//887 943//887 951//887
f 953//888 945//888 944//888 952//888
f 954//889 946//889 945//889 953//889
f 955//890 947//890 946//890 954//890
f 956//891 948//891 947//891 955//891
f 957//892 949//892 948//892 956//892
f 958//893 950//893 949//893 957//893
f 959//894 951//894 860//894 875//894
f 960//895 952//895 951//895 959//895
f 961//896 953//896 952//896 960//896
f 962//897 954//897 953//897 961//897
f 963//898 955//898 954//898 962//898
f 964//899 956//899 955//899 963//899
f 965//900 957//900 956//900 964//900
f 966//901 958//901 957//901 965//901
f 967//902 959//902 875//902 889//902
f 968//903 960//903 959//903 967//903
f 969//904 961//904 960//904 968//904
f 970//905 962//905 961//905 969//905
f 971//906 963//906 962//906 970//906
f 972//907 964//907 963//907 971//907
f 973//908 965//908 964//908 972//908
f 974//909 966//909 965//909 973//909
f 975//910 976//910 974//910 973//910
f 977//911 967//911 889//911 902//911
f 978//912 968//912 967//912 977//912
f 979//913 969//913 968//913 978//913
f 980//914 970//914 969//914 979//914
f 981//915 971//915 970//915 980//915
f 982//916 972//916 971//916 981//916
f 983//917 973//917 972//917 982//917
f 985//918 986//918 983//918 982//918
f 986//919 975//919 973//919 983//919
f 987//920 976//920 975//920 986//920
f 976//921 987//921 984//921 974//921
f 988//922 977//922 902//922 914//922
f 989//923 978//923 977//923 988//923
f 990//924 979//924 978//924 989//924
f 991//925 980//925 979//925 990//925
f 992//926 981//926 980//926 991//926
f 993//927 982//927 981//927 992//927
f 994//928 995//928 993//928 992//928
f 995//929 985//929 982//929 993//929
f 996//930 986//930 985//930 995//930
f 997//931 987//931 986//931 996//931
f 998//932 988//932 914//932 926//932
f 999//933 989//933 988//933 998//933
f 1000//934 990//934 989//934 999//934
f 1001//935 991//935 990//935 1000//935
f 1002//936 992//936 991//936 1001//936
f 1003//937 994//937 992//937 1002//937
f 1004//938 995//938 994//938 1003//938
f 1005//939 996//939 995//939 1004//939
f 1006//940 997//940 996//940 1005//940
f 1010//941 564//941 563//941 1009//941
f 564//942 1010//942 1008//942 562//942
f 565//943 1012//943 1009//943 563//943
f 1014//944 1013//944 1011//944 1012//944
f 1014//945 568//945 567//945 1013//945
f 568//946 1014//946 1012//946 565//946
f 569//947 1015//947 1013//947 567//947
f 571//948 1017//948 1015//948 569//948
f 1019//949 1018//949 1016//949 1017//949
f 1019//950 573//950 572//950 1018//950
f 573//951 1019//951 1017//951 571//951
f 1008//952 1022//952 1020//952 1007//952
f 1024//953 1023//953 1021//953 1022//953
f 1024//954 1010//954 1009//954 1023//954
f 1010//955 1024//955 1022//955 1008//955
f 1026//956 1012//956 1011//956 1025//956
f 1012//957 1026//957 1023//957 1009//957
f 1013//958 1027//958 1025//958 1011//958
f 1015//959 1029//959 1027//959 1013//959
f 1031//960 1030//960 1028//960 1029//960
f 1031//961 1017//961 1016//961 1030//961
f 1017//962 1031//962 1029//962 1015//962
f 1018//963 1033//963 1030//963 1016//963
f 1020//964 1035//964 813//964 812//964
f 1037//965 1036//965 1034//965 1035//965
f 1037//966 1022//966 1021//966 1036//966
f 1022//967 1037//967 1035//967 1020//967
f 1023//968 1039//968 1036//968 1021//968
f 1041//969 1040//969 1038//969 1039//969
f 1041//970 1026//970 1025//970 1040//970
f 1026//971 1041//971 1039//971 1023//971
f 1027//972 1043//972 1040//972 1025//972
f 1045//973 1044//973 1042//973 1043//973
f 1045//974 1029//974 1028//974 1044//974
f 1029//975 1045//975 1043//975 1027//975
f 1030//976 1046//976 1044//976 1028//976
f 1048//977 1033//977 1032//977 1047//977
f 1033//978 1048//978 1046//978 1030//978
f 1050//979 1035//979 1034//979 1049//979
f 1035//980 1050//980 814//980 813//980
f 1036//981 1051//981 1049//981 1034//981
f 1053//982 1039//982 1038//982 1052//982
f 1039//983 1053//983 1051//983 1036//983
f 1040//984 1054//984 1052//984 1038//984
f 1056//985 1043//985 1042//985 1055//985
f 1043//986 1056//986 1054//986 1040//986
f 1044//987 1057//987 1055//987 1042//987
f 1046//988 1059//988 1057//988 1044//988
f 1061//989 1060//989 1058//989 1059//989
f 1061//990 1048//990 1047//990 1060//990
f 1048//991 1061//991 1059//991 1046//991
f 1063//992 1050//992 1049//992 1062//992
f 1050//993 1063//993 816//993 814//993
f 1051//994 1065//994 1062//994 1049//994
f 1067//995 1066//995 1064//995 1065//995
f 1067//996 1053//996 1052//996 1066//996
f 1053//997 1067//997 1065//997 1051//997
f 1054//998 1069//998 1066//998 1052//998
f 1071//999 1070//999 1068//999 1069//999
f 1071//1000 1056//1000 1055//1000 1070//1000
f 1056//1001 1071//1001 1069//1001 1054//1001
f 1057//1002 1073//1002 1070//1002 1055//1002
f 1075//1003 1074//1003 1072//1003 1073//1003
f 1075//1004 1059//1004 1058//1004 1074//1004
f 1059//1005 1075//1005 1073//1005 1057//1005
f 1060//1006 1076//1006 1074//1006 1058//1006
f 1078//1007 1077//1007 818//1007 819//1007
f 1078//1008 1063//1008 1062//1008 1077//1008
f 1063//1009 1078//1009 819//1009 816//1009
f 1080//1010 1065//1010 1064//1010 1079//1010
f 1065//1011 1080//1011 1077//1011 1062//1011
f 1066//1012 1081//1012 1079//1012 1064//1012
f 1083//1013 1069//1013 1068//1013 1082//1013
f 1069//1014 1083//1014 1081//1014 1066//1014
f 1070//1015 1084//1015 1082//1015 1068//1015
f 1086//1016 1073//1016 1072//1016 1085//1016
f 1073//1017 1086//1017 1084//1017 1070//1017
f 1074//1018 1087//1018 1085//1018 1072//1018
f 1076//1019 1088//1019 1087//1019 1074//1019
f 1077//1020 1089//1020 821//1020 818//1020
f 1091//1021 1080//1021 1079//1021 1090//1021
f 1080//1022 1091//1022 1089//1022 1077//1022
f 1081//1023 1092//1023 1090//1023 1079//1023
f 1094//1024 1083//1024 1082//1024 1093//1024
f 1083//1025 1094//1025 1092//1025 1081//1025
f 1084//1026 1095//1026 1093//1026 1082//1026
f 1097//1027 1086//1027 1085//1027 1096//1027
f 1086//1028 1097//1028 1095//1028 1084//1028
f 1087//1029 1098//1029 1096//1029 1085//1029
f 1088//1030 1099//1030 1098//1030 1087//1030
f 1089//1031 1100//1031 824//1031 821//1031
f 1102//1032 1091//1032 1090//1032 1101//1032
f 1091//1033 1102//1033 1100//1033 1089//1033
f 1092//1034 1103//1034 1101//1034 1090//1034
f 1105//1035 1094//1035 1093//1035 1104//1035
f 1094//1036 1105//1036 1103//1036 1092//1036
f 1095//1037 1106//1037 1104//1037 1093//1037
f 1108//1038 1097//1038 1096//1038 1107//1038
f 1097//1039 1108//1039 1106//1039 1095//1039
f 1098//1040 1109//1040 1107//1040 1096//1040
f 1099//1041 1110//1041 1109//1041 1098//1041
f 684//1042 1111//1042 841//1042 417//1042
f 1112//1043 1008//1043 1007//1043 1111//1043
f 1112//1044 686//1044 562//1044 1008//1044
f 686//1045 1112//1045 1111//1045 684//1045
f 1113//1046 1020//1046 812//1046 856//1046
f 1113//1047 1111//1047 1007//1047 1020//1047
f 1111//1048 1113//1048 856//1048 841//1048
f 777//1049 1115//1049 1018//1049 572//1049
f 1117//1050 1116//1050 1114//1050 1115//1050
f 779//1051 1117//1051 1115//1051 777//1051
f 1119//1052 1118//1052 1116//1052 1117//1052
f 1119//1053 781//1053 780//1053 1118//1053
f 781//1054 1119//1054 1117//1054 779//1054
f 782//1055 1120//1055 1118//1055 780//1055
f 784//1056 1121//1056 1120//1056 782//1056
f 786//1057 1122//1057 1121//1057 784//1057
f 787//1058 1123//1058 1122//1058 786//1058
f 788//1059 1124//1059 1123//1059 787//1059
f 1126//1060 1125//1060 1032//1060 1033//1060
f 1126//1061 1115//1061 1114//1061 1125//1061
f 1115//1062 1126//1062 1033//1062 1018//1062
f 1116//1063 1127//1063 1125//1063 1114//1063
f 1118//1064 1128//1064 1127//1064 1116//1064
f 1120//1065 1129//1065 1128//1065 1118//1065
f 1121//1066 1130//1066 1129//1066 1120//1066
f 1122//1067 1132//1067 1130//1067 1121//1067
f 1134//1068 1133//1068 1131//1068 1132//1068
f 1123//1069 1134//1069 1132//1069 1122//1069
f 1136//1070 1135//1070 1133//1070 1134//1070
f 1124//1071 1136//1071 1134//1071 1123//1071
f 1125//1072 1137//1072 1047//1072 1032//1072
f 1127//1073 1138//1073 1137//1073 1125//1073
f 1128//1074 1140//1074 1138//1074 1127//1074
f 1142//1075 1141//1075 1139//1075 1140//1075
f 1129//1076 1142//1076 1140//1076 1128//1076
f 1144//1077 1143//1077 1141//1077 1142//1077
f 1130//1078 1144//1078 1142//1078 1129//1078
f 1146//1079 1145//1079 1143//1079 1144//1079
f 1146//1080 1132//1080 1131//1080 1145//1080
f 1132//1081 1146//1081 1144//1081 1130//1081
f 1133//1082 1147//1082 1145//1082 1131//1082
f 1135//1083 1148//1083 1147//1083 1133//1083
f 1137//1084 1149//1084 1060//1084 1047//1084
f 1138//1085 1151//1085 1149//1085 1137//1085
f 1153//1086 1152//1086 1150//1086 1151//1086
f 1153//1087 1140//1087 1139//1087 1152//1087
f 1140//1088 1153//1088 1151//1088 1138//1088
f 1141//1089 1154//1089 1152//1089 1139//1089
f 1143//1090 1155//1090 1154//1090 1141//1090
f 1145//1091 1156//1091 1155//1091 1143//1091
f 1147//1092 1157//1092 1156//1092 1145//1092
f 1148//1093 1158//1093 1157//1093 1147//1093
f 1149//1094 1159//1094 1076//1094 1060//1094
f 1161//1095 1151//1095 1150//1095 1160//1095
f 1151//1096 1161//1096 1159//1096 1149//1096
f 1152//1097 1162//1097 1160//1097 1150//1097
f 1154//1098 1163//1098 1162//1098 1152//1098
f 1155//1099 1164//1099 1163//1099 1154//1099
f 1156//1100 1165//1100 1164//1100 1155//1100
f 1157//1101 1166//1101 1165//1101 1156//1101
f 1158//1102 1167//1102 1166//1102 1157//1102
f 1159//1103 1169//1103 1088//1103 1076//1103
f 1171//1104 1170//1104 1168//1104 1169//1104
f 1171//1105 1161//1105 1160//1105 1170//1105
f 1161//1106 1171//1106 1169//1106 1159//1106
f 1162//1107 1172//1107 1170//1107 1160//1107
f 1163//1108 1173//1108 1172//1108 1162//1108
f 1164//1109 1174//1109 1173//1109 1163//1109
f 1165//1110 1175//1110 1174//1110 1164//1110
f 1166//1111 1176//1111 1175//1111 1165//1111
f 1167//1112 1177//1112 1176//1112 1166//1112
f 1179//1113 1169//1113 1168//1113 1178//1113
f 1169//1114 1179//1114 1099//1114 1088//1114
f 1170//1115 1180//1115 1178//1115 1168//1115
f 1172//1116 1181//1116 1180//1116 1170//1116
f 1173//1117 1182//1117 1181//1117 1172//1117
f 1174//1118 1183//1118 1182//1118 1173//1118
f 1175//1119 1184//1119 1183//1119 1174//1119
f 1176//1120 1185//1120 1184//1120 1175//1120
f 1177//1121 1186//1121 1185//1121 1176//1121
f 1188//1122 1179//1122 1178//1122 1187//1122
f 1179//1123 1188//1123 1110//1123 1099//1123
f 1180//1124 1189//1124 1187//1124 1178//1124
f 1181//1125 1190//1125 1189//1125 1180//1125
f 1182//1126 1191//1126 1190//1126 1181//1126
f 1183//1127 1192//1127 1191//1127 1182//1127
f 1184//1128 1193//1128 1192//1128 1183//1128
f 1185//1129 1194//1129 1193//1129 1184//1129
f 1186//1130 1195//1130 1194//1130 1185//1130
f 1201//1131 8//1131 2//1131 1196//1131
f 1202//1132 1201//1132 1196//1132 1197//1132
f 1203//1133 1202//1133 1197//1133 1198//1133
f 1204//1134 1203//1134 1198//1134 1199//1134
f 1205//1135 1204//1135 1199//1135 1200//1135
f 1211//1136 1210//1136 1208//1136 1209//1136
f 1215//1137 59//1137 53//1137 1210//1137
f 1216//1138 1215//1138 1210//1138 1211//1138
f 1217//1139 1216//1139 1211//1139 1212//1139
f 1218//1140 1217//1140 1212//1140 1213//1140
f 1219//1141 1218//1141 1213//1141 1214//1141
f 1226//1142 67//1142 62//1142 1222//1142
f 1227//1143 1226//1143 1222//1143 1223//1143
f 1228//1144 1227//1144 1223//1144 1224//1144
f 1229//1145 1228//1145 1224//1145 1225//1145
f 1232//1146 74//1146 67//1146 1226//1146
f 1233//1147 1232//1147 1226//1147 1227//1147
f 1233//1148 1209//1148 1208//1148 1232//1148
f 1234//1149 1233//1149 1227//1149 1228//1149
f 1235//1150 1234//1150 1228//1150 1229//1150
f 1236//1151 1235//1151 1229//1151 1230//1151
f 1237//1152 1236//1152 1230//1152 1231//1152
f 1239//1153 82//1153 74//1153 1232//1153
f 1239//1154 1210//1154 53//1154 82//1154
f 1210//1155 1239//1155 1232//1155 1208//1155
f 1240//1156 1211//1156 1209//1156 1233//1156
f 1241//1157 1240//1157 1233//1157 1234//1157
f 1241//1158 1212//1158 1211//1158 1240//1158
f 1242//1159 1241//1159 1234//1159 1235//1159
f 1242//1160 1213//1160 1212//1160 1241//1160
f 1243//1161 1242//1161 1235//1161 1236//1161
f 1243//1162 1214//1162 1213//1162 1242//1162
f 1244//1163 1243//1163 1236//1163 1237//1163
f 1245//1164 1244//1164 1237//1164 1238//1164
f 1247//1165 1219//1165 1214//1165 1243//1165
f 1248//1166 1247//1166 1243//1166 1244//1166
f 1248//1167 1220//1167 1219//1167 1247//1167
f 1249//1168 1248//1168 1244//1168 1245//1168
f 1249//1169 1221//1169 1220//1169 1248//1169
f 1250//1170 1249//1170 1245//1170 1246//1170
f 1255//1171 94//1171 89//1171 1251//1171
f 1256//1172 1255//1172 1251//1172 1252//1172
f 1257//1173 1256//1173 1252//1173 1253//1173
f 1258//1174 1257//1174 1253//1174 1254//1174
f 1261//1175 101//1175 94//1175 1255//1175
f 1261//1176 1222//1176 62//1176 101//1176
f 1262//1177 1261//1177 1255//1177 1256//1177
f 1262//1178 1223//1178 1222//1178 1261//1178
f 1263//1179 1262//1179 1256//1179 1257//1179
f 1263//1180 1224//1180 1223//1180 1262//1180
f 1264//1181 1263//1181 1257//1181 1258//1181
f 1264//1182 1225//1182 1224//1182 1263//1182
f 1265//1183 1264//1183 1258//1183 1259//1183
f 1266//1184 1265//1184 1259//1184 1260//1184
f 1269//1185 1229//1185 1225//1185 1264//1185
f 1270//1186 1269//1186 1264//1186 1265//1186
f 1270//1187 1230//1187 1229//1187 1269//1187
f 1271//1188 1270//1188 1265//1188 1266//1188
f 1271//1189 1231//1189 1230//1189 1270//1189
f 1272//1190 1271//1190 1266//1190 1267//1190
f 1273//1191 1272//1191 1267//1191 1268//1191
f 1274//1192 1237//1192 1231//1192 1271//1192
f 1275//1193 1274//1193 1271//1193 1272//1193
f 1275//1194 1238//1194 1237//1194 1274//1194
f 1276//1195 1275//1195 1272//1195 1273//1195
f 1277//1196 1245//1196 1238//1196 1275//1196
f 1278//1197 1277//1197 1275//1197 1276//1197
f 1278//1198 1246//1198 1245//1198 1277//1198
f 1279//1199 1250//1199 1246//1199 1278//1199
f 1286//1200 126//1200 119//1200 1280//1200
f 1286//1201 1251//1201 89//1201 126//1201
f 1287//1202 1286//1202 1280//1202 1281//1202
f 1287//1203 1252//1203 1251//1203 1286//1203
f 1288//1204 1287//1204 1281//1204 1282//1204
f 1288//1205 1253//1205 1252//1205 1287//1205
f 1289//1206 1288//1206 1282//1206 1283//1206
f 1289//1207 1254//1207 1253//1207 1288//1207
f 1290//1208 1289//1208 1283//1208 1284//1208
f 1291//1209 1290//1209 1284//1209 1285//1209
f 1294//1210 1258//1210 1254//1210 1289//1210
f 1295//1211 1294//1211 1289//1211 1290//1211
f 1295//1212 1259//1212 1258//1212 1294//1212
f 1296//1213 1295//1213 1290//1213 1291//1213
f 1296//1214 1260//1214 1259//1214 1295//1214
f 1297//1215 1296//1215 1291//1215 1292//1215
f 1298//1216 1297//1216 1292//1216 1293//1216
f 1299//1217 1266//1217 1260//1217 1296//1217
f 1300//1218 1299//1218 1296//1218 1297//1218
f 1300//1219 1267//1219 1266//1219 1299//1219
f 1301//1220 1300//1220 1297//1220 1298//1220
f 1301//1221 1268//1221 1267//1221 1300//1221
f 1302//1222 1273//1222 1268//1222 1301//1222
f 1303//1223 148//1223 8//1223 1201//1223
f 1303//1224 1280//1224 119//1224 148//1224
f 1304//1225 1303//1225 1201//1225 1202//1225
f 1304//1226 1281//1226 1280//1226 1303//1226
f 1305//1227 1304//1227 1202//1227 1203//1227
f 1305//1228 1282//1228 1281//1228 1304//1228
f 1306//1229 1305//1229 1203//1229 1204//1229
f 1306//1230 1283//1230 1282//1230 1305//1230
f 1307//1231 1306//1231 1204//1231 1205//1231
f 1307//1232 1284//1232 1283//1232 1306//1232
f 1308//1233 1307//1233 1205//1233 1206//1233
f 1308//1234 1285//1234 1284//1234 1307//1234
f 1309//1235 1308//1235 1206//1235 1207//1235
f 1311//1236 1291//1236 1285//1236 1308//1236
f 1312//1237 1311//1237 1308//1237 1309//1237
f 1312//1238 1292//1238 1291//1238 1311//1238
f 1313//1239 1312//1239 1309//1239 1310//1239
f 1313//1240 1293//1240 1292//1240 1312//1240
f 1314//1241 1298//1241 1293//1241 1313//1241
f 1317//1242 1276//1242 1273//1242 1316//1242
f 1319//1243 1278//1243 1276//1243 1317//1243
f 1320//1244 1319//1244 1317//1244 1318//1244
f 1321//1245 1279//1245 1278//1245 1319//1245
f 1321//1246 1315//1246 1250//1246 1279//1246
f 1322//1247 1321//1247 1319//1247 1320//1247
f 1325//1248 1301//1248 1298//1248 1324//1248
f 1327//1249 1302//1249 1301//1249 1325//1249
f 1327//1250 1316//1250 1273//1250 1302//1250
f 1328//1251 1327//1251 1325//1251 1326//1251
f 1330//1252 1317//1252 1316//1252 1327//1252
f 1331//1253 1330//1253 1327//1253 1328//1253
f 1331//1254 1318//1254 1317//1254 1330//1254
f 1332//1255 1331//1255 1328//1255 1329//1255
f 1333//1256 1320//1256 1318//1256 1331//1256
f 1334//1257 1333//1257 1331//1257 1332//1257
f 1336//1258 1322//1258 1320//1258 1333//1258
f 1337//1259 1336//1259 1333//1259 1334//1259
f 1337//1260 1323//1260 1322//1260 1336//1260
f 1338//1261 1337//1261 1334//1261 1335//1261
f 1342//1262 1314//1262 1313//1262 1340//1262
f 1342//1263 1324//1263 1298//1263 1314//1263
f 1343//1264 1342//1264 1340//1264 1341//1264
f 1345//1265 1325//1265 1324//1265 1342//1265
f 1346//1266 1345//1266 1342//1266 1343//1266
f 1346//1267 1326//1267 1325//1267 1345//1267
f 1347//1268 1346//1268 1343//1268 1344//1268
f 1348//1269 1328//1269 1326//1269 1346//1269
f 1349//1270 1348//1270 1346//1270 1347//1270
f 1349//1271 1329//1271 1328//1271 1348//1271
f 1351//1272 1332//1272 1329//1272 1349//1272
f 1352//1273 1351//1273 1349//1273 1350//1273
f 1354//1274 1334//1274 1332//1274 1351//1274
f 1355//1275 1354//1275 1351//1275 1352//1275
f 1355//1276 1335//1276 1334//1276 1354//1276
f 1356//1277 1355//1277 1352//1277 1353//1277
f 1357//1278 1338//1278 1335//1278 1355//1278
f 1358//1279 1357//1279 1355//1279 1356//1279
f 1358//1280 1339//1280 1338//1280 1357//1280
f 1365//1281 258//1281 253//1281 1360//1281
f 1366//1282 1365//1282 1360//1282 1361//1282
f 1367//1283 1366//1283 1361//1283 1362//1283
f 1368//1284 1367//1284 1362//1284 1363//1284
f 1369//1285 1368//1285 1363//1285 1364//1285
f 1371//1286 264//1286 258//1286 1365//1286
f 1372//1287 1371//1287 1365//1287 1366//1287
f 1373//1288 1372//1288 1366//1288 1367//1288
f 1374//1289 1373//1289 1367//1289 1368//1289
f 1375//1290 1374//1290 1368//1290 1369//1290
f 1376//1291 1375//1291 1369//1291 1370//1291
f 1377//1292 270//1292 264//1292 1371//1292
f 1378//1293 1377//1293 1371//1293 1372//1293
f 1379//1294 1378//1294 1372//1294 1373//1294
f 1380//1295 1379//1295 1373//1295 1374//1295
f 1381//1296 1380//1296 1374//1296 1375//1296
f 1382//1297 1381//1297 1375//1297 1376//1297
f 1384//1298 276//1298 270//1298 1377//1298
f 1385//1299 1384//1299 1377//1299 1378//1299
f 1386//1300 1385//1300 1378//1300 1379//1300
f 1387//1301 1386//1301 1379//1301 1380//1301
f 1388//1302 1387//1302 1380//1302 1381//1302
f 1389//1303 1388//1303 1381//1303 1382//1303
f 1390//1304 1389//1304 1382//1304 1383//1304
f 1391//1305 283//1305 276//1305 1384//1305
f 1392//1306 1391//1306 1384//1306 1385//1306
f 1393//1307 1392//1307 1385//1307 1386//1307
f 1394//1308 1393//1308 1386//1308 1387//1308
f 1395//1309 1394//1309 1387//1309 1388//1309
f 1396//1310 1395//1310 1388//1310 1389//1310
f 1397//1311 1396//1311 1389//1311 1390//1311
f 1398//1312 290//1312 283//1312 1391//1312
f 1399//1313 1398//1313 1391//1313 1392//1313
f 1400//1314 1399//1314 1392//1314 1393//1314
f 1401//1315 1400//1315 1393//1315 1394//1315
f 1402//1316 1401//1316 1394//1316 1395//1316
f 1403//1317 1402//1317 1395//1317 1396//1317
f 1404//1318 1403//1318 1396//1318 1397//1318
f 1405//1319 297//1319 59//1319 1215//1319
f 1406//1320 1405//1320 1215//1320 1216//1320
f 1407//1321 1406//1321 1216//1321 1217//1321
f 1408//1322 1407//1322 1217//1322 1218//1322
f 1409//1323 1408//1323 1218//1323 1219//1323
f 1410//1324 1409//1324 1219//1324 1220//1324
f 1411//1325 1410//1325 1220//1325 1221//1325
f 1413//1326 305//1326 297//1326 1405//1326
f 1413//1327 1360//1327 253//1327 305//1327
f 1414//1328 1413//1328 1405//1328 1406//1328
f 1414//1329 1361//1329 1360//1329 1413//1329
f 1415//1330 1414//1330 1406//1330 1407//1330
f 1415//1331 1362//1331 1361//1331 1414//1331
f 1416//1332 1415//1332 1407//1332 1408//1332
f 1416//1333 1363//1333 1362//1333 1415//1333
f 1417//1334 1416//1334 1408//1334 1409//1334
f 1417//1335 1364//1335 1363//1335 1416//1335
f 1418//1336 1417//1336 1409//1336 1410//1336
f 1419//1337 1418//1337 1410//1337 1411//1337
f 1420//1338 1419//1338 1411//1338 1412//1338
f 1421//1339 1369//1339 1364//1339 1417//1339
f 1422//1340 1421//1340 1417//1340 1418//1340
f 1422//1341 1370//1341 1369//1341 1421//1341
f 1423//1342 1422//1342 1418//1342 1419//1342
f 1424//1343 1423//1343 1419//1343 1420//1343
f 1425//1344 1376//1344 1370//1344 1422//1344
f 1426//1345 1425//1345 1422//1345 1423//1345
f 1427//1346 1426//1346 1423//1346 1424//1346
f 1428//1347 1382//1347 1376//1347 1425//1347
f 1429//1348 1428//1348 1425//1348 1426//1348
f 1429//1349 1383//1349 1382//1349 1428//1349
f 1430//1350 1429//1350 1426//1350 1427//1350
f 1431//1351 1390//1351 1383//1351 1429//1351
f 1432//1352 1431//1352 1429//1352 1430//1352
f 1433//1353 1397//1353 1390//1353 1431//1353
f 1434//1354 1433//1354 1431//1354 1432//1354
f 1435//1355 1404//1355 1397//1355 1433//1355
f 1436//1356 1435//1356 1433//1356 1434//1356
f 1437//1357 1411//1357 1221//1357 1249//1357
f 1438//1358 1437//1358 1249//1358 1250//1358
f 1438//1359 1412//1359 1411//1359 1437//1359
f 1439//1360 1420//1360 1412//1360 1438//1360
f 1440//1361 1424//1361 1420//1361 1439//1361
f 1442//1362 1427//1362 1424//1362 1441//1362
f 1443//1363 1430//1363 1427//1363 1442//1363
f 1444//1364 1432//1364 1430//1364 1443//1364
f 1446//1365 1434//1365 1432//1365 1444//1365
f 1447//1366 1446//1366 1444//1366 1445//1366
f 1448//1367 1436//1367 1434//1367 1446//1367
f 1449//1368 1448//1368 1446//1368 1447//1368
f 1450//1369 1438//1369 1250//1369 1315//1369
f 1452//1370 1439//1370 1438//1370 1450//1370
f 1453//1371 1452//1371 1450//1371 1451//1371
f 1454//1372 1440//1372 1439//1372 1452//1372
f 1454//1373 1441//1373 1424//1373 1440//1373
f 1455//1374 1454//1374 1452//1374 1453//1374
f 1457//1375 1442//1375 1441//1375 1454//1375
f 1458//1376 1457//1376 1454//1376 1455//1376
f 1459//1377 1458//1377 1455//1377 1456//1377
f 1460//1378 1443//1378 1442//1378 1457//1378
f 1461//1379 1460//1379 1457//1379 1458//1379
f 1462//1380 1461//1380 1458//1380 1459//1380
f 1463//1381 1444//1381 1443//1381 1460//1381
f 1464//1382 1463//1382 1460//1382 1461//1382
f 1464//1383 1445//1383 1444//1383 1463//1383
f 1465//1384 1464//1384 1461//1384 1462//1384
f 1467//1385 1447//1385 1445//1385 1464//1385
f 1468//1386 1467//1386 1464//1386 1465//1386
f 1469//1387 1468//1387 1465//1387 1466//1387
f 1470//1388 1449//1388 1447//1388 1467//1388
f 1471//1389 1470//1389 1467//1389 1468//1389
f 1472//1390 1471//1390 1468//1390 1469//1390
f 1473//1391 1450//1391 1315//1391 1321//1391
f 1474//1392 1473//1392 1321//1392 1322//1392
f 1474//1393 1451//1393 1450//1393 1473//1393
f 1475//1394 1474//1394 1322//1394 1323//1394
f 1477//1395 1453//1395 1451//1395 1474//1395
f 1478//1396 1477//1396 1474//1396 1475//1396
f 1479//1397 1478//1397 1475//1397 1476//1397
f 1480//1398 1455//1398 1453//1398 1477//1398
f 1481//1399 1480//1399 1477//1399 1478//1399
f 1481//1400 1456//1400 1455//1400 1480//1400
f 1482//1401 1481//1401 1478//1401 1479//1401
f 1483//1402 1459//1402 1456//1402 1481//1402
f 1484//1403 1483//1403 1481//1403 1482//1403
f 1486//1404 1462//1404 1459//1404 1483//1404
f 1487//1405 1486//1405 1483//1405 1484//1405
f 1488//1406 1487//1406 1484//1406 1485//1406
f 1489//1407 1465//1407 1462//1407 1486//1407
f 1490//1408 1489//1408 1486//1408 1487//1408
f 1490//1409 1466//1409 1465//1409 1489//1409
f 1491//1410 1490//1410 1487//1410 1488//1410
f 1492//1411 1469//1411 1466//1411 1490//1411
f 1493//1412 1492//1412 1490//1412 1491//1412
f 1494//1413 1472//1413 1469//1413 1492//1413
f 1495//1414 1494//1414 1492//1414 1493//1414
f 1496//1415 1475//1415 1323//1415 1337//1415
f 1497//1416 1496//1416 1337//1416 1338//1416
f 1497//1417 1476//1417 1475//1417 1496//1417
f 1498//1418 1497//1418 1338//1418 1339//1418
f 1499//1419 1479//1419 1476//1419 1497//1419
f 1500//1420 1499//1420 1497//1420 1498//1420
f 1501//1421 1482//1421 1479//1421 1499//1421
f 1502//1422 1501//1422 1499//1422 1500//1422
f 1504//1423 1484//1423 1482//1423 1501//1423
f 1505//1424 1504//1424 1501//1424 1502//1424
f 1505//1425 1485//1425 1484//1425 1504//1425
f 1506//1426 1505//1426 1502//1426 1503//1426
f 1507//1427 1488//1427 1485//1427 1505//1427
f 1508//1428 1507//1428 1505//1428 1506//1428
f 1509//1429 1491//1429 1488//1429 1507//1429
f 1510//1430 1509//1430 1507//1430 1508//1430
f 1512//1431 1493//1431 1491//1431 1509//1431
f 1513//1432 1512//1432 1509//1432 1510//1432
f 1514//1433 1513//1433 1510//1433 1511//1433
f 1515//1434 1495//1434 1493//1434 1512//1434
f 1516//1435 1515//1435 1512//1435 1513//1435
f 1517//1436 1516//1436 1513//1436 1514//1436
f 1518//1437 1498//1437 1339//1437 1358//1437
f 1519//1438 1518//1438 1358//1438 1359//1438
f 1520//1439 1500//1439 1498//1439 1518//1439
f 1521//1440 1520//1440 1518//1440 1519//1440
f 1523//1441 1502//1441 1500//1441 1520//1441
f 1524//1442 1523//1442 1520//1442 1521//1442
f 1524//1443 1503//1443 1502//1443 1523//1443
f 1525//1444 1524//1444 1521//1444 1522//1444
f 1526//1445 1506//1445 1503//1445 1524//1445
f 1527//1446 1526//1446 1524//1446 1525//1446
f 1528//1447 1508//1447 1506//1447 1526//1447
f 1529//1448 1528//1448 1526//1448 1527//1448
f 1531//1449 1510//1449 1508//1449 1528//1449
f 1532//1450 1531//1450 1528//1450 1529//1450
f 1532//1451 1511//1451 1510//1451 1531//1451
f 1533//1452 1532//1452 1529//1452 1530//1452
f 1534//1453 1514//1453 1511//1453 1532//1453
f 1535//1454 1534//1454 1532//1454 1533//1454
f 1536//1455 1517//1455 1514//1455 1534//1455
f 1537//1456 1536//1456 1534//1456 1535//1456
f 1544//1457 428//1457 421//1457 1538//1457
f 1544//1458 1196//1458 2//1458 428//1458
f 1545//1459 1544//1459 1538//1459 1539//1459
f 1545//1460 1197//1460 1196//1460 1544//1460
f 1546//1461 1545//1461 1539//1461 1540//1461
f 1546//1462 1198//1462 1197//1462 1545//1462
f 1547//1463 1546//1463 1540//1463 1541//1463
f 1547//1464 1199//1464 1198//1464 1546//1464
f 1548//1465 1547//1465 1541//1465 1542//1465
f 1548//1466 1200//1466 1199//1466 1547//1466
f 1549//1467 1548//1467 1542//1467 1543//1467
f 1552//1468 1205//1468 1200//1468 1548//1468
f 1553//1469 1552//1469 1548//1469 1549//1469
f 1553//1470 1206//1470 1205//1470 1552//1470
f 1554//1471 1553//1471 1549//1471 1550//1471
f 1554//1472 1207//1472 1206//1472 1553//1472
f 1555//1473 1554//1473 1550//1473 1551//1473
f 1562//1474 444//1474 437//1474 1556//1474
f 1562//1475 1538//1475 421//1475 444//1475
f 1563//1476 1562//1476 1556//1476 1557//1476
f 1563//1477 1539//1477 1538//1477 1562//1477
f 1564//1478 1563//1478 1557//1478 1558//1478
f 1564//1479 1540//1479 1539//1479 1563//1479
f 1565//1480 1564//1480 1558//1480 1559//1480
f 1565//1481 1541//1481 1540//1481 1564//1481
f 1566//1482 1565//1482 1559//1482 1560//1482
f 1566//1483 1542//1483 1541//1483 1565//1483
f 1567//1484 1566//1484 1560//1484 1561//1484
f 1567//1485 1543//1485 1542//1485 1566//1485
f 1570//1486 1549//1486 1543//1486 1567//1486
f 1571//1487 1570//1487 1567//1487 1568//1487
f 1571//1488 1550//1488 1549//1488 1570//1488
f 1572//1489 1571//1489 1568//1489 1569//1489
f 1572//1490 1551//1490 1550//1490 1571//1490
f 1573//1491 1555//1491 1551//1491 1572//1491
f 1580//1492 1556//1492 437//1492 460//1492
f 1581//1493 1580//1493 1574//1493 1575//1493
f 1581//1494 1557//1494 1556//1494 1580//1494
f 1582//1495 1581//1495 1575//1495 1576//1495
f 1582//1496 1558//1496 1557//1496 1581//1496
f 1583//1497 1582//1497 1576//1497 1577//1497
f 1583//1498 1559//1498 1558//1498 1582//1498
f 1584//1499 1583//1499 1577//1499 1578//1499
f 1584//1500 1560//1500 1559//1500 1583//1500
f 1585//1501 1584//1501 1578//1501 1579//1501
f 1585//1502 1561//1502 1560//1502 1584//1502
f 1588//1503 1567//1503 1561//1503 1585//1503
f 1589//1504 1588//1504 1585//1504 1586//1504
f 1589//1505 1568//1505 1567//1505 1588//1505
f 1590//1506 1589//1506 1586//1506 1587//1506
f 1590//1507 1569//1507 1568//1507 1589//1507
f 1591//1508 1572//1508 1569//1508 1590//1508
f 1593//1509 1575//1509 1574//1509 1592//1509
f 1594//1510 1576//1510 1575//1510 1593//1510
f 1595//1511 1577//1511 1576//1511 1594//1511
f 1596//1512 1578//1512 1577//1512 1595//1512
f 1597//1513 1579//1513 1578//1513 1596//1513
f 1600//1514 484//1514 476//1514 1592//1514
f 1600//1515 1580//1515 460//1515 484//1515
f 1580//1516 1600//1516 1592//1516 1574//1516
f 1601//1517 1585//1517 1579//1517 1597//1517
f 1602//1518 1601//1518 1597//1518 1598//1518
f 1602//1519 1586//1519 1585//1519 1601//1519
f 1603//1520 1602//1520 1598//1520 1599//1520
f 1603//1521 1587//1521 1586//1521 1602//1521
f 1610//1522 1592//1522 476//1522 493//1522
f 1611//1523 1593//1523 1592//1523 1610//1523
f 1612//1524 1611//1524 1604//1524 1605//1524
f 1612//1525 1594//1525 1593//1525 1611//1525
f 1613//1526 1612//1526 1605//1526 1606//1526
f 1613//1527 1595//1527 1594//1527 1612//1527
f 1614//1528 1613//1528 1606//1528 1607//1528
f 1614//1529 1596//1529 1595//1529 1613//1529
f 1615//1530 1614//1530 1607//1530 1608//1530
f 1615//1531 1597//1531 1596//1531 1614//1531
f 1616//1532 1615//1532 1608//1532 1609//1532
f 1616//1533 1598//1533 1597//1533 1615//1533
f 1617//1534 1599//1534 1598//1534 1616//1534
f 1618//1535 1603//1535 1599//1535 1617//1535
f 1621//1536 1605//1536 1604//1536 1620//1536
f 1622//1537 1606//1537 1605//1537 1621//1537
f 1623//1538 1607//1538 1606//1538 1622//1538
f 1624//1539 1608//1539 1607//1539 1623//1539
f 1625//1540 1609//1540 1608//1540 1624//1540
f 1627//1541 511//1541 503//1541 1619//1541
f 1627//1542 1610//1542 493//1542 511//1542
f 1628//1543 1627//1543 1619//1543 1620//1543
f 1628//1544 1611//1544 1610//1544 1627//1544
f 1611//1545 1628//1545 1620//1545 1604//1545
f 1629//1546 1616//1546 1609//1546 1625//1546
f 1630//1547 1629//1547 1625//1547 1626//1547
f 1630//1548 1617//1548 1616//1548 1629//1548
f 1631//1549 1619//1549 503//1549 519//1549
f 1632//1550 1620//1550 1619//1550 1631//1550
f 1633//1551 1621//1551 1620//1551 1632//1551
f 1634//1552 1622//1552 1621//1552 1633//1552
f 1635//1553 1623//1553 1622//1553 1634//1553
f 1636//1554 1624//1554 1623//1554 1635//1554
f 1637//1555 1625//1555 1624//1555 1636//1555
f 1638//1556 1626//1556 1625//1556 1637//1556
f 1639//1557 1631//1557 519//1557 528//1557
f 1640//1558 1632//1558 1631//1558 1639//1558
f 1641//1559 1633//1559 1632//1559 1640//1559
f 1642//1560 1634//1560 1633//1560 1641//1560
f 1643//1561 1635//1561 1634//1561 1642//1561
f 1644//1562 1636//1562 1635//1562 1643//1562
f 1645//1563 1637//1563 1636//1563 1644//1563
f 1646//1564 1638//1564 1637//1564 1645//1564
f 1650//1565 1573//1565 1572//1565 1648//1565
f 1650//1566 1647//1566 1555//1566 1573//1566
f 1651//1567 1650//1567 1648//1567 1649//1567
f 1654//1568 1590//1568 1587//1568 1653//1568
f 1656//1569 1591//1569 1590//1569 1654//1569
f 1656//1570 1648//1570 1572//1570 1591//1570
f 1657//1571 1656//1571 1654//1571 1655//1571
f 1657//1572 1649//1572 1648//1572 1656//1572
f 1659//1573 1651//1573 1649//1573 1657//1573
f 1660//1574 1659//1574 1657//1574 1658//1574
f 1660//1575 1652//1575 1651//1575 1659//1575
f 1662//1576 1653//1576 1587//1576 1603//1576
f 1664//1577 1654//1577 1653//1577 1662//1577
f 1665//1578 1664//1578 1662//1578 1663//1578
f 1665//1579 1655//1579 1654//1579 1664//1579
f 1667//1580 1657//1580 1655//1580 1665//1580
f 1668//1581 1667//1581 1665//1581 1666//1581
f 1668//1582 1658//1582 1657//1582 1667//1582
f 1670//1583 1660//1583 1658//1583 1668//1583
f 1671//1584 1670//1584 1668//1584 1669//1584
f 1671//1585 1661//1585 1660//1585 1670//1585
f 1675//1586 1618//1586 1617//1586 1673//1586
f 1675//1587 1662//1587 1603//1587 1618//1587
f 1676//1588 1675//1588 1673//1588 1674//1588
f 1676//1589 1663//1589 1662//1589 1675//1589
f 1678//1590 1665//1590 1663//1590 1676//1590
f 1679//1591 1678//1591 1676//1591 1677//1591
f 1679//1592 1666//1592 1665//1592 1678//1592
f 1681//1593 1668//1593 1666//1593 1679//1593
f 1682//1594 1681//1594 1679//1594 1680//1594
f 1682//1595 1669//1595 1668//1595 1681//1595
f 1684//1596 1671//1596 1669//1596 1682//1596
f 1685//1597 1684//1597 1682//1597 1683//1597
f 1685//1598 1672//1598 1671//1598 1684//1598
f 1688//1599 1630//1599 1626//1599 1687//1599
f 1688//1600 1673//1600 1617//1600 1630//1600
f 1689//1601 1674//1601 1673//1601 1688//1601
f 1691//1602 1676//1602 1674//1602 1689//1602
f 1692//1603 1691//1603 1689//1603 1690//1603
f 1692//1604 1677//1604 1676//1604 1691//1604
f 1694//1605 1679//1605 1677//1605 1692//1605
f 1695//1606 1694//1606 1692//1606 1693//1606
f 1695//1607 1680//1607 1679//1607 1694//1607
f 1697//1608 1682//1608 1680//1608 1695//1608
f 1698//1609 1697//1609 1695//1609 1696//1609
f 1698//1610 1683//1610 1682//1610 1697//1610
f 1700//1611 1685//1611 1683//1611 1698//1611
f 1701//1612 1700//1612 1698//1612 1699//1612
f 1701//1613 1686//1613 1685//1613 1700//1613
f 1703//1614 1687//1614 1626//1614 1638//1614
f 1705//1615 1688//1615 1687//1615 1703//1615
f 1706//1616 1705//1616 1703//1616 1704//1616
f 1706//1617 1689//1617 1688//1617 1705//1617
f 1707//1618 1690//1618 1689//1618 1706//1618
f 1709//1619 1692//1619 1690//1619 1707//1619
f 1710//1620 1709//1620 1707//1620 1708//1620
f 1710//1621 1693//1621 1692//1621 1709//1621
f 1712//1622 1695//1622 1693//1622 1710//1622
f 1713//1623 1712//1623 1710//1623 1711//1623
f 1713//1624 1696//1624 1695//1624 1712//1624
f 1715//1625 1698//1625 1696//1625 1713//1625
f 1716//1626 1715//1626 1713//1626 1714//1626
f 1716//1627 1699//1627 1698//1627 1715//1627
f 1718//1628 1701//1628 1699//1628 1716//1628
f 1719//1629 1718//1629 1716//1629 1717//1629
f 1719//1630 1702//1630 1701//1630 1718//1630
f 1720//1631 1703//1631 1638//1631 1646//1631
f 1721//1632 1704//1632 1703//1632 1720//1632
f 1723//1633 1706//1633 1704//1633 1721//1633
f 1724//1634 1723//1634 1721//1634 1722//1634
f 1724//1635 1707//1635 1706//1635 1723//1635
f 1725//1636 1708//1636 1707//1636 1724//1636
f 1726//1637 1710//1637 1708//1637 1725//1637
f 1727//1638 1711//1638 1710//1638 1726//1638
f 1728//1639 1713//1639 1711//1639 1727//1639
f 1729//1640 1714//1640 1713//1640 1728//1640
f 1730//1641 1716//1641 1714//1641 1729//1641
f 1731//1642 1717//1642 1716//1642 1730//1642
f 1732//1643 1719//1643 1717//1643 1731//1643
f 1734//1644 1309//1644 1207//1644 1554//1644
f 1735//1645 1734//1645 1554//1645 1555//1645
f 1735//1646 1310//1646 1309//1646 1734//1646
f 1736//1647 1313//1647 1310//1647 1735//1647
f 1737//1648 1735//1648 1555//1648 1647//1648
f 1739//1649 1736//1649 1735//1649 1737//1649
f 1739//1650 1340//1650 1313//1650 1736//1650
f 1740//1651 1739//1651 1737//1651 1738//1651
f 1740//1652 1341//1652 1340//1652 1739//1652
f 1742//1653 1343//1653 1341//1653 1740//1653
f 1743//1654 1742//1654 1740//1654 1741//1654
f 1743//1655 1344//1655 1343//1655 1742//1655
f 1745//1656 1347//1656 1344//1656 1743//1656
f 1746//1657 1745//1657 1743//1657 1744//1657
f 1748//1658 1349//1658 1347//1658 1745//1658
f 1749//1659 1748//1659 1745//1659 1746//1659
f 1749//1660 1350//1660 1349//1660 1748//1660
f 1750//1661 1749//1661 1746//1661 1747//1661
f 1751//1662 1352//1662 1350//1662 1749//1662
f 1752//1663 1751//1663 1749//1663 1750//1663
f 1752//1664 1353//1664 1352//1664 1751//1664
f 1754//1665 1356//1665 1353//1665 1752//1665
f 1755//1666 1754//1666 1752//1666 1753//1666
f 1757//1667 1358//1667 1356//1667 1754//1667
f 1758//1668 1757//1668 1754//1668 1755//1668
f 1758//1669 1359//1669 1358//1669 1757//1669
f 1759//1670 1758//1670 1755//1670 1756//1670
f 1760//1671 1737//1671 1647//1671 1650//1671
f 1761//1672 1760//1672 1650//1672 1651//1672
f 1761//1673 1738//1673 1737//1673 1760//1673
f 1762//1674 1761//1674 1651//1674 1652//1674
f 1764//1675 1740//1675 1738//1675 1761//1675
f 1765//1676 1764//1676 1761//1676 1762//1676
f 1765//1677 1741//1677 1740//1677 1764//1677
f 1766//1678 1765//1678 1762//1678 1763//1678
f 1768//1679 1743//1679 1741//1679 1765//1679
f 1769//1680 1768//1680 1765//1680 1766//1680
f 1769//1681 1744//1681 1743//1681 1768//1681
f 1770//1682 1769//1682 1766//1682 1767//1682
f 1771//1683 1746//1683 1744//1683 1769//1683
f 1772//1684 1771//1684 1769//1684 1770//1684
f 1772//1685 1747//1685 1746//1685 1771//1685
f 1774//1686 1750//1686 1747//1686 1772//1686
f 1775//1687 1774//1687 1772//1687 1773//1687
f 1777//1688 1752//1688 1750//1688 1774//1688
f 1778//1689 1777//1689 1774//1689 1775//1689
f 1778//1690 1753//1690 1752//1690 1777//1690
f 1779//1691 1778//1691 1775//1691 1776//1691
f 1780//1692 1755//1692 1753//1692 1778//1692
f 1781//1693 1780//1693 1778//1693 1779//1693
f 1781//1694 1756//1694 1755//1694 1780//1694
f 1783//1695 1759//1695 1756//1695 1781//1695
f 1784//1696 1783//1696 1781//1696 1782//1696
f 1785//1697 1762//1697 1652//1697 1660//1697
f 1786//1698 1785//1698 1660//1698 1661//1698
f 1786//1699 1763//1699 1762//1699 1785//1699
f 1788//1700 1766//1700 1763//1700 1786//1700
f 1789//1701 1788//1701 1786//1701 1787//1701
f 1789//1702 1767//1702 1766//1702 1788//1702
f 1791//1703 1770//1703 1767//1703 1789//1703
f 1792//1704 1791//1704 1789//1704 1790//1704
f 1793//1705 1772//1705 1770//1705 1791//1705
f 1794//1706 1793//1706 1791//1706 1792//1706
f 1794//1707 1773//1707 1772//1707 1793//1707
f 1796//1708 1775//1708 1773//1708 1794//1708
f 1797//1709 1796//1709 1794//1709 1795//1709
f 1797//1710 1776//1710 1775//1710 1796//1710
f 1798//1711 1779//1711 1776//1711 1797//1711
f 1800//1712 1781//1712 1779//1712 1798//1712
f 1801//1713 1800//1713 1798//1713 1799//1713
f 1801//1714 1782//1714 1781//1714 1800//1714
f 1802//1715 1784//1715 1782//1715 1801//1715
f 1803//1716 1786//1716 1661//1716 1671//1716
f 1804//1717 1803//1717 1671//1717 1672//1717
f 1804//1718 1787//1718 1786//1718 1803//1718
f 1806//1719 1789//1719 1787//1719 1804//1719
f 1807//1720 1806//1720 1804//1720 1805//1720
f 1807//1721 1790//1721 1789//1721 1806//1721
f 1809//1722 1792//1722 1790//1722 1807//1722
f 1810//1723 1809//1723 1807//1723 1808//1723
f 1811//1724 1794//1724 1792//1724 1809//1724
f 1812//1725 1811//1725 1809//1725 1810//1725
f 1812//1726 1795//1726 1794//1726 1811//1726
f 1814//1727 1797//1727 1795//1727 1812//1727
f 1815//1728 1814//1728 1812//1728 1813//1728
f 1816//1729 1798//1729 1797//1729 1814//1729
f 1817//1730 1816//1730 1814//1730 1815//1730
f 1817//1731 1799//1731 1798//1731 1816//1731
f 1818//1732 1801//1732 1799//1732 1817//1732
f 1819//1733 1802//1733 1801//1733 1818//1733
f 1820//1734 1804//1734 1672//1734 1685//1734
f 1821//1735 1820//1735 1685//1735 1686//1735
f 1821//1736 1805//1736 1804//1736 1820//1736
f 1823//1737 1807//1737 1805//1737 1821//1737
f 1824//1738 1823//1738 1821//1738 1822//1738
f 1824//1739 1808//1739 1807//1739 1823//1739
f 1825//1740 1810//1740 1808//1740 1824//1740
f 1827//1741 1812//1741 1810//1741 1825//1741
f 1828//1742 1827//1742 1825//1742 1826//1742
f 1828//1743 1813//1743 1812//1743 1827//1743
f 1829//1744 1815//1744 1813//1744 1828//1744
f 1830//1745 1817//1745 1815//1745 1829//1745
f 1831//1746 1821//1746 1686//1746 1701//1746
f 1832//1747 1831//1747 1701//1747 1702//1747
f 1832//1748 1822//1748 1821//1748 1831//1748
f 1833//1749 1824//1749 1822//1749 1832//1749
f 1835//1750 1825//1750 1824//1750 1833//1750
f 1836//1751 1835//1751 1833//1751 1834//1751
f 1836//1752 1826//1752 1825//1752 1835//1752
f 1837//1753 1828//1753 1826//1753 1836//1753
f 1838//1754 1829//1754 1828//1754 1837//1754
f 1839//1755 1832//1755 1702//1755 1719//1755
f 1841//1756 1833//1756 1832//1756 1839//1756
f 1842//1757 1841//1757 1839//1757 1840//1757
f 1842//1758 1834//1758 1833//1758 1841//1758
f 1843//1759 1836//1759 1834//1759 1842//1759
f 1844//1760 1839//1760 1719//1760 1732//1760
f 1845//1761 1844//1761 1732//1761 1733//1761
f 1845//1762 1840//1762 1839//1762 1844//1762
f 1846//1763 1842//1763 1840//1763 1845//1763
f 1849//1764 1818//1764 1817//1764 1848//1764
f 1850//1765 1819//1765 1818//1765 1849//1765
f 1850//1766 1847//1766 1802//1766 1819//1766
f 1853//1767 1830//1767 1829//1767 1852//1767
f 1853//1768 1848//1768 1817//1768 1830//1768
f 1854//1769 1849//1769 1848//1769 1853//1769
f 1856//1770 1850//1770 1849//1770 1854//1770
f 1857//1771 1856//1771 1854//1771 1855//1771
f 1857//1772 1851//1772 1850//1772 1856//1772
f 1859//1773 1837//1773 1836//1773 1858//1773
f 1860//1774 1838//1774 1837//1774 1859//1774
f 1860//1775 1852//1775 1829//1775 1838//1775
f 1862//1776 1853//1776 1852//1776 1860//1776
f 1863//1777 1862//1777 1860//1777 1861//1777
f 1864//1778 1854//1778 1853//1778 1862//1778
f 1865//1779 1864//1779 1862//1779 1863//1779
f 1865//1780 1855//1780 1854//1780 1864//1780
f 1866//1781 1857//1781 1855//1781 1865//1781
f 1869//1782 1843//1782 1842//1782 1868//1782
f 1869//1783 1858//1783 1836//1783 1843//1783
f 1870//1784 1859//1784 1858//1784 1869//1784
f 1872//1785 1860//1785 1859//1785 1870//1785
f 1873//1786 1872//1786 1870//1786 1871//1786
f 1873//1787 1861//1787 1860//1787 1872//1787
f 1874//1788 1863//1788 1861//1788 1873//1788
f 1876//1789 1865//1789 1863//1789 1874//1789
f 1877//1790 1876//1790 1874//1790 1875//1790
f 1878//1791 1866//1791 1865//1791 1876//1791
f 1879//1792 1878//1792 1876//1792 1877//1792
f 1879//1793 1867//1793 1866//1793 1878//1793
f 1880//1794 1868//1794 1842//1794 1846//1794
f 1881//1795 1869//1795 1868//1795 1880//1795
f 1883//1796 1870//1796 1869//1796 1881//1796
f 1884//1797 1883//1797 1881//1797 1882//1797
f 1884//1798 1871//1798 1870//1798 1883//1798
f 1885//1799 1873//1799 1871//1799 1884//1799
f 1887//1800 1874//1800 1873//1800 1885//1800
f 1888//1801 1887//1801 1885//1801 1886//1801
f 1888//1802 1875//1802 1874//1802 1887//1802
f 1889//1803 1877//1803 1875//1803 1888//1803
f 1890//1804 1879//1804 1877//1804 1889//1804
f 1892//1805 1519//1805 1359//1805 1758//1805
f 1893//1806 1892//1806 1758//1806 1759//1806
f 1894//1807 1521//1807 1519//1807 1892//1807
f 1895//1808 1894//1808 1892//1808 1893//1808
f 1895//1809 1522//1809 1521//1809 1894//1809
f 1897//1810 1525//1810 1522//1810 1895//1810
f 1898//1811 1897//1811 1895//1811 1896//1811
f 1899//1812 1527//1812 1525//1812 1897//1812
f 1900//1813 1899//1813 1897//1813 1898//1813
f 1901//1814 1529//1814 1527//1814 1899//1814
f 1902//1815 1901//1815 1899//1815 1900//1815
f 1902//1816 1530//1816 1529//1816 1901//1816
f 1903//1817 1533//1817 1530//1817 1902//1817
f 1904//1818 1535//1818 1533//1818 1903//1818
f 1905//1819 1537//1819 1535//1819 1904//1819
f 1906//1820 1893//1820 1759//1820 1783//1820
f 1907//1821 1906//1821 1783//1821 1784//1821
f 1908//1822 1895//1822 1893//1822 1906//1822
f 1909//1823 1908//1823 1906//1823 1907//1823
f 1909//1824 1896//1824 1895//1824 1908//1824
f 1910//1825 1898//1825 1896//1825 1909//1825
f 1911//1826 1900//1826 1898//1826 1910//1826
f 1912//1827 1902//1827 1900//1827 1911//1827
f 1913//1828 1907//1828 1784//1828 1802//1828
f 1914//1829 1909//1829 1907//1829 1913//1829
f 1916//1830 1903//1830 1902//1830 1915//1830
f 1917//1831 1904//1831 1903//1831 1916//1831
f 1918//1832 1905//1832 1904//1832 1917//1832
f 1920//1833 1910//1833 1909//1833 1919//1833
f 1921//1834 1911//1834 1910//1834 1920//1834
f 1922//1835 1912//1835 1911//1835 1921//1835
f 1922//1836 1915//1836 1902//1836 1912//1836
f 1923//1837 1916//1837 1915//1837 1922//1837
f 1925//1838 1917//1838 1916//1838 1923//1838
f 1926//1839 1925//1839 1923//1839 1924//1839
f 1927//1840 1918//1840 1917//1840 1925//1840
f 1928//1841 1927//1841 1925//1841 1926//1841
f 1929//1842 1913//1842 1802//1842 1847//1842
f 1930//1843 1914//1843 1913//1843 1929//1843
f 1930//1844 1919//1844 1909//1844 1914//1844
f 1932//1845 1920//1845 1919//1845 1930//1845
f 1933//1846 1932//1846 1930//1846 1931//1846
f 1934//1847 1921//1847 1920//1847 1932//1847
f 1935//1848 1934//1848 1932//1848 1933//1848
f 1936//1849 1922//1849 1921//1849 1934//1849
f 1937//1850 1936//1850 1934//1850 1935//1850
f 1938//1851 1923//1851 1922//1851 1936//1851
f 1939//1852 1938//1852 1936//1852 1937//1852
f 1939//1853 1924//1853 1923//1853 1938//1853
f 1940//1854 1926//1854 1924//1854 1939//1854
f 1941//1855 1928//1855 1926//1855 1940//1855
f 1942//1856 1929//1856 1847//1856 1850//1856
f 1943//1857 1942//1857 1850//1857 1851//1857
f 1944//1858 1930//1858 1929//1858 1942//1858
f 1945//1859 1944//1859 1942//1859 1943//1859
f 1945//1860 1931//1860 1930//1860 1944//1860
f 1946//1861 1933//1861 1931//1861 1945//1861
f 1947//1862 1935//1862 1933//1862 1946//1862
f 1949//1863 1937//1863 1935//1863 1947//1863
f 1950//1864 1949//1864 1947//1864 1948//1864
f 1951//1865 1939//1865 1937//1865 1949//1865
f 1952//1866 1951//1866 1949//1866 1950//1866
f 1953//1867 1940//1867 1939//1867 1951//1867
f 1954//1868 1953//1868 1951//1868 1952//1868
f 1955//1869 1941//1869 1940//1869 1953//1869
f 1956//1870 1955//1870 1953//1870 1954//1870
f 1957//1871 1943//1871 1851//1871 1857//1871
f 1959//1872 1945//1872 1943//1872 1957//1872
f 1960//1873 1959//1873 1957//1873 1958//1873
f 1961//1874 1946//1874 1945//1874 1959//1874
f 1962//1875 1961//1875 1959//1875 1960//1875
f 1963//1876 1947//1876 1946//1876 1961//1876
f 1964//1877 1963//1877 1961//1877 1962//1877
f 1964//1878 1948//1878 1947//1878 1963//1878
f 1965//1879 1950//1879 1948//1879 1964//1879
f 1966//1880 1952//1880 1950//1880 1965//1880
f 1968//1881 1954//1881 1952//1881 1966//1881
f 1969//1882 1968//1882 1966//1882 1967//1882
f 1970//1883 1956//1883 1954//1883 1968//1883
f 1971//1884 1970//1884 1968//1884 1969//1884
f 1972//1885 1957//1885 1857//1885 1866//1885
f 1973//1886 1972//1886 1866//1886 1867//1886
f 1973//1887 1958//1887 1957//1887 1972//1887
f 1974//1888 1960//1888 1958//1888 1973//1888
f 1975//1889 1962//1889 1960//1889 1974//1889
f 1977//1890 1964//1890 1962//1890 1975//1890
f 1978//1891 1977//1891 1975//1891 1976//1891
f 1979//1892 1965//1892 1964//1892 1977//1892
f 1980//1893 1979//1893 1977//1893 1978//1893
f 1981//1894 1966//1894 1965//1894 1979//1894
f 1982//1895 1981//1895 1979//1895 1980//1895
f 1982//1896 1967//1896 1966//1896 1981//1896
f 1983//1897 1969//1897 1967//1897 1982//1897
f 1984//1898 1971//1898 1969//1898 1983//1898
f 1985//1899 1973//1899 1867//1899 1879//1899
f 1987//1900 1974//1900 1973//1900 1985//1900
f 1988//1901 1987//1901 1985//1901 1986//1901
f 1989//1902 1975//1902 1974//1902 1987//1902
f 1990//1903 1989//1903 1987//1903 1988//1903
f 1990//1904 1976//1904 1975//1904 1989//1904
f 1991//1905 1978//1905 1976//1905 1990//1905
f 1992//1906 1980//1906 1978//1906 1991//1906
f 1993//1907 1982//1907 1980//1907 1992//1907
f 1995//1908 1983//1908 1982//1908 1993//1908
f 1996//1909 1995//1909 1993//1909 1994//1909
f 1997//1910 1984//1910 1983//1910 1995//1910
f 1998//1911 1997//1911 1995//1911 1996//1911
f 1999//1912 1985//1912 1879//1912 1890//1912
f 2000//1913 1999//1913 1890//1913 1891//1913
f 2000//1914 1986//1914 1985//1914 1999//1914
f 2001//1915 1988//1915 1986//1915 2000//1915
f 2002//1916 1990//1916 1988//1916 2001//1916
f 2004//1917 1991//1917 1990//1917 2002//1917
f 2005//1918 2004//1918 2002//1918 2003//1918
f 2006//1919 1992//1919 1991//1919 2004//1919
f 2007//1920 2006//1920 2004//1920 2005//1920
f 2008//1921 1993//1921 1992//1921 2006//1921
f 2009//1922 2008//1922 2006//1922 2007//1922
f 2009//1923 1994//1923 1993//1923 2008//1923
f 2010//1924 1996//1924 1994//1924 2009//1924
f 2011//1925 1998//1925 1996//1925 2010//1925
f 2012//1926 1639//1926 528//1926 942//1926
f 2013//1927 1640//1927 1639//1927 2012//1927
f 2014//1928 1641//1928 1640//1928 2013//1928
f 2015//1929 1642//1929 1641//1929 2014//1929
f 2016//1930 1643//1930 1642//1930 2015//1930
f 2017//1931 1644//1931 1643//1931 2016//1931
f 2018//1932 1645//1932 1644//1932 2017//1932
f 2019//1933 1646//1933 1645//1933 2018//1933
f 2020//1934 2012//1934 942//1934 950//1934
f 2021//1935 2013//1935 2012//1935 2020//1935
f 2022//1936 2014//1936 2013//1936 2021//1936
f 2023//1937 2015//1937 2014//1937 2022//1937
f 2024//1938 2016//1938 2015//1938 2023//1938
f 2025//1939 2017//1939 2016//1939 2024//1939
f 2026//1940 2018//1940 2017//1940 2025//1940
f 2027//1941 2019//1941 2018//1941 2026//1941
f 2028//1942 2020//1942 950//1942 958//1942
f 2029//1943 2021//1943 2020//1943 2028//1943
f 2030//1944 2022//1944 2021//1944 2029//1944
f 2031//1945 2023//1945 2022//1945 2030//1945
f 2032//1946 2024//1946 2023//1946 2031//1946
f 2033//1947 2025//1947 2024//1947 2032//1947
f 2034//1948 2026//1948 2025//1948 2033//1948
f 2035//1949 2027//1949 2026//1949 2034//1949
f 2036//1950 2028//1950 958//1950 966//1950
f 2037//1951 2029//1951 2028//1951 2036//1951
f 2038//1952 2030//1952 2029//1952 2037//1952
f 2039//1953 2031//1953 2030//1953 2038//1953
f 2040//1954 2032//1954 2031//1954 2039//1954
f 2041//1955 2033//1955 2032//1955 2040//1955
f 2042//1956 2034//1956 2033//1956 2041//1956
f 2043//1957 2035//1957 2034//1957 2042//1957
f 2044//1958 2036//1958 966//1958 974//1958
f 2045//1959 2037//1959 2036//1959 2044//1959
f 2046//1960 2038//1960 2037//1960 2045//1960
f 2047//1961 2039//1961 2038//1961 2046//1961
f 2048//1962 2040//1962 2039//1962 2047//1962
f 2049//1963 2041//1963 2040//1963 2048//1963
f 2050//1964 2042//1964 2041//1964 2049//1964
f 2051//1965 2043//1965 2042//1965 2050//1965
f 2052//1966 2044//1966 974//1966 984//1966
f 2053//1967 2045//1967 2044//1967 2052//1967
f 2054//1968 2046//1968 2045//1968 2053//1968
f 2055//1969 2047//1969 2046//1969 2054//1969
f 2056//1970 2048//1970 2047//1970 2055//1970
f 2057//1971 2049//1971 2048//1971 2056//1971
f 2058//1972 2050//1972 2049//1972 2057//1972
f 2059//1973 2051//1973 2050//1973 2058//1973
f 987//1974 2060//1974 2052//1974 984//1974
f 2060//1975 2061//1975 2053//1975 2052//1975
f 2061//1976 2062//1976 2054//1976 2053//1976
f 2064//1977 2055//1977 2054//1977 2063//1977
f 2065//1978 2056//1978 2055//1978 2064//1978
f 2066//1979 2057//1979 2056//1979 2065//1979
f 2067//1980 2058//1980 2057//1980 2066//1980
f 2068//1981 2059//1981 2058//1981 2067//1981
f 2069//1982 2060//1982 987//1982 997//1982
f 2070//1983 2061//1983 2060//1983 2069//1983
f 2071//1984 2062//1984 2061//1984 2070//1984
f 2062//1985 2071//1985 2063//1985 2054//1985
f 2071//1986 2072//1986 2064//1986 2063//1986
f 2074//1987 2065//1987 2064//1987 2073//1987
f 2075//1988 2066//1988 2065//1988 2074//1988
f 2076//1989 2067//1989 2066//1989 2075//1989
f 2077//1990 2068//1990 2067//1990 2076//1990
f 2078//1991 2069//1991 997//1991 1006//1991
f 2079//1992 2070//1992 2069//1992 2078//1992
f 2080//1993 2071//1993 2070//1993 2079//1993
f 2081//1994 2072//1994 2071//1994 2080//1994
f 2072//1995 2081//1995 2073//1995 2064//1995
f 2082//1996 1720//1996 1646//1996 2019//1996
f 2083//1997 1721//1997 1720//1997 2082//1997
f 2084//1998 1722//1998 1721//1998 2083//1998
f 2085//1999 1724//1999 1722//1999 2084//1999
f 2086//2000 1725//2000 1724//2000 2085//2000
f 2088//2001 1726//2001 1725//2001 2086//2001
f 2089//2002 2088//2002 2086//2002 2087//2002
f 2089//2003 1727//2003 1726//2003 2088//2003
f 2091//2004 1728//2004 1727//2004 2089//2004
f 2092//2005 2091//2005 2089//2005 2090//2005
f 2092//2006 1729//2006 1728//2006 2091//2006
f 2094//2007 1730//2007 1729//2007 2092//2007
f 2095//2008 2094//2008 2092//2008 2093//2008
f 2095//2009 1731//2009 1730//2009 2094//2009
f 2097//2010 1732//2010 1731//2010 2095//2010
f 2098//2011 2097//2011 2095//2011 2096//2011
f 2098//2012 1733//2012 1732//2012 2097//2012
f 2099//2013 2082//2013 2019//2013 2027//2013
f 2100//2014 2083//2014 2082//2014 2099//2014
f 2101//2015 2084//2015 2083//2015 2100//2015
f 2102//2016 2085//2016 2084//2016 2101//2016
f 2103//2017 2086//2017 2085//2017 2102//2017
f 2104//2018 2087//2018 2086//2018 2103//2018
f 2105//2019 2089//2019 2087//2019 2104//2019
f 2106//2020 2090//2020 2089//2020 2105//2020
f 2107//2021 2092//2021 2090//2021 2106//2021
f 2108//2022 2093//2022 2092//2022 2107//2022
f 2109//2023 2095//2023 2093//2023 2108//2023
f 2110//2024 2096//2024 2095//2024 2109//2024
f 2111//2025 2098//2025 2096//2025 2110//2025
f 2112//2026 2099//2026 2027//2026 2035//2026
f 2113//2027 2100//2027 2099//2027 2112//2027
f 2114//2028 2101//2028 2100//2028 2113//2028
f 2116//2029 2102//2029 2101//2029 2114//2029
f 2117//2030 2116//2030 2114//2030 2115//2030
f 2117//2031 2103//2031 2102//2031 2116//2031
f 2118//2032 2104//2032 2103//2032 2117//2032
f 2119//2033 2105//2033 2104//2033 2118//2033
f 2120//2034 2106//2034 2105//2034 2119//2034
f 2121//2035 2107//2035 2106//2035 2120//2035
f 2122//2036 2108//2036 2107//2036 2121//2036
f 2123//2037 2109//2037 2108//2037 2122//2037
f 2124//2038 2110//2038 2109//2038 2123//2038
f 2125//2039 2111//2039 2110//2039 2124//2039
f 2126//2040 2112//2040 2035//2040 2043//2040
f 2127//2041 2113//2041 2112//2041 2126//2041
f 2128//2042 2114//2042 2113//2042 2127//2042
f 2129//2043 2115//2043 2114//2043 2128//2043
f 2130//2044 2131//2044 2129//2044 2128//2044
f 2131//2045 2117//2045 2115//2045 2129//2045
f 2132//2046 2118//2046 2117//2046 2131//2046
f 2133//2047 2119//2047 2118//2047 2132//2047
f 2134//2048 2120//2048 2119//2048 2133//2048
f 2135//2049 2121//2049 2120//2049 2134//2049
f 2136//2050 2122//2050 2121//2050 2135//2050
f 2137//2051 2123//2051 2122//2051 2136//2051
f 2138//2052 2124//2052 2123//2052 2137//2052
f 2139//2053 2125//2053 2124//2053 2138//2053
f 2140//2054 2126//2054 2043//2054 2051//2054
f 2141//2055 2127//2055 2126//2055 2140//2055
f 2142//2056 2128//2056 2127//2056 2141//2056
f 2143//2057 2130//2057 2128//2057 2142//2057
f 2144//2058 2131//2058 2130//2058 2143//2058
f 2145//2059 2132//2059 2131//2059 2144//2059
f 2146//2060 2133//2060 2132//2060 2145//2060
f 2147//2061 2134//2061 2133//2061 2146//2061
f 2148//2062 2135//2062 2134//2062 2147//2062
f 2149//2063 2136//2063 2135//2063 2148//2063
f 2150//2064 2137//2064 2136//2064 2149//2064
f 2151//2065 2138//2065 2137//2065 2150//2065
f 2152//2066 2139//2066 2138//2066 2151//2066
f 2153//2067 2140//2067 2051//2067 2059//2067
f 2154//2068 2141//2068 2140//2068 2153//2068
f 2155//2069 2142//2069 2141//2069 2154//2069
f 2156//2070 2157//2070 2155//2070 2154//2070
f 2157//2071 2143//2071 2142//2071 2155//2071
f 2158//2072 2144//2072 2143//2072 2157//2072
f 2159//2073 2145//2073 2144//2073 2158//2073
f 2160//2074 2146//2074 2145//2074 2159//2074
f 2161//2075 2147//2075 2146//2075 2160//2075
f 2162//2076 2148//2076 2147//2076 2161//2076
f 2163//2077 2149//2077 2148//2077 2162//2077
f 2164//2078 2150//2078 2149//2078 2163//2078
f 2165//2079 2151//2079 2150//2079 2164//2079
f 2166//2080 2152//2080 2151//2080 2165//2080
f 2167//2081 2153//2081 2059//2081 2068//2081
f 2168//2082 2154//2082 2153//2082 2167//2082
f 2169//2083 2156//2083 2154//2083 2168//2083
f 2170//2084 2157//2084 2156//2084 2169//2084
f 2171//2085 2158//2085 2157//2085 2170//2085
f 2172//2086 2159//2086 2158//2086 2171//2086
f 2173//2087 2160//2087 2159//2087 2172//2087
f 2174//2088 2161//2088 2160//2088 2173//2088
f 2175//2089 2162//2089 2161//2089 2174//2089
f 2176//2090 2163//2090 2162//2090 2175//2090
f 2177//2091 2164//2091 2163//2091 2176//2091
f 2178//2092 2165//2092 2164//2092 2177//2092
f 2179//2093 2166//2093 2165//2093 2178//2093
f 2180//2094 2167//2094 2068//2094 2077//2094
f 2181//2095 2168//2095 2167//2095 2180//2095
f 2182//2096 2183//2096 2181//2096 2180//2096
f 2183//2097 2169//2097 2168//2097 2181//2097
f 2184//2098 2170//2098 2169//2098 2183//2098
f 2185//2099 2171//2099 2170//2099 2184//2099
f 2186//2100 2172//2100 2171//2100 2185//2100
f 2187//2101 2188//2101 2186//2101 2185//2101
f 2188//2102 2173//2102 2172//2102 2186//2102
f 2189//2103 2174//2103 2173//2103 2188//2103
f 2190//2104 2175//2104 2174//2104 2189//2104
f 2191//2105 2176//2105 2175//2105 2190//2105
f 2192//2106 2177//2106 2176//2106 2191//2106
f 2193//2107 2178//2107 2177//2107 2192//2107
f 2194//2108 2179//2108 2178//2108 2193//2108
f 2196//2109 2195//2109 2111//2109 2125//2109
f 2197//2110 2196//2110 2125//2110 2139//2110
f 2198//2111 2197//2111 2139//2111 2152//2111
f 2199//2112 2198//2112 2152//2112 2166//2112
f 2200//2113 2199//2113 2166//2113 2179//2113
f 2201//2114 2200//2114 2179//2114 2194//2114
f 2202//2115 1845//2115 1733//2115 2098//2115
f 2203//2116 1846//2116 1845//2116 2202//2116
f 2204//2117 2202//2117 2098//2117 2111//2117
f 2206//2118 2203//2118 2202//2118 2205//2118
f 2206//2119 1880//2119 1846//2119 2203//2119
f 2207//2120 1881//2120 1880//2120 2206//2120
f 2208//2121 1882//2121 1881//2121 2207//2121
f 2209//2122 1884//2122 1882//2122 2208//2122
f 2210//2123 1885//2123 1884//2123 2209//2123
f 2211//2124 1886//2124 1885//2124 2210//2124
f 2212//2125 1888//2125 1886//2125 2211//2125
f 2213//2126 1889//2126 1888//2126 2212//2126
f 2215//2127 1890//2127 1889//2127 2213//2127
f 2216//2128 2215//2128 2213//2128 2214//2128
f 2216//2129 1891//2129 1890//2129 2215//2129
f 2217//2130 2204//2130 2111//2130 2195//2130
f 2217//2131 2205//2131 2202//2131 2204//2131
f 2218//2132 2206//2132 2205//2132 2217//2132
f 2220//2133 2207//2133 2206//2133 2218//2133
f 2221//2134 2220//2134 2218//2134 2219//2134
f 2221//2135 2208//2135 2207//2135 2220//2135
f 2222//2136 2209//2136 2208//2136 2221//2136
f 2224//2137 2210//2137 2209//2137 2222//2137
f 2225//2138 2224//2138 2222//2138 2223//2138
f 2225//2139 2211//2139 2210//2139 2224//2139
f 2226//2140 2212//2140 2211//2140 2225//2140
f 2228//2141 2213//2141 2212//2141 2226//2141
f 2229//2142 2228//2142 2226//2142 2227//2142
f 2229//2143 2214//2143 2213//2143 2228//2143
f 2230//2144 2216//2144 2214//2144 2229//2144
f 2231//2145 2217//2145 2195//2145 2196//2145
f 2232//2146 2218//2146 2217//2146 2231//2146
f 2233//2147 2219//2147 2218//2147 2232//2147
f 2234//2148 2221//2148 2219//2148 2233//2148
f 2236//2149 2222//2149 2221//2149 2234//2149
f 2237//2150 2236//2150 2234//2150 2235//2150
f 2237//2151 2223//2151 2222//2151 2236//2151
f 2238//2152 2225//2152 2223//2152 2237//2152
f 2240//2153 2226//2153 2225//2153 2238//2153
f 2241//2154 2240//2154 2238//2154 2239//2154
f 2241//2155 2227//2155 2226//2155 2240//2155
f 2242//2156 2229//2156 2227//2156 2241//2156
f 2243//2157 2230//2157 2229//2157 2242//2157
f 2245//2158 2231//2158 2196//2158 2197//2158
f 2247//2159 2232//2159 2231//2159 2245//2159
f 2248//2160 2247//2160 2245//2160 2246//2160
f 2248//2161 2233//2161 2232//2161 2247//2161
f 2249//2162 2234//2162 2233//2162 2248//2162
f 2250//2163 2235//2163 2234//2163 2249//2163
f 2251//2164 2237//2164 2235//2164 2250//2164
f 2252//2165 2238//2165 2237//2165 2251//2165
f 2253//2166 2239//2166 2238//2166 2252//2166
f 2254//2167 2241//2167 2239//2167 2253//2167
f 2255//2168 2242//2168 2241//2168 2254//2168
f 2257//2169 2243//2169 2242//2169 2255//2169
f 2258//2170 2257//2170 2255//2170 2256//2170
f 2258//2171 2244//2171 2243//2171 2257//2171
f 2259//2172 2245//2172 2197//2172 2198//2172
f 2260//2173 2246//2173 2245//2173 2259//2173
f 2261//2174 2248//2174 2246//2174 2260//2174
f 2262//2175 2249//2175 2248//2175 2261//2175
f 2263//2176 2250//2176 2249//2176 2262//2176
f 2264//2177 2251//2177 2250//2177 2263//2177
f 2265//2178 2252//2178 2251//2178 2264//2178
f 2266//2179 2253//2179 2252//2179 2265//2179
f 2267//2180 2254//2180 2253//2180 2266//2180
f 2268//2181 2255//2181 2254//2181 2267//2181
f 2269//2182 2256//2182 2255//2182 2268//2182
f 2270//2183 2258//2183 2256//2183 2269//2183
f 2271//2184 2259//2184 2198//2184 2199//2184
f 2272//2185 2260//2185 2259//2185 2271//2185
f 2273//2186 2261//2186 2260//2186 2272//2186
f 2275//2187 2262//2187 2261//2187 2273//2187
f 2276//2188 2275//2188 2273//2188 2274//2188
f 2276//2189 2263//2189 2262//2189 2275//2189
f 2277//2190 2264//2190 2263//2190 2276//2190
f 2279//2191 2265//2191 2264//2191 2277//2191
f 2280//2192 2279//2192 2277//2192 2278//2192
f 2280//2193 2266//2193 2265//2193 2279//2193
f 2281//2194 2267//2194 2266//2194 2280//2194
f 2282//2195 2268//2195 2267//2195 2281//2195
f 2283//2196 2269//2196 2268//2196 2282//2196
f 2284//2197 2270//2197 2269//2197 2283//2197
f 2285//2198 2271//2198 2199//2198 2200//2198
f 2286//2199 2272//2199 2271//2199 2285//2199
f 2287//2200 2273//2200 2272//2200 2286//2200
f 2288//2201 2274//2201 2273//2201 2287//2201
f 2289//2202 2276//2202 2274//2202 2288//2202
f 2290//2203 2277//2203 2276//2203 2289//2203
f 2291//2204 2278//2204 2277//2204 2290//2204
f 2292//2205 2280//2205 2278//2205 2291//2205
f 2293//2206 2281//2206 2280//2206 2292//2206
f 2295//2207 2282//2207 2281//2207 2293//2207
f 2296//2208 2295//2208 2293//2208 2294//2208
f 2296//2209 2283//2209 2282//2209 2295//2209
f 2297//2210 2284//2210 2283//2210 2296//2210
f 2298//2211 2285//2211 2200//2211 2201//2211
f 2299//2212 2286//2212 2285//2212 2298//2212
f 2300//2213 2287//2213 2286//2213 2299//2213
f 2301//2214 2288//2214 2287//2214 2300//2214
f 2302//2215 2289//2215 2288//2215 2301//2215
f 2303//2216 2290//2216 2289//2216 2302//2216
f 2304//2217 2291//2217 2290//2217 2303//2217
f 2305//2218 2292//2218 2291//2218 2304//2218
f 2306//2219 2293//2219 2292//2219 2305//2219
f 2307//2220 2294//2220 2293//2220 2306//2220
f 2308//2221 2296//2221 2294//2221 2307//2221
f 2309//2222 2297//2222 2296//2222 2308//2222
f 2310//2223 2000//2223 1891//2223 2216//2223
f 2311//2224 2001//2224 2000//2224 2310//2224
f 2313//2225 2002//2225 2001//2225 2311//2225
f 2314//2226 2313//2226 2311//2226 2312//2226
f 2314//2227 2003//2227 2002//2227 2313//2227
f 2315//2228 2005//2228 2003//2228 2314//2228
f 2316//2229 2007//2229 2005//2229 2315//2229
f 2317//2230 2009//2230 2007//2230 2316//2230
f 2318//2231 2010//2231 2009//2231 2317//2231
f 2319//2232 2011//2232 2010//2232 2318//2232
f 2320//2233 2310//2233 2216//2233 2230//2233
f 2322//2234 2311//2234 2310//2234 2320//2234
f 2323//2235 2322//2235 2320//2235 2321//2235
f 2323//2236 2312//2236 2311//2236 2322//2236
f 2324//2237 2314//2237 2312//2237 2323//2237
f 2325//2238 2315//2238 2314//2238 2324//2238
f 2326//2239 2316//2239 2315//2239 2325//2239
f 2327//2240 2317//2240 2316//2240 2326//2240
f 2329//2241 2318//2241 2317//2241 2327//2241
f 2330//2242 2329//2242 2327//2242 2328//2242
f 2331//2243 2319//2243 2318//2243 2329//2243
f 2332//2244 2331//2244 2329//2244 2330//2244
f 2333//2245 2320//2245 2230//2245 2243//2245
f 2334//2246 2333//2246 2243//2246 2244//2246
f 2334//2247 2321//2247 2320//2247 2333//2247
f 2335//2248 2323//2248 2321//2248 2334//2248
f 2336//2249 2324//2249 2323//2249 2335//2249
f 2337//2250 2325//2250 2324//2250 2336//2250
f 2339//2251 2326//2251 2325//2251 2337//2251
f 2340//2252 2339//2252 2337//2252 2338//2252
f 2341//2253 2327//2253 2326//2253 2339//2253
f 2342//2254 2341//2254 2339//2254 2340//2254
f 2342//2255 2328//2255 2327//2255 2341//2255
f 2343//2256 2330//2256 2328//2256 2342//2256
f 2344//2257 2332//2257 2330//2257 2343//2257
f 2345//2258 2334//2258 2244//2258 2258//2258
f 2346//2259 2335//2259 2334//2259 2345//2259
f 2347//2260 2336//2260 2335//2260 2346//2260
f 2349//2261 2337//2261 2336//2261 2347//2261
f 2350//2262 2349//2262 2347//2262 2348//2262
f 2350//2263 2338//2263 2337//2263 2349//2263
f 2351//2264 2340//2264 2338//2264 2350//2264
f 2352//2265 2342//2265 2340//2265 2351//2265
f 2353//2266 2343//2266 2342//2266 2352//2266
f 2354//2267 2344//2267 2343//2267 2353//2267
f 2355//2268 2345//2268 2258//2268 2270//2268
f 2356//2269 2346//2269 2345//2269 2355//2269
f 2358//2270 2347//2270 2346//2270 2356//2270
f 2359//2271 2358//2271 2356//2271 2357//2271
f 2359//2272 2348//2272 2347//2272 2358//2272
f 2360//2273 2350//2273 2348//2273 2359//2273
f 2361//2274 2351//2274 2350//2274 2360//2274
f 2362//2275 2352//2275 2351//2275 2361//2275
f 2363//2276 2353//2276 2352//2276 2362//2276
f 2364//2277 2354//2277 2353//2277 2363//2277
f 2365//2278 2355//2278 2270//2278 2284//2278
f 2366//2279 2356//2279 2355//2279 2365//2279
f 2367//2280 2357//2280 2356//2280 2366//2280
f 2368//2281 2359//2281 2357//2281 2367//2281
f 2369//2282 2360//2282 2359//2282 2368//2282
f 2370//2283 2361//2283 2360//2283 2369//2283
f 2371//2284 2362//2284 2361//2284 2370//2284
f 2372//2285 2363//2285 2362//2285 2371//2285
f 2373//2286 2364//2286 2363//2286 2372//2286
f 2374//2287 2365//2287 2284//2287 2297//2287
f 2376//2288 2366//2288 2365//2288 2374//2288
f 2377//2289 2376//2289 2374//2289 2375//2289
f 2377//2290 2367//2290 2366//2290 2376//2290
f 2378//2291 2368//2291 2367//2291 2377//2291
f 2379//2292 2369//2292 2368//2292 2378//2292
f 2380//2293 2370//2293 2369//2293 2379//2293
f 2381//2294 2371//2294 2370//2294 2380//2294
f 2382//2295 2372//2295 2371//2295 2381//2295
f 2383//2296 2373//2296 2372//2296 2382//2296
f 2384//2297 2374//2297 2297//2297 2309//2297
f 2385//2298 2375//2298 2374//2298 2384//2298
f 2386//2299 2377//2299 2375//2299 2385//2299
f 2387//2300 2378//2300 2377//2300 2386//2300
f 2388//2301 2379//2301 2378//2301 2387//2301
f 2389//2302 2380//2302 2379//2302 2388//2302
f 2390//2303 2381//2303 2380//2303 2389//2303
f 2391//2304 2382//2304 2381//2304 2390//2304
f 2392//2305 2383//2305 2382//2305 2391//2305
f 2398//2306 2397//2306 182//2306 183//2306
f 2399//2307 2398//2307 183//2307 184//2307
f 2400//2308 2399//2308 184//2308 185//2308
f 2393//2309 2400//2309 185//2309 160//2309
f 2402//2310 2401//2310 2398//2310 2399//2310
f 2403//2311 2402//2311 2399//2311 2400//2311
f 2394//2312 2403//2312 2400//2312 2393//2312
f 2405//2313 2404//2313 2401//2313 2402//2313
f 2406//2314 2405//2314 2402//2314 2403//2314
f 2395//2315 2406//2315 2403//2315 2394//2315
f 2408//2316 2407//2316 2404//2316 2405//2316
f 2409//2317 2408//2317 2405//2317 2406//2317
f 2396//2318 2409//2318 2406//2318 2395//2318
f 2411//2319 2410//2319 2408//2319 2409//2319
f 2413//2320 2412//2320 2410//2320 2411//2320
f 2416//2321 2415//2321 208//2321 209//2321
f 2397//2322 2416//2322 209//2322 182//2322
f 2398//2323 2417//2323 2416//2323 2397//2323
f 2419//2324 2418//2324 2415//2324 2416//2324
f 2420//2325 2419//2325 2416//2325 2417//2325
f 2401//2326 2420//2326 2417//2326 2398//2326
f 2422//2327 2421//2327 2418//2327 2419//2327
f 2423//2328 2422//2328 2419//2328 2420//2328
f 2404//2329 2423//2329 2420//2329 2401//2329
f 2425//2330 2424//2330 2421//2330 2422//2330
f 2426//2331 2425//2331 2422//2331 2423//2331
f 2407//2332 2426//2332 2423//2332 2404//2332
f 2408//2333 2427//2333 2426//2333 2407//2333
f 2429//2334 2428//2334 2425//2334 2426//2334
f 2430//2335 2429//2335 2426//2335 2427//2335
f 2410//2336 2430//2336 2427//2336 2408//2336
f 2432//2337 2431//2337 2428//2337 2429//2337
f 2433//2338 2432//2338 2429//2338 2430//2338
f 2412//2339 2433//2339 2430//2339 2410//2339
f 2413//2340 2434//2340 2433//2340 2412//2340
f 2436//2341 2435//2341 2432//2341 2433//2341
f 2437//2342 2436//2342 2433//2342 2434//2342
f 2414//2343 2437//2343 2434//2343 2413//2343
f 2439//2344 2438//2344 2436//2344 2437//2344
f 2441//2345 2440//2345 229//2345 230//2345
f 2442//2346 2441//2346 230//2346 231//2346
f 2415//2347 2442//2347 231//2347 208//2347
f 2444//2348 2443//2348 2440//2348 2441//2348
f 2445//2349 2444//2349 2441//2349 2442//2349
f 2418//2350 2445//2350 2442//2350 2415//2350
f 2447//2351 2446//2351 2444//2351 2445//2351
f 2421//2352 2447//2352 2445//2352 2418//2352
f 2449//2353 2448//2353 2446//2353 2447//2353
f 2424//2354 2449//2354 2447//2354 2421//2354
f 2425//2355 2450//2355 2449//2355 2424//2355
f 2452//2356 2451//2356 2448//2356 2449//2356
f 2453//2357 2452//2357 2449//2357 2450//2357
f 2428//2358 2453//2358 2450//2358 2425//2358
f 2455//2359 2454//2359 2452//2359 2453//2359
f 2431//2360 2455//2360 2453//2360 2428//2360
f 2432//2361 2456//2361 2455//2361 2431//2361
f 2458//2362 2457//2362 2454//2362 2455//2362
f 2459//2363 2458//2363 2455//2363 2456//2363
f 2435//2364 2459//2364 2456//2364 2432//2364
f 2436//2365 2460//2365 2459//2365 2435//2365
f 2462//2366 2461//2366 2458//2366 2459//2366
f 2463//2367 2462//2367 2459//2367 2460//2367
f 2438//2368 2463//2368 2460//2368 2436//2368
f 2439//2369 2464//2369 2463//2369 2438//2369
f 2466//2370 2465//2370 249//2370 250//2370
f 2440//2371 2466//2371 250//2371 229//2371
f 2468//2372 2467//2372 2465//2372 2466//2372
f 2443//2373 2468//2373 2466//2373 2440//2373
f 2444//2374 2469//2374 2468//2374 2443//2374
f 2471//2375 2470//2375 2467//2375 2468//2375
f 2472//2376 2471//2376 2468//2376 2469//2376
f 2446//2377 2472//2377 2469//2377 2444//2377
f 2474//2378 2473//2378 2471//2378 2472//2378
f 2448//2379 2474//2379 2472//2379 2446//2379
f 2476//2380 2475//2380 2473//2380 2474//2380
f 2451//2381 2476//2381 2474//2381 2448//2381
f 2452//2382 2477//2382 2476//2382 2451//2382
f 2479//2383 2478//2383 2475//2383 2476//2383
f 2480//2384 2479//2384 2476//2384 2477//2384
f 2454//2385 2480//2385 2477//2385 2452//2385
f 2482//2386 2481//2386 2479//2386 2480//2386
f 2457//2387 2482//2387 2480//2387 2454//2387
f 2458//2388 2483//2388 2482//2388 2457//2388
f 2485//2389 2484//2389 2482//2389 2483//2389
f 2461//2390 2485//2390 2483//2390 2458//2390
f 2462//2391 2486//2391 2485//2391 2461//2391
f 2488//2392 2487//2392 285//2392 286//2392
f 2489//2393 2488//2393 286//2393 287//2393
f 2490//2394 2489//2394 287//2394 288//2394
f 2491//2395 2490//2395 288//2395 289//2395
f 2492//2396 2491//2396 289//2396 290//2396
f 2494//2397 2493//2397 2487//2397 2488//2397
f 2495//2398 2494//2398 2488//2398 2489//2398
f 2496//2399 2495//2399 2489//2399 2490//2399
f 2497//2400 2496//2400 2490//2400 2491//2400
f 2498//2401 2497//2401 2491//2401 2492//2401
f 2500//2402 2499//2402 2493//2402 2494//2402
f 2501//2403 2500//2403 2494//2403 2495//2403
f 2502//2404 2501//2404 2495//2404 2496//2404
f 2503//2405 2502//2405 2496//2405 2497//2405
f 2504//2406 2503//2406 2497//2406 2498//2406
f 2506//2407 2505//2407 2500//2407 2501//2407
f 2507//2408 2506//2408 2501//2408 2502//2408
f 2508//2409 2507//2409 2502//2409 2503//2409
f 2509//2410 2508//2410 2503//2410 2504//2410
f 2511//2411 2510//2411 2506//2411 2507//2411
f 2512//2412 2511//2412 2507//2412 2508//2412
f 2513//2413 2512//2413 2508//2413 2509//2413
f 2515//2414 2514//2414 2512//2414 2513//2414
f 2516//2415 2393//2415 160//2415 325//2415
f 2517//2416 2516//2416 325//2416 326//2416
f 2518//2417 2517//2417 326//2417 327//2417
f 2487//2418 2518//2418 327//2418 285//2418
f 2519//2419 2394//2419 2393//2419 2516//2419
f 2520//2420 2519//2420 2516//2420 2517//2420
f 2521//2421 2520//2421 2517//2421 2518//2421
f 2493//2422 2521//2422 2518//2422 2487//2422
f 2522//2423 2395//2423 2394//2423 2519//2423
f 2523//2424 2522//2424 2519//2424 2520//2424
f 2524//2425 2523//2425 2520//2425 2521//2425
f 2499//2426 2524//2426 2521//2426 2493//2426
f 2500//2427 2525//2427 2524//2427 2499//2427
f 2526//2428 2396//2428 2395//2428 2522//2428
f 2527//2429 2526//2429 2522//2429 2523//2429
f 2528//2430 2527//2430 2523//2430 2524//2430
f 2529//2431 2528//2431 2524//2431 2525//2431
f 2505//2432 2529//2432 2525//2432 2500//2432
f 2506//2433 2530//2433 2529//2433 2505//2433
f 2532//2434 2531//2434 2526//2434 2527//2434
f 2533//2435 2532//2435 2527//2435 2528//2435
f 2534//2436 2533//2436 2528//2436 2529//2436
f 2535//2437 2534//2437 2529//2437 2530//2437
f 2510//2438 2535//2438 2530//2438 2506//2438
f 2511//2439 2536//2439 2535//2439 2510//2439
f 2512//2440 2537//2440 2536//2440 2511//2440
f 2539//2441 2538//2441 2532//2441 2533//2441
f 2540//2442 2539//2442 2533//2442 2534//2442
f 2541//2443 2540//2443 2534//2443 2535//2443
f 2542//2444 2541//2444 2535//2444 2536//2444
f 2543//2445 2542//2445 2536//2445 2537//2445
f 2514//2446 2543//2446 2537//2446 2512//2446
f 2515//2447 2544//2447 2543//2447 2514//2447
f 2546//2448 2545//2448 2539//2448 2540//2448
f 2547//2449 2546//2449 2540//2449 2541//2449
f 2548//2450 2547//2450 2541//2450 2542//2450
f 2549//2451 2548//2451 2542//2451 2543//2451
f 2550//2452 2549//2452 2543//2452 2544//2452
f 2552//2453 2551//2453 2547//2453 2548//2453
f 2553//2454 2552//2454 2548//2454 2549//2454
f 2554//2455 2553//2455 2549//2455 2550//2455
f 2526//2456 2555//2456 2409//2456 2396//2456
f 2556//2457 2411//2457 2409//2457 2555//2457
f 2531//2458 2556//2458 2555//2458 2526//2458
f 2532//2459 2557//2459 2556//2459 2531//2459
f 2558//2460 2413//2460 2411//2460 2556//2460
f 2559//2461 2558//2461 2556//2461 2557//2461
f 2538//2462 2559//2462 2557//2462 2532//2462
f 2539//2463 2560//2463 2559//2463 2538//2463
f 2561//2464 2414//2464 2413//2464 2558//2464
f 2562//2465 2561//2465 2558//2465 2559//2465
f 2563//2466 2562//2466 2559//2466 2560//2466
f 2545//2467 2563//2467 2560//2467 2539//2467
f 2546//2468 2564//2468 2563//2468 2545//2468
f 2547//2469 2565//2469 2564//2469 2546//2469
f 2567//2470 2566//2470 2561//2470 2562//2470
f 2568//2471 2567//2471 2562//2471 2563//2471
f 2569//2472 2568//2472 2563//2472 2564//2472
f 2570//2473 2569//2473 2564//2473 2565//2473
f 2551//2474 2570//2474 2565//2474 2547//2474
f 2552//2475 2571//2475 2570//2475 2551//2475
f 2553//2476 2572//2476 2571//2476 2552//2476
f 2561//2477 2573//2477 2437//2477 2414//2477
f 2574//2478 2439//2478 2437//2478 2573//2478
f 2566//2479 2574//2479 2573//2479 2561//2479
f 2567//2480 2575//2480 2574//2480 2566//2480
f 2568//2481 2576//2481 2575//2481 2567//2481
f 2579//2482 2578//2482 2462//2482 2463//2482
f 2580//2483 2579//2483 2463//2483 2464//2483
f 2577//2484 2580//2484 2464//2484 2439//2484
f 2582//2485 2581//2485 2579//2485 2580//2485
f 2584//2486 2583//2486 2485//2486 2486//2486
f 2578//2487 2584//2487 2486//2487 2462//2487
f 2579//2488 2585//2488 2584//2488 2578//2488
f 2587//2489 2586//2489 2584//2489 2585//2489
f 2581//2490 2587//2490 2585//2490 2579//2490
f 2582//2491 2588//2491 2587//2491 2581//2491
f 2590//2492 2589//2492 2587//2492 2588//2492
f 2592//2493 2591//2493 2553//2493 2554//2493
f 2594//2494 2593//2494 2568//2494 2569//2494
f 2595//2495 2594//2495 2569//2495 2570//2495
f 2596//2496 2595//2496 2570//2496 2571//2496
f 2597//2497 2596//2497 2571//2497 2572//2497
f 2591//2498 2597//2498 2572//2498 2553//2498
f 2592//2499 2598//2499 2597//2499 2591//2499
f 2600//2500 2599//2500 2595//2500 2596//2500
f 2601//2501 2600//2501 2596//2501 2597//2501
f 2602//2502 2601//2502 2597//2502 2598//2502
f 2603//2503 2577//2503 2439//2503 2574//2503
f 2604//2504 2603//2504 2574//2504 2575//2504
f 2605//2505 2604//2505 2575//2505 2576//2505
f 2593//2506 2605//2506 2576//2506 2568//2506
f 2594//2507 2606//2507 2605//2507 2593//2507
f 2595//2508 2607//2508 2606//2508 2594//2508
f 2609//2509 2608//2509 2604//2509 2605//2509
f 2610//2510 2609//2510 2605//2510 2606//2510
f 2611//2511 2610//2511 2606//2511 2607//2511
f 2599//2512 2611//2512 2607//2512 2595//2512
f 2600//2513 2612//2513 2611//2513 2599//2513
f 2601//2514 2613//2514 2612//2514 2600//2514
f 2602//2515 2614//2515 2613//2515 2601//2515
f 2616//2516 2615//2516 2610//2516 2611//2516
f 2617//2517 2616//2517 2611//2517 2612//2517
f 2618//2518 2617//2518 2612//2518 2613//2518
f 2619//2519 2618//2519 2613//2519 2614//2519
f 2603//2520 2621//2520 2580//2520 2577//2520
f 2604//2521 2622//2521 2621//2521 2603//2521
f 2623//2522 2582//2522 2580//2522 2621//2522
f 2624//2523 2623//2523 2621//2523 2622//2523
f 2608//2524 2624//2524 2622//2524 2604//2524
f 2609//2525 2625//2525 2624//2525 2608//2525
f 2610//2526 2626//2526 2625//2526 2609//2526
f 2628//2527 2627//2527 2623//2527 2624//2527
f 2629//2528 2628//2528 2624//2528 2625//2528
f 2630//2529 2629//2529 2625//2529 2626//2529
f 2615//2530 2630//2530 2626//2530 2610//2530
f 2616//2531 2631//2531 2630//2531 2615//2531
f 2617//2532 2632//2532 2631//2532 2616//2532
f 2618//2533 2633//2533 2632//2533 2617//2533
f 2619//2534 2634//2534 2633//2534 2618//2534
f 2636//2535 2635//2535 2630//2535 2631//2535
f 2637//2536 2636//2536 2631//2536 2632//2536
f 2638//2537 2637//2537 2632//2537 2633//2537
f 2639//2538 2638//2538 2633//2538 2634//2538
f 2620//2539 2639//2539 2634//2539 2619//2539
f 2623//2540 2640//2540 2588//2540 2582//2540
f 2641//2541 2590//2541 2588//2541 2640//2541
f 2627//2542 2641//2542 2640//2542 2623//2542
f 2628//2543 2642//2543 2641//2543 2627//2543
f 2629//2544 2643//2544 2642//2544 2628//2544
f 2630//2545 2644//2545 2643//2545 2629//2545
f 2646//2546 2645//2546 2641//2546 2642//2546
f 2647//2547 2646//2547 2642//2547 2643//2547
f 2648//2548 2647//2548 2643//2548 2644//2548
f 2635//2549 2648//2549 2644//2549 2630//2549
f 2636//2550 2649//2550 2648//2550 2635//2550
f 2637//2551 2650//2551 2649//2551 2636//2551
f 2638//2552 2651//2552 2650//2552 2637//2552
f 2639//2553 2652//2553 2651//2553 2638//2553
f 2654//2554 2653//2554 2648//2554 2649//2554
f 2655//2555 2654//2555 2649//2555 2650//2555
f 2656//2556 2655//2556 2650//2556 2651//2556
f 2657//2557 2656//2557 2651//2557 2652//2557
f 2663//2558 2662//2558 704//2558 705//2558
f 2658//2559 2663//2559 705//2559 694//2559
f 2665//2560 2664//2560 2662//2560 2663//2560
f 2659//2561 2665//2561 2663//2561 2658//2561
f 2667//2562 2666//2562 2664//2562 2665//2562
f 2660//2563 2667//2563 2665//2563 2659//2563
f 2661//2564 2668//2564 2667//2564 2660//2564
f 2672//2565 2671//2565 718//2565 719//2565
f 2662//2566 2672//2566 719//2566 704//2566
f 2664//2567 2673//2567 2672//2567 2662//2567
f 2666//2568 2674//2568 2673//2568 2664//2568
f 2667//2569 2675//2569 2674//2569 2666//2569
f 2677//2570 2676//2570 2674//2570 2675//2570
f 2668//2571 2677//2571 2675//2571 2667//2571
f 2679//2572 2678//2572 2676//2572 2677//2572
f 2669//2573 2679//2573 2677//2573 2668//2573
f 2681//2574 2680//2574 2678//2574 2679//2574
f 2670//2575 2681//2575 2679//2575 2669//2575
f 2671//2576 2684//2576 734//2576 718//2576
f 2672//2577 2685//2577 2684//2577 2671//2577
f 2687//2578 2686//2578 2684//2578 2685//2578
f 2673//2579 2687//2579 2685//2579 2672//2579
f 2689//2580 2688//2580 2686//2580 2687//2580
f 2674//2581 2689//2581 2687//2581 2673//2581
f 2691//2582 2690//2582 2688//2582 2689//2582
f 2676//2583 2691//2583 2689//2583 2674//2583
f 2693//2584 2692//2584 2690//2584 2691//2584
f 2678//2585 2693//2585 2691//2585 2676//2585
f 2680//2586 2694//2586 2693//2586 2678//2586
f 2681//2587 2695//2587 2694//2587 2680//2587
f 2697//2588 2696//2588 2694//2588 2695//2588
f 2682//2589 2697//2589 2695//2589 2681//2589
f 2683//2590 2698//2590 2697//2590 2682//2590
f 2700//2591 2699//2591 748//2591 749//2591
f 2684//2592 2700//2592 749//2592 734//2592
f 2702//2593 2701//2593 2699//2593 2700//2593
f 2686//2594 2702//2594 2700//2594 2684//2594
f 2704//2595 2703//2595 2701//2595 2702//2595
f 2688//2596 2704//2596 2702//2596 2686//2596
f 2690//2597 2705//2597 2704//2597 2688//2597
f 2692//2598 2706//2598 2705//2598 2690//2598
f 2693//2599 2707//2599 2706//2599 2692//2599
f 2709//2600 2708//2600 2706//2600 2707//2600
f 2694//2601 2709//2601 2707//2601 2693//2601
f 2711//2602 2710//2602 2708//2602 2709//2602
f 2696//2603 2711//2603 2709//2603 2694//2603
f 2697//2604 2712//2604 2711//2604 2696//2604
f 2714//2605 2713//2605 2711//2605 2712//2605
f 2698//2606 2714//2606 2712//2606 2697//2606
f 2699//2607 2715//2607 761//2607 748//2607
f 2701//2608 2716//2608 2715//2608 2699//2608
f 2703//2609 2717//2609 2716//2609 2701//2609
f 2704//2610 2718//2610 2717//2610 2703//2610
f 2720//2611 2719//2611 2717//2611 2718//2611
f 2705//2612 2720//2612 2718//2612 2704//2612
f 2722//2613 2721//2613 2719//2613 2720//2613
f 2706//2614 2722//2614 2720//2614 2705//2614
f 2708//2615 2723//2615 2722//2615 2706//2615
f 2710//2616 2724//2616 2723//2616 2708//2616
f 2711//2617 2725//2617 2724//2617 2710//2617
f 2727//2618 2726//2618 2724//2618 2725//2618
f 2713//2619 2727//2619 2725//2619 2711//2619
f 2714//2620 2728//2620 2727//2620 2713//2620
f 2730//2621 2729//2621 775//2621 776//2621
f 2715//2622 2730//2622 776//2622 761//2622
f 2732//2623 2731//2623 2729//2623 2730//2623
f 2716//2624 2732//2624 2730//2624 2715//2624
f 2734//2625 2733//2625 2731//2625 2732//2625
f 2717//2626 2734//2626 2732//2626 2716//2626
f 2719//2627 2735//2627 2734//2627 2717//2627
f 2721//2628 2736//2628 2735//2628 2719//2628
f 2722//2629 2737//2629 2736//2629 2721//2629
f 2739//2630 2738//2630 2736//2630 2737//2630
f 2723//2631 2739//2631 2737//2631 2722//2631
f 2724//2632 2740//2632 2739//2632 2723//2632
f 2726//2633 2741//2633 2740//2633 2724//2633
f 2727//2634 2742//2634 2741//2634 2726//2634
f 2729//2635 2743//2635 788//2635 775//2635
f 2731//2636 2744//2636 2743//2636 2729//2636
f 2733//2637 2745//2637 2744//2637 2731//2637
f 2734//2638 2746//2638 2745//2638 2733//2638
f 2748//2639 2747//2639 2745//2639 2746//2639
f 2735//2640 2748//2640 2746//2640 2734//2640
f 2750//2641 2749//2641 2747//2641 2748//2641
f 2736//2642 2750//2642 2748//2642 2735//2642
f 2738//2643 2751//2643 2750//2643 2736//2643
f 2739//2644 2752//2644 2751//2644 2738//2644
f 2754//2645 2753//2645 2751//2645 2752//2645
f 2740//2646 2754//2646 2752//2646 2739//2646
f 2741//2647 2755//2647 2754//2647 2740//2647
f 2742//2648 2756//2648 2755//2648 2741//2648
f 2757//2649 2658//2649 694//2649 803//2649
f 2465//2650 2757//2650 803//2650 249//2650
f 2758//2651 2659//2651 2658//2651 2757//2651
f 2467//2652 2758//2652 2757//2652 2465//2652
f 2759//2653 2660//2653 2659//2653 2758//2653
f 2470//2654 2759//2654 2758//2654 2467//2654
f 2471//2655 2760//2655 2759//2655 2470//2655
f 2761//2656 2661//2656 2660//2656 2759//2656
f 2762//2657 2761//2657 2759//2657 2760//2657
f 2473//2658 2762//2658 2760//2658 2471//2658
f 2764//2659 2763//2659 2761//2659 2762//2659
f 2475//2660 2764//2660 2762//2660 2473//2660
f 2766//2661 2765//2661 2763//2661 2764//2661
f 2478//2662 2766//2662 2764//2662 2475//2662
f 2479//2663 2767//2663 2766//2663 2478//2663
f 2769//2664 2768//2664 2766//2664 2767//2664
f 2481//2665 2769//2665 2767//2665 2479//2665
f 2482//2666 2770//2666 2769//2666 2481//2666
f 2772//2667 2771//2667 2768//2667 2769//2667
f 2773//2668 2772//2668 2769//2668 2770//2668
f 2484//2669 2773//2669 2770//2669 2482//2669
f 2485//2670 2774//2670 2773//2670 2484//2670
f 2761//2671 2775//2671 2668//2671 2661//2671
f 2776//2672 2669//2672 2668//2672 2775//2672
f 2763//2673 2776//2673 2775//2673 2761//2673
f 2777//2674 2670//2674 2669//2674 2776//2674
f 2765//2675 2777//2675 2776//2675 2763//2675
f 2766//2676 2778//2676 2777//2676 2765//2676
f 2780//2677 2779//2677 2777//2677 2778//2677
f 2768//2678 2780//2678 2778//2678 2766//2678
f 2782//2679 2781//2679 2779//2679 2780//2679
f 2771//2680 2782//2680 2780//2680 2768//2680
f 2772//2681 2783//2681 2782//2681 2771//2681
f 2777//2682 2784//2682 2681//2682 2670//2682
f 2785//2683 2682//2683 2681//2683 2784//2683
f 2779//2684 2785//2684 2784//2684 2777//2684
f 2786//2685 2683//2685 2682//2685 2785//2685
f 2781//2686 2786//2686 2785//2686 2779//2686
f 2782//2687 2787//2687 2786//2687 2781//2687
f 2786//2688 2788//2688 2698//2688 2683//2688
f 2789//2689 2790//2689 2714//2689 2698//2689
f 2793//2690 2792//2690 2727//2690 2728//2690
f 2790//2691 2793//2691 2728//2691 2714//2691
f 2791//2692 2794//2692 2793//2692 2790//2692
f 2792//2693 2795//2693 2742//2693 2727//2693
f 2793//2694 2796//2694 2795//2694 2792//2694
f 2798//2695 2797//2695 2795//2695 2796//2695
f 2794//2696 2798//2696 2796//2696 2793//2696
f 2801//2697 2800//2697 2755//2697 2756//2697
f 2795//2698 2801//2698 2756//2698 2742//2698
f 2797//2699 2802//2699 2801//2699 2795//2699
f 2798//2700 2803//2700 2802//2700 2797//2700
f 2799//2701 2804//2701 2803//2701 2798//2701
f 2806//2702 2805//2702 2772//2702 2773//2702
f 2807//2703 2806//2703 2773//2703 2774//2703
f 2583//2704 2807//2704 2774//2704 2485//2704
f 2584//2705 2808//2705 2807//2705 2583//2705
f 2810//2706 2809//2706 2806//2706 2807//2706
f 2811//2707 2810//2707 2807//2707 2808//2707
f 2586//2708 2811//2708 2808//2708 2584//2708
f 2587//2709 2812//2709 2811//2709 2586//2709
f 2814//2710 2813//2710 2811//2710 2812//2710
f 2589//2711 2814//2711 2812//2711 2587//2711
f 2590//2712 2815//2712 2814//2712 2589//2712
f 2817//2713 2816//2713 2814//2713 2815//2713
f 2819//2714 2818//2714 2782//2714 2783//2714
f 2805//2715 2819//2715 2783//2715 2772//2715
f 2806//2716 2820//2716 2819//2716 2805//2716
f 2822//2717 2821//2717 2819//2717 2820//2717
f 2809//2718 2822//2718 2820//2718 2806//2718
f 2810//2719 2823//2719 2822//2719 2809//2719
f 2811//2720 2824//2720 2823//2720 2810//2720
f 2826//2721 2825//2721 2822//2721 2823//2721
f 2827//2722 2826//2722 2823//2722 2824//2722
f 2813//2723 2827//2723 2824//2723 2811//2723
f 2814//2724 2828//2724 2827//2724 2813//2724
f 2830//2725 2829//2725 2827//2725 2828//2725
f 2816//2726 2830//2726 2828//2726 2814//2726
f 2817//2727 2831//2727 2830//2727 2816//2727
f 2834//2728 2833//2728 2786//2728 2787//2728
f 2818//2729 2834//2729 2787//2729 2782//2729
f 2819//2730 2835//2730 2834//2730 2818//2730
f 2837//2731 2836//2731 2834//2731 2835//2731
f 2821//2732 2837//2732 2835//2732 2819//2732
f 2822//2733 2838//2733 2837//2733 2821//2733
f 2840//2734 2839//2734 2837//2734 2838//2734
f 2825//2735 2840//2735 2838//2735 2822//2735
f 2826//2736 2841//2736 2840//2736 2825//2736
f 2827//2737 2842//2737 2841//2737 2826//2737
f 2844//2738 2843//2738 2841//2738 2842//2738
f 2829//2739 2844//2739 2842//2739 2827//2739
f 2830//2740 2845//2740 2844//2740 2829//2740
f 2831//2741 2846//2741 2845//2741 2830//2741
f 2848//2742 2847//2742 2845//2742 2846//2742
f 2832//2743 2848//2743 2846//2743 2831//2743
f 2849//2744 2789//2744 2698//2744 2788//2744
f 2833//2745 2849//2745 2788//2745 2786//2745
f 2834//2746 2850//2746 2849//2746 2833//2746
f 2852//2747 2851//2747 2849//2747 2850//2747
f 2836//2748 2852//2748 2850//2748 2834//2748
f 2837//2749 2853//2749 2852//2749 2836//2749
f 2855//2750 2854//2750 2852//2750 2853//2750
f 2839//2751 2855//2751 2853//2751 2837//2751
f 2840//2752 2856//2752 2855//2752 2839//2752
f 2841//2753 2857//2753 2856//2753 2840//2753
f 2859//2754 2858//2754 2856//2754 2857//2754
f 2843//2755 2859//2755 2857//2755 2841//2755
f 2844//2756 2860//2756 2859//2756 2843//2756
f 2845//2757 2861//2757 2860//2757 2844//2757
f 2863//2758 2862//2758 2859//2758 2860//2758
f 2864//2759 2863//2759 2860//2759 2861//2759
f 2847//2760 2864//2760 2861//2760 2845//2760
f 2848//2761 2865//2761 2864//2761 2847//2761
f 2849//2762 2867//2762 2790//2762 2789//2762
f 2868//2763 2791//2763 2790//2763 2867//2763
f 2851//2764 2868//2764 2867//2764 2849//2764
f 2852//2765 2869//2765 2868//2765 2851//2765
f 2854//2766 2870//2766 2869//2766 2852//2766
f 2855//2767 2871//2767 2870//2767 2854//2767
f 2856//2768 2872//2768 2871//2768 2855//2768
f 2874//2769 2873//2769 2871//2769 2872//2769
f 2858//2770 2874//2770 2872//2770 2856//2770
f 2859//2771 2875//2771 2874//2771 2858//2771
f 2862//2772 2876//2772 2875//2772 2859//2772
f 2863//2773 2877//2773 2876//2773 2862//2773
f 2864//2774 2878//2774 2877//2774 2863//2774
f 2865//2775 2879//2775 2878//2775 2864//2775
f 2881//2776 2880//2776 2878//2776 2879//2776
f 2866//2777 2881//2777 2879//2777 2865//2777
f 2868//2778 2882//2778 2794//2778 2791//2778
f 2869//2779 2883//2779 2882//2779 2868//2779
f 2885//2780 2884//2780 2882//2780 2883//2780
f 2870//2781 2885//2781 2883//2781 2869//2781
f 2871//2782 2886//2782 2885//2782 2870//2782
f 2888//2783 2887//2783 2885//2783 2886//2783
f 2873//2784 2888//2784 2886//2784 2871//2784
f 2874//2785 2889//2785 2888//2785 2873//2785
f 2875//2786 2890//2786 2889//2786 2874//2786
f 2892//2787 2891//2787 2889//2787 2890//2787
f 2876//2788 2892//2788 2890//2788 2875//2788
f 2877//2789 2893//2789 2892//2789 2876//2789
f 2878//2790 2894//2790 2893//2790 2877//2790
f 2896//2791 2895//2791 2893//2791 2894//2791
f 2880//2792 2896//2792 2894//2792 2878//2792
f 2881//2793 2897//2793 2896//2793 2880//2793
f 2882//2794 2898//2794 2798//2794 2794//2794
f 2899//2795 2799//2795 2798//2795 2898//2795
f 2884//2796 2899//2796 2898//2796 2882//2796
f 2885//2797 2900//2797 2899//2797 2884//2797
f 2902//2798 2901//2798 2899//2798 2900//2798
f 2887//2799 2902//2799 2900//2799 2885//2799
f 2888//2800 2903//2800 2902//2800 2887//2800
f 2889//2801 2904//2801 2903//2801 2888//2801
f 2906//2802 2905//2802 2903//2802 2904//2802
f 2891//2803 2906//2803 2904//2803 2889//2803
f 2892//2804 2907//2804 2906//2804 2891//2804
f 2893//2805 2908//2805 2907//2805 2892//2805
f 2910//2806 2909//2806 2907//2806 2908//2806
f 2895//2807 2910//2807 2908//2807 2893//2807
f 2896//2808 2911//2808 2910//2808 2895//2808
f 2897//2809 2912//2809 2911//2809 2896//2809
f 2899//2810 2913//2810 2804//2810 2799//2810
f 2901//2811 2914//2811 2913//2811 2899//2811
f 2902//2812 2915//2812 2914//2812 2901//2812
f 2903//2813 2916//2813 2915//2813 2902//2813
f 2918//2814 2917//2814 2915//2814 2916//2814
f 2905//2815 2918//2815 2916//2815 2903//2815
f 2906//2816 2919//2816 2918//2816 2905//2816
f 2907//2817 2920//2817 2919//2817 2906//2817
f 2909//2818 2921//2818 2920//2818 2907//2818
f 2910//2819 2922//2819 2921//2819 2909//2819
f 2911//2820 2923//2820 2922//2820 2910//2820
f 2912//2821 2924//2821 2923//2821 2911//2821
f 2641//2822 2925//2822 2815//2822 2590//2822
f 2926//2823 2817//2823 2815//2823 2925//2823
f 2645//2824 2926//2824 2925//2824 2641//2824
f 2646//2825 2927//2825 2926//2825 2645//2825
f 2647//2826 2928//2826 2927//2826 2646//2826
f 2648//2827 2929//2827 2928//2827 2647//2827
f 2931//2828 2930//2828 2927//2828 2928//2828
f 2932//2829 2931//2829 2928//2829 2929//2829
f 2653//2830 2932//2830 2929//2830 2648//2830
f 2654//2831 2933//2831 2932//2831 2653//2831
f 2655//2832 2934//2832 2933//2832 2654//2832
f 2656//2833 2935//2833 2934//2833 2655//2833
f 2657//2834 2936//2834 2935//2834 2656//2834
f 2938//2835 2937//2835 2935//2835 2936//2835
f 2926//2836 2939//2836 2831//2836 2817//2836
f 2927//2837 2940//2837 2939//2837 2926//2837
f 2941//2838 2832//2838 2831//2838 2939//2838
f 2942//2839 2941//2839 2939//2839 2940//2839
f 2930//2840 2942//2840 2940//2840 2927//2840
f 2931//2841 2943//2841 2942//2841 2930//2841
f 2932//2842 2944//2842 2943//2842 2931//2842
f 2933//2843 2945//2843 2944//2843 2932//2843
f 2934//2844 2946//2844 2945//2844 2933//2844
f 2935//2845 2947//2845 2946//2845 2934//2845
f 2949//2846 2948//2846 2944//2846 2945//2846
f 2950//2847 2949//2847 2945//2847 2946//2847
f 2951//2848 2950//2848 2946//2848 2947//2848
f 2937//2849 2951//2849 2947//2849 2935//2849
f 2938//2850 2952//2850 2951//2850 2937//2850
f 2941//2851 2953//2851 2848//2851 2832//2851
f 2942//2852 2954//2852 2953//2852 2941//2852
f 2943//2853 2955//2853 2954//2853 2942//2853
f 2944//2854 2956//2854 2955//2854 2943//2854
f 2958//2855 2957//2855 2954//2855 2955//2855
f 2959//2856 2958//2856 2955//2856 2956//2856
f 2948//2857 2959//2857 2956//2857 2944//2857
f 2949//2858 2960//2858 2959//2858 2948//2858
f 2950//2859 2961//2859 2960//2859 2949//2859
f 2951//2860 2962//2860 2961//2860 2950//2860
f 2952//2861 2963//2861 2962//2861 2951//2861
f 2953//2862 2964//2862 2865//2862 2848//2862
f 2954//2863 2965//2863 2964//2863 2953//2863
f 2966//2864 2866//2864 2865//2864 2964//2864
f 2967//2865 2966//2865 2964//2865 2965//2865
f 2957//2866 2967//2866 2965//2866 2954//2866
f 2958//2867 2968//2867 2967//2867 2957//2867
f 2959//2868 2969//2868 2968//2868 2958//2868
f 2960//2869 2970//2869 2969//2869 2959//2869
f 2961//2870 2971//2870 2970//2870 2960//2870
f 2962//2871 2972//2871 2971//2871 2961//2871
f 2963//2872 2973//2872 2972//2872 2962//2872
f 2966//2873 2974//2873 2881//2873 2866//2873
f 2967//2874 2975//2874 2974//2874 2966//2874
f 2968//2875 2976//2875 2975//2875 2967//2875
f 2969//2876 2977//2876 2976//2876 2968//2876
f 2970//2877 2978//2877 2977//2877 2969//2877
f 2971//2878 2979//2878 2978//2878 2970//2878
f 2972//2879 2980//2879 2979//2879 2971//2879
f 2973//2880 2981//2880 2980//2880 2972//2880
f 2974//2881 2982//2881 2897//2881 2881//2881
f 2975//2882 2983//2882 2982//2882 2974//2882
f 2976//2883 2984//2883 2983//2883 2975//2883
f 2977//2884 2985//2884 2984//2884 2976//2884
f 2978//2885 2986//2885 2985//2885 2977//2885
f 2979//2886 2987//2886 2986//2886 2978//2886
f 2980//2887 2988//2887 2987//2887 2979//2887
f 2981//2888 2989//2888 2988//2888 2980//2888
f 2982//2889 2990//2889 2912//2889 2897//2889
f 2983//2890 2991//2890 2990//2890 2982//2890
f 2984//2891 2992//2891 2991//2891 2983//2891
f 2985//2892 2993//2892 2992//2892 2984//2892
f 2986//2893 2994//2893 2993//2893 2985//2893
f 2987//2894 2995//2894 2994//2894 2986//2894
f 2988//2895 2996//2895 2995//2895 2987//2895
f 2989//2896 2997//2896 2996//2896 2988//2896
f 2990//2897 2998//2897 2924//2897 2912//2897
f 2991//2898 2999//2898 2998//2898 2990//2898
f 2992//2899 3000//2899 2999//2899 2991//2899
f 2993//2900 3001//2900 3000//2900 2992//2900
f 2994//2901 3002//2901 3001//2901 2993//2901
f 2995//2902 3003//2902 3002//2902 2994//2902
f 2996//2903 3004//2903 3003//2903 2995//2903
f 2997//2904 3005//2904 3004//2904 2996//2904
f 2743//2905 3006//2905 1124//2905 788//2905
f 2744//2906 3007//2906 3006//2906 2743//2906
f 2745//2907 3008//2907 3007//2907 2744//2907
f 2747//2908 3009//2908 3008//2908 2745//2908
f 2749//2909 3010//2909 3009//2909 2747//2909
f 2750//2910 3011//2910 3010//2910 2749//2910
f 3013//2911 3012//2911 3010//2911 3011//2911
f 2751//2912 3013//2912 3011//2912 2750//2912
f 2753//2913 3014//2913 3013//2913 2751//2913
f 2754//2914 3015//2914 3014//2914 2753//2914
f 3017//2915 3016//2915 3014//2915 3015//2915
f 2755//2916 3017//2916 3015//2916 2754//2916
f 3019//2917 3018//2917 1135//2917 1136//2917
f 3006//2918 3019//2918 1136//2918 1124//2918
f 3021//2919 3020//2919 3018//2919 3019//2919
f 3007//2920 3021//2920 3019//2920 3006//2920
f 3008//2921 3022//2921 3021//2921 3007//2921
f 3009//2922 3023//2922 3022//2922 3008//2922
f 3010//2923 3024//2923 3023//2923 3009//2923
f 3012//2924 3025//2924 3024//2924 3010//2924
f 3013//2925 3026//2925 3025//2925 3012//2925
f 3014//2926 3027//2926 3026//2926 3013//2926
f 3016//2927 3028//2927 3027//2927 3014//2927
f 3017//2928 3029//2928 3028//2928 3016//2928
f 3018//2929 3030//2929 1148//2929 1135//2929
f 3020//2930 3031//2930 3030//2930 3018//2930
f 3021//2931 3032//2931 3031//2931 3020//2931
f 3034//2932 3033//2932 3031//2932 3032//2932
f 3022//2933 3034//2933 3032//2933 3021//2933
f 3036//2934 3035//2934 3033//2934 3034//2934
f 3023//2935 3036//2935 3034//2935 3022//2935
f 3024//2936 3037//2936 3036//2936 3023//2936
f 3025//2937 3038//2937 3037//2937 3024//2937
f 3026//2938 3039//2938 3038//2938 3025//2938
f 3041//2939 3040//2939 3038//2939 3039//2939
f 3027//2940 3041//2940 3039//2940 3026//2940
f 3028//2941 3042//2941 3041//2941 3027//2941
f 3030//2942 3043//2942 1158//2942 1148//2942
f 3031//2943 3044//2943 3043//2943 3030//2943
f 3033//2944 3045//2944 3044//2944 3031//2944
f 3035//2945 3046//2945 3045//2945 3033//2945
f 3036//2946 3047//2946 3046//2946 3035//2946
f 3049//2947 3048//2947 3046//2947 3047//2947
f 3037//2948 3049//2948 3047//2948 3036//2948
f 3038//2949 3050//2949 3049//2949 3037//2949
f 3040//2950 3051//2950 3050//2950 3038//2950
f 3041//2951 3052//2951 3051//2951 3040//2951
f 3042//2952 3053//2952 3052//2952 3041//2952
f 3043//2953 3054//2953 1167//2953 1158//2953
f 3044//2954 3055//2954 3054//2954 3043//2954
f 3045//2955 3056//2955 3055//2955 3044//2955
f 3046//2956 3057//2956 3056//2956 3045//2956
f 3048//2957 3058//2957 3057//2957 3046//2957
f 3049//2958 3059//2958 3058//2958 3048//2958
f 3050//2959 3060//2959 3059//2959 3049//2959
f 3051//2960 3061//2960 3060//2960 3050//2960
f 3052//2961 3062//2961 3061//2961 3051//2961
f 3064//2962 3063//2962 3061//2962 3062//2962
f 3053//2963 3064//2963 3062//2963 3052//2963
f 3054//2964 3065//2964 1177//2964 1167//2964
f 3055//2965 3066//2965 3065//2965 3054//2965
f 3056//2966 3067//2966 3066//2966 3055//2966
f 3057//2967 3068//2967 3067//2967 3056//2967
f 3058//2968 3069//2968 3068//2968 3057//2968
f 3059//2969 3070//2969 3069//2969 3058//2969
f 3060//2970 3071//2970 3070//2970 3059//2970
f 3061//2971 3072//2971 3071//2971 3060//2971
f 3063//2972 3073//2972 3072//2972 3061//2972
f 3064//2973 3074//2973 3073//2973 3063//2973
f 3065//2974 3075//2974 1186//2974 1177//2974
f 3066//2975 3076//2975 3075//2975 3065//2975
f 3067//2976 3077//2976 3076//2976 3066//2976
f 3068//2977 3078//2977 3077//2977 3067//2977
f 3069//2978 3079//2978 3078//2978 3068//2978
f 3070//2979 3080//2979 3079//2979 3069//2979
f 3082//2980 3081//2980 3079//2980 3080//2980
f 3071//2981 3082//2981 3080//2981 3070//2981
f 3072//2982 3083//2982 3082//2982 3071//2982
f 3073//2983 3084//2983 3083//2983 3072//2983
f 3074//2984 3085//2984 3084//2984 3073//2984
f 3075//2985 3086//2985 1195//2985 1186//2985
f 3076//2986 3087//2986 3086//2986 3075//2986
f 3077//2987 3088//2987 3087//2987 3076//2987
f 3078//2988 3089//2988 3088//2988 3077//2988
f 3079//2989 3090//2989 3089//2989 3078//2989
f 3081//2990 3091//2990 3090//2990 3079//2990
f 3082//2991 3092//2991 3091//2991 3081//2991
f 3083//2992 3093//2992 3092//2992 3082//2992
f 3084//2993 3094//2993 3093//2993 3083//2993
f 3085//2994 3095//2994 3094//2994 3084//2994
f 2800//2995 3096//2995 3017//2995 2755//2995
f 2801//2996 3097//2996 3096//2996 2800//2996
f 3099//2997 3098//2997 3096//2997 3097//2997
f 2802//2998 3099//2998 3097//2998 2801//2998
f 2803//2999 3100//2999 3099//2999 2802//2999
f 3102//3000 3101//3000 3099//3000 3100//3000
f 2804//3001 3102//3001 3100//3001 2803//3001
f 3105//3002 3104//3002 3028//3002 3029//3002
f 3096//3003 3105//3003 3029//3003 3017//3003
f 3098//3004 3106//3004 3105//3004 3096//3004
f 3099//3005 3107//3005 3106//3005 3098//3005
f 3101//3006 3108//3006 3107//3006 3099//3006
f 3102//3007 3109//3007 3108//3007 3101//3007
f 3103//3008 3110//3008 3109//3008 3102//3008
f 3104//3009 3111//3009 3042//3009 3028//3009
f 3105//3010 3112//3010 3111//3010 3104//3010
f 3106//3011 3113//3011 3112//3011 3105//3011
f 3107//3012 3114//3012 3113//3012 3106//3012
f 3108//3013 3115//3013 3114//3013 3107//3013
f 3109//3014 3116//3014 3115//3014 3108//3014
f 3110//3015 3117//3015 3116//3015 3109//3015
f 3111//3016 3118//3016 3053//3016 3042//3016
f 3112//3017 3119//3017 3118//3017 3111//3017
f 3113//3018 3120//3018 3119//3018 3112//3018
f 3114//3019 3121//3019 3120//3019 3113//3019
f 3123//3020 3122//3020 3120//3020 3121//3020
f 3115//3021 3123//3021 3121//3021 3114//3021
f 3116//3022 3124//3022 3123//3022 3115//3022
f 3126//3023 3125//3023 3123//3023 3124//3023
f 3117//3024 3126//3024 3124//3024 3116//3024
f 3118//3025 3127//3025 3064//3025 3053//3025
f 3119//3026 3128//3026 3127//3026 3118//3026
f 3130//3027 3129//3027 3127//3027 3128//3027
f 3120//3028 3130//3028 3128//3028 3119//3028
f 3122//3029 3131//3029 3130//3029 3120//3029
f 3123//3030 3132//3030 3131//3030 3122//3030
f 3125//3031 3133//3031 3132//3031 3123//3031
f 3126//3032 3134//3032 3133//3032 3125//3032
f 3127//3033 3136//3033 3074//3033 3064//3033
f 3129//3034 3137//3034 3136//3034 3127//3034
f 3130//3035 3138//3035 3137//3035 3129//3035
f 3131//3036 3139//3036 3138//3036 3130//3036
f 3132//3037 3140//3037 3139//3037 3131//3037
f 3133//3038 3141//3038 3140//3038 3132//3038
f 3134//3039 3142//3039 3141//3039 3133//3039
f 3135//3040 3143//3040 3142//3040 3134//3040
f 3136//3041 3144//3041 3085//3041 3074//3041
f 3137//3042 3145//3042 3144//3042 3136//3042
f 3138//3043 3146//3043 3145//3043 3137//3043
f 3139//3044 3147//3044 3146//3044 3138//3044
f 3140//3045 3148//3045 3147//3045 3139//3045
f 3141//3046 3149//3046 3148//3046 3140//3046
f 3142//3047 3150//3047 3149//3047 3141//3047
f 3143//3048 3151//3048 3150//3048 3142//3048
f 3144//3049 3152//3049 3095//3049 3085//3049
f 3145//3050 3153//3050 3152//3050 3144//3050
f 3146//3051 3154//3051 3153//3051 3145//3051
f 3147//3052 3155//3052 3154//3052 3146//3052
f 3148//3053 3156//3053 3155//3053 3147//3053
f 3149//3054 3157//3054 3156//3054 3148//3054
f 3150//3055 3158//3055 3157//3055 3149//3055
f 3151//3056 3159//3056 3158//3056 3150//3056
f 2913//3057 3160//3057 3102//3057 2804//3057
f 3161//3058 3103//3058 3102//3058 3160//3058
f 2914//3059 3161//3059 3160//3059 2913//3059
f 2915//3060 3162//3060 3161//3060 2914//3060
f 2917//3061 3163//3061 3162//3061 2915//3061
f 2918//3062 3164//3062 3163//3062 2917//3062
f 2919//3063 3165//3063 3164//3063 2918//3063
f 2920//3064 3166//3064 3165//3064 2919//3064
f 3168//3065 3167//3065 3165//3065 3166//3065
f 2921//3066 3168//3066 3166//3066 2920//3066
f 2922//3067 3169//3067 3168//3067 2921//3067
f 2923//3068 3170//3068 3169//3068 2922//3068
f 2924//3069 3171//3069 3170//3069 2923//3069
f 3161//3070 3172//3070 3110//3070 3103//3070
f 3162//3071 3173//3071 3172//3071 3161//3071
f 3163//3072 3174//3072 3173//3072 3162//3072
f 3164//3073 3175//3073 3174//3073 3163//3073
f 3165//3074 3176//3074 3175//3074 3164//3074
f 3167//3075 3177//3075 3176//3075 3165//3075
f 3168//3076 3178//3076 3177//3076 3167//3076
f 3169//3077 3179//3077 3178//3077 3168//3077
f 3170//3078 3180//3078 3179//3078 3169//3078
f 3171//3079 3181//3079 3180//3079 3170//3079
f 3172//3080 3182//3080 3117//3080 3110//3080
f 3173//3081 3183//3081 3182//3081 3172//3081
f 3185//3082 3184//3082 3182//3082 3183//3082
f 3174//3083 3185//3083 3183//3083 3173//3083
f 3175//3084 3186//3084 3185//3084 3174//3084
f 3176//3085 3187//3085 3186//3085 3175//3085
f 3189//3086 3188//3086 3186//3086 3187//3086
f 3177//3087 3189//3087 3187//3087 3176//3087
f 3178//3088 3190//3088 3189//3088 3177//3088
f 3179//3089 3191//3089 3190//3089 3178//3089
f 3180//3090 3192//3090 3191//3090 3179//3090
f 3181//3091 3193//3091 3192//3091 3180//3091
f 3182//3092 3194//3092 3126//3092 3117//3092
f 3184//3093 3195//3093 3194//3093 3182//3093
f 3185//3094 3196//3094 3195//3094 3184//3094
f 3186//3095 3197//3095 3196//3095 3185//3095
f 3188//3096 3198//3096 3197//3096 3186//3096
f 3189//3097 3199//3097 3198//3097 3188//3097
f 3190//3098 3200//3098 3199//3098 3189//3098
f 3191//3099 3201//3099 3200//3099 3190//3099
f 3192//3100 3202//3100 3201//3100 3191//3100
f 3193//3101 3203//3101 3202//3101 3192//3101
f 3194//3102 3204//3102 3134//3102 3126//3102
f 3205//3103 3135//3103 3134//3103 3204//3103
f 3195//3104 3205//3104 3204//3104 3194//3104
f 3196//3105 3206//3105 3205//3105 3195//3105
f 3197//3106 3207//3106 3206//3106 3196//3106
f 3209//3107 3208//3107 3206//3107 3207//3107
f 3198//3108 3209//3108 3207//3108 3197//3108
f 3199//3109 3210//3109 3209//3109 3198//3109
f 3200//3110 3211//3110 3210//3110 3199//3110
f 3201//3111 3212//3111 3211//3111 3200//3111
f 3202//3112 3213//3112 3212//3112 3201//3112
f 3203//3113 3214//3113 3213//3113 3202//3113
f 3205//3114 3215//3114 3143//3114 3135//3114
f 3206//3115 3216//3115 3215//3115 3205//3115
f 3208//3116 3217//3116 3216//3116 3206//3116
f 3209//3117 3218//3117 3217//3117 3208//3117
f 3210//3118 3219//3118 3218//3118 3209//3118
f 3211//3119 3220//3119 3219//3119 3210//3119
f 3212//3120 3221//3120 3220//3120 3211//3120
f 3213//3121 3222//3121 3221//3121 3212//3121
f 3214//3122 3223//3122 3222//3122 3213//3122
f 3215//3123 3224//3123 3151//3123 3143//3123
f 3216//3124 3225//3124 3224//3124 3215//3124
f 3217//3125 3226//3125 3225//3125 3216//3125
f 3218//3126 3227//3126 3226//3126 3217//3126
f 3219//3127 3228//3127 3227//3127 3218//3127
f 3220//3128 3229//3128 3228//3128 3219//3128
f 3221//3129 3230//3129 3229//3129 3220//3129
f 3222//3130 3231//3130 3230//3130 3221//3130
f 3223//3131 3232//3131 3231//3131 3222//3131
f 3224//3132 3233//3132 3159//3132 3151//3132
f 3225//3133 3234//3133 3233//3133 3224//3133
f 3226//3134 3235//3134 3234//3134 3225//3134
f 3227//3135 3236//3135 3235//3135 3226//3135
f 3228//3136 3237//3136 3236//3136 3227//3136
f 3229//3137 3238//3137 3237//3137 3228//3137
f 3230//3138 3239//3138 3238//3138 3229//3138
f 3231//3139 3240//3139 3239//3139 3230//3139
f 3232//3140 3241//3140 3240//3140 3231//3140
f 2998//3141 3246//3141 3171//3141 2924//3141
f 2999//3142 3247//3142 3246//3142 2998//3142
f 3000//3143 3248//3143 3247//3143 2999//3143
f 3001//3144 3249//3144 3248//3144 3000//3144
f 3002//3145 3250//3145 3249//3145 3001//3145
f 3250//3146 3251//3146 3243//3146 3242//3146
f 3003//3147 3251//3147 3250//3147 3002//3147
f 3251//3148 3252//3148 3244//3148 3243//3148
f 3004//3149 3252//3149 3251//3149 3003//3149
f 3252//3150 3253//3150 3245//3150 3244//3150
f 3005//3151 3253//3151 3252//3151 3004//3151
f 3243//3152 3256//3152 3255//3152 3242//3152
f 3244//3153 3257//3153 3256//3153 3243//3153
f 3245//3154 3258//3154 3257//3154 3244//3154
f 3246//3155 3259//3155 3181//3155 3171//3155
f 3247//3156 3260//3156 3259//3156 3246//3156
f 3248//3157 3261//3157 3260//3157 3247//3157
f 3249//3158 3262//3158 3261//3158 3248//3158
f 3262//3159 3263//3159 3255//3159 3254//3159
f 3250//3160 3263//3160 3262//3160 3249//3160
f 3263//3161 3250//3161 3242//3161 3255//3161
f 3255//3162 3271//3162 3270//3162 3254//3162
f 3271//3163 3272//3163 3265//3163 3264//3163
f 3256//3164 3272//3164 3271//3164 3255//3164
f 3272//3165 3273//3165 3266//3165 3265//3165
f 3257//3166 3273//3166 3272//3166 3256//3166
f 3273//3167 3274//3167 3267//3167 3266//3167
f 3258//3168 3274//3168 3273//3168 3257//3168
f 3259//3169 3275//3169 3193//3169 3181//3169
f 3260//3170 3276//3170 3275//3170 3259//3170
f 3276//3171 3277//3171 3269//3171 3268//3171
f 3261//3172 3277//3172 3276//3172 3260//3172
f 3277//3173 3278//3173 3270//3173 3269//3173
f 3262//3174 3278//3174 3277//3174 3261//3174
f 3278//3175 3262//3175 3254//3175 3270//3175
f 3265//3176 3284//3176 3283//3176 3264//3176
f 3284//3177 3285//3177 3280//3177 3279//3177
f 3266//3178 3285//3178 3284//3178 3265//3178
f 3285//3179 3286//3179 3281//3179 3280//3179
f 3267//3180 3286//3180 3285//3180 3266//3180
f 3269//3181 3288//3181 3287//3181 3268//3181
f 3270//3182 3289//3182 3288//3182 3269//3182
f 3289//3183 3290//3183 3283//3183 3282//3183
f 3271//3184 3290//3184 3289//3184 3270//3184
f 3290//3185 3271//3185 3264//3185 3283//3185
f 3275//3186 3291//3186 3203//3186 3193//3186
f 3276//3187 3292//3187 3291//3187 3275//3187
f 3292//3188 3276//3188 3268//3188 3287//3188
f 3280//3189 3297//3189 3296//3189 3279//3189
f 3297//3190 3298//3190 3294//3190 3293//3190
f 3281//3191 3298//3191 3297//3191 3280//3191
f 3283//3192 3301//3192 3300//3192 3282//3192
f 3301//3193 3302//3193 3296//3193 3295//3193
f 3284//3194 3302//3194 3301//3194 3283//3194
f 3302//3195 3284//3195 3279//3195 3296//3195
f 3288//3196 3305//3196 3304//3196 3287//3196
f 3305//3197 3306//3197 3300//3197 3299//3197
f 3289//3198 3306//3198 3305//3198 3288//3198
f 3306//3199 3289//3199 3282//3199 3300//3199
f 3291//3200 3307//3200 3214//3200 3203//3200
f 3307//3201 3308//3201 3304//3201 3303//3201
f 3292//3202 3308//3202 3307//3202 3291//3202
f 3308//3203 3292//3203 3287//3203 3304//3203
f 3312//3204 3313//3204 3310//3204 3309//3204
f 3294//3205 3313//3205 3312//3205 3293//3205
f 3296//3206 3316//3206 3315//3206 3295//3206
f 3316//3207 3317//3207 3312//3207 3311//3207
f 3297//3208 3317//3208 3316//3208 3296//3208
f 3317//3209 3297//3209 3293//3209 3312//3209
f 3300//3210 3319//3210 3318//3210 3299//3210
f 3319//3211 3320//3211 3315//3211 3314//3211
f 3301//3212 3320//3212 3319//3212 3300//3212
f 3320//3213 3301//3213 3295//3213 3315//3213
f 3304//3214 3322//3214 3321//3214 3303//3214
f 3305//3215 3323//3215 3322//3215 3304//3215
f 3323//3216 3305//3216 3299//3216 3318//3216
f 3307//3217 3324//3217 3223//3217 3214//3217
f 3324//3218 3307//3218 3303//3218 3321//3218
f 3310//3219 3328//3219 3327//3219 3309//3219
f 3330//3220 3331//3220 3326//3220 3325//3220
f 3312//3221 3331//3221 3330//3221 3311//3221
f 3331//3222 3312//3222 3309//3222 3327//3222
f 3332//3223 3331//3223 3327//3223 3328//3223
f 3315//3224 3334//3224 3333//3224 3314//3224
f 3334//3225 3335//3225 3330//3225 3329//3225
f 3316//3226 3335//3226 3334//3226 3315//3226
f 3335//3227 3316//3227 3311//3227 3330//3227
f 3319//3228 3337//3228 3336//3228 3318//3228
f 3337//3229 3319//3229 3314//3229 3333//3229
f 3322//3230 3339//3230 3338//3230 3321//3230
f 3323//3231 3340//3231 3339//3231 3322//3231
f 3340//3232 3323//3232 3318//3232 3336//3232
f 3324//3233 3341//3233 3232//3233 3223//3233
f 3341//3234 3324//3234 3321//3234 3338//3234
f 3326//3235 3343//3235 3342//3235 3325//3235
f 3330//3236 3345//3236 3344//3236 3329//3236
f 3345//3237 3330//3237 3325//3237 3342//3237
f 3331//3238 3346//3238 3343//3238 3326//3238
f 3332//3239 3347//3239 3346//3239 3331//3239
f 3334//3240 3349//3240 3348//3240 3333//3240
f 3349//3241 3334//3241 3329//3241 3344//3241
f 3337//3242 3352//3242 3351//3242 3336//3242
f 3352//3243 3337//3243 3333//3243 3348//3243
f 3339//3244 3355//3244 3354//3244 3338//3244
f 3340//3245 3356//3245 3355//3245 3339//3245
f 3356//3246 3340//3246 3336//3246 3351//3246
f 3341//3247 3358//3247 3241//3247 3232//3247
f 3358//3248 3341//3248 3338//3248 3354//3248
f 3362//3249 2492//3249 290//3249 1398//3249
f 3363//3250 3362//3250 1398//3250 1399//3250
f 3364//3251 3363//3251 1399//3251 1400//3251
f 3365//3252 3364//3252 1400//3252 1401//3252
f 3366//3253 3365//3253 1401//3253 1402//3253
f 3367//3254 3366//3254 1402//3254 1403//3254
f 3368//3255 3367//3255 1403//3255 1404//3255
f 3369//3256 2498//3256 2492//3256 3362//3256
f 3370//3257 3369//3257 3362//3257 3363//3257
f 3371//3258 3370//3258 3363//3258 3364//3258
f 3372//3259 3371//3259 3364//3259 3365//3259
f 3373//3260 3372//3260 3365//3260 3366//3260
f 3374//3261 3373//3261 3366//3261 3367//3261
f 3375//3262 3374//3262 3367//3262 3368//3262
f 3376//3263 2504//3263 2498//3263 3369//3263
f 3377//3264 3376//3264 3369//3264 3370//3264
f 3378//3265 3377//3265 3370//3265 3371//3265
f 3379//3266 3378//3266 3371//3266 3372//3266
f 3380//3267 3379//3267 3372//3267 3373//3267
f 3381//3268 3380//3268 3373//3268 3374//3268
f 3382//3269 3381//3269 3374//3269 3375//3269
f 3383//3270 2509//3270 2504//3270 3376//3270
f 3384//3271 3383//3271 3376//3271 3377//3271
f 3385//3272 3384//3272 3377//3272 3378//3272
f 3386//3273 3385//3273 3378//3273 3379//3273
f 3387//3274 3386//3274 3379//3274 3380//3274
f 3388//3275 3387//3275 3380//3275 3381//3275
f 3389//3276 2513//3276 2509//3276 3383//3276
f 3390//3277 3389//3277 3383//3277 3384//3277
f 3391//3278 3390//3278 3384//3278 3385//3278
f 3392//3279 3391//3279 3385//3279 3386//3279
f 3393//3280 3392//3280 3386//3280 3387//3280
f 3394//3281 2515//3281 2513//3281 3389//3281
f 3395//3282 3394//3282 3389//3282 3390//3282
f 3396//3283 3395//3283 3390//3283 3391//3283
f 3397//3284 3396//3284 3391//3284 3392//3284
f 3398//3285 3368//3285 1404//3285 1435//3285
f 3399//3286 3398//3286 1435//3286 1436//3286
f 3400//3287 3375//3287 3368//3287 3398//3287
f 3401//3288 3400//3288 3398//3288 3399//3288
f 3382//3289 3403//3289 3402//3289 3381//3289
f 3403//3290 3382//3290 3375//3290 3400//3290
f 3404//3291 3403//3291 3400//3291 3401//3291
f 3388//3292 3406//3292 3405//3292 3387//3292
f 3406//3293 3388//3293 3381//3293 3402//3293
f 3407//3294 3406//3294 3402//3294 3403//3294
f 3408//3295 3407//3295 3403//3295 3404//3295
f 3393//3296 3410//3296 3409//3296 3392//3296
f 3410//3297 3393//3297 3387//3297 3405//3297
f 3411//3298 3410//3298 3405//3298 3406//3298
f 3412//3299 3411//3299 3406//3299 3407//3299
f 3413//3300 3412//3300 3407//3300 3408//3300
f 3394//3301 3414//3301 2544//3301 2515//3301
f 3395//3302 3415//3302 3414//3302 3394//3302
f 3396//3303 3416//3303 3415//3303 3395//3303
f 3397//3304 3417//3304 3416//3304 3396//3304
f 3417//3305 3397//3305 3392//3305 3409//3305
f 3418//3306 3417//3306 3409//3306 3410//3306
f 3419//3307 3418//3307 3410//3307 3411//3307
f 3420//3308 3419//3308 3411//3308 3412//3308
f 3421//3309 3420//3309 3412//3309 3413//3309
f 3422//3310 2550//3310 2544//3310 3414//3310
f 3423//3311 3422//3311 3414//3311 3415//3311
f 3424//3312 3423//3312 3415//3312 3416//3312
f 3425//3313 3424//3313 3416//3313 3417//3313
f 3426//3314 3425//3314 3417//3314 3418//3314
f 3427//3315 3426//3315 3418//3315 3419//3315
f 3428//3316 3427//3316 3419//3316 3420//3316
f 3429//3317 2554//3317 2550//3317 3422//3317
f 3430//3318 3429//3318 3422//3318 3423//3318
f 3431//3319 3430//3319 3423//3319 3424//3319
f 3432//3320 3431//3320 3424//3320 3425//3320
f 3433//3321 3432//3321 3425//3321 3426//3321
f 3421//3322 3436//3322 3435//3322 3420//3322
f 3436//3323 3421//3323 3413//3323 3434//3323
f 3427//3324 3438//3324 3437//3324 3426//3324
f 3428//3325 3439//3325 3438//3325 3427//3325
f 3439//3326 3428//3326 3420//3326 3435//3326
f 3440//3327 3439//3327 3435//3327 3436//3327
f 3431//3328 3442//3328 3441//3328 3430//3328
f 3432//3329 3443//3329 3442//3329 3431//3329
f 3433//3330 3444//3330 3443//3330 3432//3330
f 3444//3331 3433//3331 3426//3331 3437//3331
f 3445//3332 3444//3332 3437//3332 3438//3332
f 3446//3333 3445//3333 3438//3333 3439//3333
f 3447//3334 3446//3334 3439//3334 3440//3334
f 3447//3335 3449//3335 3448//3335 3446//3335
f 3450//3336 3399//3336 1436//3336 1448//3336
f 3451//3337 3450//3337 1448//3337 1449//3337
f 3452//3338 3401//3338 3399//3338 3450//3338
f 3453//3339 3452//3339 3450//3339 3451//3339
f 3454//3340 3404//3340 3401//3340 3452//3340
f 3455//3341 3454//3341 3452//3341 3453//3341
f 3456//3342 3408//3342 3404//3342 3454//3342
f 3457//3343 3413//3343 3408//3343 3456//3343
f 3458//3344 3451//3344 1449//3344 1470//3344
f 3459//3345 3458//3345 1470//3345 1471//3345
f 3460//3346 3459//3346 1471//3346 1472//3346
f 3461//3347 3453//3347 3451//3347 3458//3347
f 3462//3348 3461//3348 3458//3348 3459//3348
f 3463//3349 3462//3349 3459//3349 3460//3349
f 3455//3350 3465//3350 3464//3350 3454//3350
f 3465//3351 3455//3351 3453//3351 3461//3351
f 3466//3352 3465//3352 3461//3352 3462//3352
f 3467//3353 3466//3353 3462//3353 3463//3353
f 3468//3354 3456//3354 3454//3354 3464//3354
f 3469//3355 3468//3355 3464//3355 3465//3355
f 3470//3356 3469//3356 3465//3356 3466//3356
f 3457//3357 3471//3357 3434//3357 3413//3357
f 3471//3358 3457//3358 3456//3358 3468//3358
f 3472//3359 3471//3359 3468//3359 3469//3359
f 3473//3360 3472//3360 3469//3360 3470//3360
f 3474//3361 3436//3361 3434//3361 3471//3361
f 3475//3362 3474//3362 3471//3362 3472//3362
f 3476//3363 3440//3363 3436//3363 3474//3363
f 3477//3364 3447//3364 3440//3364 3476//3364
f 3478//3365 3460//3365 1472//3365 1494//3365
f 3479//3366 3478//3366 1494//3366 1495//3366
f 3480//3367 3463//3367 3460//3367 3478//3367
f 3481//3368 3480//3368 3478//3368 3479//3368
f 3467//3369 3483//3369 3482//3369 3466//3369
f 3483//3370 3467//3370 3463//3370 3480//3370
f 3484//3371 3483//3371 3480//3371 3481//3371
f 3485//3372 3470//3372 3466//3372 3482//3372
f 3486//3373 3485//3373 3482//3373 3483//3373
f 3487//3374 3486//3374 3483//3374 3484//3374
f 3473//3375 3489//3375 3488//3375 3472//3375
f 3489//3376 3473//3376 3470//3376 3485//3376
f 3490//3377 3489//3377 3485//3377 3486//3377
f 3475//3378 3492//3378 3491//3378 3474//3378
f 3492//3379 3475//3379 3472//3379 3488//3379
f 3493//3380 3492//3380 3488//3380 3489//3380
f 3494//3381 3493//3381 3489//3381 3490//3381
f 3495//3382 3476//3382 3474//3382 3491//3382
f 3496//3383 3495//3383 3491//3383 3492//3383
f 3497//3384 3496//3384 3492//3384 3493//3384
f 3477//3385 3498//3385 3449//3385 3447//3385
f 3498//3386 3477//3386 3476//3386 3495//3386
f 3499//3387 3498//3387 3495//3387 3496//3387
f 3500//3388 3479//3388 1495//3388 1515//3388
f 3501//3389 3500//3389 1515//3389 1516//3389
f 3502//3390 3501//3390 1516//3390 1517//3390
f 3503//3391 3481//3391 3479//3391 3500//3391
f 3504//3392 3503//3392 3500//3392 3501//3392
f 3505//3393 3504//3393 3501//3393 3502//3393
f 3506//3394 3484//3394 3481//3394 3503//3394
f 3507//3395 3506//3395 3503//3395 3504//3395
f 3508//3396 3507//3396 3504//3396 3505//3396
f 3487//3397 3510//3397 3509//3397 3486//3397
f 3510//3398 3487//3398 3484//3398 3506//3398
f 3511//3399 3510//3399 3506//3399 3507//3399
f 3512//3400 3490//3400 3486//3400 3509//3400
f 3513//3401 3512//3401 3509//3401 3510//3401
f 3514//3402 3513//3402 3510//3402 3511//3402
f 3494//3403 3516//3403 3515//3403 3493//3403
f 3516//3404 3494//3404 3490//3404 3512//3404
f 3517//3405 3516//3405 3512//3405 3513//3405
f 3497//3406 3519//3406 3518//3406 3496//3406
f 3519//3407 3497//3407 3493//3407 3515//3407
f 3520//3408 3519//3408 3515//3408 3516//3408
f 3521//3409 3520//3409 3516//3409 3517//3409
f 3522//3410 3499//3410 3496//3410 3518//3410
f 3523//3411 3522//3411 3518//3411 3519//3411
f 3524//3412 3523//3412 3519//3412 3520//3412
f 3525//3413 3502//3413 1517//3413 1536//3413
f 3526//3414 3525//3414 1536//3414 1537//3414
f 3527//3415 3505//3415 3502//3415 3525//3415
f 3528//3416 3527//3416 3525//3416 3526//3416
f 3508//3417 3530//3417 3529//3417 3507//3417
f 3530//3418 3508//3418 3505//3418 3527//3418
f 3531//3419 3530//3419 3527//3419 3528//3419
f 3532//3420 3511//3420 3507//3420 3529//3420
f 3533//3421 3532//3421 3529//3421 3530//3421
f 3534//3422 3533//3422 3530//3422 3531//3422
f 3514//3423 3536//3423 3535//3423 3513//3423
f 3536//3424 3514//3424 3511//3424 3532//3424
f 3537//3425 3536//3425 3532//3425 3533//3425
f 3538//3426 3517//3426 3513//3426 3535//3426
f 3539//3427 3538//3427 3535//3427 3536//3427
f 3540//3428 3539//3428 3536//3428 3537//3428
f 3521//3429 3542//3429 3541//3429 3520//3429
f 3542//3430 3521//3430 3517//3430 3538//3430
f 3543//3431 3542//3431 3538//3431 3539//3431
f 3524//3432 3545//3432 3544//3432 3523//3432
f 3545//3433 3524//3433 3520//3433 3541//3433
f 3546//3434 3545//3434 3541//3434 3542//3434
f 3547//3435 3546//3435 3542//3435 3543//3435
f 3548//3436 2592//3436 2554//3436 3429//3436
f 3549//3437 3548//3437 3429//3437 3430//3437
f 3548//3438 3550//3438 2598//3438 2592//3438
f 3549//3439 3551//3439 3550//3439 3548//3439
f 3551//3440 3549//3440 3430//3440 3441//3440
f 3552//3441 3551//3441 3441//3441 3442//3441
f 3553//3442 3552//3442 3442//3442 3443//3442
f 3554//3443 3553//3443 3443//3443 3444//3443
f 3555//3444 3554//3444 3444//3444 3445//3444
f 3556//3445 3555//3445 3445//3445 3446//3445
f 3557//3446 2602//3446 2598//3446 3550//3446
f 3558//3447 3557//3447 3550//3447 3551//3447
f 3559//3448 3558//3448 3551//3448 3552//3448
f 3560//3449 3559//3449 3552//3449 3553//3449
f 3561//3450 3560//3450 3553//3450 3554//3450
f 3555//3451 3563//3451 3562//3451 3554//3451
f 3556//3452 3564//3452 3563//3452 3555//3452
f 3564//3453 3556//3453 3446//3453 3448//3453
f 3565//3454 3564//3454 3448//3454 3449//3454
f 3557//3455 3566//3455 2614//3455 2602//3455
f 3558//3456 3567//3456 3566//3456 3557//3456
f 3559//3457 3568//3457 3567//3457 3558//3457
f 3560//3458 3569//3458 3568//3458 3559//3458
f 3561//3459 3570//3459 3569//3459 3560//3459
f 3570//3460 3561//3460 3554//3460 3562//3460
f 3571//3461 3570//3461 3562//3461 3563//3461
f 3572//3462 3571//3462 3563//3462 3564//3462
f 3573//3463 3572//3463 3564//3463 3565//3463
f 3574//3464 2619//3464 2614//3464 3566//3464
f 3575//3465 3574//3465 3566//3465 3567//3465
f 3576//3466 3575//3466 3567//3466 3568//3466
f 3577//3467 3576//3467 3568//3467 3569//3467
f 3578//3468 3577//3468 3569//3468 3570//3468
f 3579//3469 3578//3469 3570//3469 3571//3469
f 3580//3470 2620//3470 2619//3470 3574//3470
f 3581//3471 3580//3471 3574//3471 3575//3471
f 3572//3472 3584//3472 3583//3472 3571//3472
f 3573//3473 3585//3473 3584//3473 3572//3473
f 3585//3474 3573//3474 3565//3474 3582//3474
f 3576//3475 3587//3475 3586//3475 3575//3475
f 3577//3476 3588//3476 3587//3476 3576//3476
f 3578//3477 3589//3477 3588//3477 3577//3477
f 3579//3478 3590//3478 3589//3478 3578//3478
f 3590//3479 3579//3479 3571//3479 3583//3479
f 3591//3480 3590//3480 3583//3480 3584//3480
f 3592//3481 3591//3481 3584//3481 3585//3481
f 3580//3482 3593//3482 2639//3482 2620//3482
f 3581//3483 3594//3483 3593//3483 3580//3483
f 3594//3484 3581//3484 3575//3484 3586//3484
f 3595//3485 3594//3485 3586//3485 3587//3485
f 3596//3486 3595//3486 3587//3486 3588//3486
f 3597//3487 3596//3487 3588//3487 3589//3487
f 3598//3488 3597//3488 3589//3488 3590//3488
f 3599//3489 3598//3489 3590//3489 3591//3489
f 3601//3490 3600//3490 3593//3490 3594//3490
f 3592//3491 3603//3491 3602//3491 3591//3491
f 3593//3492 3604//3492 2652//3492 2639//3492
f 3595//3493 3606//3493 3605//3493 3594//3493
f 3596//3494 3607//3494 3606//3494 3595//3494
f 3597//3495 3608//3495 3607//3495 3596//3495
f 3598//3496 3609//3496 3608//3496 3597//3496
f 3599//3497 3610//3497 3609//3497 3598//3497
f 3610//3498 3599//3498 3591//3498 3602//3498
f 3611//3499 3610//3499 3602//3499 3603//3499
f 3612//3500 2657//3500 2652//3500 3604//3500
f 3600//3501 3612//3501 3604//3501 3593//3501
f 3601//3502 3613//3502 3612//3502 3600//3502
f 3613//3503 3601//3503 3594//3503 3605//3503
f 3614//3504 3613//3504 3605//3504 3606//3504
f 3615//3505 3614//3505 3606//3505 3607//3505
f 3616//3506 3615//3506 3607//3506 3608//3506
f 3617//3507 3616//3507 3608//3507 3609//3507
f 3618//3508 3565//3508 3449//3508 3498//3508
f 3619//3509 3618//3509 3498//3509 3499//3509
f 3618//3510 3620//3510 3582//3510 3565//3510
f 3619//3511 3621//3511 3620//3511 3618//3511
f 3621//3512 3619//3512 3499//3512 3522//3512
f 3622//3513 3621//3513 3522//3513 3523//3513
f 3623//3514 3585//3514 3582//3514 3620//3514
f 3624//3515 3623//3515 3620//3515 3621//3515
f 3625//3516 3592//3516 3585//3516 3623//3516
f 3622//3517 3627//3517 3626//3517 3621//3517
f 3627//3518 3622//3518 3523//3518 3544//3518
f 3628//3519 3627//3519 3544//3519 3545//3519
f 3629//3520 3628//3520 3545//3520 3546//3520
f 3624//3521 3631//3521 3630//3521 3623//3521
f 3631//3522 3624//3522 3621//3522 3626//3522
f 3632//3523 3631//3523 3626//3523 3627//3523
f 3633//3524 3632//3524 3627//3524 3628//3524
f 3625//3525 3634//3525 3603//3525 3592//3525
f 3634//3526 3625//3526 3623//3526 3630//3526
f 3635//3527 3634//3527 3630//3527 3631//3527
f 3636//3528 3611//3528 3603//3528 3634//3528
f 3637//3529 3526//3529 1537//3529 1905//3529
f 3638//3530 3528//3530 3526//3530 3637//3530
f 3639//3531 3531//3531 3528//3531 3638//3531
f 3534//3532 3641//3532 3640//3532 3533//3532
f 3641//3533 3534//3533 3531//3533 3639//3533
f 3642//3534 3537//3534 3533//3534 3640//3534
f 3643//3535 3642//3535 3640//3535 3641//3535
f 3540//3536 3645//3536 3644//3536 3539//3536
f 3645//3537 3540//3537 3537//3537 3642//3537
f 3646//3538 3645//3538 3642//3538 3643//3538
f 3647//3539 3543//3539 3539//3539 3644//3539
f 3648//3540 3647//3540 3644//3540 3645//3540
f 3547//3541 3650//3541 3649//3541 3546//3541
f 3650//3542 3547//3542 3543//3542 3647//3542
f 3651//3543 3650//3543 3647//3543 3648//3543
f 3653//3544 3643//3544 3641//3544 3652//3544
f 3646//3545 3655//3545 3654//3545 3645//3545
f 3655//3546 3646//3546 3643//3546 3653//3546
f 3656//3547 3648//3547 3645//3547 3654//3547
f 3657//3548 3656//3548 3654//3548 3655//3548
f 3651//3549 3659//3549 3658//3549 3650//3549
f 3659//3550 3651//3550 3648//3550 3656//3550
f 3660//3551 3659//3551 3656//3551 3657//3551
f 3662//3552 3657//3552 3655//3552 3661//3552
f 3660//3553 3664//3553 3663//3553 3659//3553
f 3664//3554 3660//3554 3657//3554 3662//3554
f 3666//3555 3637//3555 1905//3555 1918//3555
f 3667//3556 3638//3556 3637//3556 3666//3556
f 3668//3557 3639//3557 3638//3557 3667//3557
f 3669//3558 3641//3558 3639//3558 3668//3558
f 3670//3559 3666//3559 1918//3559 1927//3559
f 3671//3560 3670//3560 1927//3560 1928//3560
f 3672//3561 3667//3561 3666//3561 3670//3561
f 3673//3562 3672//3562 3670//3562 3671//3562
f 3674//3563 3668//3563 3667//3563 3672//3563
f 3675//3564 3674//3564 3672//3564 3673//3564
f 3669//3565 3676//3565 3652//3565 3641//3565
f 3676//3566 3669//3566 3668//3566 3674//3566
f 3677//3567 3653//3567 3652//3567 3676//3567
f 3678//3568 3655//3568 3653//3568 3677//3568
f 3679//3569 3671//3569 1928//3569 1941//3569
f 3680//3570 3673//3570 3671//3570 3679//3570
f 3675//3571 3682//3571 3681//3571 3674//3571
f 3682//3572 3675//3572 3673//3572 3680//3572
f 3683//3573 3676//3573 3674//3573 3681//3573
f 3684//3574 3683//3574 3681//3574 3682//3574
f 3685//3575 3677//3575 3676//3575 3683//3575
f 3686//3576 3685//3576 3683//3576 3684//3576
f 3678//3577 3687//3577 3661//3577 3655//3577
f 3687//3578 3678//3578 3677//3578 3685//3578
f 3688//3579 3687//3579 3685//3579 3686//3579
f 3689//3580 3662//3580 3661//3580 3687//3580
f 3690//3581 3664//3581 3662//3581 3689//3581
f 3691//3582 3679//3582 1941//3582 1955//3582
f 3692//3583 3691//3583 1955//3583 1956//3583
f 3693//3584 3680//3584 3679//3584 3691//3584
f 3694//3585 3693//3585 3691//3585 3692//3585
f 3695//3586 3682//3586 3680//3586 3693//3586
f 3696//3587 3695//3587 3693//3587 3694//3587
f 3697//3588 3684//3588 3682//3588 3695//3588
f 3698//3589 3697//3589 3695//3589 3696//3589
f 3699//3590 3686//3590 3684//3590 3697//3590
f 3700//3591 3699//3591 3697//3591 3698//3591
f 3688//3592 3702//3592 3701//3592 3687//3592
f 3702//3593 3688//3593 3686//3593 3699//3593
f 3703//3594 3689//3594 3687//3594 3701//3594
f 3704//3595 3703//3595 3701//3595 3702//3595
f 3690//3596 3705//3596 3665//3596 3664//3596
f 3705//3597 3690//3597 3689//3597 3703//3597
f 3706//3598 3692//3598 1956//3598 1970//3598
f 3707//3599 3706//3599 1970//3599 1971//3599
f 3708//3600 3694//3600 3692//3600 3706//3600
f 3709//3601 3708//3601 3706//3601 3707//3601
f 3710//3602 3696//3602 3694//3602 3708//3602
f 3711//3603 3710//3603 3708//3603 3709//3603
f 3712//3604 3698//3604 3696//3604 3710//3604
f 3700//3605 3714//3605 3713//3605 3699//3605
f 3714//3606 3700//3606 3698//3606 3712//3606
f 3715//3607 3702//3607 3699//3607 3713//3607
f 3716//3608 3715//3608 3713//3608 3714//3608
f 3704//3609 3718//3609 3717//3609 3703//3609
f 3718//3610 3704//3610 3702//3610 3715//3610
f 3719//3611 3718//3611 3715//3611 3716//3611
f 3720//3612 3705//3612 3703//3612 3717//3612
f 3721//3613 3720//3613 3717//3613 3718//3613
f 3722//3614 3707//3614 1971//3614 1984//3614
f 3723//3615 3709//3615 3707//3615 3722//3615
f 3711//3616 3725//3616 3724//3616 3710//3616
f 3725//3617 3711//3617 3709//3617 3723//3617
f 3726//3618 3712//3618 3710//3618 3724//3618
f 3727//3619 3726//3619 3724//3619 3725//3619
f 3728//3620 3714//3620 3712//3620 3726//3620
f 3729//3621 3728//3621 3726//3621 3727//3621
f 3730//3622 3716//3622 3714//3622 3728//3622
f 3719//3623 3732//3623 3731//3623 3718//3623
f 3732//3624 3719//3624 3716//3624 3730//3624
f 3733//3625 3721//3625 3718//3625 3731//3625
f 3734//3626 3733//3626 3731//3626 3732//3626
f 3735//3627 3722//3627 1984//3627 1997//3627
f 3736//3628 3735//3628 1997//3628 1998//3628
f 3737//3629 3723//3629 3722//3629 3735//3629
f 3738//3630 3737//3630 3735//3630 3736//3630
f 3739//3631 3725//3631 3723//3631 3737//3631
f 3740//3632 3739//3632 3737//3632 3738//3632
f 3741//3633 3727//3633 3725//3633 3739//3633
f 3729//3634 3743//3634 3742//3634 3728//3634
f 3743//3635 3729//3635 3727//3635 3741//3635
f 3744//3636 3730//3636 3728//3636 3742//3636
f 3745//3637 3744//3637 3742//3637 3743//3637
f 3746//3638 3732//3638 3730//3638 3744//3638
f 3747//3639 3746//3639 3744//3639 3745//3639
f 3734//3640 3749//3640 3748//3640 3733//3640
f 3749//3641 3734//3641 3732//3641 3746//3641
f 3750//3642 3736//3642 1998//3642 2011//3642
f 3751//3643 3738//3643 3736//3643 3750//3643
f 3740//3644 3753//3644 3752//3644 3739//3644
f 3753//3645 3740//3645 3738//3645 3751//3645
f 3754//3646 3741//3646 3739//3646 3752//3646
f 3755//3647 3754//3647 3752//3647 3753//3647
f 3756//3648 3743//3648 3741//3648 3754//3648
f 3757//3649 3756//3649 3754//3649 3755//3649
f 3758//3650 3745//3650 3743//3650 3756//3650
f 3747//3651 3760//3651 3759//3651 3746//3651
f 3760//3652 3747//3652 3745//3652 3758//3652
f 3761//3653 3749//3653 3746//3653 3759//3653
f 3762//3654 3761//3654 3759//3654 3760//3654
f 3610//3655 3764//3655 3763//3655 3609//3655
f 3611//3656 3765//3656 3764//3656 3610//3656
f 3612//3657 3766//3657 2936//3657 2657//3657
f 3613//3658 3767//3658 3766//3658 3612//3658
f 3614//3659 3768//3659 3767//3659 3613//3659
f 3615//3660 3769//3660 3768//3660 3614//3660
f 3616//3661 3770//3661 3769//3661 3615//3661
f 3617//3662 3771//3662 3770//3662 3616//3662
f 3771//3663 3617//3663 3609//3663 3763//3663
f 3772//3664 3771//3664 3763//3664 3764//3664
f 3773//3665 3772//3665 3764//3665 3765//3665
f 3774//3666 2938//3666 2936//3666 3766//3666
f 3775//3667 3774//3667 3766//3667 3767//3667
f 3776//3668 3775//3668 3767//3668 3768//3668
f 3777//3669 3776//3669 3768//3669 3769//3669
f 3778//3670 3777//3670 3769//3670 3770//3670
f 3771//3671 3781//3671 3780//3671 3770//3671
f 3772//3672 3782//3672 3781//3672 3771//3672
f 3773//3673 3783//3673 3782//3673 3772//3673
f 3783//3674 3773//3674 3765//3674 3779//3674
f 3774//3675 3784//3675 2952//3675 2938//3675
f 3775//3676 3785//3676 3784//3676 3774//3676
f 3776//3677 3786//3677 3785//3677 3775//3677
f 3777//3678 3787//3678 3786//3678 3776//3678
f 3778//3679 3788//3679 3787//3679 3777//3679
f 3788//3680 3778//3680 3770//3680 3780//3680
f 3789//3681 3788//3681 3780//3681 3781//3681
f 3790//3682 3789//3682 3781//3682 3782//3682
f 3783//3683 3792//3683 3791//3683 3782//3683
f 3784//3684 3793//3684 2963//3684 2952//3684
f 3785//3685 3794//3685 3793//3685 3784//3685
f 3786//3686 3795//3686 3794//3686 3785//3686
f 3787//3687 3796//3687 3795//3687 3786//3687
f 3788//3688 3797//3688 3796//3688 3787//3688
f 3789//3689 3798//3689 3797//3689 3788//3689
f 3790//3690 3799//3690 3798//3690 3789//3690
f 3799//3691 3790//3691 3782//3691 3791//3691
f 3800//3692 3799//3692 3791//3692 3792//3692
f 3793//3693 3801//3693 2973//3693 2963//3693
f 3794//3694 3802//3694 3801//3694 3793//3694
f 3795//3695 3803//3695 3802//3695 3794//3695
f 3796//3696 3804//3696 3803//3696 3795//3696
f 3797//3697 3805//3697 3804//3697 3796//3697
f 3798//3698 3806//3698 3805//3698 3797//3698
f 3799//3699 3807//3699 3806//3699 3798//3699
f 3800//3700 3808//3700 3807//3700 3799//3700
f 3801//3701 3809//3701 2981//3701 2973//3701
f 3802//3702 3810//3702 3809//3702 3801//3702
f 3803//3703 3811//3703 3810//3703 3802//3703
f 3804//3704 3812//3704 3811//3704 3803//3704
f 3805//3705 3813//3705 3812//3705 3804//3705
f 3806//3706 3814//3706 3813//3706 3805//3706
f 3807//3707 3815//3707 3814//3707 3806//3707
f 3808//3708 3816//3708 3815//3708 3807//3708
f 3809//3709 3817//3709 2989//3709 2981//3709
f 3810//3710 3818//3710 3817//3710 3809//3710
f 3811//3711 3819//3711 3818//3711 3810//3711
f 3812//3712 3820//3712 3819//3712 3811//3712
f 3813//3713 3821//3713 3820//3713 3812//3713
f 3814//3714 3822//3714 3821//3714 3813//3714
f 3815//3715 3823//3715 3822//3715 3814//3715
f 3816//3716 3824//3716 3823//3716 3815//3716
f 3817//3717 3825//3717 2997//3717 2989//3717
f 3818//3718 3826//3718 3825//3718 3817//3718
f 3819//3719 3827//3719 3826//3719 3818//3719
f 3820//3720 3828//3720 3827//3720 3819//3720
f 3821//3721 3829//3721 3828//3721 3820//3721
f 3822//3722 3830//3722 3829//3722 3821//3722
f 3823//3723 3831//3723 3830//3723 3822//3723
f 3824//3724 3832//3724 3831//3724 3823//3724
f 3825//3725 3833//3725 3005//3725 2997//3725
f 3826//3726 3834//3726 3833//3726 3825//3726
f 3827//3727 3835//3727 3834//3727 3826//3727
f 3828//3728 3836//3728 3835//3728 3827//3728
f 3829//3729 3837//3729 3836//3729 3828//3729
f 3830//3730 3838//3730 3837//3730 3829//3730
f 3831//3731 3839//3731 3838//3731 3830//3731
f 3832//3732 3840//3732 3839//3732 3831//3732
f 3629//3733 3842//3733 3841//3733 3628//3733
f 3842//3734 3629//3734 3546//3734 3649//3734
f 3843//3735 3842//3735 3649//3735 3650//3735
f 3632//3736 3845//3736 3844//3736 3631//3736
f 3633//3737 3846//3737 3845//3737 3632//3737
f 3846//3738 3633//3738 3628//3738 3841//3738
f 3847//3739 3846//3739 3841//3739 3842//3739
f 3635//3740 3849//3740 3848//3740 3634//3740
f 3849//3741 3635//3741 3631//3741 3844//3741
f 3850//3742 3849//3742 3844//3742 3845//3742
f 3851//3743 3850//3743 3845//3743 3846//3743
f 3636//3744 3852//3744 3765//3744 3611//3744
f 3852//3745 3636//3745 3634//3745 3848//3745
f 3853//3746 3852//3746 3848//3746 3849//3746
f 3843//3747 3855//3747 3854//3747 3842//3747
f 3855//3748 3843//3748 3650//3748 3658//3748
f 3856//3749 3855//3749 3658//3749 3659//3749
f 3847//3750 3858//3750 3857//3750 3846//3750
f 3858//3751 3847//3751 3842//3751 3854//3751
f 3859//3752 3858//3752 3854//3752 3855//3752
f 3850//3753 3861//3753 3860//3753 3849//3753
f 3851//3754 3862//3754 3861//3754 3850//3754
f 3862//3755 3851//3755 3846//3755 3857//3755
f 3863//3756 3862//3756 3857//3756 3858//3756
f 3852//3757 3864//3757 3779//3757 3765//3757
f 3853//3758 3865//3758 3864//3758 3852//3758
f 3865//3759 3853//3759 3849//3759 3860//3759
f 3866//3760 3865//3760 3860//3760 3861//3760
f 3867//3761 3866//3761 3861//3761 3862//3761
f 3868//3762 3783//3762 3779//3762 3864//3762
f 3869//3763 3868//3763 3864//3763 3865//3763
f 3856//3764 3871//3764 3870//3764 3855//3764
f 3871//3765 3856//3765 3659//3765 3663//3765
f 3872//3766 3871//3766 3663//3766 3664//3766
f 3859//3767 3874//3767 3873//3767 3858//3767
f 3874//3768 3859//3768 3855//3768 3870//3768
f 3875//3769 3874//3769 3870//3769 3871//3769
f 3863//3770 3877//3770 3876//3770 3862//3770
f 3877//3771 3863//3771 3858//3771 3873//3771
f 3878//3772 3877//3772 3873//3772 3874//3772
f 3866//3773 3880//3773 3879//3773 3865//3773
f 3867//3774 3881//3774 3880//3774 3866//3774
f 3881//3775 3867//3775 3862//3775 3876//3775
f 3882//3776 3881//3776 3876//3776 3877//3776
f 3868//3777 3883//3777 3792//3777 3783//3777
f 3869//3778 3884//3778 3883//3778 3868//3778
f 3884//3779 3869//3779 3865//3779 3879//3779
f 3885//3780 3884//3780 3879//3780 3880//3780
f 3886//3781 3800//3781 3792//3781 3883//3781
f 3872//3782 3888//3782 3887//3782 3871//3782
f 3888//3783 3872//3783 3664//3783 3665//3783
f 3875//3784 3890//3784 3889//3784 3874//3784
f 3890//3785 3875//3785 3871//3785 3887//3785
f 3891//3786 3890//3786 3887//3786 3888//3786
f 3878//3787 3893//3787 3892//3787 3877//3787
f 3893//3788 3878//3788 3874//3788 3889//3788
f 3894//3789 3893//3789 3889//3789 3890//3789
f 3881//3790 3896//3790 3895//3790 3880//3790
f 3882//3791 3897//3791 3896//3791 3881//3791
f 3897//3792 3882//3792 3877//3792 3892//3792
f 3898//3793 3897//3793 3892//3793 3893//3793
f 3884//3794 3900//3794 3899//3794 3883//3794
f 3885//3795 3901//3795 3900//3795 3884//3795
f 3901//3796 3885//3796 3880//3796 3895//3796
f 3902//3797 3901//3797 3895//3797 3896//3797
f 3886//3798 3903//3798 3808//3798 3800//3798
f 3903//3799 3886//3799 3883//3799 3899//3799
f 3904//3800 3903//3800 3899//3800 3900//3800
f 3891//3801 3907//3801 3906//3801 3890//3801
f 3907//3802 3891//3802 3888//3802 3905//3802
f 3894//3803 3909//3803 3908//3803 3893//3803
f 3909//3804 3894//3804 3890//3804 3906//3804
f 3910//3805 3909//3805 3906//3805 3907//3805
f 3897//3806 3912//3806 3911//3806 3896//3806
f 3898//3807 3913//3807 3912//3807 3897//3807
f 3913//3808 3898//3808 3893//3808 3908//3808
f 3914//3809 3913//3809 3908//3809 3909//3809
f 3901//3810 3916//3810 3915//3810 3900//3810
f 3902//3811 3917//3811 3916//3811 3901//3811
f 3917//3812 3902//3812 3896//3812 3911//3812
f 3918//3813 3917//3813 3911//3813 3912//3813
f 3903//3814 3919//3814 3816//3814 3808//3814
f 3904//3815 3920//3815 3919//3815 3903//3815
f 3920//3816 3904//3816 3900//3816 3915//3816
f 3921//3817 3920//3817 3915//3817 3916//3817
f 3910//3818 3924//3818 3923//3818 3909//3818
f 3924//3819 3910//3819 3907//3819 3922//3819
f 3913//3820 3926//3820 3925//3820 3912//3820
f 3914//3821 3927//3821 3926//3821 3913//3821
f 3927//3822 3914//3822 3909//3822 3923//3822
f 3928//3823 3927//3823 3923//3823 3924//3823
f 3917//3824 3930//3824 3929//3824 3916//3824
f 3918//3825 3931//3825 3930//3825 3917//3825
f 3931//3826 3918//3826 3912//3826 3925//3826
f 3932//3827 3931//3827 3925//3827 3926//3827
f 3919//3828 3933//3828 3824//3828 3816//3828
f 3920//3829 3934//3829 3933//3829 3919//3829
f 3921//3830 3935//3830 3934//3830 3920//3830
f 3935//3831 3921//3831 3916//3831 3929//3831
f 3936//3832 3935//3832 3929//3832 3930//3832
f 3927//3833 3939//3833 3938//3833 3926//3833
f 3928//3834 3940//3834 3939//3834 3927//3834
f 3940//3835 3928//3835 3924//3835 3937//3835
f 3931//3836 3942//3836 3941//3836 3930//3836
f 3932//3837 3943//3837 3942//3837 3931//3837
f 3943//3838 3932//3838 3926//3838 3938//3838
f 3944//3839 3943//3839 3938//3839 3939//3839
f 3933//3840 3945//3840 3832//3840 3824//3840
f 3934//3841 3946//3841 3945//3841 3933//3841
f 3935//3842 3947//3842 3946//3842 3934//3842
f 3936//3843 3948//3843 3947//3843 3935//3843
f 3948//3844 3936//3844 3930//3844 3941//3844
f 3940//3845 3951//3845 3950//3845 3939//3845
f 3951//3846 3940//3846 3937//3846 3949//3846
f 3942//3847 3953//3847 3952//3847 3941//3847
f 3943//3848 3954//3848 3953//3848 3942//3848
f 3944//3849 3955//3849 3954//3849 3943//3849
f 3955//3850 3944//3850 3939//3850 3950//3850
f 3945//3851 3956//3851 3840//3851 3832//3851
f 3946//3852 3957//3852 3956//3852 3945//3852
f 3947//3853 3958//3853 3957//3853 3946//3853
f 3948//3854 3959//3854 3958//3854 3947//3854
f 3959//3855 3948//3855 3941//3855 3952//3855
f 3960//3856 3959//3856 3952//3856 3953//3856
f 3961//3857 3888//3857 3665//3857 3705//3857
f 3961//3858 3962//3858 3905//3858 3888//3858
f 3962//3859 3961//3859 3705//3859 3720//3859
f 3963//3860 3962//3860 3720//3860 3721//3860
f 3964//3861 3907//3861 3905//3861 3962//3861
f 3963//3862 3966//3862 3965//3862 3962//3862
f 3966//3863 3963//3863 3721//3863 3733//3863
f 3964//3864 3967//3864 3922//3864 3907//3864
f 3967//3865 3964//3865 3962//3865 3965//3865
f 3968//3866 3967//3866 3965//3866 3966//3866
f 3969//3867 3924//3867 3922//3867 3967//3867
f 3970//3868 3966//3868 3733//3868 3748//3868
f 3971//3869 3970//3869 3748//3869 3749//3869
f 3968//3870 3973//3870 3972//3870 3967//3870
f 3973//3871 3968//3871 3966//3871 3970//3871
f 3969//3872 3974//3872 3937//3872 3924//3872
f 3974//3873 3969//3873 3967//3873 3972//3873
f 3971//3874 3976//3874 3975//3874 3970//3874
f 3976//3875 3971//3875 3749//3875 3761//3875
f 3973//3876 3978//3876 3977//3876 3972//3876
f 3978//3877 3973//3877 3970//3877 3975//3877
f 3979//3878 3978//3878 3975//3878 3976//3878
f 3974//3879 3980//3879 3949//3879 3937//3879
f 3980//3880 3974//3880 3972//3880 3977//3880
f 3981//3881 3980//3881 3977//3881 3978//3881
f 3982//3882 3951//3882 3949//3882 3980//3882
f 3983//3883 3750//3883 2011//3883 2319//3883
f 3984//3884 3751//3884 3750//3884 3983//3884
f 3985//3885 3753//3885 3751//3885 3984//3885
f 3986//3886 3755//3886 3753//3886 3985//3886
f 3757//3887 3988//3887 3987//3887 3756//3887
f 3988//3888 3757//3888 3755//3888 3986//3888
f 3989//3889 3758//3889 3756//3889 3987//3889
f 3990//3890 3989//3890 3987//3890 3988//3890
f 3991//3891 3760//3891 3758//3891 3989//3891
f 3762//3892 3993//3892 3992//3892 3761//3892
f 3993//3893 3762//3893 3760//3893 3991//3893
f 3994//3894 3983//3894 2319//3894 2331//3894
f 3995//3895 3994//3895 2331//3895 2332//3895
f 3996//3896 3984//3896 3983//3896 3994//3896
f 3997//3897 3996//3897 3994//3897 3995//3897
f 3998//3898 3985//3898 3984//3898 3996//3898
f 3999//3899 3998//3899 3996//3899 3997//3899
f 4000//3900 3986//3900 3985//3900 3998//3900
f 4001//3901 3988//3901 3986//3901 4000//3901
f 3990//3902 4003//3902 4002//3902 3989//3902
f 4003//3903 3990//3903 3988//3903 4001//3903
f 4004//3904 3991//3904 3989//3904 4002//3904
f 4005//3905 4004//3905 4002//3905 4003//3905
f 4006//3906 3993//3906 3991//3906 4004//3906
f 4007//3907 3995//3907 2332//3907 2344//3907
f 4008//3908 3997//3908 3995//3908 4007//3908
f 3999//3909 4010//3909 4009//3909 3998//3909
f 4010//3910 3999//3910 3997//3910 4008//3910
f 4011//3911 4000//3911 3998//3911 4009//3911
f 4012//3912 4011//3912 4009//3912 4010//3912
f 4013//3913 4001//3913 4000//3913 4011//3913
f 4014//3914 4013//3914 4011//3914 4012//3914
f 4015//3915 4003//3915 4001//3915 4013//3915
f 4005//3916 4017//3916 4016//3916 4004//3916
f 4017//3917 4005//3917 4003//3917 4015//3917
f 4018//3918 4006//3918 4004//3918 4016//3918
f 4019//3919 4018//3919 4016//3919 4017//3919
f 4020//3920 4007//3920 2344//3920 2354//3920
f 4021//3921 4008//3921 4007//3921 4020//3921
f 4022//3922 4010//3922 4008//3922 4021//3922
f 4023//3923 4012//3923 4010//3923 4022//3923
f 4014//3924 4025//3924 4024//3924 4013//3924
f 4025//3925 4014//3925 4012//3925 4023//3925
f 4026//3926 4015//3926 4013//3926 4024//3926
f 4027//3927 4026//3927 4024//3927 4025//3927
f 4028//3928 4017//3928 4015//3928 4026//3928
f 4019//3929 4030//3929 4029//3929 4018//3929
f 4030//3930 4019//3930 4017//3930 4028//3930
f 4031//3931 4020//3931 2354//3931 2364//3931
f 4032//3932 4021//3932 4020//3932 4031//3932
f 4033//3933 4022//3933 4021//3933 4032//3933
f 4034//3934 4023//3934 4022//3934 4033//3934
f 4035//3935 4025//3935 4023//3935 4034//3935
f 4027//3936 4037//3936 4036//3936 4026//3936
f 4037//3937 4027//3937 4025//3937 4035//3937
f 4038//3938 4028//3938 4026//3938 4036//3938
f 4039//3939 4030//3939 4028//3939 4038//3939
f 4040//3940 4031//3940 2364//3940 2373//3940
f 4041//3941 4032//3941 4031//3941 4040//3941
f 4042//3942 4033//3942 4032//3942 4041//3942
f 4043//3943 4034//3943 4033//3943 4042//3943
f 4044//3944 4035//3944 4034//3944 4043//3944
f 4037//3945 4046//3945 4045//3945 4036//3945
f 4046//3946 4037//3946 4035//3946 4044//3946
f 4047//3947 4038//3947 4036//3947 4045//3947
f 4048//3948 4047//3948 4045//3948 4046//3948
f 4049//3949 4039//3949 4038//3949 4047//3949
f 4050//3950 4040//3950 2373//3950 2383//3950
f 4051//3951 4041//3951 4040//3951 4050//3951
f 4052//3952 4042//3952 4041//3952 4051//3952
f 4053//3953 4043//3953 4042//3953 4052//3953
f 4054//3954 4044//3954 4043//3954 4053//3954
f 4055//3955 4046//3955 4044//3955 4054//3955
f 4048//3956 4057//3956 4056//3956 4047//3956
f 4057//3957 4048//3957 4046//3957 4055//3957
f 4058//3958 4049//3958 4047//3958 4056//3958
f 4059//3959 4050//3959 2383//3959 2392//3959
f 4060//3960 4051//3960 4050//3960 4059//3960
f 4061//3961 4052//3961 4051//3961 4060//3961
f 4062//3962 4053//3962 4052//3962 4061//3962
f 4063//3963 4054//3963 4053//3963 4062//3963
f 4064//3964 4055//3964 4054//3964 4063//3964
f 4057//3965 4066//3965 4065//3965 4056//3965
f 4066//3966 4057//3966 4055//3966 4064//3966
f 4067//3967 4058//3967 4056//3967 4065//3967
f 3253//3968 4070//3968 4068//3968 3245//3968
f 3833//3969 4070//3969 3253//3969 3005//3969
f 4070//3970 4071//3970 4069//3970 4068//3970
f 3834//3971 4071//3971 4070//3971 3833//3971
f 3835//3972 4072//3972 4071//3972 3834//3972
f 3836//3973 4073//3973 4072//3973 3835//3973
f 3837//3974 4074//3974 4073//3974 3836//3974
f 3838//3975 4075//3975 4074//3975 3837//3975
f 3839//3976 4076//3976 4075//3976 3838//3976
f 3840//3977 4077//3977 4076//3977 3839//3977
f 4068//3978 4078//3978 3258//3978 3245//3978
f 4069//3979 4079//3979 4078//3979 4068//3979
f 4071//3980 4082//3980 4079//3980 4069//3980
f 4082//3981 4083//3981 4080//3981 4079//3981
f 4072//3982 4083//3982 4082//3982 4071//3982
f 4083//3983 4084//3983 4081//3983 4080//3983
f 4073//3984 4084//3984 4083//3984 4072//3984
f 4074//3985 4085//3985 4084//3985 4073//3985
f 4075//3986 4086//3986 4085//3986 4074//3986
f 4076//3987 4087//3987 4086//3987 4075//3987
f 4077//3988 4088//3988 4087//3988 4076//3988
f 3274//3989 4092//3989 4089//3989 3267//3989
f 4078//3990 4092//3990 3274//3990 3258//3990
f 4092//3991 4093//3991 4090//3991 4089//3991
f 4079//3992 4093//3992 4092//3992 4078//3992
f 4093//3993 4094//3993 4091//3993 4090//3993
f 4080//3994 4094//3994 4093//3994 4079//3994
f 4081//3995 4095//3995 4094//3995 4080//3995
f 4084//3996 4098//3996 4095//3996 4081//3996
f 4098//3997 4099//3997 4096//3997 4095//3997
f 4085//3998 4099//3998 4098//3998 4084//3998
f 4099//3999 4100//3999 4097//3999 4096//3999
f 4086//4000 4100//4000 4099//4000 4085//4000
f 4087//4001 4101//4001 4100//4001 4086//4001
f 4088//4002 4102//4002 4101//4002 4087//4002
f 3286//4003 4105//4003 4103//4003 3281//4003
f 4089//4004 4105//4004 3286//4004 3267//4004
f 4105//4005 4106//4005 4104//4005 4103//4005
f 4090//4006 4106//4006 4105//4006 4089//4006
f 4091//4007 4107//4007 4106//4007 4090//4007
f 4094//4008 4109//4008 4107//4008 4091//4008
f 4109//4009 4110//4009 4108//4009 4107//4009
f 4095//4010 4110//4010 4109//4010 4094//4010
f 4096//4011 4111//4011 4110//4011 4095//4011
f 4097//4012 4112//4012 4111//4012 4096//4012
f 4100//4013 4114//4013 4112//4013 4097//4013
f 4114//4014 4115//4014 4113//4014 4112//4014
f 4101//4015 4115//4015 4114//4015 4100//4015
f 4102//4016 4116//4016 4115//4016 4101//4016
f 3298//4017 4118//4017 4117//4017 3294//4017
f 4103//4018 4118//4018 3298//4018 3281//4018
f 4104//4019 4119//4019 4118//4019 4103//4019
f 4106//4020 4121//4020 4119//4020 4104//4020
f 4121//4021 4122//4021 4120//4021 4119//4021
f 4107//4022 4122//4022 4121//4022 4106//4022
f 4108//4023 4123//4023 4122//4023 4107//4023
f 4110//4024 4125//4024 4123//4024 4108//4024
f 4125//4025 4126//4025 4124//4025 4123//4025
f 4111//4026 4126//4026 4125//4026 4110//4026
f 4112//4027 4127//4027 4126//4027 4111//4027
f 4113//4028 4128//4028 4127//4028 4112//4028
f 4115//4029 4130//4029 4128//4029 4113//4029
f 4130//4030 4131//4030 4129//4030 4128//4030
f 4116//4031 4131//4031 4130//4031 4115//4031
f 3313//4032 4133//4032 4132//4032 3310//4032
f 4117//4033 4133//4033 3313//4033 3294//4033
f 4118//4034 4136//4034 4133//4034 4117//4034
f 4136//4035 4137//4035 4134//4035 4133//4035
f 4119//4036 4137//4036 4136//4036 4118//4036
f 4137//4037 4138//4037 4135//4037 4134//4037
f 4120//4038 4138//4038 4137//4038 4119//4038
f 4122//4039 4140//4039 4138//4039 4120//4039
f 4140//4040 4141//4040 4139//4040 4138//4040
f 4123//4041 4141//4041 4140//4041 4122//4041
f 4124//4042 4142//4042 4141//4042 4123//4042
f 4126//4043 4144//4043 4142//4043 4124//4043
f 4144//4044 4145//4044 4143//4044 4142//4044
f 4127//4045 4145//4045 4144//4045 4126//4045
f 4128//4046 4146//4046 4145//4046 4127//4046
f 4129//4047 4147//4047 4146//4047 4128//4047
f 4131//4048 4148//4048 4147//4048 4129//4048
f 4132//4049 4150//4049 3328//4049 3310//4049
f 4152//4050 3332//4050 3328//4050 4150//4050
f 4133//4051 4152//4051 4150//4051 4132//4051
f 4153//4052 4154//4052 4151//4052 4149//4052
f 4134//4053 4155//4053 4152//4053 4133//4053
f 4135//4054 4156//4054 4155//4054 4134//4054
f 4159//4055 4158//4055 4152//4055 4155//4055
f 4138//4056 4160//4056 4156//4056 4135//4056
f 4160//4057 4161//4057 4157//4057 4156//4057
f 4139//4058 4161//4058 4160//4058 4138//4058
f 4141//4059 4163//4059 4161//4059 4139//4059
f 4163//4060 4164//4060 4162//4060 4161//4060
f 4142//4061 4164//4061 4163//4061 4141//4061
f 4143//4062 4165//4062 4164//4062 4142//4062
f 4145//4063 4166//4063 4165//4063 4143//4063
f 4146//4064 4167//4064 4166//4064 4145//4064
f 4147//4065 4168//4065 4167//4065 4146//4065
f 4148//4066 4169//4066 4168//4066 4147//4066
f 4151//4067 4172//4067 4170//4067 4149//4067
f 4152//4068 4175//4068 3347//4068 3332//4068
f 4174//4069 4153//4069 4149//4069 4170//4069
f 4178//4070 4174//4070 4170//4070 4172//4070
f 4178//4071 4154//4071 4153//4071 4174//4071
f 4154//4072 4178//4072 4172//4072 4151//4072
f 4177//4073 4179//4073 4173//4073 4171//4073
f 4156//4074 4179//4074 4177//4074 4155//4074
f 4157//4075 4180//4075 4179//4075 4156//4075
f 4181//4076 3350//4076 3347//4076 4175//4076
f 4158//4077 4181//4077 4175//4077 4152//4077
f 4181//4078 4182//4078 4177//4078 4176//4078
f 4159//4079 4182//4079 4181//4079 4158//4079
f 4182//4080 4159//4080 4155//4080 4177//4080
f 4161//4081 4183//4081 4180//4081 4157//4081
f 4162//4082 4184//4082 4183//4082 4161//4082
f 4185//4083 3353//4083 3350//4083 4181//4083
f 4164//4084 4186//4084 4184//4084 4162//4084
f 4165//4085 4187//4085 4186//4085 4164//4085
f 4188//4086 3357//4086 3353//4086 4185//4086
f 4166//4087 4189//4087 4187//4087 4165//4087
f 4167//4088 4190//4088 4189//4088 4166//4088
f 4168//4089 4191//4089 4190//4089 4167//4089
f 4192//4090 3359//4090 3357//4090 4188//4090
f 4169//4091 4193//4091 4191//4091 4168//4091
f 4194//4092 3360//4092 3359//4092 4192//4092
f 4195//4093 3361//4093 3360//4093 4194//4093
f 3951//4094 4197//4094 4196//4094 3950//4094
f 3954//4095 4199//4095 4198//4095 3953//4095
f 3955//4096 4200//4096 4199//4096 3954//4096
f 4200//4097 3955//4097 3950//4097 4196//4097
f 4201//4098 4200//4098 4196//4098 4197//4098
f 3956//4099 4202//4099 4077//4099 3840//4099
f 3957//4100 4203//4100 4202//4100 3956//4100
f 3958//4101 4204//4101 4203//4101 3957//4101
f 3959//4102 4205//4102 4204//4102 3958//4102
f 3960//4103 4206//4103 4205//4103 3959//4103
f 4206//4104 3960//4104 3953//4104 4198//4104
f 4207//4105 4206//4105 4198//4105 4199//4105
f 4200//4106 4210//4106 4209//4106 4199//4106
f 4201//4107 4211//4107 4210//4107 4200//4107
f 4211//4108 4201//4108 4197//4108 4208//4108
f 4202//4109 4212//4109 4088//4109 4077//4109
f 4203//4110 4213//4110 4212//4110 4202//4110
f 4204//4111 4214//4111 4213//4111 4203//4111
f 4205//4112 4215//4112 4214//4112 4204//4112
f 4206//4113 4216//4113 4215//4113 4205//4113
f 4207//4114 4217//4114 4216//4114 4206//4114
f 4217//4115 4207//4115 4199//4115 4209//4115
f 4210//4116 4219//4116 4218//4116 4209//4116
f 4211//4117 4220//4117 4219//4117 4210//4117
f 4212//4118 4221//4118 4102//4118 4088//4118
f 4213//4119 4222//4119 4221//4119 4212//4119
f 4214//4120 4223//4120 4222//4120 4213//4120
f 4215//4121 4224//4121 4223//4121 4214//4121
f 4216//4122 4225//4122 4224//4122 4215//4122
f 4217//4123 4226//4123 4225//4123 4216//4123
f 4226//4124 4217//4124 4209//4124 4218//4124
f 4227//4125 4226//4125 4218//4125 4219//4125
f 4220//4126 4229//4126 4228//4126 4219//4126
f 4221//4127 4230//4127 4116//4127 4102//4127
f 4222//4128 4231//4128 4230//4128 4221//4128
f 4223//4129 4232//4129 4231//4129 4222//4129
f 4224//4130 4233//4130 4232//4130 4223//4130
f 4225//4131 4234//4131 4233//4131 4224//4131
f 4226//4132 4235//4132 4234//4132 4225//4132
f 4227//4133 4236//4133 4235//4133 4226//4133
f 4236//4134 4227//4134 4219//4134 4228//4134
f 4237//4135 4236//4135 4228//4135 4229//4135
f 4230//4136 4239//4136 4131//4136 4116//4136
f 4231//4137 4240//4137 4239//4137 4230//4137
f 4232//4138 4241//4138 4240//4138 4231//4138
f 4233//4139 4242//4139 4241//4139 4232//4139
f 4234//4140 4243//4140 4242//4140 4233//4140
f 4235//4141 4244//4141 4243//4141 4234//4141
f 4236//4142 4245//4142 4244//4142 4235//4142
f 4237//4143 4246//4143 4245//4143 4236//4143
f 4246//4144 4237//4144 4229//4144 4238//4144
f 4239//4145 4248//4145 4148//4145 4131//4145
f 4240//4146 4249//4146 4248//4146 4239//4146
f 4241//4147 4250//4147 4249//4147 4240//4147
f 4242//4148 4251//4148 4250//4148 4241//4148
f 4243//4149 4252//4149 4251//4149 4242//4149
f 4244//4150 4253//4150 4252//4150 4243//4150
f 4245//4151 4254//4151 4253//4151 4244//4151
f 4246//4152 4255//4152 4254//4152 4245//4152
f 4255//4153 4246//4153 4238//4153 4247//4153
f 4248//4154 4257//4154 4169//4154 4148//4154
f 4249//4155 4258//4155 4257//4155 4248//4155
f 4250//4156 4259//4156 4258//4156 4249//4156
f 4251//4157 4260//4157 4259//4157 4250//4157
f 4252//4158 4261//4158 4260//4158 4251//4158
f 4253//4159 4262//4159 4261//4159 4252//4159
f 4254//4160 4263//4160 4262//4160 4253//4160
f 4255//4161 4264//4161 4263//4161 4254//4161
f 4264//4162 4255//4162 4247//4162 4256//4162
f 4257//4163 4266//4163 4193//4163 4169//4163
f 4258//4164 4267//4164 4266//4164 4257//4164
f 4259//4165 4268//4165 4267//4165 4258//4165
f 4260//4166 4269//4166 4268//4166 4259//4166
f 4261//4167 4270//4167 4269//4167 4260//4167
f 4262//4168 4271//4168 4270//4168 4261//4168
f 4263//4169 4272//4169 4271//4169 4262//4169
f 4264//4170 4273//4170 4272//4170 4263//4170
f 4273//4171 4264//4171 4256//4171 4265//4171
f 4274//4172 3976//4172 3761//4172 3992//4172
f 4275//4173 4274//4173 3992//4173 3993//4173
f 3979//4174 4277//4174 4276//4174 3978//4174
f 4277//4175 3979//4175 3976//4175 4274//4175
f 3981//4176 4279//4176 4278//4176 3980//4176
f 4279//4177 3981//4177 3978//4177 4276//4177
f 3982//4178 4280//4178 4197//4178 3951//4178
f 4280//4179 3982//4179 3980//4179 4278//4179
f 4275//4180 4282//4180 4281//4180 4274//4180
f 4282//4181 4275//4181 3993//4181 4006//4181
f 4277//4182 4284//4182 4283//4182 4276//4182
f 4284//4183 4277//4183 4274//4183 4281//4183
f 4279//4184 4286//4184 4285//4184 4278//4184
f 4286//4185 4279//4185 4276//4185 4283//4185
f 4287//4186 4286//4186 4283//4186 4284//4186
f 4280//4187 4288//4187 4208//4187 4197//4187
f 4288//4188 4280//4188 4278//4188 4285//4188
f 4289//4189 4288//4189 4285//4189 4286//4189
f 4290//4190 4211//4190 4208//4190 4288//4190
f 4282//4191 4292//4191 4291//4191 4281//4191
f 4292//4192 4282//4192 4006//4192 4018//4192
f 4293//4193 4284//4193 4281//4193 4291//4193
f 4294//4194 4293//4194 4291//4194 4292//4194
f 4287//4195 4296//4195 4295//4195 4286//4195
f 4296//4196 4287//4196 4284//4196 4293//4196
f 4289//4197 4298//4197 4297//4197 4288//4197
f 4298//4198 4289//4198 4286//4198 4295//4198
f 4290//4199 4299//4199 4220//4199 4211//4199
f 4299//4200 4290//4200 4288//4200 4297//4200
f 4300//4201 4292//4201 4018//4201 4029//4201
f 4301//4202 4300//4202 4029//4202 4030//4202
f 4294//4203 4303//4203 4302//4203 4293//4203
f 4303//4204 4294//4204 4292//4204 4300//4204
f 4296//4205 4305//4205 4304//4205 4295//4205
f 4305//4206 4296//4206 4293//4206 4302//4206
f 4298//4207 4307//4207 4306//4207 4297//4207
f 4307//4208 4298//4208 4295//4208 4304//4208
f 4299//4209 4308//4209 4229//4209 4220//4209
f 4308//4210 4299//4210 4297//4210 4306//4210
f 4301//4211 4310//4211 4309//4211 4300//4211
f 4310//4212 4301//4212 4030//4212 4039//4212
f 4303//4213 4312//4213 4311//4213 4302//4213
f 4312//4214 4303//4214 4300//4214 4309//4214
f 4305//4215 4314//4215 4313//4215 4304//4215
f 4314//4216 4305//4216 4302//4216 4311//4216
f 4307//4217 4316//4217 4315//4217 4306//4217
f 4316//4218 4307//4218 4304//4218 4313//4218
f 4317//4219 4316//4219 4313//4219 4314//4219
f 4308//4220 4318//4220 4238//4220 4229//4220
f 4318//4221 4308//4221 4306//4221 4315//4221
f 4310//4222 4320//4222 4319//4222 4309//4222
f 4320//4223 4310//4223 4039//4223 4049//4223
f 4312//4224 4322//4224 4321//4224 4311//4224
f 4322//4225 4312//4225 4309//4225 4319//4225
f 4323//4226 4314//4226 4311//4226 4321//4226
f 4324//4227 4323//4227 4321//4227 4322//4227
f 4316//4228 4326//4228 4325//4228 4315//4228
f 4317//4229 4327//4229 4326//4229 4316//4229
f 4327//4230 4317//4230 4314//4230 4323//4230
f 4318//4231 4328//4231 4247//4231 4238//4231
f 4328//4232 4318//4232 4315//4232 4325//4232
f 4329//4233 4328//4233 4325//4233 4326//4233
f 4320//4234 4331//4234 4330//4234 4319//4234
f 4331//4235 4320//4235 4049//4235 4058//4235
f 4332//4236 4322//4236 4319//4236 4330//4236
f 4324//4237 4334//4237 4333//4237 4323//4237
f 4334//4238 4324//4238 4322//4238 4332//4238
f 4327//4239 4336//4239 4335//4239 4326//4239
f 4336//4240 4327//4240 4323//4240 4333//4240
f 4328//4241 4337//4241 4256//4241 4247//4241
f 4329//4242 4338//4242 4337//4242 4328//4242
f 4338//4243 4329//4243 4326//4243 4335//4243
f 4331//4244 4340//4244 4339//4244 4330//4244
f 4340//4245 4331//4245 4058//4245 4067//4245
f 4341//4246 4332//4246 4330//4246 4339//4246
f 4334//4247 4343//4247 4342//4247 4333//4247
f 4343//4248 4334//4248 4332//4248 4341//4248
f 4336//4249 4345//4249 4344//4249 4335//4249
f 4345//4250 4336//4250 4333//4250 4342//4250
f 4337//4251 4346//4251 4265//4251 4256//4251
f 4338//4252 4347//4252 4346//4252 4337//4252
f 4347//4253 4338//4253 4335//4253 4344//4253
f 4350//4254 825//4254 824//4254 4349//4254
f 825//4255 4350//4255 4348//4255 823//4255
f 4353//4256 4350//4256 4349//4256 4352//4256
f 4350//4257 4353//4257 4351//4257 4348//4257
f 4356//4258 4353//4258 4352//4258 4355//4258
f 4353//4259 4356//4259 4354//4259 4351//4259
f 4359//4260 4356//4260 4355//4260 4358//4260
f 4356//4261 4359//4261 4357//4261 4354//4261
f 4359//4262 4361//4262 4360//4262 4357//4262
f 4365//4263 924//4263 923//4263 4364//4263
f 4366//4264 925//4264 924//4264 4365//4264
f 4367//4265 926//4265 925//4265 4366//4265
f 4369//4266 928//4266 927//4266 4368//4266
f 4370//4267 929//4267 928//4267 4369//4267
f 929//4268 4370//4268 4364//4268 923//4268
f 4372//4269 931//4269 930//4269 4371//4269
f 931//4270 4372//4270 4368//4270 927//4270
f 4374//4271 933//4271 932//4271 4373//4271
f 933//4272 4374//4272 4371//4272 930//4272
f 4375//4273 934//4273 823//4273 4348//4273
f 934//4274 4375//4274 4373//4274 932//4274
f 4377//4275 4365//4275 4364//4275 4376//4275
f 4378//4276 4366//4276 4365//4276 4377//4276
f 4379//4277 4367//4277 4366//4277 4378//4277
f 4381//4278 4369//4278 4368//4278 4380//4278
f 4382//4279 4370//4279 4369//4279 4381//4279
f 4370//4280 4382//4280 4376//4280 4364//4280
f 4384//4281 4372//4281 4371//4281 4383//4281
f 4372//4282 4384//4282 4380//4282 4368//4282
f 4386//4283 4374//4283 4373//4283 4385//4283
f 4374//4284 4386//4284 4383//4284 4371//4284
f 4387//4285 4375//4285 4348//4285 4351//4285
f 4375//4286 4387//4286 4385//4286 4373//4286
f 4389//4287 4377//4287 4376//4287 4388//4287
f 4390//4288 4378//4288 4377//4288 4389//4288
f 4391//4289 4379//4289 4378//4289 4390//4289
f 4393//4290 4381//4290 4380//4290 4392//4290
f 4394//4291 4382//4291 4381//4291 4393//4291
f 4382//4292 4394//4292 4388//4292 4376//4292
f 4396//4293 4384//4293 4383//4293 4395//4293
f 4384//4294 4396//4294 4392//4294 4380//4294
f 4398//4295 4386//4295 4385//4295 4397//4295
f 4386//4296 4398//4296 4395//4296 4383//4296
f 4399//4297 4387//4297 4351//4297 4354//4297
f 4387//4298 4399//4298 4397//4298 4385//4298
f 4401//4299 4389//4299 4388//4299 4400//4299
f 4402//4300 4390//4300 4389//4300 4401//4300
f 4403//4301 4391//4301 4390//4301 4402//4301
f 4405//4302 4393//4302 4392//4302 4404//4302
f 4406//4303 4394//4303 4393//4303 4405//4303
f 4394//4304 4406//4304 4400//4304 4388//4304
f 4408//4305 4396//4305 4395//4305 4407//4305
f 4396//4306 4408//4306 4404//4306 4392//4306
f 4410//4307 4398//4307 4397//4307 4409//4307
f 4398//4308 4410//4308 4407//4308 4395//4308
f 4411//4309 4399//4309 4354//4309 4357//4309
f 4399//4310 4411//4310 4409//4310 4397//4310
f 4413//4311 4401//4311 4400//4311 4412//4311
f 4414//4312 4402//4312 4401//4312 4413//4312
f 4415//4313 4403//4313 4402//4313 4414//4313
f 4417//4314 4405//4314 4404//4314 4416//4314
f 4418//4315 4406//4315 4405//4315 4417//4315
f 4406//4316 4418//4316 4412//4316 4400//4316
f 4420//4317 4408//4317 4407//4317 4419//4317
f 4408//4318 4420//4318 4416//4318 4404//4318
f 4422//4319 4410//4319 4409//4319 4421//4319
f 4410//4320 4422//4320 4419//4320 4407//4320
f 4423//4321 4411//4321 4357//4321 4360//4321
f 4411//4322 4423//4322 4421//4322 4409//4322
f 4361//4323 4424//4323 4423//4323 4360//4323
f 4426//4324 4413//4324 4412//4324 4425//4324
f 4427//4325 4414//4325 4413//4325 4426//4325
f 4428//4326 4415//4326 4414//4326 4427//4326
f 4430//4327 4417//4327 4416//4327 4429//4327
f 4431//4328 4418//4328 4417//4328 4430//4328
f 4418//4329 4431//4329 4425//4329 4412//4329
f 4433//4330 4420//4330 4419//4330 4432//4330
f 4420//4331 4433//4331 4429//4331 4416//4331
f 4435//4332 4422//4332 4421//4332 4434//4332
f 4422//4333 4435//4333 4432//4333 4419//4333
f 4423//4334 4436//4334 4434//4334 4421//4334
f 4436//4335 4437//4335 4435//4335 4434//4335
f 4438//4336 4424//4336 4361//4336 4362//4336
f 4424//4337 4438//4337 4436//4337 4423//4337
f 4440//4338 4426//4338 4425//4338 4439//4338
f 4441//4339 4427//4339 4426//4339 4440//4339
f 4442//4340 4428//4340 4427//4340 4441//4340
f 4444//4341 4430//4341 4429//4341 4443//4341
f 4445//4342 4431//4342 4430//4342 4444//4342
f 4431//4343 4445//4343 4439//4343 4425//4343
f 4447//4344 4433//4344 4432//4344 4446//4344
f 4433//4345 4447//4345 4443//4345 4429//4345
f 4447//4346 4448//4346 4444//4346 4443//4346
f 4435//4347 4449//4347 4446//4347 4432//4347
f 4449//4348 4450//4348 4447//4348 4446//4348
f 4452//4349 4437//4349 4436//4349 4451//4349
f 4437//4350 4452//4350 4449//4350 4435//4350
f 4453//4351 4438//4351 4362//4351 4363//4351
f 4438//4352 4453//4352 4451//4352 4436//4352
f 4455//4353 4440//4353 4439//4353 4454//4353
f 4456//4354 4441//4354 4440//4354 4455//4354
f 4457//4355 4442//4355 4441//4355 4456//4355
f 4459//4356 4445//4356 4444//4356 4458//4356
f 4445//4357 4459//4357 4454//4357 4439//4357
f 4459//4358 4460//4358 4455//4358 4454//4358
f 4462//4359 4448//4359 4447//4359 4461//4359
f 4448//4360 4462//4360 4458//4360 4444//4360
f 4464//4361 4450//4361 4449//4361 4463//4361
f 4450//4362 4464//4362 4461//4362 4447//4362
f 4466//4363 4452//4363 4451//4363 4465//4363
f 4452//4364 4466//4364 4463//4364 4449//4364
f 4453//4365 4467//4365 4465//4365 4451//4365
f 4467//4366 4468//4366 4466//4366 4465//4366
f 4469//4367 998//4367 926//4367 4367//4367
f 4470//4368 999//4368 998//4368 4469//4368
f 4471//4369 1000//4369 999//4369 4470//4369
f 4472//4370 1001//4370 1000//4370 4471//4370
f 4473//4371 1002//4371 1001//4371 4472//4371
f 4474//4372 1003//4372 1002//4372 4473//4372
f 4475//4373 1004//4373 1003//4373 4474//4373
f 4476//4374 1005//4374 1004//4374 4475//4374
f 4477//4375 1006//4375 1005//4375 4476//4375
f 4478//4376 4469//4376 4367//4376 4379//4376
f 4479//4377 4470//4377 4469//4377 4478//4377
f 4480//4378 4471//4378 4470//4378 4479//4378
f 4481//4379 4472//4379 4471//4379 4480//4379
f 4482//4380 4473//4380 4472//4380 4481//4380
f 4484//4381 4474//4381 4473//4381 4482//4381
f 4485//4382 4484//4382 4482//4382 4483//4382
f 4485//4383 4475//4383 4474//4383 4484//4383
f 4486//4384 4476//4384 4475//4384 4485//4384
f 4487//4385 4477//4385 4476//4385 4486//4385
f 4488//4386 4478//4386 4379//4386 4391//4386
f 4489//4387 4479//4387 4478//4387 4488//4387
f 4490//4388 4480//4388 4479//4388 4489//4388
f 4491//4389 4481//4389 4480//4389 4490//4389
f 4492//4390 4482//4390 4481//4390 4491//4390
f 4493//4391 4483//4391 4482//4391 4492//4391
f 4495//4392 4485//4392 4483//4392 4493//4392
f 4496//4393 4495//4393 4493//4393 4494//4393
f 4496//4394 4486//4394 4485//4394 4495//4394
f 4497//4395 4487//4395 4486//4395 4496//4395
f 4498//4396 4488//4396 4391//4396 4403//4396
f 4499//4397 4489//4397 4488//4397 4498//4397
f 4500//4398 4490//4398 4489//4398 4499//4398
f 4501//4399 4491//4399 4490//4399 4500//4399
f 4502//4400 4492//4400 4491//4400 4501//4400
f 4503//4401 4493//4401 4492//4401 4502//4401
f 4504//4402 4494//4402 4493//4402 4503//4402
f 4506//4403 4496//4403 4494//4403 4504//4403
f 4507//4404 4506//4404 4504//4404 4505//4404
f 4507//4405 4497//4405 4496//4405 4506//4405
f 4508//4406 4498//4406 4403//4406 4415//4406
f 4509//4407 4499//4407 4498//4407 4508//4407
f 4510//4408 4500//4408 4499//4408 4509//4408
f 4511//4409 4501//4409 4500//4409 4510//4409
f 4512//4410 4502//4410 4501//4410 4511//4410
f 4513//4411 4503//4411 4502//4411 4512//4411
f 4514//4412 4504//4412 4503//4412 4513//4412
f 4515//4413 4505//4413 4504//4413 4514//4413
f 4516//4414 4508//4414 4415//4414 4428//4414
f 4517//4415 4509//4415 4508//4415 4516//4415
f 4518//4416 4510//4416 4509//4416 4517//4416
f 4519//4417 4511//4417 4510//4417 4518//4417
f 4520//4418 4512//4418 4511//4418 4519//4418
f 4521//4419 4513//4419 4512//4419 4520//4419
f 4522//4420 4514//4420 4513//4420 4521//4420
f 4523//4421 4515//4421 4514//4421 4522//4421
f 4524//4422 4516//4422 4428//4422 4442//4422
f 4525//4423 4517//4423 4516//4423 4524//4423
f 4526//4424 4518//4424 4517//4424 4525//4424
f 4527//4425 4519//4425 4518//4425 4526//4425
f 4528//4426 4520//4426 4519//4426 4527//4426
f 4529//4427 4521//4427 4520//4427 4528//4427
f 4530//4428 4522//4428 4521//4428 4529//4428
f 4531//4429 4523//4429 4522//4429 4530//4429
f 4532//4430 4524//4430 4442//4430 4457//4430
f 4533//4431 4525//4431 4524//4431 4532//4431
f 4534//4432 4526//4432 4525//4432 4533//4432
f 4535//4433 4527//4433 4526//4433 4534//4433
f 4536//4434 4528//4434 4527//4434 4535//4434
f 4537//4435 4529//4435 4528//4435 4536//4435
f 4538//4436 4530//4436 4529//4436 4537//4436
f 4539//4437 4531//4437 4530//4437 4538//4437
f 1100//4438 4540//4438 4349//4438 824//4438
f 4542//4439 1102//4439 1101//4439 4541//4439
f 1102//4440 4542//4440 4540//4440 1100//4440
f 1103//4441 4543//4441 4541//4441 1101//4441
f 4545//4442 1105//4442 1104//4442 4544//4442
f 1105//4443 4545//4443 4543//4443 1103//4443
f 1106//4444 4546//4444 4544//4444 1104//4444
f 4548//4445 1108//4445 1107//4445 4547//4445
f 1108//4446 4548//4446 4546//4446 1106//4446
f 1109//4447 4549//4447 4547//4447 1107//4447
f 1110//4448 4550//4448 4549//4448 1109//4448
f 4540//4449 4551//4449 4352//4449 4349//4449
f 4553//4450 4542//4450 4541//4450 4552//4450
f 4542//4451 4553//4451 4551//4451 4540//4451
f 4543//4452 4554//4452 4552//4452 4541//4452
f 4556//4453 4545//4453 4544//4453 4555//4453
f 4545//4454 4556//4454 4554//4454 4543//4454
f 4546//4455 4557//4455 4555//4455 4544//4455
f 4559//4456 4548//4456 4547//4456 4558//4456
f 4548//4457 4559//4457 4557//4457 4546//4457
f 4549//4458 4560//4458 4558//4458 4547//4458
f 4550//4459 4561//4459 4560//4459 4549//4459
f 4551//4460 4562//4460 4355//4460 4352//4460
f 4564//4461 4553//4461 4552//4461 4563//4461
f 4553//4462 4564//4462 4562//4462 4551//4462
f 4554//4463 4565//4463 4563//4463 4552//4463
f 4567//4464 4556//4464 4555//4464 4566//4464
f 4556//4465 4567//4465 4565//4465 4554//4465
f 4557//4466 4568//4466 4566//4466 4555//4466
f 4570//4467 4559//4467 4558//4467 4569//4467
f 4559//4468 4570//4468 4568//4468 4557//4468
f 4560//4469 4571//4469 4569//4469 4558//4469
f 4561//4470 4572//4470 4571//4470 4560//4470
f 4562//4471 4573//4471 4358//4471 4355//4471
f 4573//4472 4574//4472 4359//4472 4358//4472
f 4576//4473 4564//4473 4563//4473 4575//4473
f 4564//4474 4576//4474 4573//4474 4562//4474
f 4565//4475 4577//4475 4575//4475 4563//4475
f 4579//4476 4567//4476 4566//4476 4578//4476
f 4567//4477 4579//4477 4577//4477 4565//4477
f 4568//4478 4580//4478 4578//4478 4566//4478
f 4582//4479 4570//4479 4569//4479 4581//4479
f 4570//4480 4582//4480 4580//4480 4568//4480
f 4571//4481 4583//4481 4581//4481 4569//4481
f 4583//4482 4584//4482 4582//4482 4581//4482
f 4572//4483 4585//4483 4583//4483 4571//4483
f 4587//4484 4574//4484 4573//4484 4586//4484
f 4574//4485 4587//4485 4361//4485 4359//4485
f 4589//4486 4576//4486 4575//4486 4588//4486
f 4576//4487 4589//4487 4586//4487 4573//4487
f 4577//4488 4590//4488 4588//4488 4575//4488
f 4590//4489 4591//4489 4589//4489 4588//4489
f 4593//4490 4579//4490 4578//4490 4592//4490
f 4579//4491 4593//4491 4590//4491 4577//4491
f 4580//4492 4594//4492 4592//4492 4578//4492
f 4594//4493 4595//4493 4593//4493 4592//4493
f 4582//4494 4596//4494 4594//4494 4580//4494
f 4598//4495 4584//4495 4583//4495 4597//4495
f 4584//4496 4598//4496 4596//4496 4582//4496
f 4585//4497 4599//4497 4597//4497 4583//4497
f 4601//4498 4587//4498 4586//4498 4600//4498
f 4587//4499 4601//4499 4362//4499 4361//4499
f 4589//4500 4602//4500 4600//4500 4586//4500
f 4602//4501 4603//4501 4601//4501 4600//4501
f 4605//4502 4591//4502 4590//4502 4604//4502
f 4591//4503 4605//4503 4602//4503 4589//4503
f 4593//4504 4606//4504 4604//4504 4590//4504
f 4608//4505 4595//4505 4594//4505 4607//4505
f 4595//4506 4608//4506 4606//4506 4593//4506
f 4596//4507 4609//4507 4607//4507 4594//4507
f 4609//4508 4610//4508 4608//4508 4607//4508
f 4612//4509 4598//4509 4597//4509 4611//4509
f 4598//4510 4612//4510 4609//4510 4596//4510
f 4599//4511 4613//4511 4611//4511 4597//4511
f 4613//4512 4614//4512 4612//4512 4611//4512
f 4601//4513 4615//4513 4363//4513 4362//4513
f 4617//4514 4603//4514 4602//4514 4616//4514
f 4603//4515 4617//4515 4615//4515 4601//4515
f 4619//4516 4605//4516 4604//4516 4618//4516
f 4605//4517 4619//4517 4616//4517 4602//4517
f 4606//4518 4620//4518 4618//4518 4604//4518
f 4620//4519 4621//4519 4619//4519 4618//4519
f 4608//4520 4622//4520 4620//4520 4606//4520
f 4624//4521 4610//4521 4609//4521 4623//4521
f 4610//4522 4624//4522 4622//4522 4608//4522
f 4612//4523 4625//4523 4623//4523 4609//4523
f 4627//4524 4614//4524 4613//4524 4626//4524
f 4614//4525 4627//4525 4625//4525 4612//4525
f 4630//4526 4617//4526 4616//4526 4629//4526
f 4617//4527 4630//4527 4628//4527 4615//4527
f 4619//4528 4631//4528 4629//4528 4616//4528
f 4631//4529 4632//4529 4630//4529 4629//4529
f 4634//4530 4621//4530 4620//4530 4633//4530
f 4621//4531 4634//4531 4631//4531 4619//4531
f 4622//4532 4635//4532 4633//4532 4620//4532
f 4635//4533 4636//4533 4634//4533 4633//4533
f 4638//4534 4624//4534 4623//4534 4637//4534
f 4624//4535 4638//4535 4635//4535 4622//4535
f 4625//4536 4639//4536 4637//4536 4623//4536
f 4639//4537 4640//4537 4638//4537 4637//4537
f 4627//4538 4641//4538 4639//4538 4625//4538
f 4615//4539 4642//4539 4453//4539 4363//4539
f 4643//4540 4642//4540 4615//4540 4628//4540
f 4642//4541 4643//4541 4467//4541 4453//4541
f 4645//4542 1188//4542 1187//4542 4644//4542
f 1188//4543 4645//4543 4550//4543 1110//4543
f 1189//4544 4646//4544 4644//4544 1187//4544
f 1190//4545 4647//4545 4646//4545 1189//4545
f 1191//4546 4648//4546 4647//4546 1190//4546
f 1192//4547 4649//4547 4648//4547 1191//4547
f 1193//4548 4650//4548 4649//4548 1192//4548
f 1194//4549 4651//4549 4650//4549 1193//4549
f 1195//4550 4652//4550 4651//4550 1194//4550
f 4654//4551 4645//4551 4644//4551 4653//4551
f 4645//4552 4654//4552 4561//4552 4550//4552
f 4646//4553 4655//4553 4653//4553 4644//4553
f 4647//4554 4656//4554 4655//4554 4646//4554
f 4648//4555 4657//4555 4656//4555 4647//4555
f 4649//4556 4658//4556 4657//4556 4648//4556
f 4650//4557 4659//4557 4658//4557 4649//4557
f 4651//4558 4660//4558 4659//4558 4650//4558
f 4652//4559 4661//4559 4660//4559 4651//4559
f 4663//4560 4654//4560 4653//4560 4662//4560
f 4654//4561 4663//4561 4572//4561 4561//4561
f 4655//4562 4664//4562 4662//4562 4653//4562
f 4656//4563 4665//4563 4664//4563 4655//4563
f 4657//4564 4666//4564 4665//4564 4656//4564
f 4658//4565 4667//4565 4666//4565 4657//4565
f 4659//4566 4668//4566 4667//4566 4658//4566
f 4660//4567 4669//4567 4668//4567 4659//4567
f 4661//4568 4670//4568 4669//4568 4660//4568
f 4672//4569 4663//4569 4662//4569 4671//4569
f 4663//4570 4672//4570 4585//4570 4572//4570
f 4664//4571 4673//4571 4671//4571 4662//4571
f 4673//4572 4674//4572 4672//4572 4671//4572
f 4665//4573 4675//4573 4673//4573 4664//4573
f 4666//4574 4676//4574 4675//4574 4665//4574
f 4667//4575 4677//4575 4676//4575 4666//4575
f 4668//4576 4678//4576 4677//4576 4667//4576
f 4669//4577 4679//4577 4678//4577 4668//4577
f 4670//4578 4680//4578 4679//4578 4669//4578
f 4672//4579 4681//4579 4599//4579 4585//4579
f 4683//4580 4674//4580 4673//4580 4682//4580
f 4674//4581 4683//4581 4681//4581 4672//4581
f 4675//4582 4684//4582 4682//4582 4673//4582
f 4684//4583 4685//4583 4683//4583 4682//4583
f 4676//4584 4686//4584 4684//4584 4675//4584
f 4677//4585 4687//4585 4686//4585 4676//4585
f 4678//4586 4688//4586 4687//4586 4677//4586
f 4679//4587 4689//4587 4688//4587 4678//4587
f 4680//4588 4690//4588 4689//4588 4679//4588
f 4681//4589 4691//4589 4613//4589 4599//4589
f 4683//4590 4692//4590 4691//4590 4681//4590
f 4694//4591 4685//4591 4684//4591 4693//4591
f 4685//4592 4694//4592 4692//4592 4683//4592
f 4686//4593 4695//4593 4693//4593 4684//4593
f 4695//4594 4696//4594 4694//4594 4693//4594
f 4687//4595 4697//4595 4695//4595 4686//4595
f 4688//4596 4698//4596 4697//4596 4687//4596
f 4689//4597 4699//4597 4698//4597 4688//4597
f 4690//4598 4700//4598 4699//4598 4689//4598
f 4691//4599 4701//4599 4626//4599 4613//4599
f 4701//4600 4702//4600 4627//4600 4626//4600
f 4692//4601 4703//4601 4701//4601 4691//4601
f 4694//4602 4704//4602 4703//4602 4692//4602
f 4706//4603 4696//4603 4695//4603 4705//4603
f 4696//4604 4706//4604 4704//4604 4694//4604
f 4697//4605 4707//4605 4705//4605 4695//4605
f 4707//4606 4708//4606 4706//4606 4705//4606
f 4698//4607 4709//4607 4707//4607 4697//4607
f 4709//4608 4710//4608 4708//4608 4707//4608
f 4699//4609 4711//4609 4709//4609 4698//4609
f 4711//4610 4712//4610 4710//4610 4709//4610
f 4700//4611 4713//4611 4711//4611 4699//4611
f 4713//4612 4714//4612 4712//4612 4711//4612
f 4716//4613 4702//4613 4701//4613 4715//4613
f 4702//4614 4716//4614 4641//4614 4627//4614
f 4703//4615 4717//4615 4715//4615 4701//4615
f 4717//4616 4718//4616 4716//4616 4715//4616
f 4704//4617 4719//4617 4717//4617 4703//4617
f 4719//4618 4720//4618 4718//4618 4717//4618
f 4706//4619 4721//4619 4719//4619 4704//4619
f 4708//4620 4722//4620 4721//4620 4706//4620
f 4710//4621 4723//4621 4722//4621 4708//4621
f 4712//4622 4724//4622 4723//4622 4710//4622
f 4714//4623 4725//4623 4724//4623 4712//4623
f 4727//4624 4456//4624 4455//4624 4726//4624
f 4728//4625 4457//4625 4456//4625 4727//4625
f 4730//4626 4459//4626 4458//4626 4729//4626
f 4731//4627 4460//4627 4459//4627 4730//4627
f 4460//4628 4731//4628 4726//4628 4455//4628
f 4731//4629 4732//4629 4727//4629 4726//4629
f 4734//4630 4462//4630 4461//4630 4733//4630
f 4462//4631 4734//4631 4729//4631 4458//4631
f 4734//4632 4735//4632 4730//4632 4729//4632
f 4737//4633 4464//4633 4463//4633 4736//4633
f 4464//4634 4737//4634 4733//4634 4461//4634
f 4737//4635 4738//4635 4734//4635 4733//4635
f 4466//4636 4739//4636 4736//4636 4463//4636
f 4739//4637 4740//4637 4737//4637 4736//4637
f 4742//4638 4468//4638 4467//4638 4741//4638
f 4468//4639 4742//4639 4739//4639 4466//4639
f 4744//4640 4728//4640 4727//4640 4743//4640
f 4746//4641 4731//4641 4730//4641 4745//4641
f 4747//4642 4732//4642 4731//4642 4746//4642
f 4732//4643 4747//4643 4743//4643 4727//4643
f 4747//4644 4748//4644 4744//4644 4743//4644
f 4750//4645 4735//4645 4734//4645 4749//4645
f 4735//4646 4750//4646 4745//4646 4730//4646
f 4750//4647 4751//4647 4746//4647 4745//4647
f 4753//4648 4738//4648 4737//4648 4752//4648
f 4738//4649 4753//4649 4749//4649 4734//4649
f 4753//4650 4754//4650 4750//4650 4749//4650
f 4756//4651 4740//4651 4739//4651 4755//4651
f 4740//4652 4756//4652 4752//4652 4737//4652
f 4756//4653 4757//4653 4753//4653 4752//4653
f 4742//4654 4758//4654 4755//4654 4739//4654
f 4758//4655 4759//4655 4756//4655 4755//4655
f 4762//4656 4747//4656 4746//4656 4761//4656
f 4763//4657 4748//4657 4747//4657 4762//4657
f 4748//4658 4763//4658 4760//4658 4744//4658
f 4765//4659 4751//4659 4750//4659 4764//4659
f 4751//4660 4765//4660 4761//4660 4746//4660
f 4765//4661 4766//4661 4762//4661 4761//4661
f 4768//4662 4754//4662 4753//4662 4767//4662
f 4754//4663 4768//4663 4764//4663 4750//4663
f 4768//4664 4769//4664 4765//4664 4764//4664
f 4771//4665 4757//4665 4756//4665 4770//4665
f 4757//4666 4771//4666 4767//4666 4753//4666
f 4771//4667 4772//4667 4768//4667 4767//4667
f 4774//4668 4759//4668 4758//4668 4773//4668
f 4759//4669 4774//4669 4770//4669 4756//4669
f 4774//4670 4775//4670 4771//4670 4770//4670
f 4777//4671 4763//4671 4762//4671 4776//4671
f 4779//4672 4766//4672 4765//4672 4778//4672
f 4766//4673 4779//4673 4776//4673 4762//4673
f 4779//4674 4780//4674 4777//4674 4776//4674
f 4782//4675 4769//4675 4768//4675 4781//4675
f 4769//4676 4782//4676 4778//4676 4765//4676
f 4782//4677 4783//4677 4779//4677 4778//4677
f 4785//4678 4772//4678 4771//4678 4784//4678
f 4772//4679 4785//4679 4781//4679 4768//4679
f 4785//4680 4786//4680 4782//4680 4781//4680
f 4788//4681 4775//4681 4774//4681 4787//4681
f 4775//4682 4788//4682 4784//4682 4771//4682
f 4788//4683 4789//4683 4785//4683 4784//4683
f 4791//4684 4780//4684 4779//4684 4790//4684
f 4793//4685 4783//4685 4782//4685 4792//4685
f 4783//4686 4793//4686 4790//4686 4779//4686
f 4793//4687 4794//4687 4791//4687 4790//4687
f 4796//4688 4786//4688 4785//4688 4795//4688
f 4786//4689 4796//4689 4792//4689 4782//4689
f 4796//4690 4797//4690 4793//4690 4792//4690
f 4799//4691 4789//4691 4788//4691 4798//4691
f 4789//4692 4799//4692 4795//4692 4785//4692
f 4799//4693 4800//4693 4796//4693 4795//4693
f 4803//4694 4794//4694 4793//4694 4802//4694
f 4794//4695 4803//4695 4801//4695 4791//4695
f 4805//4696 4797//4696 4796//4696 4804//4696
f 4797//4697 4805//4697 4802//4697 4793//4697
f 4805//4698 4806//4698 4803//4698 4802//4698
f 4808//4699 4800//4699 4799//4699 4807//4699
f 4800//4700 4808//4700 4804//4700 4796//4700
f 4808//4701 4809//4701 4805//4701 4804//4701
f 4811//4702 4806//4702 4805//4702 4810//4702
f 4813//4703 4809//4703 4808//4703 4812//4703
f 4809//4704 4813//4704 4810//4704 4805//4704
f 4813//4705 4814//4705 4811//4705 4810//4705
f 4816//4706 4532//4706 4457//4706 4728//4706
f 4817//4707 4533//4707 4532//4707 4816//4707
f 4818//4708 4534//4708 4533//4708 4817//4708
f 4819//4709 4535//4709 4534//4709 4818//4709
f 4820//4710 4536//4710 4535//4710 4819//4710
f 4821//4711 4537//4711 4536//4711 4820//4711
f 4822//4712 4538//4712 4537//4712 4821//4712
f 4823//4713 4539//4713 4538//4713 4822//4713
f 4824//4714 4816//4714 4728//4714 4744//4714
f 4825//4715 4817//4715 4816//4715 4824//4715
f 4826//4716 4818//4716 4817//4716 4825//4716
f 4827//4717 4819//4717 4818//4717 4826//4717
f 4828//4718 4820//4718 4819//4718 4827//4718
f 4829//4719 4821//4719 4820//4719 4828//4719
f 4830//4720 4822//4720 4821//4720 4829//4720
f 4831//4721 4823//4721 4822//4721 4830//4721
f 4832//4722 4824//4722 4744//4722 4760//4722
f 4833//4723 4825//4723 4824//4723 4832//4723
f 4834//4724 4826//4724 4825//4724 4833//4724
f 4835//4725 4827//4725 4826//4725 4834//4725
f 4836//4726 4828//4726 4827//4726 4835//4726
f 4837//4727 4829//4727 4828//4727 4836//4727
f 4838//4728 4830//4728 4829//4728 4837//4728
f 4839//4729 4831//4729 4830//4729 4838//4729
f 4763//4730 4840//4730 4832//4730 4760//4730
f 4840//4731 4841//4731 4833//4731 4832//4731
f 4842//4732 4843//4732 4839//4732 4838//4732
f 4845//4733 4834//4733 4833//4733 4844//4733
f 4846//4734 4835//4734 4834//4734 4845//4734
f 4847//4735 4836//4735 4835//4735 4846//4735
f 4848//4736 4837//4736 4836//4736 4847//4736
f 4849//4737 4838//4737 4837//4737 4848//4737
f 4850//4738 4840//4738 4763//4738 4777//4738
f 4851//4739 4841//4739 4840//4739 4850//4739
f 4841//4740 4851//4740 4844//4740 4833//4740
f 4851//4741 4852//4741 4845//4741 4844//4741
f 4852//4742 4853//4742 4846//4742 4845//4742
f 4853//4743 4854//4743 4847//4743 4846//4743
f 4854//4744 4855//4744 4848//4744 4847//4744
f 4855//4745 4856//4745 4849//4745 4848//4745
f 4856//4746 4842//4746 4838//4746 4849//4746
f 4857//4747 4843//4747 4842//4747 4856//4747
f 4780//4748 4858//4748 4850//4748 4777//4748
f 4860//4749 4851//4749 4850//4749 4859//4749
f 4861//4750 4852//4750 4851//4750 4860//4750
f 4862//4751 4853//4751 4852//4751 4861//4751
f 4863//4752 4854//4752 4853//4752 4862//4752
f 4864//4753 4855//4753 4854//4753 4863//4753
f 4865//4754 4856//4754 4855//4754 4864//4754
f 4866//4755 4857//4755 4856//4755 4865//4755
f 4867//4756 4858//4756 4780//4756 4791//4756
f 4858//4757 4867//4757 4859//4757 4850//4757
f 4867//4758 4868//4758 4860//4758 4859//4758
f 4868//4759 4869//4759 4861//4759 4860//4759
f 4871//4760 4862//4760 4861//4760 4870//4760
f 4872//4761 4863//4761 4862//4761 4871//4761
f 4873//4762 4864//4762 4863//4762 4872//4762
f 4874//4763 4865//4763 4864//4763 4873//4763
f 4875//4764 4866//4764 4865//4764 4874//4764
f 4876//4765 4867//4765 4791//4765 4801//4765
f 4877//4766 4868//4766 4867//4766 4876//4766
f 4878//4767 4869//4767 4868//4767 4877//4767
f 4869//4768 4878//4768 4870//4768 4861//4768
f 4878//4769 4879//4769 4871//4769 4870//4769
f 4879//4770 4880//4770 4872//4770 4871//4770
f 4880//4771 4881//4771 4873//4771 4872//4771
f 4881//4772 4882//4772 4874//4772 4873//4772
f 4882//4773 4883//4773 4875//4773 4874//4773
f 4803//4774 4884//4774 4876//4774 4801//4774
f 4884//4775 4885//4775 4877//4775 4876//4775
f 4885//4776 4886//4776 4878//4776 4877//4776
f 4806//4777 4887//4777 4884//4777 4803//4777
f 4889//4778 4879//4778 4878//4778 4888//4778
f 4890//4779 4880//4779 4879//4779 4889//4779
f 4891//4780 4881//4780 4880//4780 4890//4780
f 4892//4781 4882//4781 4881//4781 4891//4781
f 4893//4782 4883//4782 4882//4782 4892//4782
f 4895//4783 4885//4783 4884//4783 4894//4783
f 4896//4784 4886//4784 4885//4784 4895//4784
f 4886//4785 4896//4785 4888//4785 4878//4785
f 4896//4786 4897//4786 4889//4786 4888//4786
f 4897//4787 4898//4787 4890//4787 4889//4787
f 4898//4788 4899//4788 4891//4788 4890//4788
f 4899//4789 4900//4789 4892//4789 4891//4789
f 4900//4790 4901//4790 4893//4790 4892//4790
f 4902//4791 4887//4791 4806//4791 4811//4791
f 4887//4792 4902//4792 4894//4792 4884//4792
f 4902//4793 4903//4793 4895//4793 4894//4793
f 4903//4794 4904//4794 4896//4794 4895//4794
f 4814//4795 4905//4795 4902//4795 4811//4795
f 4907//4796 4897//4796 4896//4796 4906//4796
f 4908//4797 4898//4797 4897//4797 4907//4797
f 4909//4798 4899//4798 4898//4798 4908//4798
f 4910//4799 4900//4799 4899//4799 4909//4799
f 4911//4800 4901//4800 4900//4800 4910//4800
f 4913//4801 4903//4801 4902//4801 4912//4801
f 4914//4802 4904//4802 4903//4802 4913//4802
f 4904//4803 4914//4803 4906//4803 4896//4803
f 4914//4804 4915//4804 4907//4804 4906//4804
f 4915//4805 4916//4805 4908//4805 4907//4805
f 4916//4806 4917//4806 4909//4806 4908//4806
f 4917//4807 4918//4807 4910//4807 4909//4807
f 4918//4808 4919//4808 4911//4808 4910//4808
f 4920//4809 4905//4809 4814//4809 4815//4809
f 4905//4810 4920//4810 4912//4810 4902//4810
f 4920//4811 4921//4811 4913//4811 4912//4811
f 4921//4812 4922//4812 4914//4812 4913//4812
f 4922//4813 4923//4813 4915//4813 4914//4813
f 4923//4814 4924//4814 4916//4814 4915//4814
f 4630//4815 4926//4815 4925//4815 4628//4815
f 4928//4816 4632//4816 4631//4816 4927//4816
f 4632//4817 4928//4817 4926//4817 4630//4817
f 4634//4818 4929//4818 4927//4818 4631//4818
f 4929//4819 4930//4819 4928//4819 4927//4819
f 4932//4820 4636//4820 4635//4820 4931//4820
f 4636//4821 4932//4821 4929//4821 4634//4821
f 4638//4822 4933//4822 4931//4822 4635//4822
f 4933//4823 4934//4823 4932//4823 4931//4823
f 4936//4824 4640//4824 4639//4824 4935//4824
f 4640//4825 4936//4825 4933//4825 4638//4825
f 4641//4826 4937//4826 4935//4826 4639//4826
f 4937//4827 4938//4827 4936//4827 4935//4827
f 4928//4828 4940//4828 4939//4828 4926//4828
f 4942//4829 4930//4829 4929//4829 4941//4829
f 4930//4830 4942//4830 4940//4830 4928//4830
f 4932//4831 4943//4831 4941//4831 4929//4831
f 4943//4832 4944//4832 4942//4832 4941//4832
f 4946//4833 4934//4833 4933//4833 4945//4833
f 4934//4834 4946//4834 4943//4834 4932//4834
f 4936//4835 4947//4835 4945//4835 4933//4835
f 4947//4836 4948//4836 4946//4836 4945//4836
f 4938//4837 4949//4837 4947//4837 4936//4837
f 4942//4838 4951//4838 4950//4838 4940//4838
f 4953//4839 4944//4839 4943//4839 4952//4839
f 4944//4840 4953//4840 4951//4840 4942//4840
f 4946//4841 4954//4841 4952//4841 4943//4841
f 4954//4842 4955//4842 4953//4842 4952//4842
f 4957//4843 4948//4843 4947//4843 4956//4843
f 4948//4844 4957//4844 4954//4844 4946//4844
f 4949//4845 4958//4845 4956//4845 4947//4845
f 4958//4846 4959//4846 4957//4846 4956//4846
f 4953//4847 4961//4847 4960//4847 4951//4847
f 4963//4848 4955//4848 4954//4848 4962//4848
f 4955//4849 4963//4849 4961//4849 4953//4849
f 4957//4850 4964//4850 4962//4850 4954//4850
f 4964//4851 4965//4851 4963//4851 4962//4851
f 4959//4852 4966//4852 4964//4852 4957//4852
f 4966//4853 4967//4853 4965//4853 4964//4853
f 4965//4854 4969//4854 4968//4854 4963//4854
f 4971//4855 4967//4855 4966//4855 4970//4855
f 4967//4856 4971//4856 4969//4856 4965//4856
f 4971//4857 4973//4857 4972//4857 4969//4857
f 4974//4858 4643//4858 4628//4858 4925//4858
f 4643//4859 4974//4859 4741//4859 4467//4859
f 4974//4860 4975//4860 4742//4860 4741//4860
f 4926//4861 4976//4861 4974//4861 4925//4861
f 4978//4862 4975//4862 4974//4862 4977//4862
f 4975//4863 4978//4863 4758//4863 4742//4863
f 4979//4864 4976//4864 4926//4864 4939//4864
f 4976//4865 4979//4865 4977//4865 4974//4865
f 4979//4866 4980//4866 4978//4866 4977//4866
f 4940//4867 4981//4867 4979//4867 4939//4867
f 4978//4868 4982//4868 4773//4868 4758//4868
f 4982//4869 4983//4869 4774//4869 4773//4869
f 4985//4870 4980//4870 4979//4870 4984//4870
f 4980//4871 4985//4871 4982//4871 4978//4871
f 4986//4872 4981//4872 4940//4872 4950//4872
f 4981//4873 4986//4873 4984//4873 4979//4873
f 4986//4874 4987//4874 4985//4874 4984//4874
f 4951//4875 4988//4875 4986//4875 4950//4875
f 4990//4876 4983//4876 4982//4876 4989//4876
f 4983//4877 4990//4877 4787//4877 4774//4877
f 4990//4878 4991//4878 4788//4878 4787//4878
f 4985//4879 4992//4879 4989//4879 4982//4879
f 4992//4880 4993//4880 4990//4880 4989//4880
f 4995//4881 4987//4881 4986//4881 4994//4881
f 4987//4882 4995//4882 4992//4882 4985//4882
f 4996//4883 4988//4883 4951//4883 4960//4883
f 4988//4884 4996//4884 4994//4884 4986//4884
f 4996//4885 4997//4885 4995//4885 4994//4885
f 4961//4886 4998//4886 4996//4886 4960//4886
f 4963//4887 4999//4887 4998//4887 4961//4887
f 5001//4888 4991//4888 4990//4888 5000//4888
f 4991//4889 5001//4889 4798//4889 4788//4889
f 5001//4890 5002//4890 4799//4890 4798//4890
f 5004//4891 4993//4891 4992//4891 5003//4891
f 4993//4892 5004//4892 5000//4892 4990//4892
f 5004//4893 5005//4893 5001//4893 5000//4893
f 4995//4894 5006//4894 5003//4894 4992//4894
f 5006//4895 5007//4895 5004//4895 5003//4895
f 5009//4896 4997//4896 4996//4896 5008//4896
f 4997//4897 5009//4897 5006//4897 4995//4897
f 5009//4898 5010//4898 5007//4898 5006//4898
f 4998//4899 5011//4899 5008//4899 4996//4899
f 5011//4900 5012//4900 5009//4900 5008//4900
f 5013//4901 4999//4901 4963//4901 4968//4901
f 4999//4902 5013//4902 5011//4902 4998//4902
f 4969//4903 5014//4903 5013//4903 4968//4903
f 5016//4904 5002//4904 5001//4904 5015//4904
f 5002//4905 5016//4905 4807//4905 4799//4905
f 5016//4906 5017//4906 4808//4906 4807//4906
f 5019//4907 5005//4907 5004//4907 5018//4907
f 5005//4908 5019//4908 5015//4908 5001//4908
f 5019//4909 5020//4909 5016//4909 5015//4909
f 5007//4910 5021//4910 5018//4910 5004//4910
f 5021//4911 5022//4911 5019//4911 5018//4911
f 5024//4912 5010//4912 5009//4912 5023//4912
f 5010//4913 5024//4913 5021//4913 5007//4913
f 5024//4914 5025//4914 5022//4914 5021//4914
f 5027//4915 5012//4915 5011//4915 5026//4915
f 5012//4916 5027//4916 5023//4916 5009//4916
f 5027//4917 5028//4917 5024//4917 5023//4917
f 5013//4918 5029//4918 5026//4918 5011//4918
f 5029//4919 5030//4919 5027//4919 5026//4919
f 5031//4920 5014//4920 4969//4920 4972//4920
f 5014//4921 5031//4921 5029//4921 5013//4921
f 5031//4922 5032//4922 5030//4922 5029//4922
f 4973//4923 5033//4923 5031//4923 4972//4923
f 5035//4924 5017//4924 5016//4924 5034//4924
f 5017//4925 5035//4925 4812//4925 4808//4925
f 5035//4926 5036//4926 4813//4926 4812//4926
f 5036//4927 5037//4927 4814//4927 4813//4927
f 5039//4928 5020//4928 5019//4928 5038//4928
f 5020//4929 5039//4929 5034//4929 5016//4929
f 5039//4930 5040//4930 5035//4930 5034//4930
f 5040//4931 5041//4931 5036//4931 5035//4931
f 5022//4932 5042//4932 5038//4932 5019//4932
f 5042//4933 5043//4933 5039//4933 5038//4933
f 5043//4934 5044//4934 5040//4934 5039//4934
f 5046//4935 5025//4935 5024//4935 5045//4935
f 5025//4936 5046//4936 5042//4936 5022//4936
f 5046//4937 5047//4937 5043//4937 5042//4937
f 5049//4938 5028//4938 5027//4938 5048//4938
f 5028//4939 5049//4939 5045//4939 5024//4939
f 5049//4940 5050//4940 5046//4940 5045//4940
f 5030//4941 5051//4941 5048//4941 5027//4941
f 5051//4942 5052//4942 5049//4942 5048//4942
f 5054//4943 5032//4943 5031//4943 5053//4943
f 5032//4944 5054//4944 5051//4944 5030//4944
f 5054//4945 5055//4945 5052//4945 5051//4945
f 5033//4946 5056//4946 5053//4946 5031//4946
f 5056//4947 5057//4947 5054//4947 5053//4947
f 5059//4948 5037//4948 5036//4948 5058//4948
f 5037//4949 5059//4949 4815//4949 4814//4949
f 5061//4950 5041//4950 5040//4950 5060//4950
f 5041//4951 5061//4951 5058//4951 5036//4951
f 5061//4952 5062//4952 5059//4952 5058//4952
f 5064//4953 5044//4953 5043//4953 5063//4953
f 5044//4954 5064//4954 5060//4954 5040//4954
f 5064//4955 5065//4955 5061//4955 5060//4955
f 5067//4956 5047//4956 5046//4956 5066//4956
f 5047//4957 5067//4957 5063//4957 5043//4957
f 5067//4958 5068//4958 5064//4958 5063//4958
f 5070//4959 5050//4959 5049//4959 5069//4959
f 5050//4960 5070//4960 5066//4960 5046//4960
f 5070//4961 5071//4961 5067//4961 5066//4961
f 5052//4962 5072//4962 5069//4962 5049//4962
f 5072//4963 5073//4963 5070//4963 5069//4963
f 5075//4964 5055//4964 5054//4964 5074//4964
f 5055//4965 5075//4965 5072//4965 5052//4965
f 5075//4966 5076//4966 5073//4966 5072//4966
f 5057//4967 5077//4967 5074//4967 5054//4967
f 5077//4968 5078//4968 5075//4968 5074//4968
f 5059//4969 5079//4969 4920//4969 4815//4969
f 5079//4970 5080//4970 4921//4970 4920//4970
f 4716//4971 5081//4971 4937//4971 4641//4971
f 5081//4972 5082//4972 4938//4972 4937//4972
f 4718//4973 5083//4973 5081//4973 4716//4973
f 5085//4974 4720//4974 4719//4974 5084//4974
f 4720//4975 5085//4975 5083//4975 4718//4975
f 4721//4976 5086//4976 5084//4976 4719//4976
f 5086//4977 5087//4977 5085//4977 5084//4977
f 4722//4978 5088//4978 5086//4978 4721//4978
f 5088//4979 5089//4979 5087//4979 5086//4979
f 4723//4980 5090//4980 5088//4980 4722//4980
f 4724//4981 5091//4981 5090//4981 4723//4981
f 4725//4982 5092//4982 5091//4982 4724//4982
f 5094//4983 5082//4983 5081//4983 5093//4983
f 5082//4984 5094//4984 4949//4984 4938//4984
f 5083//4985 5095//4985 5093//4985 5081//4985
f 5095//4986 5096//4986 5094//4986 5093//4986
f 5085//4987 5097//4987 5095//4987 5083//4987
f 5087//4988 5098//4988 5097//4988 5085//4988
f 5100//4989 5089//4989 5088//4989 5099//4989
f 5089//4990 5100//4990 5098//4990 5087//4990
f 5090//4991 5101//4991 5099//4991 5088//4991
f 5101//4992 5102//4992 5100//4992 5099//4992
f 5091//4993 5103//4993 5101//4993 5090//4993
f 5103//4994 5104//4994 5102//4994 5101//4994
f 5092//4995 5105//4995 5103//4995 5091//4995
f 5105//4996 5106//4996 5104//4996 5103//4996
f 5094//4997 5107//4997 4958//4997 4949//4997
f 5107//4998 5108//4998 4959//4998 4958//4998
f 5110//4999 5096//4999 5095//4999 5109//4999
f 5096//5000 5110//5000 5107//5000 5094//5000
f 5097//5001 5111//5001 5109//5001 5095//5001
f 5111//5002 5112//5002 5110//5002 5109//5002
f 5098//5003 5113//5003 5111//5003 5097//5003
f 5113//5004 5114//5004 5112//5004 5111//5004
f 5100//5005 5115//5005 5113//5005 5098//5005
f 5115//5006 5116//5006 5114//5006 5113//5006
f 5102//5007 5117//5007 5115//5007 5100//5007
f 5104//5008 5118//5008 5117//5008 5102//5008
f 5106//5009 5119//5009 5118//5009 5104//5009
f 5121//5010 5108//5010 5107//5010 5120//5010
f 5108//5011 5121//5011 4966//5011 4959//5011
f 5110//5012 5122//5012 5120//5012 5107//5012
f 5122//5013 5123//5013 5121//5013 5120//5013
f 5112//5014 5124//5014 5122//5014 5110//5014
f 5124//5015 5125//5015 5123//5015 5122//5015
f 5114//5016 5126//5016 5124//5016 5112//5016
f 5128//5017 5116//5017 5115//5017 5127//5017
f 5116//5018 5128//5018 5126//5018 5114//5018
f 5117//5019 5129//5019 5127//5019 5115//5019
f 5129//5020 5130//5020 5128//5020 5127//5020
f 5118//5021 5131//5021 5129//5021 5117//5021
f 5131//5022 5132//5022 5130//5022 5129//5022
f 5119//5023 5133//5023 5131//5023 5118//5023
f 5133//5024 5134//5024 5132//5024 5131//5024
f 5121//5025 5135//5025 4970//5025 4966//5025
f 5135//5026 5136//5026 4971//5026 4970//5026
f 5123//5027 5137//5027 5135//5027 5121//5027
f 5137//5028 5138//5028 5136//5028 5135//5028
f 5140//5029 5125//5029 5124//5029 5139//5029
f 5125//5030 5140//5030 5137//5030 5123//5030
f 5126//5031 5141//5031 5139//5031 5124//5031
f 5141//5032 5142//5032 5140//5032 5139//5032
f 5128//5033 5143//5033 5141//5033 5126//5033
f 5143//5034 5144//5034 5142//5034 5141//5034
f 5130//5035 5145//5035 5143//5035 5128//5035
f 5145//5036 5146//5036 5144//5036 5143//5036
f 5132//5037 5147//5037 5145//5037 5130//5037
f 5134//5038 5148//5038 5147//5038 5132//5038
f 5136//5039 5149//5039 4973//5039 4971//5039
f 5151//5040 5138//5040 5137//5040 5150//5040
f 5138//5041 5151//5041 5149//5041 5136//5041
f 5140//5042 5152//5042 5150//5042 5137//5042
f 5152//5043 5153//5043 5151//5043 5150//5043
f 5142//5044 5154//5044 5152//5044 5140//5044
f 5154//5045 5155//5045 5153//5045 5152//5045
f 5144//5046 5156//5046 5154//5046 5142//5046
f 5158//5047 5146//5047 5145//5047 5157//5047
f 5146//5048 5158//5048 5156//5048 5144//5048
f 5147//5049 5159//5049 5157//5049 5145//5049
f 5159//5050 5160//5050 5158//5050 5157//5050
f 5148//5051 5161//5051 5159//5051 5147//5051
f 5161//5052 5162//5052 5160//5052 5159//5052
f 5151//5053 5164//5053 5163//5053 5149//5053
f 5153//5054 5165//5054 5164//5054 5151//5054
f 5167//5055 5155//5055 5154//5055 5166//5055
f 5155//5056 5167//5056 5165//5056 5153//5056
f 5156//5057 5168//5057 5166//5057 5154//5057
f 5168//5058 5169//5058 5167//5058 5166//5058
f 5158//5059 5170//5059 5168//5059 5156//5059
f 5170//5060 5171//5060 5169//5060 5168//5060
f 5160//5061 5172//5061 5170//5061 5158//5061
f 5172//5062 5173//5062 5171//5062 5170//5062
f 5162//5063 5174//5063 5172//5063 5160//5063
f 5174//5064 5175//5064 5173//5064 5172//5064
f 5169//5065 5177//5065 5176//5065 5167//5065
f 5171//5066 5178//5066 5177//5066 5169//5066
f 5173//5067 5179//5067 5178//5067 5171//5067
f 5175//5068 5180//5068 5179//5068 5173//5068
f 5149//5069 5181//5069 5033//5069 4973//5069
f 5182//5070 5181//5070 5149//5070 5163//5070
f 5181//5071 5182//5071 5056//5071 5033//5071
f 5182//5072 5183//5072 5057//5072 5056//5072
f 5164//5073 5184//5073 5182//5073 5163//5073
f 5165//5074 5185//5074 5184//5074 5164//5074
f 5167//5075 5186//5075 5185//5075 5165//5075
f 5188//5076 5183//5076 5182//5076 5187//5076
f 5183//5077 5188//5077 5077//5077 5057//5077
f 5188//5078 5189//5078 5078//5078 5077//5078
f 5184//5079 5190//5079 5187//5079 5182//5079
f 5190//5080 5191//5080 5188//5080 5187//5080
f 5185//5081 5192//5081 5190//5081 5184//5081
f 5192//5082 5193//5082 5191//5082 5190//5082
f 5194//5083 5186//5083 5167//5083 5176//5083
f 5186//5084 5194//5084 5192//5084 5185//5084
f 5194//5085 5195//5085 5193//5085 5192//5085
f 5177//5086 5196//5086 5194//5086 5176//5086
f 5178//5087 5197//5087 5196//5087 5177//5087
f 5179//5088 5198//5088 5197//5088 5178//5088
f 5180//5089 5199//5089 5198//5089 5179//5089
f 5201//5090 4917//5090 4916//5090 5200//5090
f 5202//5091 4918//5091 4917//5091 5201//5091
f 5203//5092 4919//5092 4918//5092 5202//5092
f 5205//5093 4922//5093 4921//5093 5204//5093
f 5206//5094 4923//5094 4922//5094 5205//5094
f 5207//5095 4924//5095 4923//5095 5206//5095
f 4924//5096 5207//5096 5200//5096 4916//5096
f 5207//5097 5208//5097 5201//5097 5200//5097
f 5208//5098 5209//5098 5202//5098 5201//5098
f 5209//5099 5210//5099 5203//5099 5202//5099
f 5214//5100 5062//5100 5061//5100 5213//5100
f 5062//5101 5214//5101 5212//5101 5059//5101
f 5216//5102 5065//5102 5064//5102 5215//5102
f 5065//5103 5216//5103 5213//5103 5061//5103
f 5216//5104 5217//5104 5214//5104 5213//5104
f 5219//5105 5068//5105 5067//5105 5218//5105
f 5068//5106 5219//5106 5215//5106 5064//5106
f 5219//5107 5220//5107 5216//5107 5215//5107
f 5220//5108 5221//5108 5217//5108 5216//5108
f 5223//5109 5071//5109 5070//5109 5222//5109
f 5071//5110 5223//5110 5218//5110 5067//5110
f 5223//5111 5224//5111 5219//5111 5218//5111
f 5224//5112 5225//5112 5220//5112 5219//5112
f 5073//5113 5226//5113 5222//5113 5070//5113
f 5226//5114 5227//5114 5223//5114 5222//5114
f 5227//5115 5228//5115 5224//5115 5223//5115
f 5230//5116 5076//5116 5075//5116 5229//5116
f 5076//5117 5230//5117 5226//5117 5073//5117
f 5230//5118 5231//5118 5227//5118 5226//5118
f 5078//5119 5232//5119 5229//5119 5075//5119
f 5232//5120 5233//5120 5230//5120 5229//5120
f 5233//5121 5234//5121 5231//5121 5230//5121
f 5237//5122 5221//5122 5220//5122 5236//5122
f 5221//5123 5237//5123 5235//5123 5217//5123
f 5239//5124 5225//5124 5224//5124 5238//5124
f 5225//5125 5239//5125 5236//5125 5220//5125
f 5239//5126 5240//5126 5237//5126 5236//5126
f 5242//5127 5228//5127 5227//5127 5241//5127
f 5228//5128 5242//5128 5238//5128 5224//5128
f 5242//5129 5243//5129 5239//5129 5238//5129
f 5243//5130 5244//5130 5240//5130 5239//5130
f 5231//5131 5245//5131 5241//5131 5227//5131
f 5245//5132 5246//5132 5242//5132 5241//5132
f 5246//5133 5247//5133 5243//5133 5242//5133
f 5249//5134 5234//5134 5233//5134 5248//5134
f 5234//5135 5249//5135 5245//5135 5231//5135
f 5249//5136 5250//5136 5246//5136 5245//5136
f 5253//5137 5244//5137 5243//5137 5252//5137
f 5244//5138 5253//5138 5251//5138 5240//5138
f 5255//5139 5247//5139 5246//5139 5254//5139
f 5247//5140 5255//5140 5252//5140 5243//5140
f 5255//5141 5256//5141 5253//5141 5252//5141
f 5258//5142 5250//5142 5249//5142 5257//5142
f 5250//5143 5258//5143 5254//5143 5246//5143
f 5258//5144 5259//5144 5255//5144 5254//5144
f 5259//5145 5260//5145 5256//5145 5255//5145
f 5263//5146 5260//5146 5259//5146 5262//5146
f 5260//5147 5263//5147 5261//5147 5256//5147
f 5264//5148 5079//5148 5059//5148 5212//5148
f 5265//5149 5080//5149 5079//5149 5264//5149
f 5080//5150 5265//5150 5204//5150 4921//5150
f 5265//5151 5266//5151 5205//5151 5204//5151
f 5266//5152 5267//5152 5206//5152 5205//5152
f 5267//5153 5268//5153 5207//5153 5206//5153
f 5268//5154 5269//5154 5208//5154 5207//5154
f 5269//5155 5270//5155 5209//5155 5208//5155
f 5270//5156 5271//5156 5210//5156 5209//5156
f 5214//5157 5272//5157 5264//5157 5212//5157
f 5272//5158 5273//5158 5265//5158 5264//5158
f 5273//5159 5274//5159 5266//5159 5265//5159
f 5217//5160 5275//5160 5272//5160 5214//5160
f 5277//5161 5267//5161 5266//5161 5276//5161
f 5278//5162 5268//5162 5267//5162 5277//5162
f 5279//5163 5269//5163 5268//5163 5278//5163
f 5280//5164 5270//5164 5269//5164 5279//5164
f 5281//5165 5271//5165 5270//5165 5280//5165
f 5271//5166 5281//5166 5211//5166 5210//5166
f 5283//5167 5273//5167 5272//5167 5282//5167
f 5284//5168 5274//5168 5273//5168 5283//5168
f 5274//5169 5284//5169 5276//5169 5266//5169
f 5284//5170 5285//5170 5277//5170 5276//5170
f 5285//5171 5286//5171 5278//5171 5277//5171
f 5286//5172 5287//5172 5279//5172 5278//5172
f 5287//5173 5288//5173 5280//5173 5279//5173
f 5288//5174 5289//5174 5281//5174 5280//5174
f 5290//5175 5275//5175 5217//5175 5235//5175
f 5275//5176 5290//5176 5282//5176 5272//5176
f 5290//5177 5291//5177 5283//5177 5282//5177
f 5291//5178 5292//5178 5284//5178 5283//5178
f 5292//5179 5293//5179 5285//5179 5284//5179
f 5293//5180 5294//5180 5286//5180 5285//5180
f 5237//5181 5295//5181 5290//5181 5235//5181
f 5295//5182 5296//5182 5291//5182 5290//5182
f 5296//5183 5297//5183 5292//5183 5291//5183
f 5240//5184 5298//5184 5295//5184 5237//5184
f 5300//5185 5287//5185 5286//5185 5299//5185
f 5301//5186 5288//5186 5287//5186 5300//5186
f 5302//5187 5289//5187 5288//5187 5301//5187
f 5304//5188 5293//5188 5292//5188 5303//5188
f 5305//5189 5294//5189 5293//5189 5304//5189
f 5294//5190 5305//5190 5299//5190 5286//5190
f 5305//5191 5306//5191 5300//5191 5299//5191
f 5306//5192 5307//5192 5301//5192 5300//5192
f 5307//5193 5308//5193 5302//5193 5301//5193
f 5310//5194 5296//5194 5295//5194 5309//5194
f 5311//5195 5297//5195 5296//5195 5310//5195
f 5297//5196 5311//5196 5303//5196 5292//5196
f 5311//5197 5312//5197 5304//5197 5303//5197
f 5312//5198 5313//5198 5305//5198 5304//5198
f 5313//5199 5314//5199 5306//5199 5305//5199
f 5314//5200 5315//5200 5307//5200 5306//5200
f 5315//5201 5316//5201 5308//5201 5307//5201
f 5317//5202 5298//5202 5240//5202 5251//5202
f 5298//5203 5317//5203 5309//5203 5295//5203
f 5317//5204 5318//5204 5310//5204 5309//5204
f 5318//5205 5319//5205 5311//5205 5310//5205
f 5319//5206 5320//5206 5312//5206 5311//5206
f 5320//5207 5321//5207 5313//5207 5312//5207
f 5253//5208 5322//5208 5317//5208 5251//5208
f 5322//5209 5323//5209 5318//5209 5317//5209
f 5323//5210 5324//5210 5319//5210 5318//5210
f 5256//5211 5325//5211 5322//5211 5253//5211
f 5327//5212 5314//5212 5313//5212 5326//5212
f 5328//5213 5315//5213 5314//5213 5327//5213
f 5329//5214 5316//5214 5315//5214 5328//5214
f 5331//5215 5320//5215 5319//5215 5330//5215
f 5332//5216 5321//5216 5320//5216 5331//5216
f 5321//5217 5332//5217 5326//5217 5313//5217
f 5332//5218 5333//5218 5327//5218 5326//5218
f 5333//5219 5334//5219 5328//5219 5327//5219
f 5334//5220 5335//5220 5329//5220 5328//5220
f 5337//5221 5323//5221 5322//5221 5336//5221
f 5338//5222 5324//5222 5323//5222 5337//5222
f 5324//5223 5338//5223 5330//5223 5319//5223
f 5338//5224 5339//5224 5331//5224 5330//5224
f 5339//5225 5340//5225 5332//5225 5331//5225
f 5340//5226 5341//5226 5333//5226 5332//5226
f 5341//5227 5342//5227 5334//5227 5333//5227
f 5342//5228 5343//5228 5335//5228 5334//5228
f 5344//5229 5325//5229 5256//5229 5261//5229
f 5325//5230 5344//5230 5336//5230 5322//5230
f 5344//5231 5345//5231 5337//5231 5336//5231
f 5345//5232 5346//5232 5338//5232 5337//5232
f 5346//5233 5347//5233 5339//5233 5338//5233
f 5347//5234 5348//5234 5340//5234 5339//5234
f 5348//5235 5349//5235 5341//5235 5340//5235
f 5263//5236 5350//5236 5344//5236 5261//5236
f 5350//5237 5351//5237 5345//5237 5344//5237
f 5351//5238 5352//5238 5346//5238 5345//5238
f 5352//5239 5353//5239 5347//5239 5346//5239
f 5355//5240 5342//5240 5341//5240 5354//5240
f 5356//5241 5343//5241 5342//5241 5355//5241
f 5358//5242 5348//5242 5347//5242 5357//5242
f 5359//5243 5349//5243 5348//5243 5358//5243
f 5349//5244 5359//5244 5354//5244 5341//5244
f 5359//5245 5360//5245 5355//5245 5354//5245
f 5360//5246 5361//5246 5356//5246 5355//5246
f 5363//5247 5352//5247 5351//5247 5362//5247
f 5364//5248 5353//5248 5352//5248 5363//5248
f 5353//5249 5364//5249 5357//5249 5347//5249
f 5364//5250 5365//5250 5358//5250 5357//5250
f 5365//5251 5366//5251 5359//5251 5358//5251
f 5366//5252 5367//5252 5360//5252 5359//5252
f 5367//5253 5368//5253 5361//5253 5360//5253
f 5370//5254 5189//5254 5188//5254 5369//5254
f 5189//5255 5370//5255 5232//5255 5078//5255
f 5370//5256 5371//5256 5233//5256 5232//5256
f 5191//5257 5372//5257 5369//5257 5188//5257
f 5372//5258 5373//5258 5370//5258 5369//5258
f 5193//5259 5374//5259 5372//5259 5191//5259
f 5374//5260 5375//5260 5373//5260 5372//5260
f 5377//5261 5195//5261 5194//5261 5376//5261
f 5195//5262 5377//5262 5374//5262 5193//5262
f 5377//5263 5378//5263 5375//5263 5374//5263
f 5196//5264 5379//5264 5376//5264 5194//5264
f 5379//5265 5380//5265 5377//5265 5376//5265
f 5197//5266 5381//5266 5379//5266 5196//5266
f 5381//5267 5382//5267 5380//5267 5379//5267
f 5198//5268 5383//5268 5381//5268 5197//5268
f 5383//5269 5384//5269 5382//5269 5381//5269
f 5199//5270 5385//5270 5383//5270 5198//5270
f 5385//5271 5386//5271 5384//5271 5383//5271
f 5388//5272 5371//5272 5370//5272 5387//5272
f 5371//5273 5388//5273 5248//5273 5233//5273
f 5388//5274 5389//5274 5249//5274 5248//5274
f 5373//5275 5390//5275 5387//5275 5370//5275
f 5390//5276 5391//5276 5388//5276 5387//5276
f 5391//5277 5392//5277 5389//5277 5388//5277
f 5375//5278 5393//5278 5390//5278 5373//5278
f 5393//5279 5394//5279 5391//5279 5390//5279
f 5396//5280 5378//5280 5377//5280 5395//5280
f 5378//5281 5396//5281 5393//5281 5375//5281
f 5396//5282 5397//5282 5394//5282 5393//5282
f 5380//5283 5398//5283 5395//5283 5377//5283
f 5398//5284 5399//5284 5396//5284 5395//5284
f 5399//5285 5400//5285 5397//5285 5396//5285
f 5382//5286 5401//5286 5398//5286 5380//5286
f 5401//5287 5402//5287 5399//5287 5398//5287
f 5402//5288 5403//5288 5400//5288 5399//5288
f 5384//5289 5404//5289 5401//5289 5382//5289
f 5404//5290 5405//5290 5402//5290 5401//5290
f 5386//5291 5406//5291 5404//5291 5384//5291
f 5406//5292 5407//5292 5405//5292 5404//5292
f 5389//5293 5408//5293 5257//5293 5249//5293
f 5408//5294 5409//5294 5258//5294 5257//5294
f 5409//5295 5410//5295 5259//5295 5258//5295
f 5412//5296 5392//5296 5391//5296 5411//5296
f 5392//5297 5412//5297 5408//5297 5389//5297
f 5412//5298 5413//5298 5409//5298 5408//5298
f 5413//5299 5414//5299 5410//5299 5409//5299
f 5394//5300 5415//5300 5411//5300 5391//5300
f 5415//5301 5416//5301 5412//5301 5411//5301
f 5416//5302 5417//5302 5413//5302 5412//5302
f 5397//5303 5418//5303 5415//5303 5394//5303
f 5418//5304 5419//5304 5416//5304 5415//5304
f 5419//5305 5420//5305 5417//5305 5416//5305
f 5400//5306 5421//5306 5418//5306 5397//5306
f 5421//5307 5422//5307 5419//5307 5418//5307
f 5424//5308 5403//5308 5402//5308 5423//5308
f 5403//5309 5424//5309 5421//5309 5400//5309
f 5424//5310 5425//5310 5422//5310 5421//5310
f 5405//5311 5426//5311 5423//5311 5402//5311
f 5426//5312 5427//5312 5424//5312 5423//5312
f 5427//5313 5428//5313 5425//5313 5424//5313
f 5407//5314 5429//5314 5426//5314 5405//5314
f 5429//5315 5430//5315 5427//5315 5426//5315
f 5430//5316 5431//5316 5428//5316 5427//5316
f 5410//5317 5432//5317 5262//5317 5259//5317
f 5432//5318 5433//5318 5263//5318 5262//5318
f 5435//5319 5414//5319 5413//5319 5434//5319
f 5414//5320 5435//5320 5432//5320 5410//5320
f 5435//5321 5436//5321 5433//5321 5432//5321
f 5417//5322 5437//5322 5434//5322 5413//5322
f 5437//5323 5438//5323 5435//5323 5434//5323
f 5438//5324 5439//5324 5436//5324 5435//5324
f 5441//5325 5420//5325 5419//5325 5440//5325
f 5420//5326 5441//5326 5437//5326 5417//5326
f 5441//5327 5442//5327 5438//5327 5437//5327
f 5442//5328 5443//5328 5439//5328 5438//5328
f 5422//5329 5444//5329 5440//5329 5419//5329
f 5444//5330 5445//5330 5441//5330 5440//5330
f 5445//5331 5446//5331 5442//5331 5441//5331
f 5425//5332 5447//5332 5444//5332 5422//5332
f 5447//5333 5448//5333 5445//5333 5444//5333
f 5448//5334 5449//5334 5446//5334 5445//5334
f 5428//5335 5450//5335 5447//5335 5425//5335
f 5450//5336 5451//5336 5448//5336 5447//5336
f 5451//5337 5452//5337 5449//5337 5448//5337
f 5431//5338 5453//5338 5450//5338 5428//5338
f 5453//5339 5454//5339 5451//5339 5450//5339
f 5454//5340 5455//5340 5452//5340 5451//5340
f 5439//5341 5457//5341 5456//5341 5436//5341
f 5459//5342 5443//5342 5442//5342 5458//5342
f 5443//5343 5459//5343 5457//5343 5439//5343
f 5446//5344 5460//5344 5458//5344 5442//5344
f 5460//5345 5461//5345 5459//5345 5458//5345
f 5449//5346 5462//5346 5460//5346 5446//5346
f 5462//5347 5463//5347 5461//5347 5460//5347
f 5452//5348 5464//5348 5462//5348 5449//5348
f 5464//5349 5465//5349 5463//5349 5462//5349
f 5455//5350 5466//5350 5464//5350 5452//5350
f 5466//5351 5467//5351 5465//5351 5464//5351
f 5433//5352 5468//5352 5350//5352 5263//5352
f 5468//5353 5469//5353 5351//5353 5350//5353
f 5436//5354 5470//5354 5468//5354 5433//5354
f 5472//5355 5469//5355 5468//5355 5471//5355
f 5469//5356 5472//5356 5362//5356 5351//5356
f 5472//5357 5473//5357 5363//5357 5362//5357
f 5473//5358 5474//5358 5364//5358 5363//5358
f 5474//5359 5475//5359 5365//5359 5364//5359
f 5475//5360 5476//5360 5366//5360 5365//5360
f 5476//5361 5477//5361 5367//5361 5366//5361
f 5477//5362 5478//5362 5368//5362 5367//5362
f 5479//5363 5470//5363 5436//5363 5456//5363
f 5470//5364 5479//5364 5471//5364 5468//5364
f 5479//5365 5480//5365 5472//5365 5471//5365
f 5480//5366 5481//5366 5473//5366 5472//5366
f 5481//5367 5482//5367 5474//5367 5473//5367
f 5482//5368 5483//5368 5475//5368 5474//5368
f 5483//5369 5484//5369 5476//5369 5475//5369
f 5457//5370 5485//5370 5479//5370 5456//5370
f 5485//5371 5486//5371 5480//5371 5479//5371
f 5486//5372 5487//5372 5481//5372 5480//5372
f 5487//5373 5488//5373 5482//5373 5481//5373
f 5459//5374 5489//5374 5485//5374 5457//5374
f 5489//5375 5490//5375 5486//5375 5485//5375
f 5490//5376 5491//5376 5487//5376 5486//5376
f 5461//5377 5492//5377 5489//5377 5459//5377
f 5492//5378 5493//5378 5490//5378 5489//5378
f 5463//5379 5494//5379 5492//5379 5461//5379
f 5494//5380 5495//5380 5493//5380 5492//5380
f 5465//5381 5496//5381 5494//5381 5463//5381
f 5496//5382 5497//5382 5495//5382 5494//5382
f 5467//5383 5498//5383 5496//5383 5465//5383
f 5498//5384 5499//5384 5497//5384 5496//5384
f 5501//5385 5477//5385 5476//5385 5500//5385
f 5502//5386 5478//5386 5477//5386 5501//5386
f 5504//5387 5483//5387 5482//5387 5503//5387
f 5505//5388 5484//5388 5483//5388 5504//5388
f 5484//5389 5505//5389 5500//5389 5476//5389
f 5505//5390 5506//5390 5501//5390 5500//5390
f 5506//5391 5507//5391 5502//5391 5501//5391
f 5509//5392 5488//5392 5487//5392 5508//5392
f 5488//5393 5509//5393 5503//5393 5482//5393
f 5509//5394 5510//5394 5504//5394 5503//5394
f 5510//5395 5511//5395 5505//5395 5504//5395
f 5511//5396 5512//5396 5506//5396 5505//5396
f 5512//5397 5513//5397 5507//5397 5506//5397
f 5515//5398 5491//5398 5490//5398 5514//5398
f 5491//5399 5515//5399 5508//5399 5487//5399
f 5515//5400 5516//5400 5509//5400 5508//5400
f 5516//5401 5517//5401 5510//5401 5509//5401
f 5517//5402 5518//5402 5511//5402 5510//5402
f 5518//5403 5519//5403 5512//5403 5511//5403
f 5519//5404 5520//5404 5513//5404 5512//5404
f 5493//5405 5521//5405 5514//5405 5490//5405
f 5521//5406 5522//5406 5515//5406 5514//5406
f 5522//5407 5523//5407 5516//5407 5515//5407
f 5523//5408 5524//5408 5517//5408 5516//5408
f 5524//5409 5525//5409 5518//5409 5517//5409
f 5525//5410 5526//5410 5519//5410 5518//5410
f 5526//5411 5527//5411 5520//5411 5519//5411
f 5495//5412 5528//5412 5521//5412 5493//5412
f 5528//5413 5529//5413 5522//5413 5521//5413
f 5529//5414 5530//5414 5523//5414 5522//5414
f 5530//5415 5531//5415 5524//5415 5523//5415
f 5531//5416 5532//5416 5525//5416 5524//5416
f 5532//5417 5533//5417 5526//5417 5525//5417
f 5533//5418 5534//5418 5527//5418 5526//5418
f 5497//5419 5535//5419 5528//5419 5495//5419
f 5535//5420 5536//5420 5529//5420 5528//5420
f 5536//5421 5537//5421 5530//5421 5529//5421
f 5537//5422 5538//5422 5531//5422 5530//5422
f 5538//5423 5539//5423 5532//5423 5531//5423
f 5539//5424 5540//5424 5533//5424 5532//5424
f 5540//5425 5541//5425 5534//5425 5533//5425
f 5499//5426 5542//5426 5535//5426 5497//5426
f 5542//5427 5543//5427 5536//5427 5535//5427
f 5543//5428 5544//5428 5537//5428 5536//5428
f 5544//5429 5545//5429 5538//5429 5537//5429
f 5545//5430 5546//5430 5539//5430 5538//5430
f 5546//5431 5547//5431 5540//5431 5539//5431
f 5547//5432 5548//5432 5541//5432 5540//5432
f 5550//5433 2074//5433 2073//5433 5549//5433
f 5551//5434 2075//5434 2074//5434 5550//5434
f 5552//5435 2076//5435 2075//5435 5551//5435
f 5553//5436 2077//5436 2076//5436 5552//5436
f 5554//5437 2078//5437 1006//5437 4477//5437
f 5555//5438 2079//5438 2078//5438 5554//5438
f 5556//5439 2080//5439 2079//5439 5555//5439
f 5557//5440 2081//5440 2080//5440 5556//5440
f 2081//5441 5557//5441 5549//5441 2073//5441
f 5559//5442 5550//5442 5549//5442 5558//5442
f 5560//5443 5551//5443 5550//5443 5559//5443
f 5561//5444 5552//5444 5551//5444 5560//5444
f 5562//5445 5553//5445 5552//5445 5561//5445
f 5563//5446 5554//5446 4477//5446 4487//5446
f 5564//5447 5555//5447 5554//5447 5563//5447
f 5565//5448 5556//5448 5555//5448 5564//5448
f 5566//5449 5557//5449 5556//5449 5565//5449
f 5557//5450 5566//5450 5558//5450 5549//5450
f 5569//5451 5559//5451 5558//5451 5568//5451
f 5570//5452 5560//5452 5559//5452 5569//5452
f 5571//5453 5561//5453 5560//5453 5570//5453
f 5572//5454 5562//5454 5561//5454 5571//5454
f 5573//5455 5563//5455 4487//5455 4497//5455
f 5574//5456 5564//5456 5563//5456 5573//5456
f 5575//5457 5565//5457 5564//5457 5574//5457
f 5576//5458 5575//5458 5567//5458 5568//5458
f 5576//5459 5566//5459 5565//5459 5575//5459
f 5566//5460 5576//5460 5568//5460 5558//5460
f 5580//5461 5568//5461 5567//5461 5579//5461
f 5581//5462 5569//5462 5568//5462 5580//5462
f 5582//5463 5570//5463 5569//5463 5581//5463
f 5583//5464 5571//5464 5570//5464 5582//5464
f 5584//5465 5572//5465 5571//5465 5583//5465
f 5585//5466 4507//5466 4505//5466 5577//5466
f 5585//5467 5573//5467 4497//5467 4507//5467
f 5586//5468 5585//5468 5577//5468 5578//5468
f 5586//5469 5574//5469 5573//5469 5585//5469
f 5587//5470 5586//5470 5578//5470 5579//5470
f 5587//5471 5575//5471 5574//5471 5586//5471
f 5575//5472 5587//5472 5579//5472 5567//5472
f 5588//5473 5577//5473 4505//5473 4515//5473
f 5589//5474 5578//5474 5577//5474 5588//5474
f 5590//5475 5579//5475 5578//5475 5589//5475
f 5591//5476 5580//5476 5579//5476 5590//5476
f 5592//5477 5581//5477 5580//5477 5591//5477
f 5593//5478 5582//5478 5581//5478 5592//5478
f 5594//5479 5583//5479 5582//5479 5593//5479
f 5595//5480 5584//5480 5583//5480 5594//5480
f 5596//5481 5588//5481 4515//5481 4523//5481
f 5597//5482 5589//5482 5588//5482 5596//5482
f 5598//5483 5590//5483 5589//5483 5597//5483
f 5599//5484 5591//5484 5590//5484 5598//5484
f 5600//5485 5592//5485 5591//5485 5599//5485
f 5601//5486 5593//5486 5592//5486 5600//5486
f 5602//5487 5594//5487 5593//5487 5601//5487
f 5603//5488 5595//5488 5594//5488 5602//5488
f 5604//5489 5596//5489 4523//5489 4531//5489
f 5605//5490 5597//5490 5596//5490 5604//5490
f 5606//5491 5598//5491 5597//5491 5605//5491
f 5607//5492 5599//5492 5598//5492 5606//5492
f 5608//5493 5600//5493 5599//5493 5607//5493
f 5609//5494 5601//5494 5600//5494 5608//5494
f 5610//5495 5602//5495 5601//5495 5609//5495
f 5611//5496 5603//5496 5602//5496 5610//5496
f 5612//5497 5604//5497 4531//5497 4539//5497
f 5613//5498 5605//5498 5604//5498 5612//5498
f 5614//5499 5606//5499 5605//5499 5613//5499
f 5615//5500 5607//5500 5606//5500 5614//5500
f 5616//5501 5608//5501 5607//5501 5615//5501
f 5617//5502 5609//5502 5608//5502 5616//5502
f 5618//5503 5610//5503 5609//5503 5617//5503
f 5619//5504 5611//5504 5610//5504 5618//5504
f 5620//5505 2180//5505 2077//5505 5553//5505
f 5622//5506 2182//5506 2180//5506 5620//5506
f 5623//5507 5622//5507 5620//5507 5621//5507
f 5623//5508 2183//5508 2182//5508 5622//5508
f 5624//5509 2184//5509 2183//5509 5623//5509
f 5625//5510 2185//5510 2184//5510 5624//5510
f 5626//5511 2187//5511 2185//5511 5625//5511
f 5627//5512 2188//5512 2187//5512 5626//5512
f 5628//5513 2189//5513 2188//5513 5627//5513
f 5629//5514 2190//5514 2189//5514 5628//5514
f 5630//5515 2191//5515 2190//5515 5629//5515
f 5631//5516 2192//5516 2191//5516 5630//5516
f 5632//5517 2193//5517 2192//5517 5631//5517
f 5633//5518 2194//5518 2193//5518 5632//5518
f 5634//5519 5620//5519 5553//5519 5562//5519
f 5635//5520 5621//5520 5620//5520 5634//5520
f 5636//5521 5623//5521 5621//5521 5635//5521
f 5637//5522 5624//5522 5623//5522 5636//5522
f 5638//5523 5625//5523 5624//5523 5637//5523
f 5640//5524 5626//5524 5625//5524 5638//5524
f 5641//5525 5640//5525 5638//5525 5639//5525
f 5641//5526 5627//5526 5626//5526 5640//5526
f 5642//5527 5628//5527 5627//5527 5641//5527
f 5643//5528 5629//5528 5628//5528 5642//5528
f 5644//5529 5630//5529 5629//5529 5643//5529
f 5645//5530 5631//5530 5630//5530 5644//5530
f 5646//5531 5632//5531 5631//5531 5645//5531
f 5647//5532 5633//5532 5632//5532 5646//5532
f 5648//5533 5634//5533 5562//5533 5572//5533
f 5649//5534 5635//5534 5634//5534 5648//5534
f 5651//5535 5636//5535 5635//5535 5649//5535
f 5652//5536 5651//5536 5649//5536 5650//5536
f 5652//5537 5637//5537 5636//5537 5651//5537
f 5653//5538 5638//5538 5637//5538 5652//5538
f 5654//5539 5639//5539 5638//5539 5653//5539
f 5655//5540 5641//5540 5639//5540 5654//5540
f 5656//5541 5642//5541 5641//5541 5655//5541
f 5657//5542 5643//5542 5642//5542 5656//5542
f 5658//5543 5644//5543 5643//5543 5657//5543
f 5659//5544 5645//5544 5644//5544 5658//5544
f 5660//5545 5646//5545 5645//5545 5659//5545
f 5661//5546 5647//5546 5646//5546 5660//5546
f 5662//5547 5648//5547 5572//5547 5584//5547
f 5663//5548 5649//5548 5648//5548 5662//5548
f 5664//5549 5650//5549 5649//5549 5663//5549
f 5665//5550 5652//5550 5650//5550 5664//5550
f 5666//5551 5653//5551 5652//5551 5665//5551
f 5667//5552 5654//5552 5653//5552 5666//5552
f 5668//5553 5655//5553 5654//5553 5667//5553
f 5669//5554 5656//5554 5655//5554 5668//5554
f 5670//5555 5657//5555 5656//5555 5669//5555
f 5671//5556 5658//5556 5657//5556 5670//5556
f 5672//5557 5659//5557 5658//5557 5671//5557
f 5673//5558 5660//5558 5659//5558 5672//5558
f 5674//5559 5661//5559 5660//5559 5673//5559
f 5675//5560 5662//5560 5584//5560 5595//5560
f 5676//5561 5663//5561 5662//5561 5675//5561
f 5677//5562 5664//5562 5663//5562 5676//5562
f 5678//5563 5665//5563 5664//5563 5677//5563
f 5679//5564 5666//5564 5665//5564 5678//5564
f 5680//5565 5667//5565 5666//5565 5679//5565
f 5681//5566 5668//5566 5667//5566 5680//5566
f 5682//5567 5669//5567 5668//5567 5681//5567
f 5683//5568 5670//5568 5669//5568 5682//5568
f 5684//5569 5671//5569 5670//5569 5683//5569
f 5685//5570 5672//5570 5671//5570 5684//5570
f 5686//5571 5673//5571 5672//5571 5685//5571
f 5687//5572 5674//5572 5673//5572 5686//5572
f 5688//5573 5675//5573 5595//5573 5603//5573
f 5689//5574 5676//5574 5675//5574 5688//5574
f 5690//5575 5677//5575 5676//5575 5689//5575
f 5691//5576 5678//5576 5677//5576 5690//5576
f 5692//5577 5679//5577 5678//5577 5691//5577
f 5693//5578 5680//5578 5679//5578 5692//5578
f 5694//5579 5681//5579 5680//5579 5693//5579
f 5695//5580 5682//5580 5681//5580 5694//5580
f 5696//5581 5683//5581 5682//5581 5695//5581
f 5697//5582 5684//5582 5683//5582 5696//5582
f 5698//5583 5685//5583 5684//5583 5697//5583
f 5699//5584 5686//5584 5685//5584 5698//5584
f 5700//5585 5687//5585 5686//5585 5699//5585
f 5701//5586 5688//5586 5603//5586 5611//5586
f 5702//5587 5689//5587 5688//5587 5701//5587
f 5703//5588 5690//5588 5689//5588 5702//5588
f 5704//5589 5691//5589 5690//5589 5703//5589
f 5705//5590 5692//5590 5691//5590 5704//5590
f 5706//5591 5693//5591 5692//5591 5705//5591
f 5707//5592 5694//5592 5693//5592 5706//5592
f 5708//5593 5695//5593 5694//5593 5707//5593
f 5709//5594 5696//5594 5695//5594 5708//5594
f 5710//5595 5697//5595 5696//5595 5709//5595
f 5711//5596 5698//5596 5697//5596 5710//5596
f 5712//5597 5699//5597 5698//5597 5711//5597
f 5713//5598 5714//5598 5712//5598 5711//5598
f 5714//5599 5700//5599 5699//5599 5712//5599
f 5715//5600 5701//5600 5611//5600 5619//5600
f 5716//5601 5702//5601 5701//5601 5715//5601
f 5717//5602 5703//5602 5702//5602 5716//5602
f 5718//5603 5704//5603 5703//5603 5717//5603
f 5719//5604 5705//5604 5704//5604 5718//5604
f 5720//5605 5706//5605 5705//5605 5719//5605
f 5721//5606 5722//5606 5720//5606 5719//5606
f 5722//5607 5707//5607 5706//5607 5720//5607
f 5723//5608 5708//5608 5707//5608 5722//5608
f 5724//5609 5725//5609 5723//5609 5722//5609
f 5725//5610 5709//5610 5708//5610 5723//5610
f 5726//5611 5710//5611 5709//5611 5725//5611
f 5727//5612 5728//5612 5726//5612 5725//5612
f 5728//5613 5711//5613 5710//5613 5726//5613
f 5729//5614 5713//5614 5711//5614 5728//5614
f 5730//5615 5714//5615 5713//5615 5729//5615
f 5731//5616 2201//5616 2194//5616 5633//5616
f 5732//5617 5731//5617 5633//5617 5647//5617
f 5733//5618 5732//5618 5647//5618 5661//5618
f 5734//5619 5733//5619 5661//5619 5674//5619
f 5735//5620 5734//5620 5674//5620 5687//5620
f 5736//5621 5735//5621 5687//5621 5700//5621
f 5738//5622 5737//5622 5700//5622 5714//5622
f 5739//5623 5738//5623 5714//5623 5730//5623
f 5741//5624 2298//5624 2201//5624 5731//5624
f 5742//5625 2299//5625 2298//5625 5741//5625
f 5743//5626 2300//5626 2299//5626 5742//5626
f 5744//5627 2301//5627 2300//5627 5743//5627
f 5745//5628 2302//5628 2301//5628 5744//5628
f 5746//5629 2303//5629 2302//5629 5745//5629
f 5747//5630 2304//5630 2303//5630 5746//5630
f 5748//5631 2305//5631 2304//5631 5747//5631
f 5749//5632 2306//5632 2305//5632 5748//5632
f 5750//5633 2307//5633 2306//5633 5749//5633
f 5751//5634 2308//5634 2307//5634 5750//5634
f 5752//5635 2309//5635 2308//5635 5751//5635
f 5753//5636 5741//5636 5731//5636 5732//5636
f 5754//5637 5742//5637 5741//5637 5753//5637
f 5755//5638 5743//5638 5742//5638 5754//5638
f 5756//5639 5744//5639 5743//5639 5755//5639
f 5757//5640 5758//5640 5756//5640 5755//5640
f 5758//5641 5745//5641 5744//5641 5756//5641
f 5759//5642 5746//5642 5745//5642 5758//5642
f 5760//5643 5747//5643 5746//5643 5759//5643
f 5761//5644 5748//5644 5747//5644 5760//5644
f 5762//5645 5749//5645 5748//5645 5761//5645
f 5763//5646 5750//5646 5749//5646 5762//5646
f 5764//5647 5765//5647 5763//5647 5762//5647
f 5765//5648 5751//5648 5750//5648 5763//5648
f 5766//5649 5752//5649 5751//5649 5765//5649
f 5767//5650 5753//5650 5732//5650 5733//5650
f 5768//5651 5754//5651 5753//5651 5767//5651
f 5769//5652 5755//5652 5754//5652 5768//5652
f 5770//5653 5757//5653 5755//5653 5769//5653
f 5771//5654 5758//5654 5757//5654 5770//5654
f 5772//5655 5759//5655 5758//5655 5771//5655
f 5773//5656 5760//5656 5759//5656 5772//5656
f 5774//5657 5775//5657 5773//5657 5772//5657
f 5775//5658 5761//5658 5760//5658 5773//5658
f 5776//5659 5762//5659 5761//5659 5775//5659
f 5777//5660 5764//5660 5762//5660 5776//5660
f 5778//5661 5765//5661 5764//5661 5777//5661
f 5779//5662 5766//5662 5765//5662 5778//5662
f 5780//5663 5767//5663 5733//5663 5734//5663
f 5781//5664 5768//5664 5767//5664 5780//5664
f 5782//5665 5769//5665 5768//5665 5781//5665
f 5783//5666 5770//5666 5769//5666 5782//5666
f 5784//5667 5771//5667 5770//5667 5783//5667
f 5785//5668 5772//5668 5771//5668 5784//5668
f 5786//5669 5774//5669 5772//5669 5785//5669
f 5787//5670 5775//5670 5774//5670 5786//5670
f 5788//5671 5776//5671 5775//5671 5787//5671
f 5789//5672 5777//5672 5776//5672 5788//5672
f 5790//5673 5778//5673 5777//5673 5789//5673
f 5791//5674 5779//5674 5778//5674 5790//5674
f 5792//5675 5780//5675 5734//5675 5735//5675
f 5793//5676 5781//5676 5780//5676 5792//5676
f 5794//5677 5795//5677 5793//5677 5792//5677
f 5795//5678 5782//5678 5781//5678 5793//5678
f 5796//5679 5783//5679 5782//5679 5795//5679
f 5797//5680 5784//5680 5783//5680 5796//5680
f 5798//5681 5785//5681 5784//5681 5797//5681
f 5799//5682 5786//5682 5785//5682 5798//5682
f 5800//5683 5787//5683 5786//5683 5799//5683
f 5801//5684 5802//5684 5800//5684 5799//5684
f 5802//5685 5788//5685 5787//5685 5800//5685
f 5803//5686 5789//5686 5788//5686 5802//5686
f 5804//5687 5790//5687 5789//5687 5803//5687
f 5805//5688 5806//5688 5804//5688 5803//5688
f 5806//5689 5791//5689 5790//5689 5804//5689
f 5737//5690 5807//5690 5736//5690 5700//5690
f 5807//5691 5792//5691 5735//5691 5736//5691
f 5808//5692 5794//5692 5792//5692 5807//5692
f 5809//5693 5795//5693 5794//5693 5808//5693
f 5810//5694 5796//5694 5795//5694 5809//5694
f 5811//5695 5797//5695 5796//5695 5810//5695
f 5812//5696 5813//5696 5811//5696 5810//5696
f 5813//5697 5798//5697 5797//5697 5811//5697
f 5814//5698 5799//5698 5798//5698 5813//5698
f 5815//5699 5801//5699 5799//5699 5814//5699
f 5816//5700 5802//5700 5801//5700 5815//5700
f 5817//5701 5803//5701 5802//5701 5816//5701
f 5818//5702 5805//5702 5803//5702 5817//5702
f 5819//5703 5806//5703 5805//5703 5818//5703
f 5820//5704 5807//5704 5737//5704 5738//5704
f 5821//5705 5808//5705 5807//5705 5820//5705
f 5822//5706 5809//5706 5808//5706 5821//5706
f 5823//5707 5824//5707 5822//5707 5821//5707
f 5824//5708 5810//5708 5809//5708 5822//5708
f 5825//5709 5812//5709 5810//5709 5824//5709
f 5826//5710 5813//5710 5812//5710 5825//5710
f 5827//5711 5828//5711 5826//5711 5825//5711
f 5828//5712 5814//5712 5813//5712 5826//5712
f 5829//5713 5815//5713 5814//5713 5828//5713
f 5830//5714 5816//5714 5815//5714 5829//5714
f 5831//5715 5832//5715 5830//5715 5829//5715
f 5832//5716 5817//5716 5816//5716 5830//5716
f 5833//5717 5818//5717 5817//5717 5832//5717
f 5834//5718 5820//5718 5738//5718 5739//5718
f 5740//5719 5835//5719 5834//5719 5739//5719
f 5835//5720 5821//5720 5820//5720 5834//5720
f 5836//5721 5823//5721 5821//5721 5835//5721
f 5837//5722 5824//5722 5823//5722 5836//5722
f 5838//5723 5825//5723 5824//5723 5837//5723
f 5839//5724 5827//5724 5825//5724 5838//5724
f 5840//5725 5828//5725 5827//5725 5839//5725
f 5841//5726 5829//5726 5828//5726 5840//5726
f 5842//5727 5831//5727 5829//5727 5841//5727
f 5843//5728 5832//5728 5831//5728 5842//5728
f 5844//5729 5845//5729 5843//5729 5842//5729
f 5845//5730 5833//5730 5832//5730 5843//5730
f 5846//5731 2384//5731 2309//5731 5752//5731
f 5847//5732 2385//5732 2384//5732 5846//5732
f 5848//5733 2386//5733 2385//5733 5847//5733
f 5849//5734 2387//5734 2386//5734 5848//5734
f 5850//5735 2388//5735 2387//5735 5849//5735
f 5851//5736 2389//5736 2388//5736 5850//5736
f 5852//5737 2390//5737 2389//5737 5851//5737
f 5853//5738 2391//5738 2390//5738 5852//5738
f 5854//5739 2392//5739 2391//5739 5853//5739
f 5855//5740 5846//5740 5752//5740 5766//5740
f 5856//5741 5847//5741 5846//5741 5855//5741
f 5857//5742 5858//5742 5856//5742 5855//5742
f 5858//5743 5848//5743 5847//5743 5856//5743
f 5859//5744 5849//5744 5848//5744 5858//5744
f 5860//5745 5850//5745 5849//5745 5859//5745
f 5861//5746 5851//5746 5850//5746 5860//5746
f 5862//5747 5852//5747 5851//5747 5861//5747
f 5863//5748 5853//5748 5852//5748 5862//5748
f 5864//5749 5854//5749 5853//5749 5863//5749
f 5865//5750 5855//5750 5766//5750 5779//5750
f 5866//5751 5857//5751 5855//5751 5865//5751
f 5867//5752 5858//5752 5857//5752 5866//5752
f 5868//5753 5859//5753 5858//5753 5867//5753
f 5869//5754 5860//5754 5859//5754 5868//5754
f 5870//5755 5861//5755 5860//5755 5869//5755
f 5871//5756 5862//5756 5861//5756 5870//5756
f 5872//5757 5863//5757 5862//5757 5871//5757
f 5873//5758 5864//5758 5863//5758 5872//5758
f 5874//5759 5865//5759 5779//5759 5791//5759
f 5875//5760 5866//5760 5865//5760 5874//5760
f 5876//5761 5867//5761 5866//5761 5875//5761
f 5877//5762 5878//5762 5876//5762 5875//5762
f 5878//5763 5868//5763 5867//5763 5876//5763
f 5879//5764 5869//5764 5868//5764 5878//5764
f 5880//5765 5870//5765 5869//5765 5879//5765
f 5881//5766 5871//5766 5870//5766 5880//5766
f 5882//5767 5872//5767 5871//5767 5881//5767
f 5883//5768 5873//5768 5872//5768 5882//5768
f 5884//5769 5874//5769 5791//5769 5806//5769
f 5885//5770 5875//5770 5874//5770 5884//5770
f 5886//5771 5877//5771 5875//5771 5885//5771
f 5887//5772 5878//5772 5877//5772 5886//5772
f 5888//5773 5889//5773 5887//5773 5886//5773
f 5889//5774 5879//5774 5878//5774 5887//5774
f 5890//5775 5891//5775 5889//5775 5888//5775
f 5891//5776 5880//5776 5879//5776 5889//5776
f 5892//5777 5881//5777 5880//5777 5891//5777
f 5893//5778 5882//5778 5881//5778 5892//5778
f 5894//5779 5883//5779 5882//5779 5893//5779
f 5895//5780 5896//5780 5819//5780 5818//5780
f 5896//5781 5884//5781 5806//5781 5819//5781
f 5897//5782 5885//5782 5884//5782 5896//5782
f 5898//5783 5886//5783 5885//5783 5897//5783
f 5899//5784 5888//5784 5886//5784 5898//5784
f 5900//5785 5890//5785 5888//5785 5899//5785
f 5901//5786 5891//5786 5890//5786 5900//5786
f 5902//5787 5903//5787 5901//5787 5900//5787
f 5903//5788 5892//5788 5891//5788 5901//5788
f 5904//5789 5905//5789 5903//5789 5902//5789
f 5905//5790 5893//5790 5892//5790 5903//5790
f 5906//5791 5907//5791 5905//5791 5904//5791
f 5907//5792 5894//5792 5893//5792 5905//5792
f 5908//5793 5895//5793 5818//5793 5833//5793
f 5909//5794 5896//5794 5895//5794 5908//5794
f 5910//5795 5911//5795 5909//5795 5908//5795
f 5911//5796 5897//5796 5896//5796 5909//5796
f 5912//5797 5898//5797 5897//5797 5911//5797
f 5913//5798 5899//5798 5898//5798 5912//5798
f 5914//5799 5900//5799 5899//5799 5913//5799
f 5915//5800 5902//5800 5900//5800 5914//5800
f 5916//5801 5904//5801 5902//5801 5915//5801
f 5917//5802 5906//5802 5904//5802 5916//5802
f 5918//5803 5908//5803 5833//5803 5845//5803
f 5919//5804 5910//5804 5908//5804 5918//5804
f 5920//5805 5911//5805 5910//5805 5919//5805
f 5921//5806 5922//5806 5920//5806 5919//5806
f 5922//5807 5912//5807 5911//5807 5920//5807
f 5923//5808 5924//5808 5922//5808 5921//5808
f 5924//5809 5913//5809 5912//5809 5922//5809
f 5925//5810 5914//5810 5913//5810 5924//5810
f 5926//5811 5915//5811 5914//5811 5925//5811
f 5927//5812 5916//5812 5915//5812 5926//5812
f 5928//5813 5917//5813 5916//5813 5927//5813
f 5929//5814 5612//5814 4539//5814 4823//5814
f 5930//5815 5613//5815 5612//5815 5929//5815
f 5931//5816 5614//5816 5613//5816 5930//5816
f 5932//5817 5615//5817 5614//5817 5931//5817
f 5933//5818 5616//5818 5615//5818 5932//5818
f 5934//5819 5617//5819 5616//5819 5933//5819
f 5935//5820 5618//5820 5617//5820 5934//5820
f 5936//5821 5619//5821 5618//5821 5935//5821
f 5937//5822 5929//5822 4823//5822 4831//5822
f 5938//5823 5930//5823 5929//5823 5937//5823
f 5939//5824 5931//5824 5930//5824 5938//5824
f 5940//5825 5932//5825 5931//5825 5939//5825
f 5941//5826 5933//5826 5932//5826 5940//5826
f 5942//5827 5934//5827 5933//5827 5941//5827
f 5943//5828 5935//5828 5934//5828 5942//5828
f 5944//5829 5936//5829 5935//5829 5943//5829
f 5945//5830 5937//5830 4831//5830 4839//5830
f 5946//5831 5938//5831 5937//5831 5945//5831
f 5947//5832 5939//5832 5938//5832 5946//5832
f 5948//5833 5940//5833 5939//5833 5947//5833
f 5949//5834 5941//5834 5940//5834 5948//5834
f 5950//5835 5942//5835 5941//5835 5949//5835
f 5951//5836 5943//5836 5942//5836 5950//5836
f 5952//5837 5944//5837 5943//5837 5951//5837
f 4843//5838 5953//5838 5945//5838 4839//5838
f 5956//5839 5946//5839 5945//5839 5955//5839
f 5957//5840 5947//5840 5946//5840 5956//5840
f 5958//5841 5948//5841 5947//5841 5957//5841
f 5959//5842 5949//5842 5948//5842 5958//5842
f 5960//5843 5950//5843 5949//5843 5959//5843
f 5961//5844 5951//5844 5950//5844 5960//5844
f 5962//5845 5952//5845 5951//5845 5961//5845
f 5963//5846 5953//5846 4843//5846 4857//5846
f 5953//5847 5963//5847 5955//5847 5945//5847
f 5963//5848 5964//5848 5956//5848 5955//5848
f 5964//5849 5965//5849 5957//5849 5956//5849
f 5965//5850 5966//5850 5958//5850 5957//5850
f 5967//5851 5968//5851 5960//5851 5959//5851
f 5968//5852 5969//5852 5961//5852 5960//5852
f 5969//5853 5970//5853 5962//5853 5961//5853
f 5970//5854 5954//5854 5952//5854 5962//5854
f 5972//5855 5959//5855 5958//5855 5971//5855
f 5973//5856 5963//5856 4857//5856 4866//5856
f 5974//5857 5964//5857 5963//5857 5973//5857
f 5975//5858 5965//5858 5964//5858 5974//5858
f 5976//5859 5966//5859 5965//5859 5975//5859
f 5966//5860 5976//5860 5971//5860 5958//5860
f 5976//5861 5977//5861 5972//5861 5971//5861
f 5977//5862 5967//5862 5959//5862 5972//5862
f 5978//5863 5968//5863 5967//5863 5977//5863
f 5979//5864 5969//5864 5968//5864 5978//5864
f 5980//5865 5970//5865 5969//5865 5979//5865
f 5981//5866 5982//5866 5980//5866 5979//5866
f 5983//5867 5973//5867 4866//5867 4875//5867
f 5984//5868 5974//5868 5973//5868 5983//5868
f 5985//5869 5975//5869 5974//5869 5984//5869
f 5986//5870 5976//5870 5975//5870 5985//5870
f 5987//5871 5977//5871 5976//5871 5986//5871
f 5988//5872 5978//5872 5977//5872 5987//5872
f 5989//5873 5979//5873 5978//5873 5988//5873
f 4883//5874 5990//5874 5983//5874 4875//5874
f 5990//5875 5991//5875 5984//5875 5983//5875
f 5991//5876 5992//5876 5985//5876 5984//5876
f 5992//5877 5993//5877 5986//5877 5985//5877
f 5993//5878 5994//5878 5987//5878 5986//5878
f 5994//5879 5995//5879 5988//5879 5987//5879
f 5995//5880 5996//5880 5989//5880 5988//5880
f 5996//5881 5981//5881 5979//5881 5989//5881
f 5997//5882 5982//5882 5981//5882 5996//5882
f 5998//5883 5999//5883 5997//5883 5996//5883
f 6000//5884 5990//5884 4883//5884 4893//5884
f 6001//5885 5991//5885 5990//5885 6000//5885
f 6002//5886 5992//5886 5991//5886 6001//5886
f 6003//5887 5993//5887 5992//5887 6002//5887
f 6004//5888 5994//5888 5993//5888 6003//5888
f 6005//5889 5995//5889 5994//5889 6004//5889
f 6006//5890 5996//5890 5995//5890 6005//5890
f 4901//5891 6007//5891 6000//5891 4893//5891
f 6007//5892 6008//5892 6001//5892 6000//5892
f 6008//5893 6009//5893 6002//5893 6001//5893
f 6009//5894 6010//5894 6003//5894 6002//5894
f 6010//5895 6011//5895 6004//5895 6003//5895
f 6011//5896 6012//5896 6005//5896 6004//5896
f 6012//5897 6013//5897 6006//5897 6005//5897
f 6013//5898 5998//5898 5996//5898 6006//5898
f 6014//5899 5999//5899 5998//5899 6013//5899
f 6015//5900 6016//5900 6013//5900 6012//5900
f 6016//5901 6017//5901 6014//5901 6013//5901
f 6019//5902 6007//5902 4901//5902 4911//5902
f 6020//5903 6008//5903 6007//5903 6019//5903
f 6021//5904 6009//5904 6008//5904 6020//5904
f 6022//5905 6010//5905 6009//5905 6021//5905
f 6023//5906 6011//5906 6010//5906 6022//5906
f 6024//5907 6012//5907 6011//5907 6023//5907
f 4919//5908 6025//5908 6019//5908 4911//5908
f 6025//5909 6026//5909 6020//5909 6019//5909
f 6026//5910 6027//5910 6021//5910 6020//5910
f 6027//5911 6028//5911 6022//5911 6021//5911
f 6028//5912 6029//5912 6023//5912 6022//5912
f 6029//5913 6030//5913 6024//5913 6023//5913
f 6030//5914 6015//5914 6012//5914 6024//5914
f 6031//5915 6016//5915 6015//5915 6030//5915
f 6032//5916 6017//5916 6016//5916 6031//5916
f 6033//5917 6034//5917 6030//5917 6029//5917
f 6034//5918 6035//5918 6031//5918 6030//5918
f 6035//5919 6036//5919 6032//5919 6031//5919
f 6036//5920 6018//5920 6017//5920 6032//5920
f 6037//5921 5715//5921 5619//5921 5936//5921
f 6038//5922 5716//5922 5715//5922 6037//5922
f 6039//5923 5717//5923 5716//5923 6038//5923
f 6040//5924 6041//5924 6039//5924 6038//5924
f 6041//5925 5718//5925 5717//5925 6039//5925
f 6042//5926 5719//5926 5718//5926 6041//5926
f 6043//5927 5721//5927 5719//5927 6042//5927
f 6044//5928 5722//5928 5721//5928 6043//5928
f 6045//5929 5724//5929 5722//5929 6044//5929
f 6046//5930 5725//5930 5724//5930 6045//5930
f 6047//5931 5727//5931 5725//5931 6046//5931
f 6048//5932 5728//5932 5727//5932 6047//5932
f 6049//5933 6050//5933 6048//5933 6047//5933
f 6050//5934 5729//5934 5728//5934 6048//5934
f 6051//5935 5730//5935 5729//5935 6050//5935
f 6052//5936 6037//5936 5936//5936 5944//5936
f 6053//5937 6038//5937 6037//5937 6052//5937
f 6054//5938 6055//5938 6053//5938 6052//5938
f 6055//5939 6040//5939 6038//5939 6053//5939
f 6056//5940 6041//5940 6040//5940 6055//5940
f 6057//5941 6042//5941 6041//5941 6056//5941
f 6058//5942 6059//5942 6057//5942 6056//5942
f 6059//5943 6043//5943 6042//5943 6057//5943
f 6060//5944 6044//5944 6043//5944 6059//5944
f 6061//5945 6062//5945 6060//5945 6059//5945
f 6062//5946 6045//5946 6044//5946 6060//5946
f 6063//5947 6046//5947 6045//5947 6062//5947
f 6064//5948 6065//5948 6063//5948 6062//5948
f 6065//5949 6047//5949 6046//5949 6063//5949
f 6066//5950 6049//5950 6047//5950 6065//5950
f 6067//5951 6050//5951 6049//5951 6066//5951
f 6068//5952 6052//5952 5944//5952 5952//5952
f 5954//5953 6069//5953 6068//5953 5952//5953
f 6069//5954 6054//5954 6052//5954 6068//5954
f 6070//5955 6055//5955 6054//5955 6069//5955
f 6071//5956 6056//5956 6055//5956 6070//5956
f 6072//5957 6073//5957 6071//5957 6070//5957
f 6073//5958 6058//5958 6056//5958 6071//5958
f 6074//5959 6059//5959 6058//5959 6073//5959
f 6075//5960 6076//5960 6074//5960 6073//5960
f 6076//5961 6061//5961 6059//5961 6074//5961
f 6077//5962 6062//5962 6061//5962 6076//5962
f 6078//5963 6079//5963 6077//5963 6076//5963
f 6079//5964 6064//5964 6062//5964 6077//5964
f 6080//5965 6065//5965 6064//5965 6079//5965
f 6081//5966 6082//5966 6080//5966 6079//5966
f 6082//5967 6066//5967 6065//5967 6080//5967
f 6083//5968 6067//5968 6066//5968 6082//5968
f 6084//5969 6069//5969 5954//5969 5970//5969
f 6085//5970 6070//5970 6069//5970 6084//5970
f 6086//5971 6087//5971 6085//5971 6084//5971
f 6087//5972 6072//5972 6070//5972 6085//5972
f 6088//5973 6073//5973 6072//5973 6087//5973
f 6089//5974 6090//5974 6088//5974 6087//5974
f 6090//5975 6075//5975 6073//5975 6088//5975
f 6091//5976 6076//5976 6075//5976 6090//5976
f 6092//5977 6093//5977 6091//5977 6090//5977
f 6093//5978 6078//5978 6076//5978 6091//5978
f 6094//5979 6079//5979 6078//5979 6093//5979
f 6095//5980 6096//5980 6094//5980 6093//5980
f 6096//5981 6081//5981 6079//5981 6094//5981
f 6097//5982 6082//5982 6081//5982 6096//5982
f 6098//5983 6084//5983 5970//5983 5980//5983
f 5982//5984 6099//5984 6098//5984 5980//5984
f 6099//5985 6086//5985 6084//5985 6098//5985
f 6100//5986 6087//5986 6086//5986 6099//5986
f 6101//5987 6102//5987 6100//5987 6099//5987
f 6102//5988 6089//5988 6087//5988 6100//5988
f 6103//5989 6090//5989 6089//5989 6102//5989
f 6104//5990 6105//5990 6103//5990 6102//5990
f 6105//5991 6092//5991 6090//5991 6103//5991
f 6106//5992 6093//5992 6092//5992 6105//5992
f 6107//5993 6108//5993 6106//5993 6105//5993
f 6108//5994 6095//5994 6093//5994 6106//5994
f 6109//5995 6096//5995 6095//5995 6108//5995
f 6110//5996 6099//5996 5982//5996 5997//5996
f 5999//5997 6111//5997 6110//5997 5997//5997
f 6111//5998 6101//5998 6099//5998 6110//5998
f 6112//5999 6102//5999 6101//5999 6111//5999
f 6113//6000 6114//6000 6112//6000 6111//6000
f 6114//6001 6104//6001 6102//6001 6112//6001
f 6115//6002 6105//6002 6104//6002 6114//6002
f 6116//6003 6117//6003 6115//6003 6114//6003
f 6117//6004 6107//6004 6105//6004 6115//6004
f 6118//6005 6108//6005 6107//6005 6117//6005
f 6119//6006 6111//6006 5999//6006 6014//6006
f 6017//6007 6120//6007 6119//6007 6014//6007
f 6120//6008 6113//6008 6111//6008 6119//6008
f 6121//6009 6114//6009 6113//6009 6120//6009
f 6018//6010 6122//6010 6120//6010 6017//6010
f 6122//6011 6123//6011 6121//6011 6120//6011
f 6123//6012 6116//6012 6114//6012 6121//6012
f 6124//6013 6117//6013 6116//6013 6123//6013
f 6125//6014 6122//6014 6018//6014 6036//6014
f 6126//6015 6123//6015 6122//6015 6125//6015
f 6127//6016 6128//6016 6036//6016 6035//6016
f 6129//6017 6130//6017 6051//6017 6050//6017
f 6130//6018 5739//6018 5730//6018 6051//6018
f 6131//6019 5740//6019 5739//6019 6130//6019
f 6133//6020 6129//6020 6050//6020 6067//6020
f 6134//6021 6130//6021 6129//6021 6133//6021
f 6135//6022 6136//6022 6134//6022 6133//6022
f 6136//6023 6131//6023 6130//6023 6134//6023
f 6137//6024 6132//6024 6131//6024 6136//6024
f 6139//6025 6140//6025 6083//6025 6082//6025
f 6140//6026 6133//6026 6067//6026 6083//6026
f 6141//6027 6135//6027 6133//6027 6140//6027
f 6142//6028 6136//6028 6135//6028 6141//6028
f 6143//6029 6144//6029 6142//6029 6141//6029
f 6144//6030 6137//6030 6136//6030 6142//6030
f 6145//6031 6138//6031 6137//6031 6144//6031
f 6147//6032 6148//6032 6097//6032 6096//6032
f 6148//6033 6139//6033 6082//6033 6097//6033
f 6149//6034 6140//6034 6139//6034 6148//6034
f 6150//6035 6151//6035 6149//6035 6148//6035
f 6151//6036 6141//6036 6140//6036 6149//6036
f 6152//6037 6143//6037 6141//6037 6151//6037
f 6153//6038 6144//6038 6143//6038 6152//6038
f 6154//6039 6155//6039 6153//6039 6152//6039
f 6155//6040 6145//6040 6144//6040 6153//6040
f 6156//6041 6146//6041 6145//6041 6155//6041
f 6158//6042 6159//6042 6109//6042 6108//6042
f 6159//6043 6147//6043 6096//6043 6109//6043
f 6160//6044 6148//6044 6147//6044 6159//6044
f 6161//6045 6162//6045 6160//6045 6159//6045
f 6162//6046 6150//6046 6148//6046 6160//6046
f 6163//6047 6151//6047 6150//6047 6162//6047
f 6164//6048 6165//6048 6163//6048 6162//6048
f 6165//6049 6152//6049 6151//6049 6163//6049
f 6166//6050 6167//6050 6165//6050 6164//6050
f 6167//6051 6154//6051 6152//6051 6165//6051
f 6168//6052 6155//6052 6154//6052 6167//6052
f 6169//6053 6170//6053 6168//6053 6167//6053
f 6170//6054 6156//6054 6155//6054 6168//6054
f 6171//6055 6157//6055 6156//6055 6170//6055
f 6173//6056 6174//6056 6118//6056 6117//6056
f 6174//6057 6158//6057 6108//6057 6118//6057
f 6175//6058 6159//6058 6158//6058 6174//6058
f 6176//6059 6177//6059 6175//6059 6174//6059
f 6177//6060 6161//6060 6159//6060 6175//6060
f 6178//6061 6162//6061 6161//6061 6177//6061
f 6179//6062 6180//6062 6178//6062 6177//6062
f 6180//6063 6164//6063 6162//6063 6178//6063
f 6181//6064 6182//6064 6180//6064 6179//6064
f 6182//6065 6166//6065 6164//6065 6180//6065
f 6183//6066 6167//6066 6166//6066 6182//6066
f 6184//6067 6185//6067 6183//6067 6182//6067
f 6185//6068 6169//6068 6167//6068 6183//6068
f 6186//6069 6170//6069 6169//6069 6185//6069
f 6187//6070 6188//6070 6186//6070 6185//6070
f 6188//6071 6171//6071 6170//6071 6186//6071
f 6189//6072 6190//6072 6188//6072 6187//6072
f 6190//6073 6172//6073 6171//6073 6188//6073
f 6192//6074 6193//6074 6124//6074 6123//6074
f 6193//6075 6173//6075 6117//6075 6124//6075
f 6194//6076 6174//6076 6173//6076 6193//6076
f 6195//6077 6196//6077 6194//6077 6193//6077
f 6196//6078 6176//6078 6174//6078 6194//6078
f 6197//6079 6177//6079 6176//6079 6196//6079
f 6198//6080 6199//6080 6197//6080 6196//6080
f 6199//6081 6179//6081 6177//6081 6197//6081
f 6200//6082 6201//6082 6199//6082 6198//6082
f 6201//6083 6181//6083 6179//6083 6199//6083
f 6202//6084 6182//6084 6181//6084 6201//6084
f 6203//6085 6204//6085 6202//6085 6201//6085
f 6204//6086 6184//6086 6182//6086 6202//6086
f 6205//6087 6185//6087 6184//6087 6204//6087
f 6206//6088 6207//6088 6205//6088 6204//6088
f 6207//6089 6187//6089 6185//6089 6205//6089
f 6208//6090 6209//6090 6207//6090 6206//6090
f 6209//6091 6189//6091 6187//6091 6207//6091
f 6210//6092 6190//6092 6189//6092 6209//6092
f 6211//6093 6212//6093 6210//6093 6209//6093
f 6212//6094 6191//6094 6190//6094 6210//6094
f 6128//6095 6213//6095 6125//6095 6036//6095
f 6213//6096 6214//6096 6126//6096 6125//6096
f 6214//6097 6192//6097 6123//6097 6126//6097
f 6215//6098 6193//6098 6192//6098 6214//6098
f 6216//6099 6217//6099 6214//6099 6213//6099
f 6217//6100 6218//6100 6215//6100 6214//6100
f 6218//6101 6195//6101 6193//6101 6215//6101
f 6219//6102 6196//6102 6195//6102 6218//6102
f 6220//6103 6221//6103 6218//6103 6217//6103
f 6221//6104 6222//6104 6219//6104 6218//6104
f 6222//6105 6198//6105 6196//6105 6219//6105
f 6223//6106 6224//6106 6222//6106 6221//6106
f 6224//6107 6200//6107 6198//6107 6222//6107
f 6225//6108 6201//6108 6200//6108 6224//6108
f 6226//6109 6227//6109 6225//6109 6224//6109
f 6227//6110 6203//6110 6201//6110 6225//6110
f 6228//6111 6204//6111 6203//6111 6227//6111
f 6229//6112 6230//6112 6227//6112 6226//6112
f 6230//6113 6231//6113 6228//6113 6227//6113
f 6231//6114 6206//6114 6204//6114 6228//6114
f 6232//6115 6233//6115 6231//6115 6230//6115
f 6233//6116 6208//6116 6206//6116 6231//6116
f 6234//6117 6209//6117 6208//6117 6233//6117
f 6235//6118 6236//6118 6234//6118 6233//6118
f 6236//6119 6211//6119 6209//6119 6234//6119
f 6237//6120 5835//6120 5740//6120 6131//6120
f 6132//6121 6238//6121 6237//6121 6131//6121
f 6238//6122 5836//6122 5835//6122 6237//6122
f 6239//6123 5837//6123 5836//6123 6238//6123
f 6240//6124 6241//6124 6239//6124 6238//6124
f 6241//6125 5838//6125 5837//6125 6239//6125
f 6242//6126 5839//6126 5838//6126 6241//6126
f 6243//6127 5840//6127 5839//6127 6242//6127
f 6244//6128 6245//6128 6243//6128 6242//6128
f 6245//6129 5841//6129 5840//6129 6243//6129
f 6246//6130 6247//6130 6245//6130 6244//6130
f 6247//6131 5842//6131 5841//6131 6245//6131
f 6248//6132 5844//6132 5842//6132 6247//6132
f 6249//6133 5845//6133 5844//6133 6248//6133
f 6250//6134 6238//6134 6132//6134 6137//6134
f 6138//6135 6251//6135 6250//6135 6137//6135
f 6251//6136 6240//6136 6238//6136 6250//6136
f 6252//6137 6241//6137 6240//6137 6251//6137
f 6253//6138 6254//6138 6252//6138 6251//6138
f 6254//6139 6242//6139 6241//6139 6252//6139
f 6255//6140 6244//6140 6242//6140 6254//6140
f 6256//6141 6246//6141 6244//6141 6255//6141
f 6257//6142 6247//6142 6246//6142 6256//6142
f 6258//6143 6259//6143 6257//6143 6256//6143
f 6259//6144 6248//6144 6247//6144 6257//6144
f 6260//6145 6251//6145 6138//6145 6145//6145
f 6146//6146 6261//6146 6260//6146 6145//6146
f 6261//6147 6253//6147 6251//6147 6260//6147
f 6262//6148 6254//6148 6253//6148 6261//6148
f 6263//6149 6264//6149 6262//6149 6261//6149
f 6264//6150 6255//6150 6254//6150 6262//6150
f 6265//6151 6266//6151 6264//6151 6263//6151
f 6266//6152 6256//6152 6255//6152 6264//6152
f 6267//6153 6258//6153 6256//6153 6266//6153
f 6268//6154 6259//6154 6258//6154 6267//6154
f 6269//6155 6261//6155 6146//6155 6156//6155
f 6157//6156 6270//6156 6269//6156 6156//6156
f 6270//6157 6263//6157 6261//6157 6269//6157
f 6271//6158 6265//6158 6263//6158 6270//6158
f 6272//6159 6266//6159 6265//6159 6271//6159
f 6273//6160 6274//6160 6272//6160 6271//6160
f 6274//6161 6267//6161 6266//6161 6272//6161
f 6275//6162 6270//6162 6157//6162 6171//6162
f 6172//6163 6276//6163 6275//6163 6171//6163
f 6276//6164 6271//6164 6270//6164 6275//6164
f 6277//6165 6273//6165 6271//6165 6276//6165
f 6278//6166 6274//6166 6273//6166 6277//6166
f 6279//6167 6276//6167 6172//6167 6190//6167
f 6191//6168 6280//6168 6279//6168 6190//6168
f 6280//6169 6277//6169 6276//6169 6279//6169
f 6282//6170 6283//6170 6212//6170 6211//6170
f 6283//6171 6281//6171 6191//6171 6212//6171
f 6287//6172 6288//6172 6236//6172 6235//6172
f 6288//6173 6282//6173 6211//6173 6236//6173
f 6289//6174 6283//6174 6282//6174 6288//6174
f 6290//6175 6291//6175 6289//6175 6288//6175
f 6291//6176 6284//6176 6283//6176 6289//6176
f 6292//6177 6293//6177 6291//6177 6290//6177
f 6293//6178 6285//6178 6284//6178 6291//6178
f 6294//6179 6295//6179 6293//6179 6292//6179
f 6295//6180 6286//6180 6285//6180 6293//6180
f 6300//6181 6301//6181 6249//6181 6248//6181
f 6301//6182 5918//6182 5845//6182 6249//6182
f 6302//6183 5919//6183 5918//6183 6301//6183
f 6303//6184 5921//6184 5919//6184 6302//6184
f 6304//6185 5923//6185 5921//6185 6303//6185
f 6305//6186 5924//6186 5923//6186 6304//6186
f 6306//6187 6307//6187 6305//6187 6304//6187
f 6307//6188 5925//6188 5924//6188 6305//6188
f 6308//6189 6309//6189 6307//6189 6306//6189
f 6309//6190 5926//6190 5925//6190 6307//6190
f 6310//6191 6311//6191 6309//6191 6308//6191
f 6311//6192 5927//6192 5926//6192 6309//6192
f 6312//6193 6313//6193 6311//6193 6310//6193
f 6313//6194 5928//6194 5927//6194 6311//6194
f 6314//6195 6300//6195 6248//6195 6259//6195
f 6315//6196 6301//6196 6300//6196 6314//6196
f 6316//6197 6317//6197 6315//6197 6314//6197
f 6317//6198 6302//6198 6301//6198 6315//6198
f 6318//6199 6319//6199 6317//6199 6316//6199
f 6319//6200 6303//6200 6302//6200 6317//6200
f 6320//6201 6304//6201 6303//6201 6319//6201
f 6321//6202 6306//6202 6304//6202 6320//6202
f 6322//6203 6308//6203 6306//6203 6321//6203
f 6323//6204 6310//6204 6308//6204 6322//6204
f 6324//6205 6312//6205 6310//6205 6323//6205
f 6325//6206 6326//6206 6268//6206 6267//6206
f 6326//6207 6314//6207 6259//6207 6268//6207
f 6327//6208 6316//6208 6314//6208 6326//6208
f 6328//6209 6318//6209 6316//6209 6327//6209
f 6329//6210 6319//6210 6318//6210 6328//6210
f 6330//6211 6331//6211 6329//6211 6328//6211
f 6331//6212 6320//6212 6319//6212 6329//6212
f 6332//6213 6333//6213 6331//6213 6330//6213
f 6333//6214 6321//6214 6320//6214 6331//6214
f 6334//6215 6335//6215 6333//6215 6332//6215
f 6335//6216 6322//6216 6321//6216 6333//6216
f 6336//6217 6323//6217 6322//6217 6335//6217
f 6337//6218 6324//6218 6323//6218 6336//6218
f 6338//6219 6325//6219 6267//6219 6274//6219
f 6339//6220 6326//6220 6325//6220 6338//6220
f 6340//6221 6341//6221 6339//6221 6338//6221
f 6341//6222 6327//6222 6326//6222 6339//6222
f 6342//6223 6343//6223 6341//6223 6340//6223
f 6343//6224 6328//6224 6327//6224 6341//6224
f 6344//6225 6330//6225 6328//6225 6343//6225
f 6345//6226 6332//6226 6330//6226 6344//6226
f 6346//6227 6334//6227 6332//6227 6345//6227
f 6347//6228 6335//6228 6334//6228 6346//6228
f 6348//6229 6349//6229 6347//6229 6346//6229
f 6349//6230 6336//6230 6335//6230 6347//6230
f 6350//6231 6351//6231 6349//6231 6348//6231
f 6351//6232 6337//6232 6336//6232 6349//6232
f 6352//6233 6353//6233 6278//6233 6277//6233
f 6353//6234 6338//6234 6274//6234 6278//6234
f 6354//6235 6355//6235 6353//6235 6352//6235
f 6355//6236 6340//6236 6338//6236 6353//6236
f 6356//6237 6342//6237 6340//6237 6355//6237
f 6357//6238 6343//6238 6342//6238 6356//6238
f 6358//6239 6359//6239 6357//6239 6356//6239
f 6359//6240 6344//6240 6343//6240 6357//6240
f 6360//6241 6361//6241 6359//6241 6358//6241
f 6361//6242 6345//6242 6344//6242 6359//6242
f 6362//6243 6363//6243 6361//6243 6360//6243
f 6363//6244 6346//6244 6345//6244 6361//6244
f 6364//6245 6365//6245 6363//6245 6362//6245
f 6365//6246 6348//6246 6346//6246 6363//6246
f 6366//6247 6367//6247 6365//6247 6364//6247
f 6367//6248 6350//6248 6348//6248 6365//6248
f 6281//6249 6368//6249 6280//6249 6191//6249
f 6368//6250 6352//6250 6277//6250 6280//6250
f 6369//6251 6354//6251 6352//6251 6368//6251
f 6370//6252 6355//6252 6354//6252 6369//6252
f 6371//6253 6372//6253 6370//6253 6369//6253
f 6372//6254 6356//6254 6355//6254 6370//6254
f 6373//6255 6374//6255 6372//6255 6371//6255
f 6374//6256 6358//6256 6356//6256 6372//6256
f 6375//6257 6376//6257 6374//6257 6373//6257
f 6376//6258 6360//6258 6358//6258 6374//6258
f 6377//6259 6362//6259 6360//6259 6376//6259
f 6378//6260 6364//6260 6362//6260 6377//6260
f 6379//6261 6366//6261 6364//6261 6378//6261
f 6380//6262 6368//6262 6281//6262 6283//6262
f 6284//6263 6381//6263 6380//6263 6283//6263
f 6381//6264 6369//6264 6368//6264 6380//6264
f 6285//6265 6382//6265 6381//6265 6284//6265
f 6382//6266 6371//6266 6369//6266 6381//6266
f 6286//6267 6383//6267 6382//6267 6285//6267
f 6383//6268 6373//6268 6371//6268 6382//6268
f 6384//6269 6375//6269 6373//6269 6383//6269
f 6385//6270 6376//6270 6375//6270 6384//6270
f 6386//6271 6387//6271 6385//6271 6384//6271
f 6387//6272 6377//6272 6376//6272 6385//6272
f 6388//6273 6389//6273 6387//6273 6386//6273
f 6389//6274 6378//6274 6377//6274 6387//6274
f 6390//6275 6391//6275 6389//6275 6388//6275
f 6391//6276 6379//6276 6378//6276 6389//6276
f 6392//6277 6383//6277 6286//6277 6295//6277
f 6296//6278 6393//6278 6392//6278 6295//6278
f 6393//6279 6384//6279 6383//6279 6392//6279
f 6297//6280 6394//6280 6393//6280 6296//6280
f 6394//6281 6386//6281 6384//6281 6393//6281
f 6298//6282 6395//6282 6394//6282 6297//6282
f 6395//6283 6388//6283 6386//6283 6394//6283
f 6299//6284 6396//6284 6395//6284 6298//6284
f 6396//6285 6390//6285 6388//6285 6395//6285
f 6397//6286 6025//6286 4919//6286 5203//6286
f 6398//6287 6026//6287 6025//6287 6397//6287
f 6399//6288 6027//6288 6026//6288 6398//6288
f 6400//6289 6028//6289 6027//6289 6399//6289
f 6401//6290 6029//6290 6028//6290 6400//6290
f 5210//6291 6402//6291 6397//6291 5203//6291
f 6402//6292 6403//6292 6398//6292 6397//6292
f 6403//6293 6404//6293 6399//6293 6398//6293
f 6404//6294 6405//6294 6400//6294 6399//6294
f 6405//6295 6406//6295 6401//6295 6400//6295
f 6406//6296 6033//6296 6029//6296 6401//6296
f 6407//6297 6034//6297 6033//6297 6406//6297
f 6408//6298 6035//6298 6034//6298 6407//6298
f 6409//6299 6402//6299 5210//6299 5211//6299
f 6410//6300 6403//6300 6402//6300 6409//6300
f 6411//6301 6404//6301 6403//6301 6410//6301
f 6412//6302 6413//6302 6405//6302 6404//6302
f 6413//6303 6414//6303 6406//6303 6405//6303
f 6414//6304 6415//6304 6407//6304 6406//6304
f 6415//6305 6416//6305 6408//6305 6407//6305
f 6416//6306 6127//6306 6035//6306 6408//6306
f 6417//6307 6128//6307 6127//6307 6416//6307
f 6418//6308 6419//6308 6416//6308 6415//6308
f 6419//6309 6420//6309 6417//6309 6416//6309
f 5281//6310 6422//6310 6409//6310 5211//6310
f 6422//6311 6423//6311 6410//6311 6409//6311
f 6423//6312 6424//6312 6411//6312 6410//6312
f 6424//6313 6412//6313 6404//6313 6411//6313
f 6425//6314 6413//6314 6412//6314 6424//6314
f 6426//6315 6414//6315 6413//6315 6425//6315
f 6427//6316 6415//6316 6414//6316 6426//6316
f 5289//6317 6428//6317 6422//6317 5281//6317
f 6428//6318 6429//6318 6423//6318 6422//6318
f 6429//6319 6430//6319 6424//6319 6423//6319
f 6430//6320 6431//6320 6425//6320 6424//6320
f 6431//6321 6432//6321 6426//6321 6425//6321
f 6432//6322 6433//6322 6427//6322 6426//6322
f 6433//6323 6418//6323 6415//6323 6427//6323
f 6434//6324 6419//6324 6418//6324 6433//6324
f 6435//6325 6420//6325 6419//6325 6434//6325
f 6436//6326 6437//6326 6432//6326 6431//6326
f 6437//6327 6438//6327 6433//6327 6432//6327
f 6438//6328 6439//6328 6434//6328 6433//6328
f 6439//6329 6440//6329 6435//6329 6434//6329
f 6440//6330 6421//6330 6420//6330 6435//6330
f 6441//6331 6442//6331 6440//6331 6439//6331
f 6444//6332 6428//6332 5289//6332 5302//6332
f 6445//6333 6429//6333 6428//6333 6444//6333
f 6446//6334 6430//6334 6429//6334 6445//6334
f 6447//6335 6431//6335 6430//6335 6446//6335
f 5308//6336 6448//6336 6444//6336 5302//6336
f 6448//6337 6449//6337 6445//6337 6444//6337
f 6449//6338 6450//6338 6446//6338 6445//6338
f 6450//6339 6451//6339 6447//6339 6446//6339
f 6451//6340 6436//6340 6431//6340 6447//6340
f 6452//6341 6437//6341 6436//6341 6451//6341
f 6453//6342 6438//6342 6437//6342 6452//6342
f 6454//6343 6439//6343 6438//6343 6453//6343
f 5316//6344 6455//6344 6448//6344 5308//6344
f 6455//6345 6456//6345 6449//6345 6448//6345
f 6456//6346 6457//6346 6450//6346 6449//6346
f 6457//6347 6458//6347 6451//6347 6450//6347
f 6458//6348 6459//6348 6452//6348 6451//6348
f 6459//6349 6460//6349 6453//6349 6452//6349
f 6460//6350 6461//6350 6454//6350 6453//6350
f 6461//6351 6441//6351 6439//6351 6454//6351
f 6462//6352 6442//6352 6441//6352 6461//6352
f 6463//6353 6464//6353 6459//6353 6458//6353
f 6464//6354 6465//6354 6460//6354 6459//6354
f 6465//6355 6466//6355 6461//6355 6460//6355
f 6466//6356 6467//6356 6462//6356 6461//6356
f 6467//6357 6443//6357 6442//6357 6462//6357
f 6468//6358 6469//6358 6466//6358 6465//6358
f 6469//6359 6470//6359 6467//6359 6466//6359
f 6472//6360 6455//6360 5316//6360 5329//6360
f 6473//6361 6456//6361 6455//6361 6472//6361
f 6474//6362 6457//6362 6456//6362 6473//6362
f 6475//6363 6458//6363 6457//6363 6474//6363
f 5335//6364 6476//6364 6472//6364 5329//6364
f 6476//6365 6477//6365 6473//6365 6472//6365
f 6477//6366 6478//6366 6474//6366 6473//6366
f 6478//6367 6479//6367 6475//6367 6474//6367
f 6479//6368 6463//6368 6458//6368 6475//6368
f 6480//6369 6464//6369 6463//6369 6479//6369
f 6481//6370 6465//6370 6464//6370 6480//6370
f 5343//6371 6482//6371 6476//6371 5335//6371
f 6482//6372 6483//6372 6477//6372 6476//6372
f 6483//6373 6484//6373 6478//6373 6477//6373
f 6484//6374 6485//6374 6479//6374 6478//6374
f 6485//6375 6486//6375 6480//6375 6479//6375
f 6486//6376 6487//6376 6481//6376 6480//6376
f 6487//6377 6468//6377 6465//6377 6481//6377
f 6488//6378 6469//6378 6468//6378 6487//6378
f 6489//6379 6470//6379 6469//6379 6488//6379
f 6490//6380 6491//6380 6485//6380 6484//6380
f 6491//6381 6492//6381 6486//6381 6485//6381
f 6492//6382 6493//6382 6487//6382 6486//6382
f 6493//6383 6494//6383 6488//6383 6487//6383
f 6494//6384 6495//6384 6489//6384 6488//6384
f 6495//6385 6471//6385 6470//6385 6489//6385
f 6496//6386 6497//6386 6493//6386 6492//6386
f 6497//6387 6498//6387 6494//6387 6493//6387
f 6498//6388 6499//6388 6495//6388 6494//6388
f 6500//6389 6482//6389 5343//6389 5356//6389
f 6501//6390 6483//6390 6482//6390 6500//6390
f 6502//6391 6484//6391 6483//6391 6501//6391
f 5361//6392 6503//6392 6500//6392 5356//6392
f 6503//6393 6504//6393 6501//6393 6500//6393
f 6504//6394 6505//6394 6502//6394 6501//6394
f 6505//6395 6490//6395 6484//6395 6502//6395
f 6506//6396 6491//6396 6490//6396 6505//6396
f 6507//6397 6492//6397 6491//6397 6506//6397
f 5368//6398 6508//6398 6503//6398 5361//6398
f 6508//6399 6509//6399 6504//6399 6503//6399
f 6509//6400 6510//6400 6505//6400 6504//6400
f 6510//6401 6511//6401 6506//6401 6505//6401
f 6511//6402 6512//6402 6507//6402 6506//6402
f 6512//6403 6496//6403 6492//6403 6507//6403
f 6513//6404 6497//6404 6496//6404 6512//6404
f 6514//6405 6498//6405 6497//6405 6513//6405
f 6515//6406 6213//6406 6128//6406 6417//6406
f 6420//6407 6516//6407 6515//6407 6417//6407
f 6516//6408 6216//6408 6213//6408 6515//6408
f 6517//6409 6217//6409 6216//6409 6516//6409
f 6421//6410 6518//6410 6516//6410 6420//6410
f 6518//6411 6519//6411 6517//6411 6516//6411
f 6519//6412 6220//6412 6217//6412 6517//6412
f 6520//6413 6221//6413 6220//6413 6519//6413
f 6521//6414 6522//6414 6519//6414 6518//6414
f 6522//6415 6523//6415 6520//6415 6519//6415
f 6523//6416 6223//6416 6221//6416 6520//6416
f 6524//6417 6224//6417 6223//6417 6523//6417
f 6525//6418 6526//6418 6523//6418 6522//6418
f 6526//6419 6527//6419 6524//6419 6523//6419
f 6527//6420 6226//6420 6224//6420 6524//6420
f 6528//6421 6529//6421 6527//6421 6526//6421
f 6529//6422 6229//6422 6226//6422 6527//6422
f 6530//6423 6230//6423 6229//6423 6529//6423
f 6531//6424 6532//6424 6530//6424 6529//6424
f 6532//6425 6232//6425 6230//6425 6530//6425
f 6533//6426 6233//6426 6232//6426 6532//6426
f 6534//6427 6535//6427 6532//6427 6531//6427
f 6535//6428 6536//6428 6533//6428 6532//6428
f 6536//6429 6235//6429 6233//6429 6533//6429
f 6537//6430 6518//6430 6421//6430 6440//6430
f 6442//6431 6538//6431 6537//6431 6440//6431
f 6538//6432 6521//6432 6518//6432 6537//6432
f 6539//6433 6522//6433 6521//6433 6538//6433
f 6443//6434 6540//6434 6538//6434 6442//6434
f 6540//6435 6541//6435 6539//6435 6538//6435
f 6541//6436 6525//6436 6522//6436 6539//6436
f 6542//6437 6526//6437 6525//6437 6541//6437
f 6543//6438 6544//6438 6541//6438 6540//6438
f 6544//6439 6545//6439 6542//6439 6541//6439
f 6545//6440 6528//6440 6526//6440 6542//6440
f 6546//6441 6529//6441 6528//6441 6545//6441
f 6547//6442 6548//6442 6545//6442 6544//6442
f 6548//6443 6549//6443 6546//6443 6545//6443
f 6549//6444 6531//6444 6529//6444 6546//6444
f 6550//6445 6551//6445 6549//6445 6548//6445
f 6551//6446 6534//6446 6531//6446 6549//6446
f 6552//6447 6535//6447 6534//6447 6551//6447
f 6553//6448 6540//6448 6443//6448 6467//6448
f 6470//6449 6554//6449 6553//6449 6467//6449
f 6554//6450 6543//6450 6540//6450 6553//6450
f 6555//6451 6544//6451 6543//6451 6554//6451
f 6471//6452 6556//6452 6554//6452 6470//6452
f 6556//6453 6557//6453 6555//6453 6554//6453
f 6557//6454 6547//6454 6544//6454 6555//6454
f 6558//6455 6548//6455 6547//6455 6557//6455
f 6559//6456 6560//6456 6557//6456 6556//6456
f 6560//6457 6561//6457 6558//6457 6557//6457
f 6561//6458 6550//6458 6548//6458 6558//6458
f 6562//6459 6556//6459 6471//6459 6495//6459
f 6499//6460 6563//6460 6562//6460 6495//6460
f 6563//6461 6559//6461 6556//6461 6562//6461
f 6564//6462 6565//6462 6499//6462 6498//6462
f 5478//6463 6568//6463 6508//6463 5368//6463
f 6568//6464 6569//6464 6509//6464 6508//6464
f 6569//6465 6570//6465 6510//6465 6509//6465
f 6570//6466 6571//6466 6511//6466 6510//6466
f 6571//6467 6572//6467 6512//6467 6511//6467
f 6572//6468 6573//6468 6513//6468 6512//6468
f 6573//6469 6574//6469 6514//6469 6513//6469
f 6574//6470 6564//6470 6498//6470 6514//6470
f 6575//6471 6565//6471 6564//6471 6574//6471
f 6576//6472 6577//6472 6569//6472 6568//6472
f 6577//6473 6578//6473 6570//6473 6569//6473
f 6578//6474 6579//6474 6571//6474 6570//6474
f 6579//6475 6580//6475 6572//6475 6571//6475
f 6580//6476 6581//6476 6573//6476 6572//6476
f 6581//6477 6582//6477 6574//6477 6573//6477
f 6582//6478 6583//6478 6575//6478 6574//6478
f 6583//6479 6566//6479 6565//6479 6575//6479
f 6584//6480 6585//6480 6580//6480 6579//6480
f 6585//6481 6586//6481 6581//6481 6580//6481
f 6586//6482 6587//6482 6582//6482 6581//6482
f 6587//6483 6588//6483 6583//6483 6582//6483
f 6588//6484 6567//6484 6566//6484 6583//6484
f 6589//6485 6590//6485 6586//6485 6585//6485
f 6590//6486 6591//6486 6587//6486 6586//6486
f 6591//6487 6592//6487 6588//6487 6587//6487
f 6593//6488 6594//6488 6591//6488 6590//6488
f 6594//6489 6595//6489 6592//6489 6591//6489
f 6596//6490 6597//6490 6594//6490 6593//6490
f 6597//6491 6598//6491 6595//6491 6594//6491
f 6599//6492 6600//6492 6598//6492 6597//6492
f 6601//6493 6602//6493 6600//6493 6599//6493
f 6603//6494 6568//6494 5478//6494 5502//6494
f 5507//6495 6604//6495 6603//6495 5502//6495
f 6604//6496 6576//6496 6568//6496 6603//6496
f 6605//6497 6577//6497 6576//6497 6604//6497
f 6606//6498 6578//6498 6577//6498 6605//6498
f 6607//6499 6579//6499 6578//6499 6606//6499
f 5513//6500 6608//6500 6604//6500 5507//6500
f 6608//6501 6609//6501 6605//6501 6604//6501
f 6609//6502 6610//6502 6606//6502 6605//6502
f 6610//6503 6611//6503 6607//6503 6606//6503
f 6611//6504 6584//6504 6579//6504 6607//6504
f 6612//6505 6585//6505 6584//6505 6611//6505
f 5520//6506 6613//6506 6608//6506 5513//6506
f 6613//6507 6614//6507 6609//6507 6608//6507
f 6614//6508 6615//6508 6610//6508 6609//6508
f 6615//6509 6616//6509 6611//6509 6610//6509
f 6616//6510 6617//6510 6612//6510 6611//6510
f 6617//6511 6589//6511 6585//6511 6612//6511
f 6618//6512 6590//6512 6589//6512 6617//6512
f 5527//6513 6619//6513 6613//6513 5520//6513
f 6619//6514 6620//6514 6614//6514 6613//6514
f 6620//6515 6621//6515 6615//6515 6614//6515
f 6621//6516 6622//6516 6616//6516 6615//6516
f 6622//6517 6623//6517 6617//6517 6616//6517
f 6623//6518 6624//6518 6618//6518 6617//6518
f 6624//6519 6593//6519 6590//6519 6618//6519
f 5534//6520 6625//6520 6619//6520 5527//6520
f 6625//6521 6626//6521 6620//6521 6619//6521
f 6626//6522 6627//6522 6621//6522 6620//6522
f 6627//6523 6628//6523 6622//6523 6621//6523
f 6628//6524 6629//6524 6623//6524 6622//6524
f 6629//6525 6630//6525 6624//6525 6623//6525
f 6630//6526 6596//6526 6593//6526 6624//6526
f 6631//6527 6597//6527 6596//6527 6630//6527
f 5541//6528 6632//6528 6625//6528 5534//6528
f 6632//6529 6633//6529 6626//6529 6625//6529
f 6633//6530 6634//6530 6627//6530 6626//6530
f 6634//6531 6635//6531 6628//6531 6627//6531
f 6635//6532 6636//6532 6629//6532 6628//6532
f 6636//6533 6637//6533 6630//6533 6629//6533
f 6637//6534 6638//6534 6631//6534 6630//6534
f 6638//6535 6599//6535 6597//6535 6631//6535
f 5548//6536 6639//6536 6632//6536 5541//6536
f 6639//6537 6640//6537 6633//6537 6632//6537
f 6640//6538 6641//6538 6634//6538 6633//6538
f 6641//6539 6642//6539 6635//6539 6634//6539
f 6642//6540 6643//6540 6636//6540 6635//6540
f 6643//6541 6644//6541 6637//6541 6636//6541
f 6644//6542 6645//6542 6638//6542 6637//6542
f 6645//6543 6601//6543 6599//6543 6638//6543
f 6646//6544 6647//6544 6536//6544 6535//6544
f 6647//6545 6287//6545 6235//6545 6536//6545
f 6648//6546 6288//6546 6287//6546 6647//6546
f 6649//6547 6650//6547 6647//6547 6646//6547
f 6650//6548 6651//6548 6648//6548 6647//6548
f 6651//6549 6290//6549 6288//6549 6648//6549
f 6652//6550 6653//6550 6651//6550 6650//6550
f 6653//6551 6292//6551 6290//6551 6651//6551
f 6654//6552 6655//6552 6653//6552 6652//6552
f 6655//6553 6294//6553 6292//6553 6653//6553
f 6656//6554 6295//6554 6294//6554 6655//6554
f 6657//6555 6658//6555 6655//6555 6654//6555
f 6658//6556 6659//6556 6656//6556 6655//6556
f 6659//6557 6296//6557 6295//6557 6656//6557
f 6660//6558 6661//6558 6659//6558 6658//6558
f 6661//6559 6297//6559 6296//6559 6659//6559
f 6662//6560 6663//6560 6661//6560 6660//6560
f 6663//6561 6298//6561 6297//6561 6661//6561
f 6664//6562 6665//6562 6663//6562 6662//6562
f 6665//6563 6299//6563 6298//6563 6663//6563
f 6666//6564 6667//6564 6551//6564 6550//6564
f 6667//6565 6668//6565 6552//6565 6551//6565
f 6668//6566 6646//6566 6535//6566 6552//6566
f 6669//6567 6670//6567 6668//6567 6667//6567
f 6670//6568 6649//6568 6646//6568 6668//6568
f 6671//6569 6650//6569 6649//6569 6670//6569
f 6672//6570 6673//6570 6670//6570 6669//6570
f 6673//6571 6674//6571 6671//6571 6670//6571
f 6674//6572 6652//6572 6650//6572 6671//6572
f 6675//6573 6676//6573 6674//6573 6673//6573
f 6676//6574 6654//6574 6652//6574 6674//6574
f 6677//6575 6678//6575 6676//6575 6675//6575
f 6678//6576 6657//6576 6654//6576 6676//6576
f 6679//6577 6658//6577 6657//6577 6678//6577
f 6680//6578 6681//6578 6678//6578 6677//6578
f 6681//6579 6682//6579 6679//6579 6678//6579
f 6682//6580 6660//6580 6658//6580 6679//6580
f 6683//6581 6684//6581 6681//6581 6680//6581
f 6684//6582 6685//6582 6682//6582 6681//6582
f 6685//6583 6662//6583 6660//6583 6682//6583
f 6686//6584 6687//6584 6684//6584 6683//6584
f 6687//6585 6688//6585 6685//6585 6684//6585
f 6688//6586 6664//6586 6662//6586 6685//6586
f 6689//6587 6690//6587 6560//6587 6559//6587
f 6690//6588 6691//6588 6561//6588 6560//6588
f 6691//6589 6666//6589 6550//6589 6561//6589
f 6692//6590 6667//6590 6666//6590 6691//6590
f 6693//6591 6694//6591 6691//6591 6690//6591
f 6694//6592 6695//6592 6692//6592 6691//6592
f 6695//6593 6669//6593 6667//6593 6692//6593
f 6696//6594 6697//6594 6695//6594 6694//6594
f 6697//6595 6672//6595 6669//6595 6695//6595
f 6698//6596 6673//6596 6672//6596 6697//6596
f 6699//6597 6700//6597 6697//6597 6696//6597
f 6700//6598 6701//6598 6698//6598 6697//6598
f 6701//6599 6675//6599 6673//6599 6698//6599
f 6702//6600 6703//6600 6700//6600 6699//6600
f 6703//6601 6704//6601 6701//6601 6700//6601
f 6704//6602 6677//6602 6675//6602 6701//6602
f 6705//6603 6706//6603 6704//6603 6703//6603
f 6706//6604 6680//6604 6677//6604 6704//6604
f 6707//6605 6708//6605 6706//6605 6705//6605
f 6708//6606 6683//6606 6680//6606 6706//6606
f 6709//6607 6710//6607 6708//6607 6707//6607
f 6710//6608 6686//6608 6683//6608 6708//6608
f 6565//6609 6711//6609 6563//6609 6499//6609
f 6711//6610 6689//6610 6559//6610 6563//6610
f 6712//6611 6690//6611 6689//6611 6711//6611
f 6566//6612 6713//6612 6711//6612 6565//6612
f 6713//6613 6714//6613 6712//6613 6711//6613
f 6714//6614 6693//6614 6690//6614 6712//6614
f 6715//6615 6694//6615 6693//6615 6714//6615
f 6567//6616 6716//6616 6713//6616 6566//6616
f 6716//6617 6717//6617 6714//6617 6713//6617
f 6717//6618 6718//6618 6715//6618 6714//6618
f 6718//6619 6696//6619 6694//6619 6715//6619
f 6719//6620 6720//6620 6717//6620 6716//6620
f 6720//6621 6721//6621 6718//6621 6717//6621
f 6721//6622 6699//6622 6696//6622 6718//6622
f 6722//6623 6723//6623 6720//6623 6719//6623
f 6723//6624 6724//6624 6721//6624 6720//6624
f 6724//6625 6702//6625 6699//6625 6721//6625
f 6725//6626 6703//6626 6702//6626 6724//6626
f 6726//6627 6727//6627 6723//6627 6722//6627
f 6727//6628 6728//6628 6724//6628 6723//6628
f 6728//6629 6729//6629 6725//6629 6724//6629
f 6729//6630 6705//6630 6703//6630 6725//6630
f 6730//6631 6731//6631 6727//6631 6726//6631
f 6731//6632 6732//6632 6728//6632 6727//6632
f 6732//6633 6733//6633 6729//6633 6728//6633
f 6733//6634 6707//6634 6705//6634 6729//6634
f 6734//6635 6735//6635 6731//6635 6730//6635
f 6735//6636 6736//6636 6732//6636 6731//6636
f 6736//6637 6737//6637 6733//6637 6732//6637
f 6737//6638 6709//6638 6707//6638 6733//6638
f 6738//6639 6716//6639 6567//6639 6588//6639
f 6592//6640 6739//6640 6738//6640 6588//6640
f 6739//6641 6719//6641 6716//6641 6738//6641
f 6595//6642 6740//6642 6739//6642 6592//6642
f 6740//6643 6722//6643 6719//6643 6739//6643
f 6598//6644 6741//6644 6740//6644 6595//6644
f 6741//6645 6726//6645 6722//6645 6740//6645
f 6600//6646 6742//6646 6741//6646 6598//6646
f 6742//6647 6730//6647 6726//6647 6741//6647
f 6602//6648 6743//6648 6742//6648 6600//6648
f 6743//6649 6734//6649 6730//6649 6742//6649
f 3086//6650 6744//6650 4652//6650 1195//6650
f 3087//6651 6745//6651 6744//6651 3086//6651
f 3088//6652 6746//6652 6745//6652 3087//6652
f 3089//6653 6747//6653 6746//6653 3088//6653
f 3090//6654 6748//6654 6747//6654 3089//6654
f 3091//6655 6749//6655 6748//6655 3090//6655
f 3092//6656 6750//6656 6749//6656 3091//6656
f 3093//6657 6751//6657 6750//6657 3092//6657
f 3094//6658 6752//6658 6751//6658 3093//6658
f 3095//6659 6753//6659 6752//6659 3094//6659
f 6744//6660 6754//6660 4661//6660 4652//6660
f 6745//6661 6755//6661 6754//6661 6744//6661
f 6746//6662 6756//6662 6755//6662 6745//6662
f 6747//6663 6757//6663 6756//6663 6746//6663
f 6748//6664 6758//6664 6757//6664 6747//6664
f 6749//6665 6759//6665 6758//6665 6748//6665
f 6750//6666 6760//6666 6759//6666 6749//6666
f 6751//6667 6761//6667 6760//6667 6750//6667
f 6752//6668 6762//6668 6761//6668 6751//6668
f 6753//6669 6763//6669 6762//6669 6752//6669
f 6754//6670 6764//6670 4670//6670 4661//6670
f 6755//6671 6765//6671 6764//6671 6754//6671
f 6756//6672 6766//6672 6765//6672 6755//6672
f 6757//6673 6767//6673 6766//6673 6756//6673
f 6758//6674 6768//6674 6767//6674 6757//6674
f 6759//6675 6769//6675 6768//6675 6758//6675
f 6760//6676 6770//6676 6769//6676 6759//6676
f 6761//6677 6771//6677 6770//6677 6760//6677
f 6762//6678 6772//6678 6771//6678 6761//6678
f 6763//6679 6773//6679 6772//6679 6762//6679
f 6764//6680 6774//6680 4680//6680 4670//6680
f 6765//6681 6775//6681 6774//6681 6764//6681
f 6766//6682 6776//6682 6775//6682 6765//6682
f 6767//6683 6777//6683 6776//6683 6766//6683
f 6768//6684 6778//6684 6777//6684 6767//6684
f 6769//6685 6780//6685 6778//6685 6768//6685
f 6780//6686 6781//6686 6779//6686 6778//6686
f 6770//6687 6781//6687 6780//6687 6769//6687
f 6771//6688 6782//6688 6781//6688 6770//6688
f 6772//6689 6783//6689 6782//6689 6771//6689
f 6773//6690 6784//6690 6783//6690 6772//6690
f 6774//6691 6785//6691 4690//6691 4680//6691
f 6775//6692 6786//6692 6785//6692 6774//6692
f 6776//6693 6787//6693 6786//6693 6775//6693
f 6777//6694 6788//6694 6787//6694 6776//6694
f 6778//6695 6790//6695 6788//6695 6777//6695
f 6790//6696 6791//6696 6789//6696 6788//6696
f 6779//6697 6791//6697 6790//6697 6778//6697
f 6781//6698 6792//6698 6791//6698 6779//6698
f 6782//6699 6793//6699 6792//6699 6781//6699
f 6783//6700 6795//6700 6793//6700 6782//6700
f 6795//6701 6796//6701 6794//6701 6793//6701
f 6784//6702 6796//6702 6795//6702 6783//6702
f 6785//6703 6797//6703 4700//6703 4690//6703
f 6786//6704 6798//6704 6797//6704 6785//6704
f 6787//6705 6799//6705 6798//6705 6786//6705
f 6788//6706 6801//6706 6799//6706 6787//6706
f 6801//6707 6802//6707 6800//6707 6799//6707
f 6789//6708 6802//6708 6801//6708 6788//6708
f 6791//6709 6803//6709 6802//6709 6789//6709
f 6792//6710 6804//6710 6803//6710 6791//6710
f 6793//6711 6805//6711 6804//6711 6792//6711
f 6794//6712 6806//6712 6805//6712 6793//6712
f 6796//6713 6807//6713 6806//6713 6794//6713
f 6797//6714 6808//6714 4713//6714 4700//6714
f 6808//6715 6809//6715 4714//6715 4713//6715
f 6798//6716 6810//6716 6808//6716 6797//6716
f 6810//6717 6811//6717 6809//6717 6808//6717
f 6799//6718 6812//6718 6810//6718 6798//6718
f 6812//6719 6813//6719 6811//6719 6810//6719
f 6800//6720 6813//6720 6812//6720 6799//6720
f 6802//6721 6814//6721 6813//6721 6800//6721
f 6803//6722 6815//6722 6814//6722 6802//6722
f 6804//6723 6816//6723 6815//6723 6803//6723
f 6805//6724 6818//6724 6816//6724 6804//6724
f 6818//6725 6819//6725 6817//6725 6816//6725
f 6806//6726 6819//6726 6818//6726 6805//6726
f 6807//6727 6820//6727 6819//6727 6806//6727
f 6809//6728 6822//6728 4725//6728 4714//6728
f 6811//6729 6823//6729 6822//6729 6809//6729
f 6813//6730 6824//6730 6823//6730 6811//6730
f 6814//6731 6825//6731 6824//6731 6813//6731
f 6815//6732 6826//6732 6825//6732 6814//6732
f 6816//6733 6828//6733 6826//6733 6815//6733
f 6828//6734 6829//6734 6827//6734 6826//6734
f 6817//6735 6829//6735 6828//6735 6816//6735
f 6819//6736 6830//6736 6829//6736 6817//6736
f 6820//6737 6832//6737 6830//6737 6819//6737
f 6832//6738 6833//6738 6831//6738 6830//6738
f 6821//6739 6833//6739 6832//6739 6820//6739
f 3152//6740 6834//6740 6753//6740 3095//6740
f 3153//6741 6835//6741 6834//6741 3152//6741
f 3154//6742 6836//6742 6835//6742 3153//6742
f 3155//6743 6837//6743 6836//6743 3154//6743
f 3156//6744 6838//6744 6837//6744 3155//6744
f 3157//6745 6839//6745 6838//6745 3156//6745
f 3158//6746 6840//6746 6839//6746 3157//6746
f 3159//6747 6841//6747 6840//6747 3158//6747
f 6834//6748 6842//6748 6763//6748 6753//6748
f 6835//6749 6843//6749 6842//6749 6834//6749
f 6836//6750 6844//6750 6843//6750 6835//6750
f 6837//6751 6845//6751 6844//6751 6836//6751
f 6838//6752 6846//6752 6845//6752 6837//6752
f 6839//6753 6847//6753 6846//6753 6838//6753
f 6840//6754 6848//6754 6847//6754 6839//6754
f 6841//6755 6849//6755 6848//6755 6840//6755
f 6842//6756 6850//6756 6773//6756 6763//6756
f 6843//6757 6851//6757 6850//6757 6842//6757
f 6844//6758 6852//6758 6851//6758 6843//6758
f 6845//6759 6853//6759 6852//6759 6844//6759
f 6846//6760 6854//6760 6853//6760 6845//6760
f 6847//6761 6855//6761 6854//6761 6846//6761
f 6848//6762 6856//6762 6855//6762 6847//6762
f 6849//6763 6857//6763 6856//6763 6848//6763
f 6850//6764 6858//6764 6784//6764 6773//6764
f 6851//6765 6859//6765 6858//6765 6850//6765
f 6852//6766 6860//6766 6859//6766 6851//6766
f 6853//6767 6861//6767 6860//6767 6852//6767
f 6854//6768 6862//6768 6861//6768 6853//6768
f 6855//6769 6863//6769 6862//6769 6854//6769
f 6856//6770 6864//6770 6863//6770 6855//6770
f 6857//6771 6865//6771 6864//6771 6856//6771
f 6858//6772 6866//6772 6796//6772 6784//6772
f 6859//6773 6868//6773 6866//6773 6858//6773
f 6868//6774 6869//6774 6867//6774 6866//6774
f 6860//6775 6869//6775 6868//6775 6859//6775
f 6861//6776 6870//6776 6869//6776 6860//6776
f 6862//6777 6871//6777 6870//6777 6861//6777
f 6863//6778 6872//6778 6871//6778 6862//6778
f 6864//6779 6873//6779 6872//6779 6863//6779
f 6865//6780 6874//6780 6873//6780 6864//6780
f 6866//6781 6875//6781 6807//6781 6796//6781
f 6867//6782 6876//6782 6875//6782 6866//6782
f 6869//6783 6877//6783 6876//6783 6867//6783
f 6870//6784 6879//6784 6877//6784 6869//6784
f 6879//6785 6880//6785 6878//6785 6877//6785
f 6871//6786 6880//6786 6879//6786 6870//6786
f 6872//6787 6882//6787 6880//6787 6871//6787
f 6882//6788 6883//6788 6881//6788 6880//6788
f 6873//6789 6883//6789 6882//6789 6872//6789
f 6875//6790 6884//6790 6820//6790 6807//6790
f 6884//6791 6885//6791 6821//6791 6820//6791
f 6876//6792 6885//6792 6884//6792 6875//6792
f 6877//6793 6886//6793 6885//6793 6876//6793
f 6878//6794 6887//6794 6886//6794 6877//6794
f 6880//6795 6888//6795 6887//6795 6878//6795
f 6881//6796 6889//6796 6888//6796 6880//6796
f 6883//6797 6890//6797 6889//6797 6881//6797
f 6885//6798 6891//6798 6833//6798 6821//6798
f 6886//6799 6893//6799 6891//6799 6885//6799
f 6893//6800 6894//6800 6892//6800 6891//6800
f 6887//6801 6894//6801 6893//6801 6886//6801
f 6888//6802 6896//6802 6894//6802 6887//6802
f 6896//6803 6897//6803 6895//6803 6894//6803
f 6889//6804 6897//6804 6896//6804 6888//6804
f 6890//6805 6898//6805 6897//6805 6889//6805
f 3233//6806 6899//6806 6841//6806 3159//6806
f 3234//6807 6900//6807 6899//6807 3233//6807
f 3235//6808 6901//6808 6900//6808 3234//6808
f 3236//6809 6902//6809 6901//6809 3235//6809
f 3237//6810 6903//6810 6902//6810 3236//6810
f 3238//6811 6904//6811 6903//6811 3237//6811
f 3239//6812 6905//6812 6904//6812 3238//6812
f 3240//6813 6906//6813 6905//6813 3239//6813
f 3241//6814 6907//6814 6906//6814 3240//6814
f 6899//6815 6908//6815 6849//6815 6841//6815
f 6900//6816 6909//6816 6908//6816 6899//6816
f 6901//6817 6910//6817 6909//6817 6900//6817
f 6902//6818 6911//6818 6910//6818 6901//6818
f 6903//6819 6912//6819 6911//6819 6902//6819
f 6904//6820 6913//6820 6912//6820 6903//6820
f 6905//6821 6914//6821 6913//6821 6904//6821
f 6906//6822 6915//6822 6914//6822 6905//6822
f 6907//6823 6916//6823 6915//6823 6906//6823
f 6908//6824 6917//6824 6857//6824 6849//6824
f 6909//6825 6918//6825 6917//6825 6908//6825
f 6910//6826 6919//6826 6918//6826 6909//6826
f 6911//6827 6920//6827 6919//6827 6910//6827
f 6912//6828 6921//6828 6920//6828 6911//6828
f 6913//6829 6922//6829 6921//6829 6912//6829
f 6914//6830 6923//6830 6922//6830 6913//6830
f 6915//6831 6924//6831 6923//6831 6914//6831
f 6916//6832 6925//6832 6924//6832 6915//6832
f 6917//6833 6926//6833 6865//6833 6857//6833
f 6918//6834 6927//6834 6926//6834 6917//6834
f 6919//6835 6928//6835 6927//6835 6918//6835
f 6920//6836 6929//6836 6928//6836 6919//6836
f 6921//6837 6930//6837 6929//6837 6920//6837
f 6922//6838 6931//6838 6930//6838 6921//6838
f 6923//6839 6932//6839 6931//6839 6922//6839
f 6924//6840 6933//6840 6932//6840 6923//6840
f 6925//6841 6934//6841 6933//6841 6924//6841
f 6874//6842 6936//6842 6935//6842 6873//6842
f 6926//6843 6936//6843 6874//6843 6865//6843
f 6927//6844 6937//6844 6936//6844 6926//6844
f 6928//6845 6938//6845 6937//6845 6927//6845
f 6929//6846 6939//6846 6938//6846 6928//6846
f 6930//6847 6940//6847 6939//6847 6929//6847
f 6931//6848 6941//6848 6940//6848 6930//6848
f 6932//6849 6942//6849 6941//6849 6931//6849
f 6933//6850 6943//6850 6942//6850 6932//6850
f 6934//6851 6944//6851 6943//6851 6933//6851
f 6935//6852 6945//6852 6883//6852 6873//6852
f 6936//6853 6946//6853 6945//6853 6935//6853
f 6937//6854 6947//6854 6946//6854 6936//6854
f 6938//6855 6949//6855 6947//6855 6937//6855
f 6949//6856 6950//6856 6948//6856 6947//6856
f 6939//6857 6950//6857 6949//6857 6938//6857
f 6940//6858 6951//6858 6950//6858 6939//6858
f 6941//6859 6952//6859 6951//6859 6940//6859
f 6942//6860 6953//6860 6952//6860 6941//6860
f 6943//6861 6954//6861 6953//6861 6942//6861
f 6944//6862 6955//6862 6954//6862 6943//6862
f 6945//6863 6956//6863 6890//6863 6883//6863
f 6946//6864 6957//6864 6956//6864 6945//6864
f 6947//6865 6958//6865 6957//6865 6946//6865
f 6948//6866 6959//6866 6958//6866 6947//6866
f 6950//6867 6960//6867 6959//6867 6948//6867
f 6951//6868 6961//6868 6960//6868 6950//6868
f 6952//6869 6962//6869 6961//6869 6951//6869
f 6953//6870 6963//6870 6962//6870 6952//6870
f 6954//6871 6964//6871 6963//6871 6953//6871
f 6955//6872 6965//6872 6964//6872 6954//6872
f 6956//6873 6966//6873 6898//6873 6890//6873
f 6957//6874 6968//6874 6966//6874 6956//6874
f 6968//6875 6969//6875 6967//6875 6966//6875
f 6958//6876 6969//6876 6968//6876 6957//6876
f 6959//6877 6970//6877 6969//6877 6958//6877
f 6960//6878 6972//6878 6970//6878 6959//6878
f 6972//6879 6973//6879 6971//6879 6970//6879
f 6961//6880 6973//6880 6972//6880 6960//6880
f 6962//6881 6974//6881 6973//6881 6961//6881
f 6963//6882 6975//6882 6974//6882 6962//6882
f 6964//6883 6976//6883 6975//6883 6963//6883
f 6965//6884 6977//6884 6976//6884 6964//6884
f 3343//6885 6979//6885 6978//6885 3342//6885
f 3345//6886 6981//6886 6980//6886 3344//6886
f 6981//6887 3345//6887 3342//6887 6978//6887
f 3346//6888 6982//6888 6979//6888 3343//6888
f 3347//6889 6983//6889 6982//6889 3346//6889
f 3349//6890 6985//6890 6984//6890 3348//6890
f 6985//6891 3349//6891 3344//6891 6980//6891
f 3350//6892 6986//6892 6983//6892 3347//6892
f 3352//6893 6988//6893 6987//6893 3351//6893
f 6988//6894 3352//6894 3348//6894 6984//6894
f 3353//6895 6989//6895 6986//6895 3350//6895
f 3355//6896 6991//6896 6990//6896 3354//6896
f 3356//6897 6992//6897 6991//6897 3355//6897
f 6992//6898 3356//6898 3351//6898 6987//6898
f 3357//6899 6993//6899 6989//6899 3353//6899
f 3358//6900 6994//6900 6907//6900 3241//6900
f 6994//6901 3358//6901 3354//6901 6990//6901
f 3359//6902 6995//6902 6993//6902 3357//6902
f 3360//6903 6996//6903 6995//6903 3359//6903
f 3361//6904 6997//6904 6996//6904 3360//6904
f 6979//6905 6999//6905 6998//6905 6978//6905
f 6981//6906 7002//6906 7001//6906 6980//6906
f 7002//6907 6981//6907 6978//6907 6998//6907
f 7003//6908 7002//6908 6998//6908 6999//6908
f 6982//6909 7003//6909 6999//6909 6979//6909
f 6983//6910 7004//6910 7003//6910 6982//6910
f 6985//6911 7006//6911 7005//6911 6984//6911
f 7006//6912 6985//6912 6980//6912 7001//6912
f 7007//6913 7006//6913 7001//6913 7002//6913
f 6988//6914 7009//6914 7008//6914 6987//6914
f 7009//6915 6988//6915 6984//6915 7005//6915
f 7010//6916 7009//6916 7005//6916 7006//6916
f 6991//6917 7012//6917 7011//6917 6990//6917
f 6992//6918 7013//6918 7012//6918 6991//6918
f 7013//6919 6992//6919 6987//6919 7008//6919
f 6994//6920 7014//6920 6916//6920 6907//6920
f 7014//6921 6994//6921 6990//6921 7011//6921
f 6996//6922 7016//6922 7015//6922 6995//6922
f 6997//6923 7017//6923 7016//6923 6996//6923
f 7003//6924 7020//6924 7019//6924 7002//6924
f 7004//6925 7021//6925 7020//6925 7003//6925
f 7021//6926 7004//6926 7000//6926 7018//6926
f 7007//6927 7023//6927 7022//6927 7006//6927
f 7023//6928 7007//6928 7002//6928 7019//6928
f 7024//6929 7023//6929 7019//6929 7020//6929
f 7009//6930 7026//6930 7025//6930 7008//6930
f 7010//6931 7027//6931 7026//6931 7009//6931
f 7027//6932 7010//6932 7006//6932 7022//6932
f 7012//6933 7029//6933 7028//6933 7011//6933
f 7013//6934 7030//6934 7029//6934 7012//6934
f 7030//6935 7013//6935 7008//6935 7025//6935
f 7031//6936 7030//6936 7025//6936 7026//6936
f 7014//6937 7032//6937 6925//6937 6916//6937
f 7032//6938 7014//6938 7011//6938 7028//6938
f 7033//6939 7032//6939 7028//6939 7029//6939
f 7021//6940 7035//6940 7034//6940 7020//6940
f 7023//6941 7037//6941 7036//6941 7022//6941
f 7024//6942 7038//6942 7037//6942 7023//6942
f 7038//6943 7024//6943 7020//6943 7034//6943
f 7039//6944 7038//6944 7034//6944 7035//6944
f 7027//6945 7041//6945 7040//6945 7026//6945
f 7041//6946 7027//6946 7022//6946 7036//6946
f 7042//6947 7041//6947 7036//6947 7037//6947
f 7043//6948 7042//6948 7037//6948 7038//6948
f 7030//6949 7045//6949 7044//6949 7029//6949
f 7031//6950 7046//6950 7045//6950 7030//6950
f 7046//6951 7031//6951 7026//6951 7040//6951
f 7032//6952 7047//6952 6934//6952 6925//6952
f 7033//6953 7048//6953 7047//6953 7032//6953
f 7048//6954 7033//6954 7029//6954 7044//6954
f 7039//6955 7050//6955 7049//6955 7038//6955
f 7041//6956 7052//6956 7051//6956 7040//6956
f 7042//6957 7053//6957 7052//6957 7041//6957
f 7043//6958 7054//6958 7053//6958 7042//6958
f 7054//6959 7043//6959 7038//6959 7049//6959
f 7055//6960 7054//6960 7049//6960 7050//6960
f 7045//6961 7057//6961 7056//6961 7044//6961
f 7046//6962 7058//6962 7057//6962 7045//6962
f 7058//6963 7046//6963 7040//6963 7051//6963
f 7059//6964 7058//6964 7051//6964 7052//6964
f 7060//6965 7059//6965 7052//6965 7053//6965
f 7047//6966 7061//6966 6944//6966 6934//6966
f 7048//6967 7062//6967 7061//6967 7047//6967
f 7062//6968 7048//6968 7044//6968 7056//6968
f 7063//6969 7062//6969 7056//6969 7057//6969
f 7054//6970 7065//6970 7064//6970 7053//6970
f 7055//6971 7066//6971 7065//6971 7054//6971
f 7058//6972 7068//6972 7067//6972 7057//6972
f 7059//6973 7069//6973 7068//6973 7058//6973
f 7060//6974 7070//6974 7069//6974 7059//6974
f 7070//6975 7060//6975 7053//6975 7064//6975
f 7071//6976 7070//6976 7064//6976 7065//6976
f 7072//6977 7071//6977 7065//6977 7066//6977
f 7061//6978 7073//6978 6955//6978 6944//6978
f 7062//6979 7074//6979 7073//6979 7061//6979
f 7063//6980 7075//6980 7074//6980 7062//6980
f 7075//6981 7063//6981 7057//6981 7067//6981
f 7076//6982 7075//6982 7067//6982 7068//6982
f 7069//6983 7079//6983 7078//6983 7068//6983
f 7070//6984 7080//6984 7079//6984 7069//6984
f 7071//6985 7081//6985 7080//6985 7070//6985
f 7072//6986 7082//6986 7081//6986 7071//6986
f 7082//6987 7072//6987 7066//6987 7077//6987
f 7073//6988 7083//6988 6965//6988 6955//6988
f 7074//6989 7084//6989 7083//6989 7073//6989
f 7075//6990 7085//6990 7084//6990 7074//6990
f 7076//6991 7086//6991 7085//6991 7075//6991
f 7086//6992 7076//6992 7068//6992 7078//6992
f 7087//6993 7086//6993 7078//6993 7079//6993
f 7080//6994 7089//6994 7088//6994 7079//6994
f 7081//6995 7090//6995 7089//6995 7080//6995
f 7082//6996 7091//6996 7090//6996 7081//6996
f 7083//6997 7092//6997 6977//6997 6965//6997
f 7084//6998 7093//6998 7092//6998 7083//6998
f 7085//6999 7094//6999 7093//6999 7084//6999
f 7086//7000 7095//7000 7094//7000 7085//7000
f 7087//7001 7096//7001 7095//7001 7086//7001
f 7096//7002 7087//7002 7079//7002 7088//7002
f 7097//7003 7096//7003 7088//7003 7089//7003
f 7098//7004 7097//7004 7089//7004 7090//7004
f 7099//7005 7098//7005 7090//7005 7091//7005
f 7100//7006 7101//7006 7017//7006 6997//7006
f 6822//7007 7102//7007 5092//7007 4725//7007
f 6823//7008 7103//7008 7102//7008 6822//7008
f 6824//7009 7104//7009 7103//7009 6823//7009
f 6825//7010 7106//7010 7104//7010 6824//7010
f 7106//7011 7107//7011 7105//7011 7104//7011
f 6826//7012 7108//7012 7106//7012 6825//7012
f 7108//7013 7109//7013 7107//7013 7106//7013
f 6827//7014 7109//7014 7108//7014 6826//7014
f 6829//7015 7110//7015 7109//7015 6827//7015
f 6830//7016 7112//7016 7110//7016 6829//7016
f 7112//7017 7113//7017 7111//7017 7110//7017
f 6831//7018 7113//7018 7112//7018 6830//7018
f 6833//7019 7114//7019 7113//7019 6831//7019
f 7102//7020 7116//7020 5105//7020 5092//7020
f 7116//7021 7117//7021 5106//7021 5105//7021
f 7103//7022 7118//7022 7116//7022 7102//7022
f 7118//7023 7119//7023 7117//7023 7116//7023
f 7104//7024 7120//7024 7118//7024 7103//7024
f 7120//7025 7121//7025 7119//7025 7118//7025
f 7105//7026 7121//7026 7120//7026 7104//7026
f 7107//7027 7122//7027 7121//7027 7105//7027
f 7109//7028 7123//7028 7122//7028 7107//7028
f 7110//7029 7125//7029 7123//7029 7109//7029
f 7125//7030 7126//7030 7124//7030 7123//7030
f 7111//7031 7126//7031 7125//7031 7110//7031
f 7113//7032 7127//7032 7126//7032 7111//7032
f 7114//7033 7128//7033 7127//7033 7113//7033
f 7115//7034 7129//7034 7128//7034 7114//7034
f 7117//7035 7130//7035 5119//7035 5106//7035
f 7119//7036 7131//7036 7130//7036 7117//7036
f 7121//7037 7132//7037 7131//7037 7119//7037
f 7122//7038 7133//7038 7132//7038 7121//7038
f 7123//7039 7135//7039 7133//7039 7122//7039
f 7135//7040 7136//7040 7134//7040 7133//7040
f 7124//7041 7136//7041 7135//7041 7123//7041
f 7126//7042 7137//7042 7136//7042 7124//7042
f 7127//7043 7139//7043 7137//7043 7126//7043
f 7139//7044 7140//7044 7138//7044 7137//7044
f 7128//7045 7141//7045 7139//7045 7127//7045
f 7141//7046 7142//7046 7140//7046 7139//7046
f 7129//7047 7142//7047 7141//7047 7128//7047
f 7130//7048 7144//7048 5133//7048 5119//7048
f 7144//7049 7145//7049 5134//7049 5133//7049
f 7131//7050 7146//7050 7144//7050 7130//7050
f 7146//7051 7147//7051 7145//7051 7144//7051
f 7132//7052 7148//7052 7146//7052 7131//7052
f 7148//7053 7149//7053 7147//7053 7146//7053
f 7133//7054 7150//7054 7148//7054 7132//7054
f 7150//7055 7151//7055 7149//7055 7148//7055
f 7134//7056 7151//7056 7150//7056 7133//7056
f 7136//7057 7152//7057 7151//7057 7134//7057
f 7137//7058 7154//7058 7152//7058 7136//7058
f 7154//7059 7155//7059 7153//7059 7152//7059
f 7138//7060 7155//7060 7154//7060 7137//7060
f 7140//7061 7156//7061 7155//7061 7138//7061
f 7142//7062 7158//7062 7156//7062 7140//7062
f 7158//7063 7159//7063 7157//7063 7156//7063
f 7143//7064 7159//7064 7158//7064 7142//7064
f 7145//7065 7160//7065 5148//7065 5134//7065
f 7147//7066 7161//7066 7160//7066 7145//7066
f 7149//7067 7162//7067 7161//7067 7147//7067
f 7151//7068 7164//7068 7162//7068 7149//7068
f 7164//7069 7165//7069 7163//7069 7162//7069
f 7152//7070 7166//7070 7164//7070 7151//7070
f 7166//7071 7167//7071 7165//7071 7164//7071
f 7153//7072 7167//7072 7166//7072 7152//7072
f 7155//7073 7168//7073 7167//7073 7153//7073
f 7156//7074 7170//7074 7168//7074 7155//7074
f 7170//7075 7171//7075 7169//7075 7168//7075
f 7157//7076 7171//7076 7170//7076 7156//7076
f 7159//7077 7172//7077 7171//7077 7157//7077
f 7160//7078 7173//7078 5161//7078 5148//7078
f 7173//7079 7174//7079 5162//7079 5161//7079
f 7161//7080 7175//7080 7173//7080 7160//7080
f 7175//7081 7176//7081 7174//7081 7173//7081
f 7162//7082 7177//7082 7175//7082 7161//7082
f 7177//7083 7178//7083 7176//7083 7175//7083
f 7163//7084 7178//7084 7177//7084 7162//7084
f 7165//7085 7179//7085 7178//7085 7163//7085
f 7167//7086 7181//7086 7179//7086 7165//7086
f 7181//7087 7182//7087 7180//7087 7179//7087
f 7168//7088 7183//7088 7181//7088 7167//7088
f 7183//7089 7184//7089 7182//7089 7181//7089
f 7169//7090 7184//7090 7183//7090 7168//7090
f 7171//7091 7185//7091 7184//7091 7169//7091
f 7172//7092 7186//7092 7185//7092 7171//7092
f 7174//7093 7187//7093 5174//7093 5162//7093
f 7187//7094 7188//7094 5175//7094 5174//7094
f 7176//7095 7189//7095 7187//7095 7174//7095
f 7189//7096 7190//7096 7188//7096 7187//7096
f 7178//7097 7191//7097 7189//7097 7176//7097
f 7191//7098 7192//7098 7190//7098 7189//7098
f 7179//7099 7193//7099 7191//7099 7178//7099
f 7193//7100 7194//7100 7192//7100 7191//7100
f 7180//7101 7194//7101 7193//7101 7179//7101
f 7182//7102 7195//7102 7194//7102 7180//7102
f 7184//7103 7196//7103 7195//7103 7182//7103
f 7188//7104 7197//7104 5180//7104 5175//7104
f 7190//7105 7198//7105 7197//7105 7188//7105
f 7192//7106 7199//7106 7198//7106 7190//7106
f 7194//7107 7200//7107 7199//7107 7192//7107
f 7185//7108 7203//7108 7202//7108 7184//7108
f 7186//7109 7204//7109 7203//7109 7185//7109
f 7201//7110 7204//7110 7186//7110 7172//7110
f 7195//7111 7207//7111 7206//7111 7194//7111
f 7196//7112 7208//7112 7207//7112 7195//7112
f 7202//7113 7208//7113 7196//7113 7184//7113
f 7203//7114 7210//7114 7208//7114 7202//7114
f 7210//7115 7211//7115 7209//7115 7208//7115
f 7204//7116 7212//7116 7210//7116 7203//7116
f 7212//7117 7213//7117 7211//7117 7210//7117
f 7205//7118 7213//7118 7212//7118 7204//7118
f 7197//7119 7215//7119 5199//7119 5180//7119
f 7198//7120 7216//7120 7215//7120 7197//7120
f 7199//7121 7217//7121 7216//7121 7198//7121
f 7200//7122 7218//7122 7217//7122 7199//7122
f 7206//7123 7218//7123 7200//7123 7194//7123
f 7207//7124 7220//7124 7218//7124 7206//7124
f 7220//7125 7221//7125 7219//7125 7218//7125
f 7208//7126 7222//7126 7220//7126 7207//7126
f 7222//7127 7223//7127 7221//7127 7220//7127
f 7209//7128 7223//7128 7222//7128 7208//7128
f 7211//7129 7225//7129 7223//7129 7209//7129
f 7225//7130 7226//7130 7224//7130 7223//7130
f 7213//7131 7227//7131 7225//7131 7211//7131
f 7227//7132 7228//7132 7226//7132 7225//7132
f 7214//7133 7228//7133 7227//7133 7213//7133
f 6891//7134 7230//7134 7114//7134 6833//7134
f 7230//7135 7231//7135 7115//7135 7114//7135
f 6892//7136 7231//7136 7230//7136 6891//7136
f 6894//7137 7232//7137 7231//7137 6892//7137
f 6895//7138 7233//7138 7232//7138 6894//7138
f 6897//7139 7234//7139 7233//7139 6895//7139
f 6898//7140 7235//7140 7234//7140 6897//7140
f 7231//7141 7236//7141 7129//7141 7115//7141
f 7232//7142 7238//7142 7236//7142 7231//7142
f 7238//7143 7239//7143 7237//7143 7236//7143
f 7233//7144 7239//7144 7238//7144 7232//7144
f 7234//7145 7240//7145 7239//7145 7233//7145
f 7236//7146 7241//7146 7142//7146 7129//7146
f 7241//7147 7242//7147 7143//7147 7142//7147
f 7237//7148 7242//7148 7241//7148 7236//7148
f 7239//7149 7243//7149 7242//7149 7237//7149
f 7242//7150 7244//7150 7159//7150 7143//7150
f 7243//7151 7245//7151 7244//7151 7242//7151
f 7244//7152 7246//7152 7172//7152 7159//7152
f 7235//7153 7248//7153 7247//7153 7234//7153
f 6966//7154 7248//7154 7235//7154 6898//7154
f 6967//7155 7249//7155 7248//7155 6966//7155
f 6969//7156 7250//7156 7249//7156 6967//7156
f 6970//7157 7251//7157 7250//7157 6969//7157
f 6971//7158 7252//7158 7251//7158 6970//7158
f 6973//7159 7254//7159 7252//7159 6971//7159
f 7254//7160 7255//7160 7253//7160 7252//7160
f 6974//7161 7255//7161 7254//7161 6973//7161
f 6975//7162 7256//7162 7255//7162 6974//7162
f 6976//7163 7257//7163 7256//7163 6975//7163
f 6977//7164 7258//7164 7257//7164 6976//7164
f 7240//7165 7260//7165 7259//7165 7239//7165
f 7247//7166 7260//7166 7240//7166 7234//7166
f 7248//7167 7262//7167 7260//7167 7247//7167
f 7262//7168 7263//7168 7261//7168 7260//7168
f 7249//7169 7263//7169 7262//7169 7248//7169
f 7250//7170 7265//7170 7263//7170 7249//7170
f 7265//7171 7266//7171 7264//7171 7263//7171
f 7251//7172 7266//7172 7265//7172 7250//7172
f 7252//7173 7267//7173 7266//7173 7251//7173
f 7253//7174 7268//7174 7267//7174 7252//7174
f 7255//7175 7270//7175 7268//7175 7253//7175
f 7270//7176 7271//7176 7269//7176 7268//7176
f 7256//7177 7271//7177 7270//7177 7255//7177
f 7257//7178 7272//7178 7271//7178 7256//7178
f 7258//7179 7273//7179 7272//7179 7257//7179
f 7259//7180 7274//7180 7243//7180 7239//7180
f 7260//7181 7275//7181 7274//7181 7259//7181
f 7261//7182 7276//7182 7275//7182 7260//7182
f 7263//7183 7277//7183 7276//7183 7261//7183
f 7264//7184 7278//7184 7277//7184 7263//7184
f 7266//7185 7280//7185 7278//7185 7264//7185
f 7280//7186 7281//7186 7279//7186 7278//7186
f 7267//7187 7281//7187 7280//7187 7266//7187
f 7268//7188 7282//7188 7281//7188 7267//7188
f 7269//7189 7283//7189 7282//7189 7268//7189
f 7271//7190 7285//7190 7283//7190 7269//7190
f 7285//7191 7286//7191 7284//7191 7283//7191
f 7272//7192 7286//7192 7285//7192 7271//7192
f 7273//7193 7287//7193 7286//7193 7272//7193
f 7245//7194 7289//7194 7288//7194 7244//7194
f 7274//7195 7289//7195 7245//7195 7243//7195
f 7275//7196 7291//7196 7289//7196 7274//7196
f 7291//7197 7292//7197 7290//7197 7289//7197
f 7276//7198 7292//7198 7291//7198 7275//7198
f 7277//7199 7294//7199 7292//7199 7276//7199
f 7294//7200 7295//7200 7293//7200 7292//7200
f 7278//7201 7295//7201 7294//7201 7277//7201
f 7279//7202 7296//7202 7295//7202 7278//7202
f 7281//7203 7298//7203 7296//7203 7279//7203
f 7298//7204 7299//7204 7297//7204 7296//7204
f 7282//7205 7299//7205 7298//7205 7281//7205
f 7283//7206 7300//7206 7299//7206 7282//7206
f 7284//7207 7301//7207 7300//7207 7283//7207
f 7286//7208 7303//7208 7301//7208 7284//7208
f 7303//7209 7304//7209 7302//7209 7301//7209
f 7287//7210 7304//7210 7303//7210 7286//7210
f 7246//7211 7305//7211 7201//7211 7172//7211
f 7288//7212 7305//7212 7246//7212 7244//7212
f 7289//7213 7307//7213 7305//7213 7288//7213
f 7307//7214 7308//7214 7306//7214 7305//7214
f 7290//7215 7308//7215 7307//7215 7289//7215
f 7292//7216 7310//7216 7308//7216 7290//7216
f 7310//7217 7311//7217 7309//7217 7308//7217
f 7293//7218 7311//7218 7310//7218 7292//7218
f 7295//7219 7313//7219 7311//7219 7293//7219
f 7313//7220 7314//7220 7312//7220 7311//7220
f 7296//7221 7314//7221 7313//7221 7295//7221
f 7297//7222 7315//7222 7314//7222 7296//7222
f 7299//7223 7317//7223 7315//7223 7297//7223
f 7317//7224 7318//7224 7316//7224 7315//7224
f 7300//7225 7318//7225 7317//7225 7299//7225
f 7301//7226 7319//7226 7318//7226 7300//7226
f 7302//7227 7320//7227 7319//7227 7301//7227
f 7304//7228 7321//7228 7320//7228 7302//7228
f 7305//7229 7322//7229 7204//7229 7201//7229
f 7322//7230 7323//7230 7205//7230 7204//7230
f 7306//7231 7323//7231 7322//7231 7305//7231
f 7308//7232 7325//7232 7323//7232 7306//7232
f 7325//7233 7326//7233 7324//7233 7323//7233
f 7309//7234 7326//7234 7325//7234 7308//7234
f 7311//7235 7328//7235 7326//7235 7309//7235
f 7328//7236 7329//7236 7327//7236 7326//7236
f 7312//7237 7329//7237 7328//7237 7311//7237
f 7314//7238 7332//7238 7329//7238 7312//7238
f 7332//7239 7333//7239 7330//7239 7329//7239
f 7315//7240 7333//7240 7332//7240 7314//7240
f 7333//7241 7334//7241 7331//7241 7330//7241
f 7316//7242 7334//7242 7333//7242 7315//7242
f 7318//7243 7337//7243 7334//7243 7316//7243
f 7337//7244 7338//7244 7335//7244 7334//7244
f 7319//7245 7338//7245 7337//7245 7318//7245
f 7338//7246 7339//7246 7336//7246 7335//7246
f 7320//7247 7339//7247 7338//7247 7319//7247
f 7323//7248 7340//7248 7213//7248 7205//7248
f 7340//7249 7341//7249 7214//7249 7213//7249
f 7324//7250 7341//7250 7340//7250 7323//7250
f 7326//7251 7343//7251 7341//7251 7324//7251
f 7343//7252 7344//7252 7342//7252 7341//7252
f 7327//7253 7344//7253 7343//7253 7326//7253
f 7329//7254 7346//7254 7344//7254 7327//7254
f 7346//7255 7347//7255 7345//7255 7344//7255
f 7330//7256 7347//7256 7346//7256 7329//7256
f 7331//7257 7348//7257 7347//7257 7330//7257
f 7334//7258 7350//7258 7348//7258 7331//7258
f 7350//7259 7351//7259 7349//7259 7348//7259
f 7335//7260 7351//7260 7350//7260 7334//7260
f 7336//7261 7352//7261 7351//7261 7335//7261
f 7339//7262 7353//7262 7352//7262 7336//7262
f 7341//7263 7354//7263 7228//7263 7214//7263
f 7354//7264 7355//7264 7229//7264 7228//7264
f 7342//7265 7355//7265 7354//7265 7341//7265
f 7344//7266 7357//7266 7355//7266 7342//7266
f 7357//7267 7358//7267 7356//7267 7355//7267
f 7345//7268 7358//7268 7357//7268 7344//7268
f 7347//7269 7361//7269 7358//7269 7345//7269
f 7361//7270 7362//7270 7359//7270 7358//7270
f 7348//7271 7362//7271 7361//7271 7347//7271
f 7362//7272 7363//7272 7360//7272 7359//7272
f 7349//7273 7363//7273 7362//7273 7348//7273
f 7351//7274 7365//7274 7363//7274 7349//7274
f 7365//7275 7366//7275 7364//7275 7363//7275
f 7352//7276 7366//7276 7365//7276 7351//7276
f 7092//7277 7367//7277 7258//7277 6977//7277
f 7093//7278 7368//7278 7367//7278 7092//7278
f 7094//7279 7369//7279 7368//7279 7093//7279
f 7095//7280 7370//7280 7369//7280 7094//7280
f 7096//7281 7371//7281 7370//7281 7095//7281
f 7097//7282 7372//7282 7371//7282 7096//7282
f 7098//7283 7373//7283 7372//7283 7097//7283
f 7099//7284 7374//7284 7373//7284 7098//7284
f 7367//7285 7375//7285 7273//7285 7258//7285
f 7368//7286 7376//7286 7375//7286 7367//7286
f 7369//7287 7377//7287 7376//7287 7368//7287
f 7370//7288 7378//7288 7377//7288 7369//7288
f 7371//7289 7379//7289 7378//7289 7370//7289
f 7372//7290 7380//7290 7379//7290 7371//7290
f 7373//7291 7381//7291 7380//7291 7372//7291
f 7374//7292 7382//7292 7381//7292 7373//7292
f 7375//7293 7383//7293 7287//7293 7273//7293
f 7376//7294 7384//7294 7383//7294 7375//7294
f 7377//7295 7385//7295 7384//7295 7376//7295
f 7378//7296 7386//7296 7385//7296 7377//7296
f 7379//7297 7387//7297 7386//7297 7378//7297
f 7380//7298 7388//7298 7387//7298 7379//7298
f 7381//7299 7389//7299 7388//7299 7380//7299
f 7382//7300 7390//7300 7389//7300 7381//7300
f 7383//7301 7391//7301 7304//7301 7287//7301
f 7384//7302 7392//7302 7391//7302 7383//7302
f 7385//7303 7393//7303 7392//7303 7384//7303
f 7386//7304 7394//7304 7393//7304 7385//7304
f 7387//7305 7395//7305 7394//7305 7386//7305
f 7388//7306 7396//7306 7395//7306 7387//7306
f 7389//7307 7397//7307 7396//7307 7388//7307
f 7390//7308 7398//7308 7397//7308 7389//7308
f 7321//7309 7400//7309 7399//7309 7320//7309
f 7391//7310 7400//7310 7321//7310 7304//7310
f 7392//7311 7401//7311 7400//7311 7391//7311
f 7393//7312 7402//7312 7401//7312 7392//7312
f 7394//7313 7403//7313 7402//7313 7393//7313
f 7395//7314 7404//7314 7403//7314 7394//7314
f 7396//7315 7405//7315 7404//7315 7395//7315
f 7397//7316 7406//7316 7405//7316 7396//7316
f 7398//7317 7407//7317 7406//7317 7397//7317
f 7399//7318 7408//7318 7339//7318 7320//7318
f 7400//7319 7411//7319 7408//7319 7399//7319
f 7411//7320 7412//7320 7409//7320 7408//7320
f 7401//7321 7412//7321 7411//7321 7400//7321
f 7412//7322 7413//7322 7410//7322 7409//7322
f 7402//7323 7413//7323 7412//7323 7401//7323
f 7403//7324 7414//7324 7413//7324 7402//7324
f 7404//7325 7415//7325 7414//7325 7403//7325
f 7405//7326 7416//7326 7415//7326 7404//7326
f 7406//7327 7417//7327 7416//7327 7405//7327
f 7407//7328 7418//7328 7417//7328 7406//7328
f 7353//7329 7420//7329 7419//7329 7352//7329
f 7408//7330 7420//7330 7353//7330 7339//7330
f 7409//7331 7421//7331 7420//7331 7408//7331
f 7410//7332 7422//7332 7421//7332 7409//7332
f 7413//7333 7425//7333 7422//7333 7410//7333
f 7425//7334 7426//7334 7423//7334 7422//7334
f 7414//7335 7426//7335 7425//7335 7413//7335
f 7426//7336 7427//7336 7424//7336 7423//7336
f 7415//7337 7427//7337 7426//7337 7414//7337
f 7416//7338 7428//7338 7427//7338 7415//7338
f 7417//7339 7429//7339 7428//7339 7416//7339
f 7418//7340 7430//7340 7429//7340 7417//7340
f 7419//7341 7431//7341 7366//7341 7352//7341
f 7420//7342 7434//7342 7431//7342 7419//7342
f 7434//7343 7435//7343 7432//7343 7431//7343
f 7421//7344 7435//7344 7434//7344 7420//7344
f 7435//7345 7436//7345 7433//7345 7432//7345
f 7422//7346 7436//7346 7435//7346 7421//7346
f 7423//7347 7437//7347 7436//7347 7422//7347
f 7424//7348 7438//7348 7437//7348 7423//7348
f 7427//7349 7442//7349 7438//7349 7424//7349
f 7442//7350 7443//7350 7439//7350 7438//7350
f 7428//7351 7443//7351 7442//7351 7427//7351
f 7443//7352 7444//7352 7440//7352 7439//7352
f 7429//7353 7444//7353 7443//7353 7428//7353
f 7444//7354 7445//7354 7441//7354 7440//7354
f 7430//7355 7445//7355 7444//7355 7429//7355
f 7215//7356 7446//7356 5385//7356 5199//7356
f 7446//7357 7447//7357 5386//7357 5385//7357
f 7216//7358 7448//7358 7446//7358 7215//7358
f 7448//7359 7449//7359 7447//7359 7446//7359
f 7217//7360 7450//7360 7448//7360 7216//7360
f 7450//7361 7451//7361 7449//7361 7448//7361
f 7218//7362 7452//7362 7450//7362 7217//7362
f 7452//7363 7453//7363 7451//7363 7450//7363
f 7219//7364 7453//7364 7452//7364 7218//7364
f 7221//7365 7455//7365 7453//7365 7219//7365
f 7455//7366 7456//7366 7454//7366 7453//7366
f 7223//7367 7457//7367 7455//7367 7221//7367
f 7457//7368 7458//7368 7456//7368 7455//7368
f 7224//7369 7458//7369 7457//7369 7223//7369
f 7226//7370 7460//7370 7458//7370 7224//7370
f 7460//7371 7461//7371 7459//7371 7458//7371
f 7228//7372 7463//7372 7460//7372 7226//7372
f 7463//7373 7464//7373 7461//7373 7460//7373
f 7229//7374 7464//7374 7463//7374 7228//7374
f 7464//7375 7465//7375 7462//7375 7461//7375
f 7447//7376 7467//7376 5406//7376 5386//7376
f 7467//7377 7468//7377 5407//7377 5406//7377
f 7449//7378 7469//7378 7467//7378 7447//7378
f 7469//7379 7470//7379 7468//7379 7467//7379
f 7451//7380 7471//7380 7469//7380 7449//7380
f 7471//7381 7472//7381 7470//7381 7469//7381
f 7453//7382 7474//7382 7471//7382 7451//7382
f 7474//7383 7475//7383 7472//7383 7471//7383
f 7454//7384 7475//7384 7474//7384 7453//7384
f 7475//7385 7476//7385 7473//7385 7472//7385
f 7456//7386 7477//7386 7475//7386 7454//7386
f 7477//7387 7478//7387 7476//7387 7475//7387
f 7458//7388 7480//7388 7477//7388 7456//7388
f 7480//7389 7481//7389 7478//7389 7477//7389
f 7459//7390 7481//7390 7480//7390 7458//7390
f 7481//7391 7482//7391 7479//7391 7478//7391
f 7461//7392 7483//7392 7481//7392 7459//7392
f 7483//7393 7484//7393 7482//7393 7481//7393
f 7462//7394 7484//7394 7483//7394 7461//7394
f 7465//7395 7486//7395 7484//7395 7462//7395
f 7486//7396 7487//7396 7485//7396 7484//7396
f 7466//7397 7487//7397 7486//7397 7465//7397
f 7468//7398 7489//7398 5429//7398 5407//7398
f 7489//7399 7490//7399 5430//7399 5429//7399
f 7490//7400 7491//7400 5431//7400 5430//7400
f 7470//7401 7492//7401 7489//7401 7468//7401
f 7492//7402 7493//7402 7490//7402 7489//7402
f 7493//7403 7494//7403 7491//7403 7490//7403
f 7472//7404 7495//7404 7492//7404 7470//7404
f 7495//7405 7496//7405 7493//7405 7492//7405
f 7473//7406 7496//7406 7495//7406 7472//7406
f 7496//7407 7497//7407 7494//7407 7493//7407
f 7476//7408 7498//7408 7496//7408 7473//7408
f 7498//7409 7499//7409 7497//7409 7496//7409
f 7478//7410 7501//7410 7498//7410 7476//7410
f 7501//7411 7502//7411 7499//7411 7498//7411
f 7479//7412 7502//7412 7501//7412 7478//7412
f 7502//7413 7503//7413 7500//7413 7499//7413
f 7482//7414 7505//7414 7502//7414 7479//7414
f 7505//7415 7506//7415 7503//7415 7502//7415
f 7506//7416 7507//7416 7504//7416 7503//7416
f 7484//7417 7508//7417 7505//7417 7482//7417
f 7508//7418 7509//7418 7506//7418 7505//7418
f 7485//7419 7509//7419 7508//7419 7484//7419
f 7509//7420 7510//7420 7507//7420 7506//7420
f 7487//7421 7512//7421 7509//7421 7485//7421
f 7512//7422 7513//7422 7510//7422 7509//7422
f 7488//7423 7513//7423 7512//7423 7487//7423
f 7513//7424 7514//7424 7511//7424 7510//7424
f 7491//7425 7515//7425 5453//7425 5431//7425
f 7515//7426 7516//7426 5454//7426 5453//7426
f 7516//7427 7517//7427 5455//7427 5454//7427
f 7494//7428 7518//7428 7515//7428 7491//7428
f 7518//7429 7519//7429 7516//7429 7515//7429
f 7519//7430 7520//7430 7517//7430 7516//7430
f 7497//7431 7521//7431 7518//7431 7494//7431
f 7521//7432 7522//7432 7519//7432 7518//7432
f 7522//7433 7523//7433 7520//7433 7519//7433
f 7499//7434 7525//7434 7521//7434 7497//7434
f 7525//7435 7526//7435 7522//7435 7521//7435
f 7500//7436 7526//7436 7525//7436 7499//7436
f 7526//7437 7527//7437 7523//7437 7522//7437
f 7527//7438 7528//7438 7524//7438 7523//7438
f 7503//7439 7529//7439 7526//7439 7500//7439
f 7529//7440 7530//7440 7527//7440 7526//7440
f 7504//7441 7530//7441 7529//7441 7503//7441
f 7530//7442 7531//7442 7528//7442 7527//7442
f 7507//7443 7532//7443 7530//7443 7504//7443
f 7532//7444 7533//7444 7531//7444 7530//7444
f 7510//7445 7534//7445 7532//7445 7507//7445
f 7534//7446 7535//7446 7533//7446 7532//7446
f 7511//7447 7535//7447 7534//7447 7510//7447
f 7514//7448 7536//7448 7535//7448 7511//7448
f 7517//7449 7537//7449 5466//7449 5455//7449
f 7537//7450 7538//7450 5467//7450 5466//7450
f 7520//7451 7539//7451 7537//7451 7517//7451
f 7539//7452 7540//7452 7538//7452 7537//7452
f 7523//7453 7541//7453 7539//7453 7520//7453
f 7541//7454 7542//7454 7540//7454 7539//7454
f 7524//7455 7542//7455 7541//7455 7523//7455
f 7528//7456 7543//7456 7542//7456 7524//7456
f 7531//7457 7544//7457 7543//7457 7528//7457
f 7533//7458 7547//7458 7546//7458 7531//7458
f 7535//7459 7549//7459 7547//7459 7533//7459
f 7549//7460 7550//7460 7548//7460 7547//7460
f 7536//7461 7552//7461 7549//7461 7535//7461
f 7545//7462 7552//7462 7536//7462 7514//7462
f 7552//7463 7553//7463 7550//7463 7549//7463
f 7553//7464 7554//7464 7551//7464 7550//7464
f 7538//7465 7557//7465 5498//7465 5467//7465
f 7557//7466 7558//7466 5499//7466 5498//7466
f 7540//7467 7559//7467 7557//7467 7538//7467
f 7559//7468 7560//7468 7558//7468 7557//7468
f 7542//7469 7561//7469 7559//7469 7540//7469
f 7561//7470 7562//7470 7560//7470 7559//7470
f 7543//7471 7564//7471 7561//7471 7542//7471
f 7564//7472 7565//7472 7562//7472 7561//7472
f 7565//7473 7566//7473 7563//7473 7562//7473
f 7544//7474 7567//7474 7564//7474 7543//7474
f 7546//7475 7567//7475 7544//7475 7531//7475
f 7567//7476 7568//7476 7565//7476 7564//7476
f 7568//7477 7569//7477 7566//7477 7565//7477
f 7547//7478 7572//7478 7567//7478 7546//7478
f 7572//7479 7573//7479 7568//7479 7567//7479
f 7548//7480 7573//7480 7572//7480 7547//7480
f 7573//7481 7574//7481 7569//7481 7568//7481
f 7574//7482 7575//7482 7570//7482 7569//7482
f 7575//7483 7576//7483 7571//7483 7570//7483
f 7550//7484 7580//7484 7573//7484 7548//7484
f 7580//7485 7581//7485 7574//7485 7573//7485
f 7551//7486 7581//7486 7580//7486 7550//7486
f 7581//7487 7582//7487 7575//7487 7574//7487
f 7582//7488 7583//7488 7576//7488 7575//7488
f 7583//7489 7584//7489 7577//7489 7576//7489
f 7584//7490 7585//7490 7578//7490 7577//7490
f 7585//7491 7586//7491 7579//7491 7578//7491
f 7554//7492 7587//7492 7581//7492 7551//7492
f 7587//7493 7588//7493 7582//7493 7581//7493
f 7555//7494 7588//7494 7587//7494 7554//7494
f 7588//7495 7589//7495 7583//7495 7582//7495
f 7556//7496 7589//7496 7588//7496 7555//7496
f 7589//7497 7590//7497 7584//7497 7583//7497
f 7590//7498 7591//7498 7585//7498 7584//7498
f 7591//7499 7592//7499 7586//7499 7585//7499
f 7558//7500 7593//7500 5542//7500 5499//7500
f 7593//7501 7594//7501 5543//7501 5542//7501
f 7594//7502 7595//7502 5544//7502 5543//7502
f 7595//7503 7596//7503 5545//7503 5544//7503
f 7596//7504 7597//7504 5546//7504 5545//7504
f 7597//7505 7598//7505 5547//7505 5546//7505
f 7598//7506 7599//7506 5548//7506 5547//7506
f 7560//7507 7600//7507 7593//7507 7558//7507
f 7600//7508 7601//7508 7594//7508 7593//7508
f 7601//7509 7602//7509 7595//7509 7594//7509
f 7602//7510 7603//7510 7596//7510 7595//7510
f 7603//7511 7604//7511 7597//7511 7596//7511
f 7604//7512 7605//7512 7598//7512 7597//7512
f 7605//7513 7606//7513 7599//7513 7598//7513
f 7562//7514 7607//7514 7600//7514 7560//7514
f 7607//7515 7608//7515 7601//7515 7600//7515
f 7563//7516 7608//7516 7607//7516 7562//7516
f 7608//7517 7609//7517 7602//7517 7601//7517
f 7609//7518 7610//7518 7603//7518 7602//7518
f 7610//7519 7611//7519 7604//7519 7603//7519
f 7611//7520 7612//7520 7605//7520 7604//7520
f 7612//7521 7613//7521 7606//7521 7605//7521
f 7566//7522 7614//7522 7608//7522 7563//7522
f 7614//7523 7615//7523 7609//7523 7608//7523
f 7615//7524 7616//7524 7610//7524 7609//7524
f 7616//7525 7617//7525 7611//7525 7610//7525
f 7617//7526 7618//7526 7612//7526 7611//7526
f 7618//7527 7619//7527 7613//7527 7612//7527
f 7569//7528 7620//7528 7614//7528 7566//7528
f 7620//7529 7621//7529 7615//7529 7614//7529
f 7570//7530 7621//7530 7620//7530 7569//7530
f 7621//7531 7622//7531 7616//7531 7615//7531
f 7571//7532 7622//7532 7621//7532 7570//7532
f 7622//7533 7623//7533 7617//7533 7616//7533
f 7623//7534 7624//7534 7618//7534 7617//7534
f 7624//7535 7625//7535 7619//7535 7618//7535
f 7576//7536 7626//7536 7622//7536 7571//7536
f 7626//7537 7627//7537 7623//7537 7622//7537
f 7577//7538 7627//7538 7626//7538 7576//7538
f 7627//7539 7628//7539 7624//7539 7623//7539
f 7578//7540 7628//7540 7627//7540 7577//7540
f 7628//7541 7629//7541 7625//7541 7624//7541
f 7579//7542 7629//7542 7628//7542 7578//7542
f 7355//7543 7630//7543 7464//7543 7229//7543
f 7630//7544 7631//7544 7465//7544 7464//7544
f 7356//7545 7631//7545 7630//7545 7355//7545
f 7631//7546 7632//7546 7466//7546 7465//7546
f 7358//7547 7634//7547 7631//7547 7356//7547
f 7634//7548 7635//7548 7632//7548 7631//7548
f 7359//7549 7635//7549 7634//7549 7358//7549
f 7635//7550 7636//7550 7633//7550 7632//7550
f 7360//7551 7636//7551 7635//7551 7359//7551
f 7363//7552 7638//7552 7636//7552 7360//7552
f 7638//7553 7639//7553 7637//7553 7636//7553
f 7364//7554 7639//7554 7638//7554 7363//7554
f 7366//7555 7640//7555 7639//7555 7364//7555
f 7632//7556 7641//7556 7487//7556 7466//7556
f 7641//7557 7642//7557 7488//7557 7487//7557
f 7633//7558 7642//7558 7641//7558 7632//7558
f 7636//7559 7644//7559 7642//7559 7633//7559
f 7644//7560 7645//7560 7643//7560 7642//7560
f 7637//7561 7645//7561 7644//7561 7636//7561
f 7639//7562 7646//7562 7645//7562 7637//7562
f 7642//7563 7647//7563 7513//7563 7488//7563
f 7647//7564 7648//7564 7514//7564 7513//7564
f 7643//7565 7648//7565 7647//7565 7642//7565
f 7640//7566 7651//7566 7649//7566 7639//7566
f 7431//7567 7651//7567 7640//7567 7366//7567
f 7651//7568 7652//7568 7650//7568 7649//7568
f 7432//7569 7652//7569 7651//7569 7431//7569
f 7433//7570 7653//7570 7652//7570 7432//7570
f 7436//7571 7658//7571 7653//7571 7433//7571
f 7658//7572 7659//7572 7654//7572 7653//7572
f 7437//7573 7659//7573 7658//7573 7436//7573
f 7659//7574 7660//7574 7655//7574 7654//7574
f 7438//7575 7660//7575 7659//7575 7437//7575
f 7660//7576 7661//7576 7656//7576 7655//7576
f 7439//7577 7661//7577 7660//7577 7438//7577
f 7661//7578 7662//7578 7657//7578 7656//7578
f 7440//7579 7662//7579 7661//7579 7439//7579
f 7441//7580 7663//7580 7662//7580 7440//7580
f 7645//7581 7665//7581 7664//7581 7643//7581
f 7646//7582 7667//7582 7665//7582 7645//7582
f 7649//7583 7667//7583 7646//7583 7639//7583
f 7667//7584 7668//7584 7666//7584 7665//7584
f 7650//7585 7668//7585 7667//7585 7649//7585
f 7652//7586 7673//7586 7668//7586 7650//7586
f 7673//7587 7674//7587 7669//7587 7668//7587
f 7653//7588 7674//7588 7673//7588 7652//7588
f 7674//7589 7675//7589 7670//7589 7669//7589
f 7654//7590 7675//7590 7674//7590 7653//7590
f 7675//7591 7676//7591 7671//7591 7670//7591
f 7655//7592 7676//7592 7675//7592 7654//7592
f 7676//7593 7677//7593 7672//7593 7671//7593
f 7656//7594 7677//7594 7676//7594 7655//7594
f 7657//7595 7678//7595 7677//7595 7656//7595
f 7662//7596 7680//7596 7678//7596 7657//7596
f 7680//7597 7681//7597 7679//7597 7678//7597
f 7663//7598 7681//7598 7680//7598 7662//7598
f 7648//7599 7682//7599 7545//7599 7514//7599
f 7664//7600 7682//7600 7648//7600 7643//7600
f 7665//7601 7685//7601 7682//7601 7664//7601
f 7685//7602 7686//7602 7683//7602 7682//7602
f 7666//7603 7686//7603 7685//7603 7665//7603
f 7686//7604 7687//7604 7684//7604 7683//7604
f 7668//7605 7693//7605 7686//7605 7666//7605
f 7693//7606 7694//7606 7687//7606 7686//7606
f 7669//7607 7694//7607 7693//7607 7668//7607
f 7694//7608 7695//7608 7688//7608 7687//7608
f 7670//7609 7695//7609 7694//7609 7669//7609
f 7695//7610 7696//7610 7689//7610 7688//7610
f 7671//7611 7696//7611 7695//7611 7670//7611
f 7696//7612 7697//7612 7690//7612 7689//7612
f 7672//7613 7697//7613 7696//7613 7671//7613
f 7697//7614 7698//7614 7691//7614 7690//7614
f 7698//7615 7699//7615 7692//7615 7691//7615
f 7677//7616 7700//7616 7697//7616 7672//7616
f 7700//7617 7701//7617 7698//7617 7697//7617
f 7678//7618 7701//7618 7700//7618 7677//7618
f 7701//7619 7702//7619 7699//7619 7698//7619
f 7679//7620 7702//7620 7701//7620 7678//7620
f 7682//7621 7703//7621 7552//7621 7545//7621
f 7703//7622 7704//7622 7553//7622 7552//7622
f 7683//7623 7704//7623 7703//7623 7682//7623
f 7704//7624 7705//7624 7554//7624 7553//7624
f 7684//7625 7705//7625 7704//7625 7683//7625
f 7705//7626 7706//7626 7555//7626 7554//7626
f 7706//7627 7707//7627 7556//7627 7555//7627
f 7687//7628 7711//7628 7705//7628 7684//7628
f 7711//7629 7712//7629 7706//7629 7705//7629
f 7688//7630 7712//7630 7711//7630 7687//7630
f 7712//7631 7713//7631 7707//7631 7706//7631
f 7689//7632 7713//7632 7712//7632 7688//7632
f 7713//7633 7714//7633 7708//7633 7707//7633
f 7690//7634 7714//7634 7713//7634 7689//7634
f 7714//7635 7715//7635 7709//7635 7708//7635
f 7691//7636 7715//7636 7714//7636 7690//7636
f 7715//7637 7716//7637 7710//7637 7709//7637
f 7692//7638 7716//7638 7715//7638 7691//7638
f 7707//7639 7717//7639 7589//7639 7556//7639
f 7717//7640 7718//7640 7590//7640 7589//7640
f 7708//7641 7718//7641 7717//7641 7707//7641
f 7718//7642 7719//7642 7591//7642 7590//7642
f 7709//7643 7719//7643 7718//7643 7708//7643
f 7719//7644 7720//7644 7592//7644 7591//7644
f 7710//7645 7720//7645 7719//7645 7709//7645
f 7721//7646 4059//7646 2392//7646 5854//7646
f 7722//7647 4060//7647 4059//7647 7721//7647
f 7723//7648 4061//7648 4060//7648 7722//7648
f 7724//7649 4062//7649 4061//7649 7723//7649
f 7725//7650 4063//7650 4062//7650 7724//7650
f 7726//7651 4064//7651 4063//7651 7725//7651
f 4066//7652 7728//7652 7727//7652 4065//7652
f 7728//7653 4066//7653 4064//7653 7726//7653
f 7729//7654 4067//7654 4065//7654 7727//7654
f 7730//7655 7721//7655 5854//7655 5864//7655
f 7731//7656 7722//7656 7721//7656 7730//7656
f 7732//7657 7723//7657 7722//7657 7731//7657
f 7733//7658 7724//7658 7723//7658 7732//7658
f 7734//7659 7725//7659 7724//7659 7733//7659
f 7735//7660 7726//7660 7725//7660 7734//7660
f 7728//7661 7737//7661 7736//7661 7727//7661
f 7737//7662 7728//7662 7726//7662 7735//7662
f 7738//7663 7729//7663 7727//7663 7736//7663
f 7739//7664 7730//7664 5864//7664 5873//7664
f 7740//7665 7731//7665 7730//7665 7739//7665
f 7741//7666 7732//7666 7731//7666 7740//7666
f 7742//7667 7733//7667 7732//7667 7741//7667
f 7743//7668 7734//7668 7733//7668 7742//7668
f 7745//7669 7735//7669 7734//7669 7743//7669
f 7746//7670 7747//7670 7745//7670 7744//7670
f 7737//7671 7747//7671 7746//7671 7736//7671
f 7747//7672 7737//7672 7735//7672 7745//7672
f 7748//7673 7738//7673 7736//7673 7746//7673
f 7749//7674 7739//7674 5873//7674 5883//7674
f 7750//7675 7740//7675 7739//7675 7749//7675
f 7751//7676 7741//7676 7740//7676 7750//7676
f 7752//7677 7742//7677 7741//7677 7751//7677
f 7753//7678 7743//7678 7742//7678 7752//7678
f 7745//7679 7755//7679 7754//7679 7744//7679
f 7755//7680 7745//7680 7743//7680 7753//7680
f 7756//7681 7746//7681 7744//7681 7754//7681
f 7757//7682 7748//7682 7746//7682 7756//7682
f 7758//7683 7749//7683 5883//7683 5894//7683
f 7759//7684 7750//7684 7749//7684 7758//7684
f 7760//7685 7751//7685 7750//7685 7759//7685
f 7761//7686 7752//7686 7751//7686 7760//7686
f 7763//7687 7753//7687 7752//7687 7761//7687
f 7764//7688 7765//7688 7763//7688 7762//7688
f 7755//7689 7765//7689 7764//7689 7754//7689
f 7765//7690 7755//7690 7753//7690 7763//7690
f 7766//7691 7756//7691 7754//7691 7764//7691
f 7768//7692 7757//7692 7756//7692 7766//7692
f 7769//7693 7770//7693 5907//7693 5906//7693
f 7770//7694 7758//7694 5894//7694 5907//7694
f 7771//7695 7772//7695 7770//7695 7769//7695
f 7772//7696 7759//7696 7758//7696 7770//7696
f 7773//7697 7774//7697 7772//7697 7771//7697
f 7774//7698 7760//7698 7759//7698 7772//7698
f 7775//7699 7776//7699 7774//7699 7773//7699
f 7776//7700 7761//7700 7760//7700 7774//7700
f 7777//7701 7778//7701 7776//7701 7775//7701
f 7763//7702 7778//7702 7777//7702 7762//7702
f 7778//7703 7763//7703 7761//7703 7776//7703
f 7779//7704 7764//7704 7762//7704 7777//7704
f 7780//7705 7766//7705 7764//7705 7779//7705
f 7768//7706 7782//7706 7781//7706 7767//7706
f 7782//7707 7768//7707 7766//7707 7780//7707
f 7783//7708 7769//7708 5906//7708 5917//7708
f 7784//7709 7771//7709 7769//7709 7783//7709
f 7785//7710 7773//7710 7771//7710 7784//7710
f 7786//7711 7775//7711 7773//7711 7785//7711
f 7787//7712 7777//7712 7775//7712 7786//7712
f 7788//7713 7779//7713 7777//7713 7787//7713
f 7790//7714 7780//7714 7779//7714 7788//7714
f 7791//7715 7792//7715 7790//7715 7789//7715
f 7782//7716 7792//7716 7791//7716 7781//7716
f 7792//7717 7782//7717 7780//7717 7790//7717
f 7793//7718 7783//7718 5917//7718 5928//7718
f 7794//7719 7784//7719 7783//7719 7793//7719
f 7795//7720 7785//7720 7784//7720 7794//7720
f 7796//7721 7786//7721 7785//7721 7795//7721
f 7798//7722 7787//7722 7786//7722 7796//7722
f 7799//7723 7800//7723 7798//7723 7797//7723
f 7800//7724 7788//7724 7787//7724 7798//7724
f 7801//7725 7802//7725 7800//7725 7799//7725
f 7790//7726 7802//7726 7801//7726 7789//7726
f 7802//7727 7790//7727 7788//7727 7800//7727
f 7804//7728 7791//7728 7789//7728 7801//7728
f 4173//7729 7807//7729 7806//7729 4171//7729
f 7808//7730 7809//7730 7806//7730 7805//7730
f 4177//7731 7809//7731 7808//7731 4176//7731
f 7809//7732 4177//7732 4171//7732 7806//7732
f 4179//7733 7810//7733 7807//7733 4173//7733
f 4180//7734 7811//7734 7810//7734 4179//7734
f 6986//7735 7812//7735 7808//7735 6983//7735
f 7812//7736 4181//7736 4176//7736 7808//7736
f 4183//7737 7813//7737 7811//7737 4180//7737
f 4184//7738 7814//7738 7813//7738 4183//7738
f 6989//7739 7815//7739 7812//7739 6986//7739
f 7815//7740 4185//7740 4181//7740 7812//7740
f 4186//7741 7816//7741 7814//7741 4184//7741
f 4187//7742 7817//7742 7816//7742 4186//7742
f 6993//7743 7818//7743 7815//7743 6989//7743
f 7818//7744 4188//7744 4185//7744 7815//7744
f 4189//7745 7819//7745 7817//7745 4187//7745
f 4190//7746 7820//7746 7819//7746 4189//7746
f 4191//7747 7821//7747 7820//7747 4190//7747
f 6995//7748 7822//7748 7818//7748 6993//7748
f 7822//7749 4192//7749 4188//7749 7818//7749
f 4193//7750 7823//7750 7821//7750 4191//7750
f 7824//7751 4194//7751 4192//7751 7822//7751
f 4195//7752 7825//7752 6997//7752 3361//7752
f 7825//7753 4195//7753 4194//7753 7824//7753
f 7806//7754 7828//7754 7827//7754 7805//7754
f 7807//7755 7829//7755 7828//7755 7806//7755
f 7004//7756 7830//7756 7827//7756 7000//7756
f 7808//7757 7830//7757 7004//7757 6983//7757
f 7830//7758 7808//7758 7805//7758 7827//7758
f 7832//7759 7831//7759 7828//7759 7829//7759
f 7810//7760 7832//7760 7829//7760 7807//7760
f 7811//7761 7833//7761 7832//7761 7810//7761
f 7835//7762 7834//7762 7832//7762 7833//7762
f 7813//7763 7835//7763 7833//7763 7811//7763
f 7814//7764 7836//7764 7835//7764 7813//7764
f 7838//7765 7837//7765 7835//7765 7836//7765
f 7816//7766 7838//7766 7836//7766 7814//7766
f 7817//7767 7839//7767 7838//7767 7816//7767
f 7819//7768 7840//7768 7839//7768 7817//7768
f 7820//7769 7841//7769 7840//7769 7819//7769
f 7821//7770 7842//7770 7841//7770 7820//7770
f 7843//7771 7822//7771 6995//7771 7015//7771
f 7823//7772 7844//7772 7842//7772 7821//7772
f 7016//7773 7845//7773 7843//7773 7015//7773
f 7845//7774 7824//7774 7822//7774 7843//7774
f 7017//7775 7846//7775 7845//7775 7016//7775
f 7846//7776 7825//7776 7824//7776 7845//7776
f 7847//7777 7826//7777 7825//7777 7846//7777
f 7827//7778 7848//7778 7018//7778 7000//7778
f 7828//7779 7849//7779 7848//7779 7827//7779
f 7850//7780 7021//7780 7018//7780 7848//7780
f 7851//7781 7850//7781 7848//7781 7849//7781
f 7831//7782 7851//7782 7849//7782 7828//7782
f 7832//7783 7852//7783 7851//7783 7831//7783
f 7854//7784 7853//7784 7851//7784 7852//7784
f 7834//7785 7854//7785 7852//7785 7832//7785
f 7835//7786 7855//7786 7854//7786 7834//7786
f 7837//7787 7856//7787 7855//7787 7835//7787
f 7838//7788 7857//7788 7856//7788 7837//7788
f 7839//7789 7858//7789 7857//7789 7838//7789
f 7860//7790 7859//7790 7857//7790 7858//7790
f 7840//7791 7860//7791 7858//7791 7839//7791
f 7841//7792 7861//7792 7860//7792 7840//7792
f 7842//7793 7862//7793 7861//7793 7841//7793
f 7864//7794 7863//7794 7861//7794 7862//7794
f 7844//7795 7864//7795 7862//7795 7842//7795
f 7850//7796 7865//7796 7035//7796 7021//7796
f 7851//7797 7866//7797 7865//7797 7850//7797
f 7867//7798 7039//7798 7035//7798 7865//7798
f 7868//7799 7867//7799 7865//7799 7866//7799
f 7853//7800 7868//7800 7866//7800 7851//7800
f 7854//7801 7869//7801 7868//7801 7853//7801
f 7855//7802 7870//7802 7869//7802 7854//7802
f 7872//7803 7871//7803 7869//7803 7870//7803
f 7856//7804 7872//7804 7870//7804 7855//7804
f 7857//7805 7873//7805 7872//7805 7856//7805
f 7859//7806 7874//7806 7873//7806 7857//7806
f 7860//7807 7875//7807 7874//7807 7859//7807
f 7861//7808 7876//7808 7875//7808 7860//7808
f 7863//7809 7877//7809 7876//7809 7861//7809
f 7864//7810 7878//7810 7877//7810 7863//7810
f 7867//7811 7879//7811 7050//7811 7039//7811
f 7868//7812 7880//7812 7879//7812 7867//7812
f 7869//7813 7881//7813 7880//7813 7868//7813
f 7882//7814 7055//7814 7050//7814 7879//7814
f 7883//7815 7882//7815 7879//7815 7880//7815
f 7884//7816 7883//7816 7880//7816 7881//7816
f 7871//7817 7884//7817 7881//7817 7869//7817
f 7872//7818 7885//7818 7884//7818 7871//7818
f 7873//7819 7886//7819 7885//7819 7872//7819
f 7888//7820 7887//7820 7885//7820 7886//7820
f 7874//7821 7888//7821 7886//7821 7873//7821
f 7875//7822 7889//7822 7888//7822 7874//7822
f 7876//7823 7890//7823 7889//7823 7875//7823
f 7892//7824 7891//7824 7889//7824 7890//7824
f 7877//7825 7892//7825 7890//7825 7876//7825
f 7878//7826 7893//7826 7892//7826 7877//7826
f 7882//7827 7894//7827 7066//7827 7055//7827
f 7883//7828 7895//7828 7894//7828 7882//7828
f 7884//7829 7896//7829 7895//7829 7883//7829
f 7885//7830 7897//7830 7896//7830 7884//7830
f 7899//7831 7898//7831 7894//7831 7895//7831
f 7900//7832 7899//7832 7895//7832 7896//7832
f 7901//7833 7900//7833 7896//7833 7897//7833
f 7887//7834 7901//7834 7897//7834 7885//7834
f 7888//7835 7902//7835 7901//7835 7887//7835
f 7889//7836 7903//7836 7902//7836 7888//7836
f 7905//7837 7904//7837 7902//7837 7903//7837
f 7891//7838 7905//7838 7903//7838 7889//7838
f 7892//7839 7906//7839 7905//7839 7891//7839
f 7893//7840 7907//7840 7906//7840 7892//7840
f 7894//7841 7908//7841 7077//7841 7066//7841
f 7909//7842 7082//7842 7077//7842 7908//7842
f 7898//7843 7909//7843 7908//7843 7894//7843
f 7899//7844 7910//7844 7909//7844 7898//7844
f 7900//7845 7911//7845 7910//7845 7899//7845
f 7901//7846 7912//7846 7911//7846 7900//7846
f 7902//7847 7913//7847 7912//7847 7901//7847
f 7915//7848 7914//7848 7912//7848 7913//7848
f 7904//7849 7915//7849 7913//7849 7902//7849
f 7905//7850 7916//7850 7915//7850 7904//7850
f 7906//7851 7917//7851 7916//7851 7905//7851
f 7907//7852 7918//7852 7917//7852 7906//7852
f 7909//7853 7919//7853 7091//7853 7082//7853
f 7910//7854 7920//7854 7919//7854 7909//7854
f 7911//7855 7921//7855 7920//7855 7910//7855
f 7912//7856 7922//7856 7921//7856 7911//7856
f 7923//7857 7099//7857 7091//7857 7919//7857
f 7924//7858 7923//7858 7919//7858 7920//7858
f 7925//7859 7924//7859 7920//7859 7921//7859
f 7926//7860 7925//7860 7921//7860 7922//7860
f 7914//7861 7926//7861 7922//7861 7912//7861
f 7915//7862 7927//7862 7926//7862 7914//7862
f 7916//7863 7928//7863 7927//7863 7915//7863
f 7917//7864 7929//7864 7928//7864 7916//7864
f 7918//7865 7930//7865 7929//7865 7917//7865
f 4266//7866 7932//7866 7823//7866 4193//7866
f 4267//7867 7933//7867 7932//7867 4266//7867
f 4268//7868 7934//7868 7933//7868 4267//7868
f 4269//7869 7935//7869 7934//7869 4268//7869
f 4270//7870 7936//7870 7935//7870 4269//7870
f 4271//7871 7937//7871 7936//7871 4270//7871
f 4272//7872 7938//7872 7937//7872 4271//7872
f 4273//7873 7939//7873 7938//7873 4272//7873
f 7939//7874 4273//7874 4265//7874 7931//7874
f 7932//7875 7941//7875 7844//7875 7823//7875
f 7933//7876 7942//7876 7941//7876 7932//7876
f 7934//7877 7943//7877 7942//7877 7933//7877
f 7935//7878 7944//7878 7943//7878 7934//7878
f 7936//7879 7945//7879 7944//7879 7935//7879
f 7937//7880 7946//7880 7945//7880 7936//7880
f 7938//7881 7947//7881 7946//7881 7937//7881
f 7939//7882 7948//7882 7947//7882 7938//7882
f 7948//7883 7939//7883 7931//7883 7940//7883
f 7941//7884 7950//7884 7864//7884 7844//7884
f 7942//7885 7951//7885 7950//7885 7941//7885
f 7943//7886 7952//7886 7951//7886 7942//7886
f 7944//7887 7953//7887 7952//7887 7943//7887
f 7945//7888 7954//7888 7953//7888 7944//7888
f 7946//7889 7955//7889 7954//7889 7945//7889
f 7947//7890 7956//7890 7955//7890 7946//7890
f 7948//7891 7957//7891 7956//7891 7947//7891
f 7957//7892 7948//7892 7940//7892 7949//7892
f 7950//7893 7959//7893 7878//7893 7864//7893
f 7951//7894 7960//7894 7959//7894 7950//7894
f 7952//7895 7961//7895 7960//7895 7951//7895
f 7953//7896 7962//7896 7961//7896 7952//7896
f 7954//7897 7963//7897 7962//7897 7953//7897
f 7955//7898 7964//7898 7963//7898 7954//7898
f 7956//7899 7965//7899 7964//7899 7955//7899
f 7957//7900 7966//7900 7965//7900 7956//7900
f 7966//7901 7957//7901 7949//7901 7958//7901
f 7959//7902 7969//7902 7893//7902 7878//7902
f 7960//7903 7970//7903 7969//7903 7959//7903
f 7961//7904 7971//7904 7970//7904 7960//7904
f 7962//7905 7972//7905 7971//7905 7961//7905
f 7963//7906 7973//7906 7972//7906 7962//7906
f 7964//7907 7974//7907 7973//7907 7963//7907
f 7965//7908 7975//7908 7974//7908 7964//7908
f 7975//7909 7976//7909 7968//7909 7967//7909
f 7966//7910 7976//7910 7975//7910 7965//7910
f 7976//7911 7966//7911 7958//7911 7968//7911
f 7968//7912 7978//7912 7977//7912 7967//7912
f 7969//7913 7979//7913 7907//7913 7893//7913
f 7970//7914 7980//7914 7979//7914 7969//7914
f 7971//7915 7981//7915 7980//7915 7970//7915
f 7972//7916 7982//7916 7981//7916 7971//7916
f 7973//7917 7983//7917 7982//7917 7972//7917
f 7974//7918 7984//7918 7983//7918 7973//7918
f 7975//7919 7985//7919 7984//7919 7974//7919
f 7985//7920 7975//7920 7967//7920 7977//7920
f 7978//7921 7988//7921 7987//7921 7977//7921
f 7979//7922 7989//7922 7918//7922 7907//7922
f 7980//7923 7990//7923 7989//7923 7979//7923
f 7981//7924 7991//7924 7990//7924 7980//7924
f 7982//7925 7992//7925 7991//7925 7981//7925
f 7983//7926 7993//7926 7992//7926 7982//7926
f 7984//7927 7994//7927 7993//7927 7983//7927
f 7985//7928 7995//7928 7994//7928 7984//7928
f 7995//7929 7985//7929 7977//7929 7987//7929
f 7988//7930 7999//7930 7998//7930 7987//7930
f 7999//7931 7988//7931 7986//7931 7996//7931
f 7989//7932 8000//7932 7930//7932 7918//7932
f 7990//7933 8001//7933 8000//7933 7989//7933
f 7991//7934 8002//7934 8001//7934 7990//7934
f 7992//7935 8003//7935 8002//7935 7991//7935
f 7993//7936 8004//7936 8003//7936 7992//7936
f 7994//7937 8005//7937 8004//7937 7993//7937
f 8005//7938 8006//7938 7998//7938 7997//7938
f 7995//7939 8006//7939 8005//7939 7994//7939
f 8006//7940 7995//7940 7987//7940 7998//7940
f 4340//7941 8008//7941 8007//7941 4339//7941
f 8008//7942 4340//7942 4067//7942 7729//7942
f 8009//7943 4341//7943 4339//7943 8007//7943
f 4343//7944 8011//7944 8010//7944 4342//7944
f 8011//7945 4343//7945 4341//7945 8009//7945
f 4345//7946 8013//7946 8012//7946 4344//7946
f 8013//7947 4345//7947 4342//7947 8010//7947
f 4346//7948 8014//7948 7931//7948 4265//7948
f 4347//7949 8015//7949 8014//7949 4346//7949
f 8015//7950 4347//7950 4344//7950 8012//7950
f 8008//7951 8017//7951 8016//7951 8007//7951
f 8017//7952 8008//7952 7729//7952 7738//7952
f 8018//7953 8009//7953 8007//7953 8016//7953
f 8011//7954 8020//7954 8019//7954 8010//7954
f 8020//7955 8011//7955 8009//7955 8018//7955
f 8013//7956 8022//7956 8021//7956 8012//7956
f 8022//7957 8013//7957 8010//7957 8019//7957
f 8014//7958 8023//7958 7940//7958 7931//7958
f 8015//7959 8024//7959 8023//7959 8014//7959
f 8024//7960 8015//7960 8012//7960 8021//7960
f 8017//7961 8026//7961 8025//7961 8016//7961
f 8026//7962 8017//7962 7738//7962 7748//7962
f 8028//7963 8018//7963 8016//7963 8025//7963
f 8029//7964 8030//7964 8028//7964 8027//7964
f 8020//7965 8030//7965 8029//7965 8019//7965
f 8030//7966 8020//7966 8018//7966 8028//7966
f 8022//7967 8033//7967 8032//7967 8021//7967
f 8033//7968 8022//7968 8019//7968 8029//7968
f 8023//7969 8034//7969 7949//7969 7940//7969
f 8034//7970 8035//7970 8032//7970 8031//7970
f 8024//7971 8035//7971 8034//7971 8023//7971
f 8035//7972 8024//7972 8021//7972 8032//7972
f 8026//7973 8037//7973 8036//7973 8025//7973
f 8037//7974 8026//7974 7748//7974 7757//7974
f 8028//7975 8039//7975 8038//7975 8027//7975
f 8039//7976 8028//7976 8025//7976 8036//7976
f 8041//7977 8029//7977 8027//7977 8038//7977
f 8032//7978 8043//7978 8042//7978 8031//7978
f 8043//7979 8044//7979 8041//7979 8040//7979
f 8033//7980 8044//7980 8043//7980 8032//7980
f 8044//7981 8033//7981 8029//7981 8041//7981
f 8034//7982 8045//7982 7958//7982 7949//7982
f 8045//7983 8034//7983 8031//7983 8042//7983
f 8046//7984 8047//7984 7768//7984 7767//7984
f 8037//7985 8047//7985 8046//7985 8036//7985
f 8047//7986 8037//7986 7757//7986 7768//7986
f 8039//7987 8049//7987 8048//7987 8038//7987
f 8049//7988 8039//7988 8036//7988 8046//7988
f 8041//7989 8051//7989 8050//7989 8040//7989
f 8051//7990 8041//7990 8038//7990 8048//7990
f 8043//7991 8053//7991 8052//7991 8042//7991
f 8053//7992 8043//7992 8040//7992 8050//7992
f 8045//7993 8054//7993 7968//7993 7958//7993
f 8054//7994 8045//7994 8042//7994 8052//7994
f 8055//7995 8046//7995 7767//7995 7781//7995
f 8049//7996 8057//7996 8056//7996 8048//7996
f 8057//7997 8049//7997 8046//7997 8055//7997
f 8051//7998 8059//7998 8058//7998 8050//7998
f 8059//7999 8051//7999 8048//7999 8056//7999
f 8053//8000 8061//8000 8060//8000 8052//8000
f 8061//8001 8053//8001 8050//8001 8058//8001
f 8054//8002 8062//8002 7978//8002 7968//8002
f 8062//8003 8054//8003 8052//8003 8060//8003
f 8064//8004 8055//8004 7781//8004 7791//8004
f 8066//8005 8067//8005 8064//8005 8063//8005
f 8057//8006 8067//8006 8066//8006 8056//8006
f 8067//8007 8057//8007 8055//8007 8064//8007
f 8068//8008 8069//8008 8066//8008 8065//8008
f 8059//8009 8069//8009 8068//8009 8058//8009
f 8069//8010 8059//8010 8056//8010 8066//8010
f 8061//8011 8071//8011 8070//8011 8060//8011
f 8071//8012 8061//8012 8058//8012 8068//8012
f 7988//8013 8072//8013 8070//8013 7986//8013
f 8062//8014 8072//8014 7988//8014 7978//8014
f 8072//8015 8062//8015 8060//8015 8070//8015
f 8073//8016 8074//8016 7804//8016 7803//8016
f 8064//8017 8074//8017 8073//8017 8063//8017
f 8074//8018 8064//8018 7791//8018 7804//8018
f 8066//8019 8076//8019 8075//8019 8065//8019
f 8076//8020 8066//8020 8063//8020 8073//8020
f 8078//8021 8068//8021 8065//8021 8075//8021
f 8070//8022 8079//8022 7996//8022 7986//8022
f 8079//8023 8080//8023 8078//8023 8077//8023
f 8071//8024 8080//8024 8079//8024 8070//8024
f 8080//8025 8071//8025 8068//8025 8078//8025
f 8081//8026 7100//8026 6997//8026 7825//8026
f 8082//8027 8081//8027 7825//8027 7826//8027
f 8084//8028 8083//8028 8081//8028 8082//8028
f 8087//8029 8086//8029 8083//8029 8084//8029
f 8088//8030 8087//8030 8084//8030 8085//8030
f 8090//8031 8089//8031 8086//8031 8087//8031
f 8091//8032 8090//8032 8087//8032 8088//8032
f 7101//8033 8092//8033 7846//8033 7017//8033
f 8081//8034 8092//8034 7101//8034 7100//8034
f 8092//8035 8093//8035 7847//8035 7846//8035
f 8093//8036 8082//8036 7826//8036 7847//8036
f 8083//8037 8094//8037 8092//8037 8081//8037
f 8094//8038 8095//8038 8093//8038 8092//8038
f 8095//8039 8084//8039 8082//8039 8093//8039
f 8096//8040 8085//8040 8084//8040 8095//8040
f 8086//8041 8097//8041 8094//8041 8083//8041
f 8098//8042 8088//8042 8085//8042 8096//8042
f 8089//8043 8099//8043 8097//8043 8086//8043
f 8090//8044 8100//8044 8099//8044 8089//8044
f 8091//8045 8101//8045 8100//8045 8090//8045
f 8101//8046 8091//8046 8088//8046 8098//8046
f 8104//8047 8103//8047 8099//8047 8100//8047
f 8105//8048 8104//8048 8100//8048 8101//8048
f 8106//8049 8105//8049 8101//8049 8102//8049
f 8108//8050 8107//8050 8104//8050 8105//8050
f 8109//8051 8108//8051 8105//8051 8106//8051
f 8111//8052 8095//8052 8094//8052 8110//8052
f 8112//8053 8096//8053 8095//8053 8111//8053
f 8097//8054 8113//8054 8110//8054 8094//8054
f 8113//8055 8114//8055 8111//8055 8110//8055
f 8114//8056 8115//8056 8112//8056 8111//8056
f 8115//8057 8098//8057 8096//8057 8112//8057
f 8099//8058 8116//8058 8113//8058 8097//8058
f 8116//8059 8117//8059 8114//8059 8113//8059
f 8117//8060 8118//8060 8115//8060 8114//8060
f 8118//8061 8101//8061 8098//8061 8115//8061
f 8119//8062 8102//8062 8101//8062 8118//8062
f 8103//8063 8120//8063 8116//8063 8099//8063
f 8120//8064 8121//8064 8117//8064 8116//8064
f 8104//8065 8121//8065 8120//8065 8103//8065
f 8122//8066 8106//8066 8102//8066 8119//8066
f 8107//8067 8123//8067 8121//8067 8104//8067
f 8108//8068 8124//8068 8123//8068 8107//8068
f 8109//8069 8125//8069 8124//8069 8108//8069
f 8125//8070 8109//8070 8106//8070 8122//8070
f 8127//8071 8118//8071 8117//8071 8126//8071
f 8128//8072 8119//8072 8118//8072 8127//8072
f 8121//8073 8129//8073 8126//8073 8117//8073
f 8129//8074 8130//8074 8127//8074 8126//8074
f 8130//8075 8131//8075 8128//8075 8127//8075
f 8131//8076 8122//8076 8119//8076 8128//8076
f 8123//8077 8132//8077 8129//8077 8121//8077
f 8124//8078 8133//8078 8132//8078 8123//8078
f 8125//8079 8134//8079 8133//8079 8124//8079
f 8134//8080 8125//8080 8122//8080 8131//8080
f 8136//8081 8130//8081 8129//8081 8135//8081
f 8137//8082 8131//8082 8130//8082 8136//8082
f 8132//8083 8138//8083 8135//8083 8129//8083
f 8138//8084 8139//8084 8136//8084 8135//8084
f 8133//8085 8139//8085 8138//8085 8132//8085
f 8139//8086 8140//8086 8137//8086 8136//8086
f 8134//8087 8140//8087 8139//8087 8133//8087
f 8140//8088 8134//8088 8131//8088 8137//8088
f 8149//8089 8150//8089 8148//8089 8147//8089
f 8150//8090 8143//8090 8142//8090 8148//8090
f 8155//8091 8156//8091 8154//8091 8153//8091
f 8157//8092 8158//8092 8156//8092 8155//8092
f 8158//8093 8145//8093 8144//8093 8156//8093
f 8159//8094 8160//8094 8158//8094 8157//8094
f 8160//8095 8146//8095 8145//8095 8158//8095
f 8162//8096 8163//8096 8160//8096 8159//8096
f 8148//8097 8163//8097 8162//8097 8147//8097
f 8163//8098 8148//8098 8146//8098 8160//8098
f 8165//8099 8166//8099 8162//8099 8161//8099
f 8166//8100 8149//8100 8147//8100 8162//8100
f 8167//8101 8168//8101 6313//8101 6312//8101
f 8168//8102 7793//8102 5928//8102 6313//8102
f 8169//8103 8170//8103 8168//8103 8167//8103
f 8170//8104 7794//8104 7793//8104 8168//8104
f 8171//8105 8172//8105 8170//8105 8169//8105
f 8172//8106 7795//8106 7794//8106 8170//8106
f 8173//8107 8174//8107 8172//8107 8171//8107
f 8174//8108 7796//8108 7795//8108 8172//8108
f 8175//8109 8176//8109 8174//8109 8173//8109
f 7798//8110 8176//8110 8175//8110 7797//8110
f 8176//8111 7798//8111 7796//8111 8174//8111
f 8177//8112 7799//8112 7797//8112 8175//8112
f 8179//8113 7801//8113 7799//8113 8177//8113
f 8180//8114 8181//8114 8179//8114 8178//8114
f 7804//8115 8181//8115 8180//8115 7803//8115
f 8181//8116 7804//8116 7801//8116 8179//8116
f 8182//8117 8167//8117 6312//8117 6324//8117
f 8183//8118 8169//8118 8167//8118 8182//8118
f 8184//8119 8171//8119 8169//8119 8183//8119
f 8185//8120 8173//8120 8171//8120 8184//8120
f 8186//8121 8175//8121 8173//8121 8185//8121
f 8188//8122 8177//8122 8175//8122 8186//8122
f 8189//8123 8190//8123 8188//8123 8187//8123
f 8179//8124 8190//8124 8189//8124 8178//8124
f 8190//8125 8179//8125 8177//8125 8188//8125
f 8191//8126 8180//8126 8178//8126 8189//8126
f 8192//8127 8182//8127 6324//8127 6337//8127
f 8194//8128 8183//8128 8182//8128 8192//8128
f 8195//8129 8196//8129 8194//8129 8193//8129
f 8196//8130 8184//8130 8183//8130 8194//8130
f 8197//8131 8198//8131 8196//8131 8195//8131
f 8198//8132 8185//8132 8184//8132 8196//8132
f 8199//8133 8200//8133 8198//8133 8197//8133
f 8200//8134 8186//8134 8185//8134 8198//8134
f 8201//8135 8202//8135 8200//8135 8199//8135
f 8188//8136 8202//8136 8201//8136 8187//8136
f 8202//8137 8188//8137 8186//8137 8200//8137
f 8204//8138 8189//8138 8187//8138 8201//8138
f 8205//8139 8206//8139 8204//8139 8203//8139
f 8206//8140 8191//8140 8189//8140 8204//8140
f 8207//8141 8208//8141 6351//8141 6350//8141
f 8208//8142 8192//8142 6337//8142 6351//8142
f 8209//8143 8210//8143 8208//8143 8207//8143
f 8194//8144 8210//8144 8209//8144 8193//8144
f 8210//8145 8194//8145 8192//8145 8208//8145
f 8211//8146 8195//8146 8193//8146 8209//8146
f 8212//8147 8197//8147 8195//8147 8211//8147
f 8214//8148 8199//8148 8197//8148 8212//8148
f 8215//8149 8216//8149 8214//8149 8213//8149
f 8216//8150 8201//8150 8199//8150 8214//8150
f 8217//8151 8218//8151 8216//8151 8215//8151
f 8204//8152 8218//8152 8217//8152 8203//8152
f 8218//8153 8204//8153 8201//8153 8216//8153
f 8220//8154 8205//8154 8203//8154 8217//8154
f 8221//8155 8222//8155 6367//8155 6366//8155
f 8222//8156 8207//8156 6350//8156 6367//8156
f 8223//8157 8224//8157 8222//8157 8221//8157
f 8224//8158 8209//8158 8207//8158 8222//8158
f 8225//8159 8226//8159 8224//8159 8223//8159
f 8226//8160 8211//8160 8209//8160 8224//8160
f 8227//8161 8228//8161 8226//8161 8225//8161
f 8228//8162 8212//8162 8211//8162 8226//8162
f 8229//8163 8230//8163 8228//8163 8227//8163
f 8214//8164 8230//8164 8229//8164 8213//8164
f 8230//8165 8214//8165 8212//8165 8228//8165
f 8232//8166 8215//8166 8213//8166 8229//8166
f 8233//8167 8234//8167 8232//8167 8231//8167
f 8234//8168 8217//8168 8215//8168 8232//8168
f 8235//8169 8236//8169 8234//8169 8233//8169
f 8220//8170 8236//8170 8235//8170 8219//8170
f 8236//8171 8220//8171 8217//8171 8234//8171
f 8237//8172 8221//8172 6366//8172 6379//8172
f 8238//8173 8223//8173 8221//8173 8237//8173
f 8240//8174 8225//8174 8223//8174 8238//8174
f 8241//8175 8242//8175 8240//8175 8239//8175
f 8242//8176 8227//8176 8225//8176 8240//8176
f 8243//8177 8244//8177 8242//8177 8241//8177
f 8244//8178 8229//8178 8227//8178 8242//8178
f 8245//8179 8246//8179 8244//8179 8243//8179
f 8232//8180 8246//8180 8245//8180 8231//8180
f 8246//8181 8232//8181 8229//8181 8244//8181
f 8247//8182 8233//8182 8231//8182 8245//8182
f 8143//8183 8248//8183 8247//8183 8142//8183
f 8235//8184 8248//8184 8143//8184 8141//8184
f 8248//8185 8235//8185 8233//8185 8247//8185
f 8249//8186 8250//8186 6391//8186 6390//8186
f 8250//8187 8237//8187 6379//8187 6391//8187
f 8251//8188 8252//8188 8250//8188 8249//8188
f 8252//8189 8238//8189 8237//8189 8250//8189
f 8253//8190 8254//8190 8252//8190 8251//8190
f 8240//8191 8254//8191 8253//8191 8239//8191
f 8254//8192 8240//8192 8238//8192 8252//8192
f 8255//8193 8241//8193 8239//8193 8253//8193
f 8145//8194 8256//8194 8255//8194 8144//8194
f 8256//8195 8243//8195 8241//8195 8255//8195
f 8146//8196 8257//8196 8256//8196 8145//8196
f 8257//8197 8245//8197 8243//8197 8256//8197
f 8148//8198 8258//8198 8257//8198 8146//8198
f 8247//8199 8258//8199 8148//8199 8142//8199
f 8258//8200 8247//8200 8245//8200 8257//8200
f 8151//8201 8259//8201 6396//8201 6299//8201
f 8259//8202 8249//8202 6390//8202 6396//8202
f 8152//8203 8260//8203 8259//8203 8151//8203
f 8260//8204 8251//8204 8249//8204 8259//8204
f 8154//8205 8261//8205 8260//8205 8152//8205
f 8261//8206 8253//8206 8251//8206 8260//8206
f 8156//8207 8262//8207 8261//8207 8154//8207
f 8255//8208 8262//8208 8156//8208 8144//8208
f 8262//8209 8255//8209 8253//8209 8261//8209
f 7923//8210 8263//8210 7374//8210 7099//8210
f 7924//8211 8264//8211 8263//8211 7923//8211
f 7925//8212 8265//8212 8264//8212 7924//8212
f 7926//8213 8266//8213 8265//8213 7925//8213
f 7927//8214 8267//8214 8266//8214 7926//8214
f 7928//8215 8268//8215 8267//8215 7927//8215
f 7929//8216 8269//8216 8268//8216 7928//8216
f 7930//8217 8270//8217 8269//8217 7929//8217
f 8263//8218 8271//8218 7382//8218 7374//8218
f 8264//8219 8272//8219 8271//8219 8263//8219
f 8265//8220 8273//8220 8272//8220 8264//8220
f 8266//8221 8274//8221 8273//8221 8265//8221
f 8267//8222 8275//8222 8274//8222 8266//8222
f 8268//8223 8276//8223 8275//8223 8267//8223
f 8269//8224 8277//8224 8276//8224 8268//8224
f 8270//8225 8278//8225 8277//8225 8269//8225
f 8271//8226 8279//8226 7390//8226 7382//8226
f 8272//8227 8280//8227 8279//8227 8271//8227
f 8273//8228 8281//8228 8280//8228 8272//8228
f 8274//8229 8282//8229 8281//8229 8273//8229
f 8275//8230 8283//8230 8282//8230 8274//8230
f 8276//8231 8284//8231 8283//8231 8275//8231
f 8277//8232 8285//8232 8284//8232 8276//8232
f 8278//8233 8286//8233 8285//8233 8277//8233
f 8279//8234 8287//8234 7398//8234 7390//8234
f 8280//8235 8288//8235 8287//8235 8279//8235
f 8281//8236 8289//8236 8288//8236 8280//8236
f 8282//8237 8290//8237 8289//8237 8281//8237
f 8283//8238 8291//8238 8290//8238 8282//8238
f 8284//8239 8292//8239 8291//8239 8283//8239
f 8285//8240 8293//8240 8292//8240 8284//8240
f 8286//8241 8294//8241 8293//8241 8285//8241
f 8287//8242 8295//8242 7407//8242 7398//8242
f 8288//8243 8296//8243 8295//8243 8287//8243
f 8289//8244 8297//8244 8296//8244 8288//8244
f 8290//8245 8298//8245 8297//8245 8289//8245
f 8291//8246 8299//8246 8298//8246 8290//8246
f 8292//8247 8300//8247 8299//8247 8291//8247
f 8293//8248 8301//8248 8300//8248 8292//8248
f 8294//8249 8302//8249 8301//8249 8293//8249
f 8295//8250 8305//8250 7418//8250 7407//8250
f 8296//8251 8306//8251 8305//8251 8295//8251
f 8297//8252 8307//8252 8306//8252 8296//8252
f 8298//8253 8308//8253 8307//8253 8297//8253
f 8299//8254 8309//8254 8308//8254 8298//8254
f 8300//8255 8310//8255 8309//8255 8299//8255
f 8301//8256 8311//8256 8310//8256 8300//8256
f 8311//8257 8312//8257 8304//8257 8303//8257
f 8302//8258 8312//8258 8311//8258 8301//8258
f 8304//8259 8316//8259 8315//8259 8303//8259
f 8305//8260 8317//8260 7430//8260 7418//8260
f 8306//8261 8318//8261 8317//8261 8305//8261
f 8307//8262 8319//8262 8318//8262 8306//8262
f 8308//8263 8320//8263 8319//8263 8307//8263
f 8309//8264 8321//8264 8320//8264 8308//8264
f 8321//8265 8322//8265 8314//8265 8313//8265
f 8310//8266 8322//8266 8321//8266 8309//8266
f 8322//8267 8323//8267 8315//8267 8314//8267
f 8311//8268 8323//8268 8322//8268 8310//8268
f 8323//8269 8311//8269 8303//8269 8315//8269
f 8314//8270 8332//8270 8331//8270 8313//8270
f 8332//8271 8333//8271 8325//8271 8324//8271
f 8315//8272 8333//8272 8332//8272 8314//8272
f 8333//8273 8334//8273 8326//8273 8325//8273
f 8316//8274 8334//8274 8333//8274 8315//8274
f 7445//8275 8335//8275 8327//8275 7441//8275
f 8317//8276 8335//8276 7445//8276 7430//8276
f 8335//8277 8336//8277 8328//8277 8327//8277
f 8318//8278 8336//8278 8335//8278 8317//8278
f 8336//8279 8337//8279 8329//8279 8328//8279
f 8319//8280 8337//8280 8336//8280 8318//8280
f 8337//8281 8338//8281 8330//8281 8329//8281
f 8320//8282 8338//8282 8337//8282 8319//8282
f 8338//8283 8339//8283 8331//8283 8330//8283
f 8321//8284 8339//8284 8338//8284 8320//8284
f 8339//8285 8321//8285 8313//8285 8331//8285
f 7998//8286 8344//8286 8343//8286 7997//8286
f 8344//8287 8345//8287 8341//8287 8340//8287
f 7999//8288 8345//8288 8344//8288 7998//8288
f 8345//8289 7999//8289 7996//8289 8341//8289
f 8000//8290 8346//8290 8270//8290 7930//8290
f 8001//8291 8347//8291 8346//8291 8000//8291
f 8002//8292 8348//8292 8347//8292 8001//8292
f 8003//8293 8349//8293 8348//8293 8002//8293
f 8004//8294 8350//8294 8349//8294 8003//8294
f 8350//8295 8351//8295 8343//8295 8342//8295
f 8005//8296 8351//8296 8350//8296 8004//8296
f 8351//8297 8005//8297 7997//8297 8343//8297
f 8341//8298 8354//8298 8353//8298 8340//8298
f 8343//8299 8356//8299 8355//8299 8342//8299
f 8344//8300 8357//8300 8356//8300 8343//8300
f 8357//8301 8344//8301 8340//8301 8353//8301
f 8346//8302 8358//8302 8278//8302 8270//8302
f 8347//8303 8359//8303 8358//8303 8346//8303
f 8348//8304 8360//8304 8359//8304 8347//8304
f 8349//8305 8361//8305 8360//8305 8348//8305
f 8350//8306 8362//8306 8361//8306 8349//8306
f 8362//8307 8350//8307 8342//8307 8355//8307
f 8367//8308 8368//8308 8365//8308 8364//8308
f 8354//8309 8368//8309 8367//8309 8353//8309
f 8368//8310 8354//8310 8352//8310 8365//8310
f 8356//8311 8371//8311 8370//8311 8355//8311
f 8371//8312 8372//8312 8367//8312 8366//8312
f 8357//8313 8372//8313 8371//8313 8356//8313
f 8372//8314 8357//8314 8353//8314 8367//8314
f 8358//8315 8373//8315 8286//8315 8278//8315
f 8359//8316 8374//8316 8373//8316 8358//8316
f 8360//8317 8375//8317 8374//8317 8359//8317
f 8361//8318 8376//8318 8375//8318 8360//8318
f 8376//8319 8377//8319 8370//8319 8369//8319
f 8362//8320 8377//8320 8376//8320 8361//8320
f 8377//8321 8362//8321 8355//8321 8370//8321
f 8365//8322 8380//8322 8379//8322 8364//8322
f 8380//8323 8365//8323 8363//8323 8378//8323
f 8367//8324 8383//8324 8382//8324 8366//8324
f 8383//8325 8367//8325 8364//8325 8379//8325
f 8370//8326 8386//8326 8385//8326 8369//8326
f 8386//8327 8387//8327 8382//8327 8381//8327
f 8371//8328 8387//8328 8386//8328 8370//8328
f 8387//8329 8371//8329 8366//8329 8382//8329
f 8373//8330 8388//8330 8294//8330 8286//8330
f 8374//8331 8389//8331 8388//8331 8373//8331
f 8375//8332 8390//8332 8389//8332 8374//8332
f 8390//8333 8391//8333 8385//8333 8384//8333
f 8376//8334 8391//8334 8390//8334 8375//8334
f 8391//8335 8376//8335 8369//8335 8385//8335
f 8396//8336 8397//8336 8394//8336 8393//8336
f 8380//8337 8397//8337 8396//8337 8379//8337
f 8397//8338 8380//8338 8378//8338 8394//8338
f 8382//8339 8400//8339 8399//8339 8381//8339
f 8400//8340 8401//8340 8396//8340 8395//8340
f 8383//8341 8401//8341 8400//8341 8382//8341
f 8401//8342 8383//8342 8379//8342 8396//8342
f 8385//8343 8405//8343 8404//8343 8384//8343
f 8405//8344 8406//8344 8399//8344 8398//8344
f 8386//8345 8406//8345 8405//8345 8385//8345
f 8406//8346 8386//8346 8381//8346 8399//8346
f 8388//8347 8407//8347 8302//8347 8294//8347
f 8407//8348 8408//8348 8403//8348 8402//8348
f 8389//8349 8408//8349 8407//8349 8388//8349
f 8408//8350 8409//8350 8404//8350 8403//8350
f 8390//8351 8409//8351 8408//8351 8389//8351
f 8409//8352 8390//8352 8384//8352 8404//8352
f 8411//8353 8392//8353 8141//8353 8143//8353
f 8413//8354 8414//8354 8411//8354 8410//8354
f 8394//8355 8414//8355 8413//8355 8393//8355
f 8414//8356 8394//8356 8392//8356 8411//8356
f 8417//8357 8418//8357 8413//8357 8412//8357
f 8396//8358 8418//8358 8417//8358 8395//8358
f 8418//8359 8396//8359 8393//8359 8413//8359
f 8420//8360 8421//8360 8416//8360 8415//8360
f 8399//8361 8421//8361 8420//8361 8398//8361
f 8421//8362 8422//8362 8417//8362 8416//8362
f 8400//8363 8422//8363 8421//8363 8399//8363
f 8422//8364 8400//8364 8395//8364 8417//8364
f 8403//8365 8424//8365 8423//8365 8402//8365
f 8404//8366 8425//8366 8424//8366 8403//8366
f 8425//8367 8426//8367 8420//8367 8419//8367
f 8405//8368 8426//8368 8425//8368 8404//8368
f 8426//8369 8405//8369 8398//8369 8420//8369
f 8312//8370 8427//8370 8423//8370 8304//8370
f 8407//8371 8427//8371 8312//8371 8302//8371
f 8427//8372 8407//8372 8402//8372 8423//8372
f 8429//8373 8430//8373 8150//8373 8149//8373
f 8411//8374 8430//8374 8429//8374 8410//8374
f 8430//8375 8411//8375 8143//8375 8150//8375
f 8432//8376 8433//8376 8429//8376 8428//8376
f 8413//8377 8433//8377 8432//8377 8412//8377
f 8433//8378 8413//8378 8410//8378 8429//8378
f 8416//8379 8436//8379 8435//8379 8415//8379
f 8436//8380 8437//8380 8432//8380 8431//8380
f 8417//8381 8437//8381 8436//8381 8416//8381
f 8437//8382 8417//8382 8412//8382 8432//8382
f 8440//8383 8441//8383 8435//8383 8434//8383
f 8420//8384 8441//8384 8440//8384 8419//8384
f 8441//8385 8420//8385 8415//8385 8435//8385
f 8423//8386 8442//8386 8316//8386 8304//8386
f 8442//8387 8443//8387 8439//8387 8438//8387
f 8424//8388 8443//8388 8442//8388 8423//8388
f 8443//8389 8444//8389 8440//8389 8439//8389
f 8425//8390 8444//8390 8443//8390 8424//8390
f 8444//8391 8425//8391 8419//8391 8440//8391
f 8446//8392 8447//8392 8165//8392 8164//8392
f 8447//8393 8448//8393 8166//8393 8165//8393
f 8429//8394 8448//8394 8447//8394 8428//8394
f 8448//8395 8429//8395 8149//8395 8166//8395
f 8450//8396 8451//8396 8446//8396 8445//8396
f 8451//8397 8452//8397 8447//8397 8446//8397
f 8432//8398 8452//8398 8451//8398 8431//8398
f 8452//8399 8432//8399 8428//8399 8447//8399
f 8455//8400 8456//8400 8450//8400 8449//8400
f 8435//8401 8456//8401 8455//8401 8434//8401
f 8456//8402 8457//8402 8451//8402 8450//8402
f 8436//8403 8457//8403 8456//8403 8435//8403
f 8457//8404 8436//8404 8431//8404 8451//8404
f 8458//8405 8459//8405 8454//8405 8453//8405
f 8439//8406 8459//8406 8458//8406 8438//8406
f 8459//8407 8460//8407 8455//8407 8454//8407
f 8440//8408 8460//8408 8459//8408 8439//8408
f 8460//8409 8440//8409 8434//8409 8455//8409
f 8334//8410 8461//8410 8458//8410 8326//8410
f 8442//8411 8461//8411 8334//8411 8316//8411
f 8461//8412 8442//8412 8438//8412 8458//8412
f 8463//8413 8073//8413 7803//8413 8180//8413
f 8464//8414 8465//8414 8463//8414 8462//8414
f 8076//8415 8465//8415 8464//8415 8075//8415
f 8465//8416 8076//8416 8073//8416 8463//8416
f 8078//8417 8467//8417 8466//8417 8077//8417
f 8467//8418 8078//8418 8075//8418 8464//8418
f 8079//8419 8468//8419 8341//8419 7996//8419
f 8468//8420 8079//8420 8077//8420 8466//8420
f 8463//8421 8470//8421 8469//8421 8462//8421
f 8470//8422 8463//8422 8180//8422 8191//8422
f 8472//8423 8464//8423 8462//8423 8469//8423
f 8473//8424 8474//8424 8472//8424 8471//8424
f 8467//8425 8474//8425 8473//8425 8466//8425
f 8474//8426 8467//8426 8464//8426 8472//8426
f 8354//8427 8475//8427 8473//8427 8352//8427
f 8468//8428 8475//8428 8354//8428 8341//8428
f 8475//8429 8468//8429 8466//8429 8473//8429
f 8477//8430 8478//8430 8206//8430 8205//8430
f 8470//8431 8478//8431 8477//8431 8469//8431
f 8478//8432 8470//8432 8191//8432 8206//8432
f 8479//8433 8480//8433 8477//8433 8476//8433
f 8472//8434 8480//8434 8479//8434 8471//8434
f 8480//8435 8472//8435 8469//8435 8477//8435
f 8365//8436 8481//8436 8479//8436 8363//8436
f 8473//8437 8481//8437 8365//8437 8352//8437
f 8481//8438 8473//8438 8471//8438 8479//8438
f 8482//8439 8483//8439 8220//8439 8219//8439
f 8477//8440 8483//8440 8482//8440 8476//8440
f 8483//8441 8477//8441 8205//8441 8220//8441
f 8479//8442 8484//8442 8378//8442 8363//8442
f 8484//8443 8479//8443 8476//8443 8482//8443
f 8392//8444 8485//8444 8235//8444 8141//8444
f 8485//8445 8482//8445 8219//8445 8235//8445
f 8394//8446 8486//8446 8485//8446 8392//8446
f 8484//8447 8486//8447 8394//8447 8378//8447
f 8486//8448 8484//8448 8482//8448 8485//8448
f 8495//8449 8496//8449 8492//8449 8491//8449
f 8499//8450 8500//8450 8494//8450 8493//8450
f 8500//8451 8501//8451 8495//8451 8494//8451
f 8501//8452 8502//8452 8496//8452 8495//8452
f 8488//8453 8502//8453 8501//8453 8487//8453
f 8504//8454 8505//8454 6602//8454 6601//8454
f 8506//8455 8507//8455 8504//8455 8503//8455
f 8507//8456 8508//8456 8505//8456 8504//8456
f 8510//8457 8511//8457 8507//8457 8506//8457
f 8511//8458 8512//8458 8508//8458 8507//8458
f 8513//8459 8514//8459 8510//8459 8509//8459
f 8514//8460 8515//8460 8511//8460 8510//8460
f 8515//8461 8516//8461 8512//8461 8511//8461
f 8519//8462 8520//8462 8514//8462 8513//8462
f 8520//8463 8521//8463 8515//8463 8514//8463
f 8521//8464 8522//8464 8516//8464 8515//8464
f 8522//8465 8490//8465 8489//8465 8516//8465
f 8525//8466 8526//8466 8518//8466 8517//8466
f 8526//8467 8527//8467 8519//8467 8518//8467
f 8527//8468 8528//8468 8520//8468 8519//8468
f 8528//8469 8529//8469 8521//8469 8520//8469
f 8529//8470 8530//8470 8522//8470 8521//8470
f 8492//8471 8530//8471 8529//8471 8491//8471
f 8530//8472 8492//8472 8490//8472 8522//8472
f 7586//8473 8531//8473 8523//8473 7579//8473
f 8531//8474 8532//8474 8524//8474 8523//8474
f 8532//8475 8533//8475 8525//8475 8524//8475
f 8533//8476 8534//8476 8526//8476 8525//8476
f 8534//8477 8535//8477 8527//8477 8526//8477
f 8535//8478 8536//8478 8528//8478 8527//8478
f 8494//8479 8536//8479 8535//8479 8493//8479
f 8536//8480 8537//8480 8529//8480 8528//8480
f 8495//8481 8537//8481 8536//8481 8494//8481
f 8537//8482 8495//8482 8491//8482 8529//8482
f 7592//8483 8538//8483 8531//8483 7586//8483
f 8538//8484 8539//8484 8532//8484 8531//8484
f 8539//8485 8540//8485 8533//8485 8532//8485
f 8540//8486 8541//8486 8534//8486 8533//8486
f 8498//8487 8541//8487 8540//8487 8497//8487
f 8541//8488 8542//8488 8535//8488 8534//8488
f 8499//8489 8542//8489 8541//8489 8498//8489
f 8542//8490 8499//8490 8493//8490 8535//8490
f 7599//8491 8543//8491 6639//8491 5548//8491
f 8543//8492 8544//8492 6640//8492 6639//8492
f 8544//8493 8545//8493 6641//8493 6640//8493
f 8545//8494 8546//8494 6642//8494 6641//8494
f 8546//8495 8547//8495 6643//8495 6642//8495
f 8547//8496 8548//8496 6644//8496 6643//8496
f 8548//8497 8549//8497 6645//8497 6644//8497
f 8504//8498 8549//8498 8548//8498 8503//8498
f 8549//8499 8504//8499 6601//8499 6645//8499
f 7606//8500 8550//8500 8543//8500 7599//8500
f 8550//8501 8551//8501 8544//8501 8543//8501
f 8551//8502 8552//8502 8545//8502 8544//8502
f 8552//8503 8553//8503 8546//8503 8545//8503
f 8553//8504 8554//8504 8547//8504 8546//8504
f 8554//8505 8555//8505 8548//8505 8547//8505
f 8555//8506 8506//8506 8503//8506 8548//8506
f 7613//8507 8556//8507 8550//8507 7606//8507
f 8556//8508 8557//8508 8551//8508 8550//8508
f 8557//8509 8558//8509 8552//8509 8551//8509
f 8558//8510 8559//8510 8553//8510 8552//8510
f 8559//8511 8560//8511 8554//8511 8553//8511
f 8560//8512 8561//8512 8555//8512 8554//8512
f 8510//8513 8561//8513 8560//8513 8509//8513
f 8561//8514 8510//8514 8506//8514 8555//8514
f 7619//8515 8562//8515 8556//8515 7613//8515
f 8562//8516 8563//8516 8557//8516 8556//8516
f 8563//8517 8564//8517 8558//8517 8557//8517
f 8564//8518 8565//8518 8559//8518 8558//8518
f 8565//8519 8566//8519 8560//8519 8559//8519
f 8566//8520 8513//8520 8509//8520 8560//8520
f 7625//8521 8567//8521 8562//8521 7619//8521
f 8567//8522 8568//8522 8563//8522 8562//8522
f 8568//8523 8569//8523 8564//8523 8563//8523
f 8569//8524 8570//8524 8565//8524 8564//8524
f 8518//8525 8570//8525 8569//8525 8517//8525
f 8570//8526 8571//8526 8566//8526 8565//8526
f 8519//8527 8571//8527 8570//8527 8518//8527
f 8571//8528 8519//8528 8513//8528 8566//8528
f 7629//8529 8572//8529 8567//8529 7625//8529
f 8523//8530 8572//8530 7629//8530 7579//8530
f 8572//8531 8573//8531 8568//8531 8567//8531
f 8524//8532 8573//8532 8572//8532 8523//8532
f 8573//8533 8574//8533 8569//8533 8568//8533
f 8525//8534 8574//8534 8573//8534 8524//8534
f 8574//8535 8525//8535 8517//8535 8569//8535
f 8575//8536 8576//8536 6665//8536 6664//8536
f 8576//8537 8151//8537 6299//8537 6665//8537
f 8577//8538 8578//8538 8576//8538 8575//8538
f 8578//8539 8152//8539 8151//8539 8576//8539
f 8580//8540 8581//8540 8578//8540 8577//8540
f 8154//8541 8581//8541 8580//8541 8153//8541
f 8581//8542 8154//8542 8152//8542 8578//8542
f 8582//8543 8583//8543 8580//8543 8579//8543
f 8583//8544 8155//8544 8153//8544 8580//8544
f 8584//8545 8585//8545 8583//8545 8582//8545
f 8585//8546 8157//8546 8155//8546 8583//8546
f 8587//8547 8588//8547 8585//8547 8584//8547
f 8588//8548 8159//8548 8157//8548 8585//8548
f 8589//8549 8590//8549 8587//8549 8586//8549
f 8590//8550 8591//8550 8588//8550 8587//8550
f 8162//8551 8591//8551 8590//8551 8161//8551
f 8591//8552 8162//8552 8159//8552 8588//8552
f 8593//8553 8594//8553 8590//8553 8589//8553
f 8165//8554 8594//8554 8593//8554 8164//8554
f 8594//8555 8165//8555 8161//8555 8590//8555
f 8595//8556 8596//8556 6687//8556 6686//8556
f 8596//8557 8597//8557 6688//8557 6687//8557
f 8597//8558 8575//8558 6664//8558 6688//8558
f 8598//8559 8599//8559 8596//8559 8595//8559
f 8599//8560 8600//8560 8597//8560 8596//8560
f 8600//8561 8577//8561 8575//8561 8597//8561
f 8601//8562 8602//8562 8599//8562 8598//8562
f 8602//8563 8603//8563 8600//8563 8599//8563
f 8580//8564 8603//8564 8602//8564 8579//8564
f 8603//8565 8580//8565 8577//8565 8600//8565
f 8604//8566 8605//8566 8602//8566 8601//8566
f 8605//8567 8582//8567 8579//8567 8602//8567
f 8607//8568 8608//8568 8605//8568 8604//8568
f 8608//8569 8584//8569 8582//8569 8605//8569
f 8609//8570 8610//8570 8607//8570 8606//8570
f 8610//8571 8611//8571 8608//8571 8607//8571
f 8587//8572 8611//8572 8610//8572 8586//8572
f 8611//8573 8587//8573 8584//8573 8608//8573
f 8613//8574 8614//8574 8610//8574 8609//8574
f 8614//8575 8589//8575 8586//8575 8610//8575
f 8616//8576 8617//8576 8613//8576 8612//8576
f 8617//8577 8618//8577 8614//8577 8613//8577
f 8593//8578 8618//8578 8617//8578 8592//8578
f 8618//8579 8593//8579 8589//8579 8614//8579
f 8620//8580 8621//8580 6710//8580 6709//8580
f 8621//8581 8595//8581 6686//8581 6710//8581
f 8622//8582 8623//8582 8620//8582 8619//8582
f 8623//8583 8624//8583 8621//8583 8620//8583
f 8624//8584 8598//8584 8595//8584 8621//8584
f 8625//8585 8626//8585 8623//8585 8622//8585
f 8626//8586 8627//8586 8624//8586 8623//8586
f 8627//8587 8601//8587 8598//8587 8624//8587
f 8628//8588 8629//8588 8626//8588 8625//8588
f 8629//8589 8630//8589 8627//8589 8626//8589
f 8630//8590 8604//8590 8601//8590 8627//8590
f 8632//8591 8633//8591 8629//8591 8628//8591
f 8633//8592 8634//8592 8630//8592 8629//8592
f 8607//8593 8634//8593 8633//8593 8606//8593
f 8634//8594 8607//8594 8604//8594 8630//8594
f 8635//8595 8636//8595 8632//8595 8631//8595
f 8636//8596 8637//8596 8633//8596 8632//8596
f 8637//8597 8609//8597 8606//8597 8633//8597
f 8639//8598 8640//8598 8636//8598 8635//8598
f 8640//8599 8641//8599 8637//8599 8636//8599
f 8613//8600 8641//8600 8640//8600 8612//8600
f 8641//8601 8613//8601 8609//8601 8637//8601
f 8642//8602 8643//8602 8639//8602 8638//8602
f 8643//8603 8644//8603 8640//8603 8639//8603
f 8616//8604 8644//8604 8643//8604 8615//8604
f 8644//8605 8616//8605 8612//8605 8640//8605
f 8645//8606 8646//8606 6735//8606 6734//8606
f 8646//8607 8647//8607 6736//8607 6735//8607
f 8647//8608 8648//8608 6737//8608 6736//8608
f 8620//8609 8648//8609 8647//8609 8619//8609
f 8648//8610 8620//8610 6709//8610 6737//8610
f 8649//8611 8650//8611 8646//8611 8645//8611
f 8650//8612 8651//8612 8647//8612 8646//8612
f 8651//8613 8622//8613 8619//8613 8647//8613
f 8652//8614 8653//8614 8650//8614 8649//8614
f 8653//8615 8654//8615 8651//8615 8650//8615
f 8654//8616 8625//8616 8622//8616 8651//8616
f 8655//8617 8656//8617 8653//8617 8652//8617
f 8656//8618 8657//8618 8654//8618 8653//8618
f 8657//8619 8628//8619 8625//8619 8654//8619
f 8490//8620 8658//8620 8655//8620 8489//8620
f 8658//8621 8659//8621 8656//8621 8655//8621
f 8659//8622 8660//8622 8657//8622 8656//8622
f 8632//8623 8660//8623 8659//8623 8631//8623
f 8660//8624 8632//8624 8628//8624 8657//8624
f 8492//8625 8661//8625 8658//8625 8490//8625
f 8661//8626 8662//8626 8659//8626 8658//8626
f 8662//8627 8635//8627 8631//8627 8659//8627
f 8496//8628 8663//8628 8661//8628 8492//8628
f 8663//8629 8664//8629 8662//8629 8661//8629
f 8639//8630 8664//8630 8663//8630 8638//8630
f 8664//8631 8639//8631 8635//8631 8662//8631
f 8502//8632 8665//8632 8663//8632 8496//8632
f 8642//8633 8665//8633 8502//8633 8488//8633
f 8665//8634 8642//8634 8638//8634 8663//8634
f 8505//8635 8666//8635 6743//8635 6602//8635
f 8666//8636 8645//8636 6734//8636 6743//8636
f 8508//8637 8667//8637 8666//8637 8505//8637
f 8667//8638 8649//8638 8645//8638 8666//8638
f 8512//8639 8668//8639 8667//8639 8508//8639
f 8668//8640 8652//8640 8649//8640 8667//8640
f 8516//8641 8669//8641 8668//8641 8512//8641
f 8655//8642 8669//8642 8516//8642 8489//8642
f 8669//8643 8655//8643 8652//8643 8668//8643
f 8325//8644 8677//8644 8676//8644 8324//8644
f 8677//8645 8678//8645 8671//8645 8670//8645
f 8326//8646 8678//8646 8677//8646 8325//8646
f 8327//8647 8679//8647 7663//8647 7441//8647
f 8328//8648 8680//8648 8679//8648 8327//8648
f 8680//8649 8681//8649 8673//8649 8672//8649
f 8329//8650 8681//8650 8680//8650 8328//8650
f 8681//8651 8682//8651 8674//8651 8673//8651
f 8330//8652 8682//8652 8681//8652 8329//8652
f 8682//8653 8683//8653 8675//8653 8674//8653
f 8331//8654 8683//8654 8682//8654 8330//8654
f 8683//8655 8684//8655 8676//8655 8675//8655
f 8332//8656 8684//8656 8683//8656 8331//8656
f 8684//8657 8332//8657 8324//8657 8676//8657
f 8692//8658 8693//8658 8687//8658 8686//8658
f 8693//8659 8694//8659 8688//8659 8687//8659
f 8671//8660 8694//8660 8693//8660 8670//8660
f 8673//8661 8697//8661 8696//8661 8672//8661
f 8697//8662 8698//8662 8690//8662 8689//8662
f 8674//8663 8698//8663 8697//8663 8673//8663
f 8698//8664 8699//8664 8691//8664 8690//8664
f 8675//8665 8699//8665 8698//8665 8674//8665
f 8699//8666 8700//8666 8692//8666 8691//8666
f 8676//8667 8700//8667 8699//8667 8675//8667
f 8700//8668 8701//8668 8693//8668 8692//8668
f 8677//8669 8701//8669 8700//8669 8676//8669
f 8701//8670 8677//8670 8670//8670 8693//8670
f 7681//8671 8702//8671 8695//8671 7679//8671
f 8679//8672 8702//8672 7681//8672 7663//8672
f 8702//8673 8703//8673 8696//8673 8695//8673
f 8680//8674 8703//8674 8702//8674 8679//8674
f 8703//8675 8680//8675 8672//8675 8696//8675
f 8706//8676 8707//8676 8488//8676 8487//8676
f 8712//8677 8713//8677 8705//8677 8704//8677
f 8713//8678 8714//8678 8706//8678 8705//8678
f 8687//8679 8714//8679 8713//8679 8686//8679
f 8714//8680 8715//8680 8707//8680 8706//8680
f 8688//8681 8715//8681 8714//8681 8687//8681
f 8715//8682 8688//8682 8685//8682 8707//8682
f 7699//8683 8716//8683 8708//8683 7692//8683
f 8716//8684 8717//8684 8709//8684 8708//8684
f 8717//8685 8718//8685 8710//8685 8709//8685
f 8718//8686 8719//8686 8711//8686 8710//8686
f 8690//8687 8719//8687 8718//8687 8689//8687
f 8719//8688 8720//8688 8712//8688 8711//8688
f 8691//8689 8720//8689 8719//8689 8690//8689
f 8720//8690 8721//8690 8713//8690 8712//8690
f 8692//8691 8721//8691 8720//8691 8691//8691
f 8721//8692 8692//8692 8686//8692 8713//8692
f 7702//8693 8722//8693 8716//8693 7699//8693
f 8695//8694 8722//8694 7702//8694 7679//8694
f 8722//8695 8723//8695 8717//8695 8716//8695
f 8696//8696 8723//8696 8722//8696 8695//8696
f 8723//8697 8724//8697 8718//8697 8717//8697
f 8697//8698 8724//8698 8723//8698 8696//8698
f 8724//8699 8697//8699 8689//8699 8718//8699
f 8727//8700 8728//8700 8498//8700 8497//8700
f 8728//8701 8729//8701 8499//8701 8498//8701
f 8729//8702 8730//8702 8500//8702 8499//8702
f 8705//8703 8730//8703 8729//8703 8704//8703
f 8730//8704 8731//8704 8501//8704 8500//8704
f 8706//8705 8731//8705 8730//8705 8705//8705
f 8731//8706 8706//8706 8487//8706 8501//8706
f 7716//8707 8732//8707 8725//8707 7710//8707
f 8708//8708 8732//8708 7716//8708 7692//8708
f 8732//8709 8733//8709 8726//8709 8725//8709
f 8709//8710 8733//8710 8732//8710 8708//8710
f 8733//8711 8734//8711 8727//8711 8726//8711
f 8710//8712 8734//8712 8733//8712 8709//8712
f 8734//8713 8735//8713 8728//8713 8727//8713
f 8711//8714 8735//8714 8734//8714 8710//8714
f 8735//8715 8736//8715 8729//8715 8728//8715
f 8712//8716 8736//8716 8735//8716 8711//8716
f 8736//8717 8712//8717 8704//8717 8729//8717
f 7720//8718 8737//8718 8538//8718 7592//8718
f 8725//8719 8737//8719 7720//8719 7710//8719
f 8737//8720 8738//8720 8539//8720 8538//8720
f 8726//8721 8738//8721 8737//8721 8725//8721
f 8738//8722 8739//8722 8540//8722 8539//8722
f 8727//8723 8739//8723 8738//8723 8726//8723
f 8739//8724 8727//8724 8497//8724 8540//8724
f 8741//8725 8742//8725 8593//8725 8592//8725
f 8446//8726 8742//8726 8741//8726 8445//8726
f 8742//8727 8446//8727 8164//8727 8593//8727
f 8745//8728 8746//8728 8741//8728 8740//8728
f 8450//8729 8746//8729 8745//8729 8449//8729
f 8746//8730 8450//8730 8445//8730 8741//8730
f 8747//8731 8748//8731 8744//8731 8743//8731
f 8454//8732 8748//8732 8747//8732 8453//8732
f 8748//8733 8749//8733 8745//8733 8744//8733
f 8455//8734 8749//8734 8748//8734 8454//8734
f 8749//8735 8455//8735 8449//8735 8745//8735
f 8678//8736 8750//8736 8747//8736 8671//8736
f 8458//8737 8750//8737 8678//8737 8326//8737
f 8750//8738 8458//8738 8453//8738 8747//8738
f 8752//8739 8753//8739 8616//8739 8615//8739
f 8753//8740 8754//8740 8617//8740 8616//8740
f 8741//8741 8754//8741 8753//8741 8740//8741
f 8754//8742 8741//8742 8592//8742 8617//8742
f 8688//8743 8755//8743 8751//8743 8685//8743
f 8755//8744 8756//8744 8752//8744 8751//8744
f 8744//8745 8756//8745 8755//8745 8743//8745
f 8756//8746 8757//8746 8753//8746 8752//8746
f 8745//8747 8757//8747 8756//8747 8744//8747
f 8757//8748 8745//8748 8740//8748 8753//8748
f 8694//8749 8758//8749 8755//8749 8688//8749
f 8747//8750 8758//8750 8694//8750 8671//8750
f 8758//8751 8747//8751 8743//8751 8755//8751
f 8707//8752 8759//8752 8642//8752 8488//8752
f 8751//8753 8759//8753 8707//8753 8685//8753
f 8759//8754 8760//8754 8643//8754 8642//8754
f 8752//8755 8760//8755 8759//8755 8751//8755
f 8760//8756 8752//8756 8615//8756 8643//8756
