# Blender 4.4.0
# www.blender.org
o QuadMesh.005
v -0.625303 -0.558408 -0.556795
v -0.564174 -0.637900 -0.564475
v -0.557182 -0.559136 -0.625803
v -0.583702 -0.581796 -0.583660
v -0.830176 -0.555137 -0.021808
v -0.762620 -0.626186 -0.217137
v -0.767408 -0.633668 -0.172684
v -0.773080 -0.642607 -0.103610
v -0.776701 -0.648879 -0.034537
v -0.759858 -0.552681 -0.345477
v -0.766442 -0.564764 -0.310830
v -0.776052 -0.589902 -0.240799
v -0.794104 -0.587124 -0.172684
v -0.805390 -0.587124 -0.103610
v -0.814722 -0.581747 -0.040714
v -0.691838 -0.761086 -0.078240
v -0.694726 -0.764502 -0.034537
v -0.695513 -0.697670 -0.288422
v -0.702659 -0.707847 -0.241757
v -0.710577 -0.718265 -0.172684
v -0.711755 -0.730860 -0.102203
v -0.724402 -0.725271 -0.034537
v -0.700844 -0.637740 -0.365550
v -0.711161 -0.658938 -0.311200
v -0.739398 -0.652005 -0.240799
v -0.745114 -0.668205 -0.172684
v -0.750719 -0.677144 -0.103610
v -0.754947 -0.683415 -0.034537
v -0.702516 -0.573080 -0.434461
v -0.724705 -0.585905 -0.378538
v -0.747221 -0.599301 -0.310830
v -0.755940 -0.614779 -0.263186
v -0.621893 -0.829081 -0.080856
v -0.625555 -0.832190 -0.034537
v -0.623617 -0.762226 -0.349142
v -0.631555 -0.771731 -0.310830
v -0.643306 -0.785107 -0.241757
v -0.650819 -0.792111 -0.172684
v -0.655427 -0.794880 -0.102572
v -0.660092 -0.799039 -0.034537
v -0.628183 -0.699824 -0.424664
v -0.637857 -0.723818 -0.375261
v -0.668315 -0.722525 -0.311200
v -0.677843 -0.742383 -0.241757
v -0.685355 -0.752802 -0.172684
v -0.688962 -0.757610 -0.124289
v -0.628605 -0.632035 -0.492719
v -0.642646 -0.655515 -0.448204
v -0.677218 -0.658938 -0.385106
v -0.686225 -0.683789 -0.334471
v -0.640677 -0.583709 -0.516666
v -0.679027 -0.592512 -0.454082
v -0.689219 -0.619129 -0.411599
v -0.557268 -0.833431 -0.353849
v -0.566676 -0.842167 -0.310830
v -0.578326 -0.851616 -0.241757
v -0.584846 -0.854772 -0.172684
v -0.593895 -0.849769 -0.103773
v -0.587124 -0.859376 -0.034537
v -0.564827 -0.773812 -0.432459
v -0.584072 -0.791044 -0.374520
v -0.601213 -0.806267 -0.310830
v -0.612863 -0.819644 -0.241757
v -0.619383 -0.826648 -0.172684
v -0.621433 -0.828674 -0.126905
v -0.566823 -0.709327 -0.500934
v -0.588849 -0.727600 -0.451586
v -0.610876 -0.745873 -0.395191
v -0.588523 -0.657992 -0.519851
v -0.612872 -0.678084 -0.470713
v -0.610223 -0.604457 -0.538768
v -0.761442 -0.281001 -0.554891
v -0.766504 -0.241757 -0.562101
v -0.773285 -0.172684 -0.571917
v -0.777229 -0.103610 -0.577870
v -0.778863 -0.034537 -0.580522
v -0.696590 -0.426068 -0.559862
v -0.707238 -0.379904 -0.573105
v -0.697460 -0.293215 -0.629090
v -0.725196 -0.310132 -0.586805
v -0.705680 -0.241757 -0.638460
v -0.740217 -0.241757 -0.596638
v -0.713587 -0.172684 -0.647879
v -0.748124 -0.172684 -0.606453
v -0.718363 -0.103610 -0.653898
v -0.752899 -0.103610 -0.612407
v -0.691683 -0.022358 -0.691727
v -0.715094 -0.041044 -0.663086
v -0.755009 -0.034537 -0.615059
v -0.637131 -0.518051 -0.570227
v -0.630784 -0.431210 -0.630633
v -0.657740 -0.451663 -0.588905
v -0.643810 -0.379904 -0.643289
v -0.678347 -0.379904 -0.607642
v -0.628631 -0.291736 -0.696938
v -0.658375 -0.315500 -0.658333
v -0.688119 -0.339264 -0.618719
v -0.638082 -0.241757 -0.705396
v -0.672619 -0.241757 -0.672996
v -0.647865 -0.172684 -0.714440
v -0.682402 -0.172684 -0.682416
v -0.653918 -0.103610 -0.720441
v -0.688454 -0.103610 -0.688434
v -0.663087 -0.041044 -0.717839
v -0.690704 -0.068407 -0.690703
v -0.570534 -0.518051 -0.637746
v -0.605070 -0.518051 -0.604764
v -0.559641 -0.426347 -0.696421
v -0.588806 -0.451803 -0.657823
v -0.617970 -0.477259 -0.617948
v -0.572434 -0.379904 -0.706778
v -0.606971 -0.379904 -0.677826
v -0.554353 -0.279862 -0.761101
v -0.586199 -0.308824 -0.724714
v -0.618045 -0.337785 -0.687576
v -0.561989 -0.241757 -0.766710
v -0.596525 -0.241757 -0.739932
v -0.573422 -0.172684 -0.774948
v -0.607958 -0.172684 -0.748976
v -0.581030 -0.103610 -0.780434
v -0.615567 -0.103610 -0.754978
v -0.585364 -0.034537 -0.783628
v -0.619901 -0.034537 -0.758408
v -0.899690 -0.350538 -0.147981
v -0.902438 -0.358710 -0.103610
v -0.905058 -0.366687 -0.034537
v -0.901782 -0.290665 -0.222351
v -0.906066 -0.312546 -0.171677
v -0.916121 -0.310830 -0.103610
v -0.921234 -0.310830 -0.034537
v -0.900727 -0.220487 -0.285429
v -0.906870 -0.242810 -0.243928
v -0.922094 -0.241757 -0.172684
v -0.931799 -0.241757 -0.103610
v -0.937144 -0.241757 -0.034537
v -0.904684 -0.172684 -0.298304
v -0.919478 -0.172684 -0.241757
v -0.933430 -0.172684 -0.172684
v -0.943222 -0.172684 -0.103610
v -0.948945 -0.172684 -0.034537
v -0.898702 -0.079748 -0.347285
v -0.906891 -0.103108 -0.316050
v -0.927138 -0.103610 -0.241757
v -0.941160 -0.103610 -0.172684
v -0.951149 -0.103610 -0.103610
v -0.956968 -0.103610 -0.034537
v -0.898996 -0.034537 -0.348035
v -0.910888 -0.034537 -0.310830
v -0.929976 -0.034537 -0.241757
v -0.944466 -0.034537 -0.172684
v -0.954722 -0.034537 -0.103610
v -0.960674 -0.034537 -0.034537
v -0.832194 -0.490743 -0.219130
v -0.837233 -0.501684 -0.172684
v -0.842609 -0.513414 -0.103610
v -0.842881 -0.524865 -0.040714
v -0.835090 -0.429828 -0.293722
v -0.842150 -0.451302 -0.241995
v -0.859366 -0.448977 -0.172684
v -0.869890 -0.448977 -0.103610
v -0.875421 -0.448977 -0.034537
v -0.835299 -0.362915 -0.360736
v -0.845033 -0.383525 -0.314380
v -0.869187 -0.379904 -0.241757
v -0.886605 -0.376099 -0.171677
v -0.890699 -0.393246 -0.103610
v -0.893430 -0.401223 -0.034537
v -0.832978 -0.289190 -0.422991
v -0.843280 -0.311661 -0.382218
v -0.870252 -0.310831 -0.310830
v -0.890054 -0.312546 -0.243928
v -0.895576 -0.336714 -0.194030
v -0.839082 -0.241757 -0.435538
v -0.863204 -0.241757 -0.379904
v -0.888389 -0.242810 -0.309404
v -0.895898 -0.266536 -0.268400
v -0.830282 -0.148542 -0.485952
v -0.843127 -0.172013 -0.453818
v -0.876250 -0.172684 -0.379904
v -0.894030 -0.172684 -0.332841
v -0.832223 -0.103610 -0.489372
v -0.852712 -0.103610 -0.448977
v -0.886184 -0.103108 -0.374147
v -0.897067 -0.125797 -0.342554
v -0.833618 -0.034537 -0.491877
v -0.855271 -0.034537 -0.448977
v -0.885071 -0.034537 -0.382572
v -0.760350 -0.484623 -0.415439
v -0.766903 -0.511809 -0.373062
v -0.789737 -0.518051 -0.310830
v -0.813890 -0.515481 -0.241995
v -0.821041 -0.536221 -0.172684
v -0.826654 -0.547951 -0.103610
v -0.828807 -0.552432 -0.067857
v -0.768318 -0.448977 -0.430278
v -0.792469 -0.448977 -0.379904
v -0.818654 -0.451302 -0.314380
v -0.825684 -0.475877 -0.265179
v -0.767696 -0.364514 -0.496255
v -0.782849 -0.384485 -0.454141
v -0.818327 -0.383525 -0.382218
v -0.826825 -0.408964 -0.339771
v -0.774958 -0.306747 -0.518788
v -0.813432 -0.311661 -0.447200
v -0.825565 -0.335239 -0.406785
v -0.794243 -0.241757 -0.518051
v -0.822083 -0.241757 -0.470075
v -0.810973 -0.172013 -0.512606
v -0.827114 -0.194591 -0.480069
v -0.811766 -0.103610 -0.523908
v -0.813399 -0.034537 -0.526414
v -0.701033 -0.503126 -0.498544
v -0.724799 -0.516899 -0.447975
v -0.748565 -0.530672 -0.391526
v -0.713251 -0.449046 -0.520161
v -0.749025 -0.448977 -0.464815
v -0.744390 -0.384485 -0.518788
v -0.758157 -0.410563 -0.480608
v -0.752932 -0.327050 -0.542304
v -0.674331 -0.522911 -0.520161
v -0.688818 -0.549175 -0.480510
v -0.684695 -0.472117 -0.544593
v -0.501171 -0.710888 -0.568455
v -0.494188 -0.634700 -0.630311
v -0.520704 -0.659324 -0.589489
v -0.517548 -0.584146 -0.642834
v -0.540237 -0.605184 -0.610524
v -0.434635 -0.777914 -0.568014
v -0.427996 -0.703703 -0.630772
v -0.454340 -0.730320 -0.591259
v -0.415753 -0.622964 -0.691547
v -0.444899 -0.651856 -0.653566
v -0.474045 -0.680749 -0.614503
v -0.432103 -0.587124 -0.701949
v -0.466640 -0.587124 -0.679557
v -0.361493 -0.838856 -0.562236
v -0.355200 -0.766584 -0.626899
v -0.381371 -0.795274 -0.588149
v -0.378896 -0.726145 -0.643086
v -0.401249 -0.749752 -0.614063
v -0.379904 -0.637986 -0.700963
v -0.379904 -0.672523 -0.679051
v -0.351182 -0.557631 -0.762638
v -0.376485 -0.583243 -0.735030
v -0.310830 -0.851234 -0.574446
v -0.310830 -0.779036 -0.636805
v -0.310830 -0.813573 -0.608983
v -0.295441 -0.702386 -0.698600
v -0.315412 -0.725355 -0.674222
v -0.315412 -0.661569 -0.716488
v -0.341490 -0.688174 -0.689070
v -0.310830 -0.572608 -0.771007
v -0.310830 -0.607144 -0.751563
v -0.215438 -0.899485 -0.554545
v -0.218854 -0.832591 -0.625132
v -0.240170 -0.863675 -0.586339
v -0.241830 -0.798754 -0.645977
v -0.264903 -0.824718 -0.618133
v -0.241757 -0.715794 -0.707884
v -0.241757 -0.750330 -0.683990
v -0.227692 -0.631803 -0.765996
v -0.247133 -0.655375 -0.745422
v -0.247133 -0.593207 -0.782106
v -0.273741 -0.620287 -0.759014
v -0.172684 -0.900917 -0.556589
v -0.172684 -0.836872 -0.629514
v -0.172684 -0.871409 -0.591125
v -0.156924 -0.764695 -0.694746
v -0.177042 -0.790370 -0.668834
v -0.177042 -0.731420 -0.714435
v -0.202973 -0.758544 -0.689811
v -0.172684 -0.643544 -0.773144
v -0.172684 -0.678081 -0.751888
v -0.142717 -0.554502 -0.829890
v -0.168518 -0.581365 -0.809431
v -0.103610 -0.901188 -0.557279
v -0.103610 -0.839891 -0.633259
v -0.103610 -0.874428 -0.591816
v -0.103610 -0.769507 -0.698957
v -0.103610 -0.804044 -0.667795
v -0.075766 -0.692196 -0.760830
v -0.100718 -0.719241 -0.737234
v -0.100718 -0.660712 -0.776503
v -0.121815 -0.686746 -0.757271
v -0.103610 -0.560484 -0.833038
v -0.103610 -0.595021 -0.814447
v -0.034537 -0.900442 -0.556450
v -0.034537 -0.840699 -0.634801
v -0.034537 -0.875236 -0.590987
v -0.034537 -0.772765 -0.702077
v -0.034537 -0.807301 -0.669337
v -0.034537 -0.694523 -0.762498
v -0.034537 -0.729059 -0.736614
v -0.034537 -0.656198 -0.786504
v -0.034537 -0.567612 -0.836683
v -0.034537 -0.602149 -0.818351
v -0.484678 -0.898781 -0.347467
v -0.491763 -0.903316 -0.310830
v -0.501967 -0.909410 -0.241757
v -0.504764 -0.910221 -0.172684
v -0.502147 -0.907456 -0.103610
v -0.502425 -0.906218 -0.034537
v -0.498123 -0.842239 -0.434048
v -0.514425 -0.860859 -0.373682
v -0.526300 -0.876704 -0.310830
v -0.536503 -0.886153 -0.241757
v -0.539301 -0.889309 -0.172684
v -0.536683 -0.889378 -0.103610
v -0.536962 -0.890604 -0.034537
v -0.502792 -0.780070 -0.504017
v -0.523482 -0.799966 -0.456278
v -0.544172 -0.819861 -0.399898
v -0.525006 -0.733132 -0.525500
v -0.548841 -0.755376 -0.478508
v -0.547220 -0.683949 -0.546983
v -0.423272 -0.903022 -0.424576
v -0.447369 -0.908954 -0.374256
v -0.448977 -0.925164 -0.310830
v -0.448977 -0.935451 -0.241757
v -0.448977 -0.935911 -0.172684
v -0.448977 -0.929272 -0.103610
v -0.448977 -0.924932 -0.034537
v -0.434464 -0.844307 -0.501757
v -0.451892 -0.866297 -0.452336
v -0.469321 -0.888288 -0.393515
v -0.457574 -0.802017 -0.525912
v -0.480512 -0.826119 -0.480097
v -0.480684 -0.756937 -0.550066
v -0.354795 -0.902436 -0.490394
v -0.378653 -0.912068 -0.448151
v -0.379904 -0.936070 -0.379904
v -0.379904 -0.950993 -0.310830
v -0.379904 -0.957902 -0.241757
v -0.379904 -0.956580 -0.172684
v -0.379904 -0.948183 -0.103610
v -0.379904 -0.940816 -0.034537
v -0.381169 -0.864606 -0.519100
v -0.400844 -0.890355 -0.470625
v -0.407542 -0.823963 -0.547806
v -0.283492 -0.967375 -0.292481
v -0.289934 -0.967331 -0.241757
v -0.287282 -0.967086 -0.206320
v -0.310830 -0.909550 -0.502698
v -0.310830 -0.934263 -0.448977
v -0.310830 -0.954331 -0.379904
v -0.308242 -0.964263 -0.313636
v -0.324471 -0.966398 -0.241757
v -0.310516 -0.964895 -0.179051
v -0.310830 -0.955869 -0.103610
v -0.310830 -0.947318 -0.034537
v -0.310830 -0.885771 -0.537235
v -0.223321 -0.967369 -0.349189
v -0.244510 -0.967634 -0.313636
v -0.248107 -0.967464 -0.246003
v -0.275365 -0.967086 -0.206320
v -0.239780 -0.914001 -0.522362
v -0.241757 -0.947040 -0.448977
v -0.244510 -0.963450 -0.375289
v -0.269369 -0.966880 -0.338530
v -0.229316 -0.965651 -0.225809
v -0.248107 -0.962550 -0.179051
v -0.241757 -0.952769 -0.103610
v -0.241757 -0.945509 -0.034537
v -0.261486 -0.894759 -0.548261
v -0.197254 -0.967369 -0.349189
v -0.196341 -0.967525 -0.310830
v -0.202680 -0.967350 -0.271858
v -0.172684 -0.922314 -0.518051
v -0.172684 -0.950577 -0.448977
v -0.173611 -0.964110 -0.375289
v -0.161804 -0.965698 -0.310830
v -0.176867 -0.962637 -0.246003
v -0.172684 -0.952138 -0.172684
v -0.172684 -0.940822 -0.103610
v -0.172684 -0.934961 -0.034537
v -0.103610 -0.921366 -0.518051
v -0.103610 -0.946891 -0.448977
v -0.103610 -0.958459 -0.379904
v -0.103610 -0.960085 -0.310830
v -0.103610 -0.953859 -0.241757
v -0.103610 -0.941492 -0.172684
v -0.103610 -0.925545 -0.103610
v -0.103610 -0.916584 -0.034537
v -0.034537 -0.918755 -0.518051
v -0.034537 -0.942345 -0.448977
v -0.034537 -0.952648 -0.379904
v -0.034537 -0.953752 -0.310830
v -0.034537 -0.947651 -0.241757
v -0.034537 -0.935040 -0.172684
v -0.034537 -0.916146 -0.103610
v -0.034537 -0.903353 -0.034537
v -0.499294 -0.505563 -0.702164
v -0.520611 -0.524373 -0.675656
v -0.520611 -0.449214 -0.714314
v -0.545343 -0.472396 -0.685014
v -0.496291 -0.366425 -0.768442
v -0.518809 -0.385631 -0.744509
v -0.518809 -0.306064 -0.775765
v -0.542339 -0.325911 -0.752489
v -0.518051 -0.241757 -0.796202
v -0.489356 -0.159004 -0.832287
v -0.514648 -0.178291 -0.813143
v -0.495618 -0.103610 -0.835830
v -0.530155 -0.103610 -0.814970
v -0.500463 -0.034537 -0.838434
v -0.534999 -0.034537 -0.818165
v -0.419321 -0.489450 -0.762719
v -0.451024 -0.520531 -0.726543
v -0.482727 -0.551612 -0.690206
v -0.434386 -0.448977 -0.771752
v -0.468923 -0.448977 -0.750481
v -0.455098 -0.385631 -0.785945
v -0.482203 -0.412474 -0.758967
v -0.426145 -0.295899 -0.835049
v -0.449093 -0.315686 -0.815767
v -0.439977 -0.241757 -0.842040
v -0.474514 -0.241757 -0.823837
v -0.455477 -0.178291 -0.846571
v -0.482834 -0.205053 -0.828512
v -0.448977 -0.103610 -0.859468
v -0.448977 -0.034537 -0.864213
v -0.376485 -0.514705 -0.771833
v -0.397231 -0.535499 -0.750923
v -0.347902 -0.417297 -0.830050
v -0.374517 -0.443784 -0.805572
v -0.362798 -0.379904 -0.836807
v -0.397335 -0.379904 -0.820540
v -0.385421 -0.315686 -0.847849
v -0.412123 -0.341948 -0.827771
v -0.379904 -0.241757 -0.869556
v -0.347035 -0.142995 -0.898580
v -0.373997 -0.168685 -0.884542
v -0.351660 -0.103610 -0.900274
v -0.386196 -0.103610 -0.887056
v -0.356802 -0.034537 -0.902130
v -0.391338 -0.034537 -0.889197
v -0.276910 -0.484003 -0.829108
v -0.304293 -0.511437 -0.804976
v -0.304293 -0.443784 -0.835518
v -0.322959 -0.463346 -0.820156
v -0.310830 -0.379904 -0.857202
v -0.278502 -0.279007 -0.898672
v -0.305248 -0.305551 -0.882294
v -0.289687 -0.241757 -0.902180
v -0.324223 -0.241757 -0.890934
v -0.313312 -0.168685 -0.905886
v -0.337992 -0.189044 -0.895574
v -0.310830 -0.103610 -0.913048
v -0.310830 -0.034537 -0.916468
v -0.241757 -0.494765 -0.834175
v -0.241757 -0.529302 -0.817577
v -0.241757 -0.448977 -0.853496
v -0.210051 -0.347699 -0.898708
v -0.236548 -0.374396 -0.882484
v -0.236548 -0.305551 -0.902832
v -0.256100 -0.325056 -0.892458
v -0.241757 -0.241757 -0.915163
v -0.241757 -0.172684 -0.925349
v -0.241757 -0.103610 -0.931813
v -0.241757 -0.034537 -0.934736
v -0.168518 -0.519851 -0.840644
v -0.188766 -0.544076 -0.824731
v -0.172684 -0.448977 -0.870540
v -0.172684 -0.359535 -0.902559
v -0.172684 -0.394072 -0.891130
v -0.172684 -0.310831 -0.915901
v -0.172684 -0.241757 -0.930549
v -0.172684 -0.172684 -0.940294
v -0.172684 -0.103610 -0.946279
v -0.172684 -0.034537 -0.948547
v -0.103610 -0.518051 -0.853142
v -0.076088 -0.416924 -0.898892
v -0.100912 -0.443560 -0.885105
v -0.100912 -0.382932 -0.906726
v -0.122137 -0.407975 -0.895783
v -0.103610 -0.310831 -0.927114
v -0.103610 -0.241757 -0.941477
v -0.103610 -0.172684 -0.950882
v -0.103610 -0.103610 -0.956326
v -0.103610 -0.034537 -0.957882
v -0.034537 -0.518051 -0.860150
v -0.034537 -0.420391 -0.900192
v -0.034537 -0.454928 -0.886885
v -0.034537 -0.379904 -0.913344
v -0.034537 -0.310831 -0.932848
v -0.034537 -0.241757 -0.947169
v -0.034537 -0.172684 -0.956520
v -0.034537 -0.103610 -0.961903
v -0.034537 -0.034537 -0.963459
v -0.830520 -0.555830 0.034537
v -0.829772 -0.554361 0.080017
v -0.777940 -0.651855 0.034537
v -0.776353 -0.649983 0.103610
v -0.771772 -0.642388 0.172684
v -0.765726 -0.631946 0.227626
v -0.812477 -0.590367 0.034537
v -0.813891 -0.581281 0.103269
v -0.801803 -0.587124 0.172684
v -0.781125 -0.593167 0.247093
v -0.770314 -0.572118 0.310831
v -0.762219 -0.557044 0.350194
v -0.698114 -0.768886 0.034537
v -0.698412 -0.769858 0.103610
v -0.694744 -0.765281 0.172684
v -0.691464 -0.760829 0.209708
v -0.729907 -0.725271 0.034537
v -0.729197 -0.725271 0.103610
v -0.721097 -0.725271 0.172684
v -0.705710 -0.726545 0.236343
v -0.699456 -0.704370 0.297136
v -0.757064 -0.686392 0.034537
v -0.756055 -0.684520 0.103610
v -0.751624 -0.676925 0.172684
v -0.746241 -0.655461 0.247093
v -0.716934 -0.662144 0.316428
v -0.700725 -0.638485 0.379904
v -0.691342 -0.622671 0.415434
v -0.759016 -0.620221 0.273675
v -0.751480 -0.606655 0.310831
v -0.734430 -0.582891 0.375893
v -0.701283 -0.587124 0.431385
v -0.631885 -0.838009 0.034537
v -0.635039 -0.841682 0.103610
v -0.632879 -0.840294 0.172684
v -0.627453 -0.834991 0.225650
v -0.666422 -0.803422 0.034537
v -0.669576 -0.804394 0.103610
v -0.667416 -0.799818 0.172684
v -0.655931 -0.793975 0.240704
v -0.639075 -0.782130 0.310831
v -0.628182 -0.768307 0.357286
v -0.684408 -0.750419 0.255757
v -0.676450 -0.726545 0.316428
v -0.644546 -0.726809 0.380148
v -0.631236 -0.704809 0.429011
v -0.689756 -0.689133 0.343185
v -0.679913 -0.673022 0.379904
v -0.653866 -0.652135 0.445247
v -0.630447 -0.635550 0.495108
v -0.679355 -0.587124 0.465922
v -0.642957 -0.584872 0.518100
v -0.556888 -0.900728 0.116196
v -0.558163 -0.901703 0.172684
v -0.555721 -0.900179 0.218022
v -0.587124 -0.869434 0.034537
v -0.582797 -0.880486 0.097347
v -0.592700 -0.874831 0.172684
v -0.587899 -0.865003 0.244861
v -0.576646 -0.851620 0.310831
v -0.563226 -0.839113 0.362667
v -0.620077 -0.827120 0.271699
v -0.611183 -0.816666 0.310831
v -0.589128 -0.796590 0.383001
v -0.568982 -0.778823 0.436790
v -0.615031 -0.750858 0.403335
v -0.592252 -0.731976 0.455925
v -0.569473 -0.713093 0.503487
v -0.615522 -0.681599 0.475060
v -0.590791 -0.661233 0.522322
v -0.612108 -0.606395 0.541157
v -0.626278 -0.560346 0.557960
v -0.566059 -0.640867 0.566393
v -0.585257 -0.583807 0.585201
v -0.558406 -0.561219 0.626929
v -0.905737 -0.368633 0.034537
v -0.904575 -0.364893 0.103610
v -0.901129 -0.354694 0.172684
v -0.898508 -0.346984 0.209536
v -0.922700 -0.310830 0.034537
v -0.920411 -0.310830 0.103610
v -0.913483 -0.310830 0.172684
v -0.903003 -0.306544 0.236239
v -0.899120 -0.280663 0.279620
v -0.938647 -0.241757 0.034537
v -0.936173 -0.241757 0.103610
v -0.929194 -0.241757 0.172684
v -0.916300 -0.241757 0.241757
v -0.903006 -0.241757 0.290738
v -0.950267 -0.172684 0.034537
v -0.947503 -0.172684 0.103610
v -0.940437 -0.172684 0.172684
v -0.927526 -0.172684 0.241757
v -0.907084 -0.169411 0.313483
v -0.898865 -0.144205 0.347569
v -0.958251 -0.103610 0.034537
v -0.955256 -0.103610 0.103610
v -0.947936 -0.103610 0.172684
v -0.934972 -0.103610 0.241757
v -0.915350 -0.103610 0.310830
v -0.900858 -0.103610 0.352498
v -0.962161 -0.034537 0.034537
v -0.959016 -0.034537 0.103610
v -0.951138 -0.034537 0.172684
v -0.937808 -0.034537 0.241757
v -0.918427 -0.034537 0.310830
v -0.902568 -0.034537 0.356976
v -0.847573 -0.518051 0.034537
v -0.841804 -0.523678 0.103269
v -0.840348 -0.508563 0.172684
v -0.834703 -0.496022 0.229311
v -0.876588 -0.448977 0.034537
v -0.873671 -0.448977 0.103610
v -0.865980 -0.448977 0.172684
v -0.847340 -0.455541 0.248104
v -0.836627 -0.432699 0.310831
v -0.829684 -0.416334 0.347050
v -0.894072 -0.403170 0.034537
v -0.892722 -0.399430 0.103610
v -0.889050 -0.389231 0.172684
v -0.882207 -0.373967 0.236239
v -0.857018 -0.379904 0.310831
v -0.836461 -0.379904 0.361058
v -0.892815 -0.326712 0.255585
v -0.882299 -0.306544 0.305919
v -0.846975 -0.313970 0.384539
v -0.833942 -0.293038 0.423692
v -0.890594 -0.241757 0.325275
v -0.867475 -0.241757 0.379904
v -0.840299 -0.241757 0.435572
v -0.895373 -0.190254 0.338277
v -0.883276 -0.169411 0.374317
v -0.844461 -0.171879 0.453424
v -0.830682 -0.148318 0.486515
v -0.886201 -0.103610 0.387035
v -0.856446 -0.103610 0.448977
v -0.833664 -0.103610 0.491571
v -0.888432 -0.034537 0.391513
v -0.861361 -0.034537 0.448977
v -0.836348 -0.034537 0.496258
v -0.827885 -0.550454 0.126066
v -0.824375 -0.543100 0.172684
v -0.818865 -0.518648 0.248104
v -0.797641 -0.518051 0.310831
v -0.770707 -0.513713 0.375893
v -0.761895 -0.487796 0.417987
v -0.828626 -0.482941 0.275360
v -0.821672 -0.467236 0.310831
v -0.804250 -0.443206 0.374007
v -0.770573 -0.448977 0.432598
v -0.819356 -0.379904 0.395595
v -0.784465 -0.384668 0.454468
v -0.767555 -0.364819 0.495059
v -0.826939 -0.339087 0.410654
v -0.813802 -0.313970 0.447621
v -0.776952 -0.310830 0.509240
v -0.821215 -0.241757 0.470108
v -0.784843 -0.248249 0.524797
v -0.826571 -0.194367 0.479413
v -0.809645 -0.171879 0.512944
v -0.812230 -0.103610 0.526107
v -0.815346 -0.034537 0.530794
v -0.750240 -0.533845 0.396243
v -0.725960 -0.519324 0.450038
v -0.701680 -0.504802 0.499001
v -0.749637 -0.448977 0.467134
v -0.713409 -0.448903 0.520436
v -0.758325 -0.410868 0.481153
v -0.743404 -0.384668 0.518070
v -0.753565 -0.310830 0.543777
v -0.759620 -0.275602 0.552320
v -0.689801 -0.550851 0.482089
v -0.675681 -0.523916 0.520436
v -0.684986 -0.471878 0.545050
v -0.765706 -0.229553 0.560717
v -0.772032 -0.172684 0.569609
v -0.777694 -0.103610 0.577600
v -0.780809 -0.034537 0.582112
v -0.696038 -0.425829 0.559249
v -0.705879 -0.379904 0.571603
v -0.716172 -0.311693 0.591432
v -0.695404 -0.289244 0.626954
v -0.741651 -0.248249 0.585095
v -0.702716 -0.241757 0.635126
v -0.746053 -0.172684 0.604146
v -0.711517 -0.172684 0.644867
v -0.752373 -0.103610 0.612136
v -0.717836 -0.103610 0.652085
v -0.755921 -0.034537 0.616649
v -0.721384 -0.034537 0.655351
v -0.638081 -0.518051 0.571699
v -0.657819 -0.452133 0.588997
v -0.630651 -0.432388 0.630854
v -0.677400 -0.379904 0.606139
v -0.642863 -0.379904 0.643201
v -0.686990 -0.335293 0.617329
v -0.657114 -0.312687 0.657096
v -0.627238 -0.290081 0.695809
v -0.669967 -0.241757 0.669663
v -0.635430 -0.241757 0.703246
v -0.679493 -0.172684 0.679404
v -0.644957 -0.172684 0.711766
v -0.686620 -0.103610 0.686622
v -0.652083 -0.103610 0.717849
v -0.689890 -0.034537 0.689888
v -0.655353 -0.034537 0.721527
v -0.606637 -0.518051 0.606236
v -0.572100 -0.518051 0.639318
v -0.618834 -0.478437 0.618746
v -0.589559 -0.453229 0.658420
v -0.560284 -0.428021 0.697008
v -0.607249 -0.379904 0.677738
v -0.572712 -0.379904 0.707178
v -0.617773 -0.336130 0.687237
v -0.585449 -0.306806 0.724122
v -0.553125 -0.277482 0.760203
v -0.593997 -0.241757 0.737783
v -0.559460 -0.241757 0.764778
v -0.604572 -0.172684 0.746303
v -0.570035 -0.172684 0.772316
v -0.612175 -0.103610 0.752386
v -0.577638 -0.103610 0.777705
v -0.616837 -0.034537 0.756064
v -0.582300 -0.034537 0.780925
v -0.511007 -0.909304 0.034537
v -0.524776 -0.913238 0.097347
v -0.518051 -0.922305 0.172684
v -0.522401 -0.914311 0.241331
v -0.502542 -0.909332 0.310831
v -0.490122 -0.902238 0.355082
v -0.545544 -0.894842 0.034537
v -0.552284 -0.897822 0.070147
v -0.548326 -0.895016 0.264071
v -0.537078 -0.886156 0.310831
v -0.519430 -0.865140 0.381899
v -0.498100 -0.841236 0.448977
v -0.483786 -0.829119 0.483790
v -0.548739 -0.824872 0.408716
v -0.536301 -0.798846 0.455480
v -0.500579 -0.794344 0.500769
v -0.552044 -0.759142 0.482839
v -0.527795 -0.736274 0.527891
v -0.549594 -0.686916 0.549536
v -0.448977 -0.929468 0.034537
v -0.448977 -0.940445 0.103610
v -0.448977 -0.948579 0.172684
v -0.448977 -0.946909 0.241757
v -0.448977 -0.934724 0.310831
v -0.449115 -0.912887 0.378825
v -0.426182 -0.904065 0.425821
v -0.472231 -0.891166 0.401131
v -0.449115 -0.875916 0.448898
v -0.448977 -0.840962 0.498213
v -0.455673 -0.799028 0.536541
v -0.483160 -0.759455 0.552294
v -0.348531 -0.967365 0.203162
v -0.349099 -0.967502 0.241757
v -0.347179 -0.967323 0.278970
v -0.379904 -0.942532 0.034537
v -0.379904 -0.952456 0.103610
v -0.374895 -0.962458 0.177156
v -0.383635 -0.962668 0.241757
v -0.374083 -0.958298 0.305529
v -0.379904 -0.939339 0.379904
v -0.377301 -0.911673 0.448898
v -0.352541 -0.900800 0.487919
v -0.398590 -0.890800 0.471870
v -0.380566 -0.864385 0.518402
v -0.408591 -0.825175 0.548886
v -0.310830 -0.967531 0.201668
v -0.310830 -0.968046 0.241757
v -0.304486 -0.967498 0.305529
v -0.277232 -0.967124 0.345831
v -0.310830 -0.947384 0.034537
v -0.310830 -0.955866 0.103610
v -0.310830 -0.964340 0.167131
v -0.323281 -0.964671 0.325019
v -0.304486 -0.957172 0.373275
v -0.310830 -0.930053 0.448977
v -0.310830 -0.906069 0.496587
v -0.310830 -0.882309 0.531124
v -0.271966 -0.967362 0.203876
v -0.246067 -0.967658 0.246125
v -0.241757 -0.967718 0.310831
v -0.241757 -0.967181 0.346140
v -0.241757 -0.945284 0.034537
v -0.241757 -0.952089 0.103610
v -0.246067 -0.962137 0.177584
v -0.225917 -0.965569 0.226012
v -0.241757 -0.959978 0.380677
v -0.241757 -0.938204 0.448977
v -0.241757 -0.910717 0.504858
v -0.241757 -0.889078 0.539395
v -0.204115 -0.967353 0.272061
v -0.204288 -0.967352 0.310831
v -0.206415 -0.967136 0.345933
v -0.172684 -0.935650 0.034537
v -0.172684 -0.941655 0.103610
v -0.172684 -0.952301 0.172684
v -0.177728 -0.962178 0.246125
v -0.169751 -0.963130 0.310831
v -0.179108 -0.957724 0.373336
v -0.172684 -0.934647 0.448977
v -0.172684 -0.909430 0.503871
v -0.172684 -0.889386 0.538407
v -0.103610 -0.916779 0.034537
v -0.103610 -0.925321 0.103610
v -0.103610 -0.940448 0.172684
v -0.103610 -0.950741 0.241757
v -0.103610 -0.951466 0.310831
v -0.103610 -0.942297 0.379904
v -0.103610 -0.923169 0.448977
v -0.103610 -0.904448 0.496163
v -0.103610 -0.886237 0.530700
v -0.034537 -0.902276 0.034537
v -0.034537 -0.913737 0.103610
v -0.034537 -0.931780 0.172684
v -0.034537 -0.940819 0.241757
v -0.034537 -0.939283 0.310831
v -0.034537 -0.930048 0.379904
v -0.027995 -0.909829 0.455771
v -0.046659 -0.900355 0.488670
v -0.000610 -0.897891 0.483325
v -0.027995 -0.886363 0.514237
v -0.503545 -0.713406 0.570304
v -0.522853 -0.661995 0.591373
v -0.496112 -0.637073 0.631520
v -0.542161 -0.607268 0.612442
v -0.512864 -0.579961 0.652249
v -0.483567 -0.552654 0.690772
v -0.437111 -0.779126 0.569290
v -0.456656 -0.732348 0.592821
v -0.430152 -0.705242 0.631804
v -0.476201 -0.683122 0.616353
v -0.446514 -0.653575 0.654687
v -0.416828 -0.624028 0.692150
v -0.462877 -0.598703 0.677569
v -0.443502 -0.580257 0.699993
v -0.362542 -0.837970 0.562072
v -0.382738 -0.796179 0.588706
v -0.356884 -0.767182 0.627645
v -0.402933 -0.751291 0.615339
v -0.379907 -0.727068 0.644509
v -0.379904 -0.673969 0.680269
v -0.379904 -0.639432 0.701276
v -0.375553 -0.582439 0.735184
v -0.349628 -0.556292 0.761760
v -0.310830 -0.847772 0.573127
v -0.310830 -0.813051 0.607664
v -0.310830 -0.778515 0.636988
v -0.316080 -0.724954 0.674723
v -0.296555 -0.701718 0.698177
v -0.342604 -0.689037 0.689662
v -0.316080 -0.662086 0.715520
v -0.310830 -0.604736 0.750671
v -0.310830 -0.570200 0.769096
v -0.241757 -0.854541 0.582582
v -0.241757 -0.824103 0.617119
v -0.241757 -0.789566 0.647426
v -0.241757 -0.747703 0.681963
v -0.241757 -0.713167 0.706211
v -0.244671 -0.653612 0.743480
v -0.223589 -0.628865 0.764096
v -0.269638 -0.618415 0.758009
v -0.244671 -0.592084 0.778629
v -0.172684 -0.854849 0.585918
v -0.172684 -0.827773 0.620455
v -0.172684 -0.793236 0.653514
v -0.172684 -0.756324 0.688051
v -0.172684 -0.721787 0.713218
v -0.172684 -0.671724 0.747754
v -0.172684 -0.637187 0.769302
v -0.172684 -0.587124 0.797648
v -0.103610 -0.851700 0.584724
v -0.103610 -0.827060 0.619261
v -0.103610 -0.792523 0.655763
v -0.103610 -0.759293 0.690300
v -0.103610 -0.724757 0.717231
v -0.103610 -0.678773 0.751768
v -0.103610 -0.644236 0.774172
v -0.101347 -0.581233 0.811616
v -0.076813 -0.554282 0.829804
v -0.034537 -0.848977 0.582824
v -0.034537 -0.825761 0.617361
v -0.035101 -0.785029 0.663031
v -0.012453 -0.759955 0.690874
v -0.058502 -0.759669 0.690610
v -0.035101 -0.732095 0.713415
v -0.034537 -0.681848 0.753518
v -0.034537 -0.647311 0.776633
v -0.034537 -0.590607 0.811170
v -0.034537 -0.556070 0.830768
v -0.530798 -0.518051 0.673855
v -0.496261 -0.518051 0.699807
v -0.546506 -0.474070 0.685985
v -0.521309 -0.450218 0.715317
v -0.518664 -0.386230 0.745101
v -0.496048 -0.367422 0.768009
v -0.542097 -0.323531 0.752434
v -0.518664 -0.304636 0.774130
v -0.518051 -0.241757 0.791743
v -0.512612 -0.170994 0.809851
v -0.485962 -0.146842 0.830289
v -0.525172 -0.103610 0.812242
v -0.490636 -0.103610 0.832900
v -0.530129 -0.034537 0.815461
v -0.495593 -0.034537 0.835635
v -0.444598 -0.514002 0.734009
v -0.418653 -0.488278 0.762111
v -0.468915 -0.448977 0.751295
v -0.434378 -0.448977 0.770744
v -0.482861 -0.413471 0.759421
v -0.455493 -0.386230 0.784647
v -0.447382 -0.313553 0.814075
v -0.423293 -0.292343 0.833466
v -0.469575 -0.241757 0.821309
v -0.435038 -0.241757 0.839362
v -0.479100 -0.192891 0.826535
v -0.453236 -0.170994 0.843034
v -0.448977 -0.103610 0.853893
v -0.448977 -0.034537 0.859083
v -0.395677 -0.534327 0.750761
v -0.375553 -0.514002 0.770115
v -0.379904 -0.448977 0.797454
v -0.384018 -0.386266 0.820970
v -0.363736 -0.367482 0.836773
v -0.409785 -0.338392 0.826777
v -0.384018 -0.313553 0.845020
v -0.379904 -0.241757 0.864398
v -0.379904 -0.172684 0.876409
v -0.375159 -0.105558 0.886642
v -0.348972 -0.083833 0.899360
v -0.386985 -0.034537 0.886866
v -0.352448 -0.034537 0.900729
v -0.310830 -0.518051 0.794774
v -0.317193 -0.453444 0.821594
v -0.298410 -0.433398 0.836674
v -0.344459 -0.413531 0.828546
v -0.317193 -0.386266 0.847843
v -0.310830 -0.310830 0.874193
v -0.310442 -0.246094 0.889851
v -0.287158 -0.225961 0.901506
v -0.334457 -0.172684 0.894311
v -0.299920 -0.172684 0.905642
v -0.342980 -0.129882 0.897160
v -0.316306 -0.105558 0.908263
v -0.310830 -0.034537 0.915047
v -0.245044 -0.517089 0.816474
v -0.224211 -0.493423 0.833539
v -0.270260 -0.479447 0.827171
v -0.245044 -0.453444 0.844820
v -0.241757 -0.379904 0.873775
v -0.246734 -0.315502 0.892593
v -0.227027 -0.295592 0.902970
v -0.273076 -0.272010 0.897117
v -0.246734 -0.246094 0.908675
v -0.241757 -0.172684 0.922046
v -0.241757 -0.103610 0.930380
v -0.241757 -0.034537 0.935337
v -0.172684 -0.539935 0.822690
v -0.172684 -0.505398 0.839268
v -0.172684 -0.448977 0.863819
v -0.176456 -0.378993 0.889372
v -0.155946 -0.355361 0.901239
v -0.201995 -0.341641 0.896964
v -0.176456 -0.315502 0.908426
v -0.172684 -0.241757 0.925560
v -0.172684 -0.172684 0.936707
v -0.172684 -0.103610 0.944983
v -0.172684 -0.034537 0.949927
v -0.122862 -0.548833 0.827002
v -0.101347 -0.522705 0.842062
v -0.103610 -0.448977 0.874627
v -0.103610 -0.400929 0.893380
v -0.103610 -0.366392 0.904881
v -0.103610 -0.310830 0.920532
v -0.103610 -0.241757 0.935459
v -0.103610 -0.172684 0.946239
v -0.103610 -0.103610 0.954142
v -0.103610 -0.034537 0.958922
v -0.034537 -0.518051 0.849021
v -0.034537 -0.448977 0.879561
v -0.034537 -0.408250 0.895845
v -0.034537 -0.373714 0.907331
v -0.034537 -0.310830 0.925461
v -0.034537 -0.241757 0.940277
v -0.034537 -0.172684 0.950809
v -0.034537 -0.103610 0.958177
v -0.034537 -0.034537 0.962440
v -0.777740 0.034537 -0.578956
v -0.773382 0.103610 -0.572547
v -0.765647 0.172684 -0.561188
v -0.760552 0.209106 -0.553675
v -0.691683 0.011390 -0.691727
v -0.714230 0.034464 -0.662449
v -0.753928 0.034537 -0.613493
v -0.714803 0.103610 -0.650702
v -0.749340 0.103610 -0.607083
v -0.706488 0.172684 -0.640595
v -0.741024 0.172684 -0.595725
v -0.697775 0.223288 -0.630117
v -0.724295 0.239221 -0.585591
v -0.701457 0.310830 -0.567004
v -0.690999 0.345724 -0.552938
v -0.662498 0.034464 -0.717699
v -0.689724 0.057439 -0.689641
v -0.651092 0.103610 -0.719013
v -0.685629 0.103610 -0.685239
v -0.641735 0.172684 -0.710051
v -0.676272 0.172684 -0.675132
v -0.631199 0.226082 -0.699898
v -0.659253 0.247709 -0.659298
v -0.687307 0.269336 -0.617508
v -0.639239 0.310830 -0.640243
v -0.673776 0.310830 -0.601541
v -0.625501 0.349802 -0.625668
v -0.648382 0.370787 -0.577815
v -0.625215 0.417832 -0.556643
v -0.585179 0.034537 -0.783569
v -0.619715 0.034537 -0.758232
v -0.579448 0.103610 -0.779594
v -0.613985 0.103610 -0.753549
v -0.568518 0.172684 -0.771638
v -0.603055 0.172684 -0.744587
v -0.558681 0.217590 -0.764343
v -0.588969 0.244860 -0.726862
v -0.619257 0.272131 -0.688479
v -0.569978 0.310830 -0.705092
v -0.604515 0.310830 -0.674779
v -0.555154 0.347989 -0.692835
v -0.578934 0.371920 -0.648564
v -0.602713 0.395851 -0.602692
v -0.556664 0.417779 -0.625412
v -0.582663 0.431119 -0.582650
v -0.898595 0.006794 -0.347007
v -0.906466 0.031705 -0.314817
v -0.926902 0.034537 -0.241757
v -0.942018 0.034537 -0.172684
v -0.952702 0.034537 -0.103610
v -0.958984 0.034537 -0.034537
v -0.903587 0.103610 -0.294564
v -0.918016 0.103610 -0.241757
v -0.933588 0.103610 -0.172684
v -0.944784 0.103610 -0.103610
v -0.951406 0.103610 -0.034537
v -0.899829 0.146641 -0.282497
v -0.905272 0.170873 -0.241013
v -0.920448 0.172684 -0.172684
v -0.932101 0.172684 -0.103610
v -0.938848 0.172684 -0.034537
v -0.900546 0.215901 -0.217492
v -0.904194 0.240058 -0.167117
v -0.914683 0.241757 -0.103610
v -0.921811 0.241757 -0.034537
v -0.898428 0.277499 -0.140381
v -0.901298 0.284995 -0.103610
v -0.905023 0.294740 -0.034537
v -0.832310 0.034537 -0.489627
v -0.852434 0.034537 -0.448977
v -0.885502 0.031705 -0.373980
v -0.896418 0.052842 -0.340500
v -0.830192 0.077319 -0.485885
v -0.842464 0.101650 -0.453053
v -0.874393 0.103610 -0.379904
v -0.892935 0.103610 -0.329100
v -0.837976 0.172684 -0.433130
v -0.860812 0.172684 -0.379904
v -0.886627 0.170873 -0.307645
v -0.894677 0.192690 -0.263541
v -0.832123 0.216190 -0.421055
v -0.841018 0.240231 -0.379376
v -0.865591 0.241757 -0.310831
v -0.886798 0.240058 -0.241013
v -0.893449 0.261950 -0.186430
v -0.833288 0.285717 -0.355999
v -0.839692 0.309577 -0.306340
v -0.859115 0.310830 -0.241757
v -0.880797 0.304646 -0.167117
v -0.887104 0.319532 -0.103610
v -0.891337 0.329277 -0.034537
v -0.830280 0.347727 -0.280322
v -0.836066 0.357389 -0.241757
v -0.845350 0.372692 -0.172684
v -0.850477 0.386655 -0.110022
v -0.865117 0.379904 -0.034537
v -0.833293 0.420430 -0.091272
v -0.837198 0.426018 -0.034537
v -0.812277 0.034537 -0.524164
v -0.810683 0.101650 -0.512566
v -0.826501 0.123368 -0.478795
v -0.792128 0.172684 -0.518051
v -0.820826 0.172684 -0.467667
v -0.772448 0.235981 -0.516715
v -0.810211 0.240231 -0.446038
v -0.823489 0.262239 -0.402048
v -0.765467 0.287057 -0.492800
v -0.777139 0.310381 -0.448358
v -0.811014 0.309577 -0.379376
v -0.821926 0.331766 -0.326371
v -0.765402 0.353802 -0.424921
v -0.773046 0.378057 -0.373533
v -0.802844 0.374412 -0.306340
v -0.813783 0.391926 -0.241757
v -0.824014 0.407228 -0.172684
v -0.828704 0.414180 -0.137321
v -0.760210 0.414935 -0.346260
v -0.767014 0.423160 -0.310831
v -0.779247 0.437419 -0.241757
v -0.785366 0.453774 -0.172548
v -0.808045 0.445664 -0.110022
v -0.809512 0.460555 -0.034537
v -0.762846 0.486497 -0.149433
v -0.768432 0.491886 -0.103610
v -0.774975 0.498264 -0.034537
v -0.750816 0.255155 -0.538849
v -0.736451 0.310381 -0.516715
v -0.752631 0.333106 -0.470970
v -0.702818 0.361316 -0.518051
v -0.727754 0.383063 -0.452816
v -0.748926 0.399851 -0.392309
v -0.702877 0.427523 -0.434663
v -0.720739 0.444253 -0.370643
v -0.735433 0.457696 -0.310831
v -0.748758 0.471956 -0.241757
v -0.756369 0.479997 -0.195482
v -0.692553 0.485135 -0.348977
v -0.700896 0.492229 -0.310831
v -0.714222 0.503087 -0.241757
v -0.730115 0.507556 -0.172548
v -0.720230 0.530435 -0.103674
v -0.733166 0.532800 -0.034537
v -0.674762 0.395853 -0.518051
v -0.688909 0.412324 -0.480712
v -0.640226 0.431691 -0.518051
v -0.661218 0.453810 -0.456122
v -0.679576 0.473572 -0.395026
v -0.633527 0.492192 -0.431533
v -0.656410 0.500329 -0.375163
v -0.650903 0.528752 -0.307062
v -0.666815 0.537623 -0.241757
v -0.679231 0.545866 -0.172684
v -0.686952 0.550552 -0.126741
v -0.591262 0.468511 -0.523174
v -0.617045 0.480098 -0.477582
v -0.570996 0.494968 -0.503564
v -0.591262 0.508397 -0.452326
v -0.587263 0.539791 -0.383563
v -0.610380 0.547290 -0.327573
v -0.693845 0.554548 -0.080692
v -0.698630 0.557480 -0.034537
v -0.624348 0.554039 -0.281524
v -0.632278 0.558099 -0.241757
v -0.644695 0.563852 -0.172684
v -0.660836 0.566372 -0.103674
v -0.656198 0.576906 -0.034537
v -0.564331 0.557558 -0.362978
v -0.587263 0.562226 -0.307062
v -0.587124 0.574892 -0.241757
v -0.587124 0.584464 -0.172684
v -0.587124 0.591866 -0.103610
v -0.587124 0.598191 -0.034537
v -0.500264 0.034537 -0.838271
v -0.534800 0.034537 -0.818106
v -0.493858 0.103610 -0.834705
v -0.528395 0.103610 -0.814131
v -0.487274 0.146229 -0.831004
v -0.513400 0.170626 -0.808251
v -0.519834 0.241071 -0.779435
v -0.544047 0.263639 -0.753826
v -0.497998 0.292156 -0.769068
v -0.519834 0.313440 -0.740836
v -0.518051 0.363610 -0.706043
v -0.518051 0.398147 -0.675331
v -0.518051 0.431148 -0.640794
v -0.523093 0.468076 -0.590625
v -0.503429 0.494302 -0.569934
v -0.448977 0.034537 -0.863777
v -0.448977 0.103610 -0.856840
v -0.451052 0.170626 -0.842325
v -0.475459 0.192278 -0.824773
v -0.429410 0.225491 -0.836105
v -0.451052 0.245812 -0.816969
v -0.451086 0.313440 -0.782868
v -0.475515 0.338205 -0.755094
v -0.429466 0.356437 -0.767938
v -0.455520 0.384777 -0.729351
v -0.481574 0.413118 -0.689470
v -0.435525 0.426798 -0.703607
v -0.455632 0.453113 -0.660595
v -0.475739 0.479428 -0.615983
v -0.429690 0.490574 -0.631721
v -0.451220 0.506216 -0.590625
v -0.355727 0.034537 -0.901697
v -0.390264 0.034537 -0.888924
v -0.350656 0.082310 -0.899845
v -0.376170 0.104645 -0.887189
v -0.379904 0.172684 -0.872262
v -0.383945 0.245812 -0.847149
v -0.409664 0.271540 -0.826900
v -0.363615 0.290547 -0.836162
v -0.383945 0.312475 -0.815805
v -0.374274 0.379638 -0.776118
v -0.393545 0.402486 -0.749656
v -0.347496 0.415501 -0.760754
v -0.374274 0.435974 -0.726088
v -0.379904 0.475099 -0.680468
v -0.379904 0.499955 -0.645931
v -0.379927 0.536289 -0.583979
v -0.310830 0.034537 -0.915370
v -0.314821 0.104645 -0.907256
v -0.340506 0.128359 -0.896546
v -0.294457 0.159923 -0.903099
v -0.314821 0.178842 -0.892679
v -0.310830 0.241757 -0.874152
v -0.309577 0.312475 -0.843815
v -0.331766 0.336596 -0.823964
v -0.285717 0.350352 -0.832074
v -0.309577 0.375987 -0.804698
v -0.310830 0.423236 -0.767803
v -0.316859 0.462589 -0.724164
v -0.343902 0.482960 -0.690010
v -0.297853 0.490916 -0.700401
v -0.316859 0.509604 -0.662670
v -0.310830 0.545112 -0.605998
v -0.241757 0.034537 -0.933107
v -0.241757 0.103610 -0.925893
v -0.247839 0.178842 -0.909901
v -0.274918 0.205971 -0.897653
v -0.228869 0.221213 -0.902630
v -0.247839 0.243245 -0.890725
v -0.241757 0.310830 -0.863757
v -0.241757 0.359871 -0.838031
v -0.241757 0.394407 -0.814194
v -0.241757 0.436067 -0.779658
v -0.241757 0.470604 -0.745781
v -0.241757 0.499168 -0.711245
v -0.243600 0.536400 -0.652782
v -0.267853 0.550784 -0.617532
v -0.172684 0.034537 -0.946292
v -0.172684 0.103610 -0.938677
v -0.172684 0.172684 -0.925353
v -0.167747 0.243245 -0.905988
v -0.187481 0.267262 -0.894815
v -0.141432 0.277492 -0.898469
v -0.167747 0.304642 -0.881640
v -0.172684 0.371715 -0.845380
v -0.172684 0.406252 -0.822980
v -0.167070 0.452971 -0.783017
v -0.186352 0.478657 -0.754464
v -0.140303 0.483979 -0.760310
v -0.167070 0.502698 -0.728972
v -0.172684 0.541682 -0.670767
v -0.103610 0.034537 -0.955122
v -0.103610 0.103610 -0.947201
v -0.103610 0.172684 -0.933748
v -0.103610 0.241757 -0.914088
v -0.103610 0.281561 -0.900234
v -0.103610 0.316097 -0.884479
v -0.102403 0.385463 -0.846347
v -0.124623 0.412193 -0.827286
v -0.078574 0.415827 -0.829910
v -0.102403 0.442902 -0.802958
v -0.103610 0.486647 -0.763137
v -0.103610 0.516074 -0.725271
v -0.103610 0.547477 -0.681099
v -0.034537 0.034537 -0.960556
v -0.034537 0.103610 -0.952435
v -0.034537 0.172684 -0.938845
v -0.034537 0.241757 -0.919105
v -0.034537 0.287234 -0.902742
v -0.034537 0.321770 -0.886968
v -0.034537 0.379904 -0.854838
v -0.034537 0.417685 -0.831289
v -0.034537 0.452222 -0.801438
v -0.034537 0.490263 -0.766902
v -0.034537 0.523318 -0.725271
v -0.034537 0.551106 -0.687953
v -0.549478 0.481557 -0.549613
v -0.523093 0.510071 -0.523174
v -0.522227 0.544031 -0.454122
v -0.548036 0.550904 -0.409027
v -0.453960 0.542821 -0.520428
v -0.480306 0.551582 -0.480576
v -0.402967 0.549551 -0.545037
v -0.281591 0.549971 -0.086592
v -0.284078 0.548624 -0.034537
v -0.210036 0.551513 -0.210156
v -0.225310 0.543766 -0.172684
v -0.247632 0.533713 -0.107214
v -0.241757 0.520210 -0.034537
v -0.140493 0.481991 -0.140603
v -0.152146 0.474451 -0.103610
v -0.164267 0.466545 -0.034537
v -0.172684 0.543357 -0.226090
v -0.167184 0.511161 -0.167250
v -0.186683 0.496420 -0.103610
v -0.198804 0.489636 -0.034537
v -0.103610 0.473389 -0.153187
v -0.103610 0.453892 -0.103610
v -0.103610 0.452861 -0.034537
v -0.089826 0.549076 -0.283381
v -0.109154 0.532275 -0.248184
v -0.103610 0.495294 -0.187724
v -0.034537 0.461523 -0.167912
v -0.034537 0.446043 -0.103610
v -0.031415 0.469443 -0.029494
v -0.034537 0.546554 -0.287837
v -0.034537 0.515494 -0.241757
v -0.034537 0.486991 -0.202449
v -0.012123 0.518051 -0.009676
v -0.356918 0.555406 -0.558857
v -0.310830 0.560254 -0.571461
v -0.221804 0.555519 -0.627480
v -0.243600 0.565156 -0.591554
v -0.172684 0.559679 -0.636230
v -0.172684 0.577645 -0.587124
v -0.103610 0.564292 -0.646562
v -0.103610 0.585573 -0.587124
v -0.034537 0.567243 -0.653416
v -0.034537 0.590615 -0.587124
v -0.501987 0.558857 -0.434527
v -0.522227 0.566031 -0.383563
v -0.518051 0.582416 -0.310831
v -0.518051 0.591515 -0.241757
v -0.518051 0.596997 -0.172684
v -0.518051 0.601155 -0.103610
v -0.518051 0.605538 -0.034537
v -0.434257 0.558285 -0.498988
v -0.453960 0.566624 -0.454122
v -0.448977 0.585356 -0.379904
v -0.448977 0.594191 -0.310831
v -0.448977 0.597661 -0.241757
v -0.448977 0.598421 -0.172684
v -0.448977 0.599042 -0.103610
v -0.448977 0.601505 -0.034537
v -0.379927 0.563732 -0.520428
v -0.379904 0.583803 -0.448977
v -0.379904 0.594940 -0.379904
v -0.379904 0.598202 -0.310831
v -0.379904 0.595841 -0.241757
v -0.379904 0.590902 -0.172684
v -0.379904 0.586915 -0.103610
v -0.379904 0.586985 -0.034537
v -0.310830 0.577498 -0.518051
v -0.310830 0.591998 -0.448977
v -0.310830 0.597479 -0.379904
v -0.310830 0.595155 -0.310831
v -0.310830 0.586886 -0.241757
v -0.310830 0.574645 -0.172684
v -0.307102 0.563398 -0.107214
v -0.318614 0.564840 -0.034537
v -0.241757 0.586468 -0.518051
v -0.241757 0.595239 -0.448977
v -0.241757 0.594760 -0.379904
v -0.241757 0.586248 -0.310831
v -0.236539 0.567755 -0.236611
v -0.259847 0.558366 -0.172684
v -0.274573 0.553374 -0.132641
v -0.172684 0.592931 -0.518051
v -0.172684 0.596417 -0.448977
v -0.172684 0.589797 -0.379904
v -0.172684 0.573595 -0.310831
v -0.172684 0.557837 -0.260627
v -0.103610 0.597927 -0.518051
v -0.103610 0.597447 -0.448977
v -0.103610 0.585530 -0.379904
v -0.109154 0.562520 -0.308176
v -0.135875 0.552953 -0.275493
v -0.034537 0.601214 -0.518051
v -0.034537 0.598811 -0.448977
v -0.034537 0.584360 -0.379904
v -0.034537 0.563391 -0.322374
v -0.012936 0.587124 -0.013147
v -0.007393 0.643128 -0.007736
v -0.960795 0.034537 0.034537
v -0.957782 0.034537 0.103610
v -0.949451 0.034537 0.172684
v -0.935610 0.034537 0.241757
v -0.916276 0.034537 0.310830
v -0.901574 0.034537 0.354617
v -0.953464 0.103610 0.034537
v -0.950702 0.103610 0.103610
v -0.942490 0.103610 0.172684
v -0.928673 0.103610 0.241757
v -0.907933 0.104082 0.315099
v -0.899591 0.081372 0.349529
v -0.940794 0.172684 0.034537
v -0.938008 0.172684 0.103610
v -0.929959 0.172684 0.172684
v -0.916347 0.172684 0.241757
v -0.903056 0.172684 0.292264
v -0.923378 0.241757 0.034537
v -0.919856 0.241757 0.103610
v -0.909311 0.246797 0.175848
v -0.903326 0.224165 0.241757
v -0.898806 0.209902 0.278960
v -0.905700 0.296223 0.034537
v -0.903649 0.290553 0.103610
v -0.900659 0.282933 0.154932
v -0.887612 0.034537 0.389154
v -0.859828 0.034537 0.448977
v -0.835634 0.034537 0.495122
v -0.896501 0.127420 0.340970
v -0.885769 0.104082 0.375493
v -0.847371 0.109970 0.455718
v -0.832505 0.091185 0.489741
v -0.891814 0.172684 0.326801
v -0.870770 0.172684 0.379904
v -0.842374 0.172684 0.440090
v -0.896921 0.273182 0.200981
v -0.892100 0.258702 0.241757
v -0.881155 0.236458 0.305523
v -0.847423 0.245124 0.384146
v -0.834961 0.224345 0.425894
v -0.891896 0.330760 0.034537
v -0.889293 0.325090 0.103610
v -0.886372 0.307906 0.175847
v -0.870964 0.310831 0.241757
v -0.847376 0.315104 0.314258
v -0.837414 0.294928 0.363950
v -0.866726 0.379904 0.034537
v -0.861387 0.379904 0.103610
v -0.847366 0.385517 0.175574
v -0.842282 0.368909 0.241757
v -0.834921 0.355888 0.293518
v -0.838247 0.427774 0.034537
v -0.835512 0.423935 0.103610
v -0.831911 0.418770 0.154476
v -0.814789 0.034537 0.529659
v -0.828727 0.137234 0.483235
v -0.813962 0.109970 0.514880
v -0.823919 0.172684 0.474627
v -0.797306 0.172684 0.518051
v -0.826669 0.270394 0.409999
v -0.814402 0.245124 0.448942
v -0.775445 0.237748 0.518209
v -0.826663 0.340977 0.339567
v -0.817941 0.315104 0.384146
v -0.782369 0.312711 0.451451
v -0.767375 0.290939 0.495289
v -0.827524 0.412284 0.200525
v -0.821782 0.403446 0.241757
v -0.812456 0.379309 0.314258
v -0.781410 0.381535 0.380001
v -0.769029 0.359598 0.430076
v -0.811523 0.462310 0.034537
v -0.808708 0.458472 0.103610
v -0.807119 0.444667 0.175574
v -0.783633 0.453137 0.241047
v -0.775476 0.433841 0.310830
v -0.765783 0.421863 0.357042
v -0.776986 0.500500 0.034537
v -0.774171 0.498013 0.103610
v -0.768159 0.492037 0.172684
v -0.762934 0.486708 0.217549
v -0.752190 0.258100 0.541338
v -0.755172 0.336988 0.476125
v -0.740221 0.312711 0.518209
v -0.753380 0.405647 0.403091
v -0.740710 0.381535 0.451451
v -0.704702 0.375255 0.513080
v -0.755423 0.478935 0.263598
v -0.745381 0.468378 0.310830
v -0.726143 0.450413 0.381732
v -0.704875 0.430259 0.448977
v -0.692992 0.417057 0.486742
v -0.736444 0.535037 0.034537
v -0.733950 0.532549 0.103610
v -0.720818 0.531166 0.176039
v -0.729548 0.508299 0.241047
v -0.710844 0.501045 0.310830
v -0.698907 0.490781 0.360374
v -0.675576 0.395180 0.532791
v -0.685796 0.478964 0.406422
v -0.671008 0.464795 0.448977
v -0.649449 0.442786 0.509218
v -0.689087 0.551569 0.201300
v -0.681585 0.546636 0.241757
v -0.665621 0.535581 0.310830
v -0.653775 0.517042 0.375970
v -0.636472 0.494808 0.448977
v -0.623322 0.484833 0.485645
v -0.603572 0.468515 0.531694
v -0.604286 0.543303 0.391567
v -0.583606 0.529702 0.446039
v -0.583178 0.495846 0.512422
v -0.780252 0.034537 0.581630
v -0.775811 0.103610 0.575558
v -0.767732 0.172684 0.564021
v -0.761740 0.212051 0.555346
v -0.755624 0.034537 0.616167
v -0.721087 0.034537 0.655248
v -0.751094 0.103610 0.610095
v -0.716557 0.103610 0.651561
v -0.742487 0.172684 0.598557
v -0.707950 0.172684 0.642005
v -0.725392 0.241629 0.587074
v -0.698595 0.225158 0.631067
v -0.704264 0.310831 0.570276
v -0.693367 0.349131 0.556007
v -0.689802 0.034537 0.689785
v -0.655266 0.034537 0.721839
v -0.686294 0.103610 0.686098
v -0.651757 0.103610 0.718244
v -0.677355 0.172684 0.676542
v -0.642818 0.172684 0.710282
v -0.688387 0.271207 0.618802
v -0.660149 0.249751 0.660426
v -0.631910 0.228294 0.700251
v -0.676750 0.310831 0.604813
v -0.642213 0.310831 0.643586
v -0.651981 0.374617 0.581983
v -0.628386 0.354055 0.628819
v -0.629527 0.422466 0.561909
v -0.617227 0.034537 0.756376
v -0.582690 0.034537 0.781085
v -0.612696 0.103610 0.752781
v -0.578159 0.103610 0.777913
v -0.602950 0.172684 0.744818
v -0.568413 0.172684 0.771129
v -0.620667 0.274343 0.689784
v -0.589772 0.246666 0.727737
v -0.558877 0.218989 0.764394
v -0.608422 0.310831 0.678122
v -0.573885 0.310831 0.708606
v -0.608719 0.400104 0.607958
v -0.583836 0.376442 0.653087
v -0.558954 0.352781 0.696123
v -0.583121 0.445948 0.582810
v -0.562670 0.423381 0.631305
v -0.557523 0.486875 0.557662
v -0.701908 0.559625 0.034537
v -0.699414 0.558264 0.103610
v -0.694826 0.555335 0.155251
v -0.656198 0.581154 0.034537
v -0.656198 0.579485 0.103610
v -0.662117 0.569106 0.176039
v -0.647048 0.566155 0.241757
v -0.631085 0.557809 0.310830
v -0.621753 0.552642 0.345518
v -0.587124 0.602238 0.034537
v -0.587124 0.602408 0.103610
v -0.587124 0.598534 0.172684
v -0.587124 0.590492 0.241757
v -0.587124 0.576428 0.310830
v -0.583606 0.560166 0.373087
v -0.558237 0.555223 0.421055
v -0.536056 0.545436 0.467104
v -0.515039 0.531934 0.514815
v -0.463201 0.544981 0.535683
v -0.281375 0.549920 0.022726
v -0.248628 0.530791 0.041265
v -0.232657 0.538082 0.103610
v -0.218173 0.547173 0.152918
v -0.159732 0.469378 0.034537
v -0.148419 0.476731 0.081279
v -0.194268 0.492807 0.034537
v -0.171940 0.503140 0.104026
v -0.175344 0.535063 0.174639
v -0.154093 0.545817 0.223047
v -0.103610 0.452788 0.034537
v -0.104408 0.462460 0.104026
v -0.081915 0.474516 0.150551
v -0.127964 0.489515 0.127328
v -0.104408 0.500967 0.173219
v -0.103508 0.537080 0.244346
v -0.080416 0.549703 0.282521
v -0.031415 0.461866 0.028418
v -0.034537 0.439645 0.103610
v -0.034537 0.464597 0.162414
v -0.012123 0.518051 0.008340
v -0.034537 0.490246 0.196950
v -0.034537 0.519123 0.241757
v -0.034537 0.546928 0.287709
v -0.530313 0.034537 0.815622
v -0.495776 0.034537 0.835715
v -0.525214 0.103610 0.812450
v -0.490677 0.103610 0.832879
v -0.512498 0.169249 0.807948
v -0.485772 0.143934 0.830154
v -0.546105 0.265038 0.755223
v -0.521069 0.241911 0.780455
v -0.521069 0.316822 0.745962
v -0.500056 0.297793 0.770545
v -0.536679 0.398830 0.677354
v -0.515413 0.377445 0.710481
v -0.533250 0.469430 0.603711
v -0.511940 0.444758 0.651072
v -0.490630 0.420086 0.696089
v -0.513356 0.496137 0.583261
v -0.487201 0.485774 0.624789
v -0.448977 0.034537 0.859145
v -0.448977 0.103610 0.853718
v -0.476096 0.189983 0.824945
v -0.451434 0.169249 0.841894
v -0.461216 0.241757 0.816714
v -0.426679 0.241757 0.835010
v -0.482197 0.343842 0.758952
v -0.448675 0.310491 0.794536
v -0.415152 0.277141 0.829251
v -0.455094 0.384951 0.747288
v -0.436148 0.365292 0.772477
v -0.448977 0.469113 0.674055
v -0.448977 0.434576 0.710264
v -0.443697 0.529714 0.581529
v -0.448977 0.495164 0.639519
v -0.387103 0.034537 0.886848
v -0.352567 0.034537 0.900786
v -0.375254 0.105165 0.886428
v -0.349130 0.083177 0.899437
v -0.379904 0.172684 0.874001
v -0.379904 0.241757 0.856182
v -0.393552 0.323190 0.818526
v -0.374278 0.304431 0.836033
v -0.410435 0.411341 0.757468
v -0.378969 0.379267 0.794144
v -0.347503 0.347194 0.829872
v -0.411177 0.481692 0.688392
v -0.387781 0.454055 0.730000
v -0.364386 0.426418 0.769763
v -0.379904 0.543967 0.602628
v -0.384853 0.509754 0.661700
v -0.365128 0.492693 0.702532
v -0.310830 0.034537 0.915138
v -0.342641 0.129226 0.897006
v -0.316102 0.105165 0.908443
v -0.331805 0.172684 0.893227
v -0.297269 0.172684 0.905048
v -0.308524 0.240292 0.884777
v -0.283962 0.216292 0.900536
v -0.310830 0.310831 0.858882
v -0.310830 0.394050 0.816280
v -0.310830 0.359513 0.836801
v -0.310830 0.474845 0.750984
v -0.310830 0.440308 0.781743
v -0.339050 0.550844 0.617121
v -0.313948 0.539938 0.655843
v -0.310830 0.503547 0.716447
v -0.241757 0.034537 0.935510
v -0.241757 0.103610 0.930875
v -0.241757 0.172684 0.921105
v -0.261296 0.262341 0.893812
v -0.239665 0.240293 0.905944
v -0.239665 0.307275 0.883166
v -0.215247 0.281880 0.900100
v -0.264298 0.408451 0.825149
v -0.241467 0.383218 0.846132
v -0.274984 0.483002 0.759269
v -0.246616 0.450950 0.796361
v -0.218249 0.418898 0.832088
v -0.254775 0.547095 0.678632
v -0.241855 0.519072 0.725303
v -0.228935 0.491050 0.767573
v -0.172684 0.034537 0.950224
v -0.172684 0.103610 0.945736
v -0.172684 0.172684 0.936402
v -0.172684 0.241757 0.920916
v -0.172684 0.328224 0.890980
v -0.172684 0.293687 0.904697
v -0.172684 0.379904 0.864695
v -0.172684 0.460255 0.809393
v -0.172684 0.425718 0.837133
v -0.172684 0.532715 0.731311
v -0.172684 0.498178 0.774856
v -0.103610 0.034537 0.959303
v -0.103610 0.103610 0.955074
v -0.103610 0.172684 0.946446
v -0.103610 0.241757 0.931918
v -0.121775 0.339947 0.895704
v -0.100694 0.314486 0.908441
v -0.100694 0.373986 0.879904
v -0.075726 0.347016 0.898825
v -0.103610 0.467249 0.814705
v -0.103610 0.432713 0.842542
v -0.103610 0.537586 0.738970
v -0.103610 0.503050 0.780169
v -0.034537 0.034537 0.962988
v -0.034537 0.103610 0.959281
v -0.034537 0.172684 0.951165
v -0.034537 0.241757 0.937318
v -0.034537 0.310831 0.915408
v -0.034537 0.383825 0.879732
v -0.034537 0.349289 0.900037
v -0.034537 0.470181 0.816958
v -0.034537 0.435644 0.845195
v -0.034537 0.539262 0.741815
v -0.034537 0.504726 0.782421
v -0.518051 0.609447 0.034537
v -0.518051 0.611189 0.103610
v -0.518051 0.609987 0.172684
v -0.518051 0.605619 0.241757
v -0.518051 0.596736 0.310830
v -0.518051 0.581346 0.379904
v -0.515039 0.561759 0.446039
v -0.490007 0.555106 0.489634
v -0.448977 0.605474 0.034537
v -0.448977 0.609034 0.103610
v -0.448977 0.610607 0.172684
v -0.448977 0.609845 0.241757
v -0.448977 0.605930 0.310830
v -0.448977 0.596387 0.379904
v -0.448977 0.579717 0.448977
v -0.443697 0.559977 0.514815
v -0.379904 0.591031 0.034537
v -0.379904 0.596950 0.103610
v -0.379904 0.602375 0.172684
v -0.379904 0.606310 0.241757
v -0.379904 0.607468 0.310830
v -0.379904 0.603359 0.379904
v -0.379904 0.592369 0.448977
v -0.379904 0.574478 0.518051
v -0.306972 0.564043 0.041265
v -0.310830 0.574593 0.103610
v -0.310830 0.586253 0.172684
v -0.310830 0.596433 0.241757
v -0.310830 0.603153 0.310830
v -0.310830 0.604135 0.379904
v -0.310830 0.598318 0.448977
v -0.310830 0.585780 0.518051
v -0.276233 0.552621 0.068775
v -0.267194 0.556674 0.103610
v -0.241421 0.563744 0.174639
v -0.241757 0.580429 0.241757
v -0.241757 0.593392 0.310830
v -0.241757 0.599746 0.379904
v -0.241757 0.599386 0.448977
v -0.241757 0.592563 0.518051
v -0.200142 0.555372 0.198967
v -0.175344 0.561604 0.244346
v -0.172684 0.579347 0.310830
v -0.172684 0.592637 0.379904
v -0.172684 0.598903 0.448977
v -0.172684 0.598101 0.518051
v -0.126465 0.555406 0.269096
v -0.103508 0.564438 0.307660
v -0.103610 0.586550 0.379904
v -0.103610 0.599194 0.448977
v -0.103610 0.603083 0.518051
v -0.012936 0.587124 0.014691
v -0.034537 0.562940 0.322246
v -0.034537 0.583969 0.379904
v -0.034537 0.599958 0.448977
v -0.034537 0.605871 0.518051
v -0.007393 0.643128 0.009781
v -0.417152 0.553513 0.554774
v -0.379904 0.558232 0.568091
v -0.313948 0.565300 0.591307
v -0.293001 0.556908 0.632583
v -0.241757 0.579769 0.587124
v -0.235753 0.560553 0.655843
v -0.208726 0.552942 0.691337
v -0.172684 0.589886 0.587124
v -0.172684 0.571746 0.656198
v -0.172684 0.556119 0.696774
v -0.103610 0.597834 0.587124
v -0.103610 0.580784 0.656198
v -0.103610 0.560691 0.704433
v -0.034537 0.601791 0.587124
v -0.034537 0.584866 0.656198
v -0.034537 0.562605 0.707278
v 0.034537 -0.900168 -0.556103
v 0.034537 -0.840878 -0.635140
v 0.034537 -0.875414 -0.590640
v 0.034537 -0.773466 -0.702790
v 0.034537 -0.808002 -0.669677
v 0.034537 -0.695639 -0.763294
v 0.034537 -0.730175 -0.737327
v 0.034537 -0.656198 -0.788173
v 0.034537 -0.569001 -0.837296
v 0.034537 -0.603538 -0.819224
v 0.103610 -0.901072 -0.557368
v 0.103610 -0.841127 -0.634846
v 0.103610 -0.875664 -0.591905
v 0.103610 -0.772230 -0.701398
v 0.103610 -0.806766 -0.669382
v 0.091978 -0.693684 -0.761891
v 0.110445 -0.720133 -0.740703
v 0.110445 -0.663094 -0.779138
v 0.138027 -0.690717 -0.759797
v 0.103610 -0.564439 -0.834921
v 0.103610 -0.598976 -0.816945
v 0.172684 -0.901961 -0.558400
v 0.172684 -0.840316 -0.633121
v 0.172684 -0.874853 -0.592937
v 0.172684 -0.768095 -0.697524
v 0.172684 -0.802632 -0.667657
v 0.172684 -0.725271 -0.728542
v 0.172684 -0.650411 -0.776876
v 0.172684 -0.684948 -0.756289
v 0.151295 -0.557923 -0.831585
v 0.173665 -0.583418 -0.813642
v 0.226000 -0.900668 -0.556380
v 0.241757 -0.834700 -0.627215
v 0.246117 -0.874553 -0.582492
v 0.216124 -0.763274 -0.693471
v 0.240192 -0.789517 -0.664870
v 0.240192 -0.728294 -0.709996
v 0.262173 -0.753333 -0.686271
v 0.241757 -0.635424 -0.767850
v 0.241757 -0.669961 -0.747295
v 0.241757 -0.587124 -0.793773
v 0.278088 -0.829748 -0.622449
v 0.304999 -0.850201 -0.587862
v 0.304999 -0.793980 -0.638276
v 0.324137 -0.816761 -0.611379
v 0.310830 -0.704028 -0.699578
v 0.310830 -0.738565 -0.676375
v 0.280419 -0.624686 -0.761534
v 0.306398 -0.651105 -0.734215
v 0.306398 -0.584837 -0.771441
v 0.326468 -0.606337 -0.751411
v 0.365275 -0.841234 -0.565330
v 0.359600 -0.770712 -0.630003
v 0.385462 -0.798624 -0.590671
v 0.346772 -0.691910 -0.691505
v 0.376211 -0.722048 -0.654168
v 0.405649 -0.752186 -0.616013
v 0.373840 -0.651264 -0.701174
v 0.392821 -0.671000 -0.678334
v 0.353319 -0.560288 -0.763823
v 0.377768 -0.584837 -0.737276
v 0.448977 -0.775360 -0.565656
v 0.429871 -0.706137 -0.632285
v 0.451328 -0.727605 -0.601061
v 0.417624 -0.624951 -0.692735
v 0.446772 -0.653732 -0.654858
v 0.475920 -0.682513 -0.615952
v 0.443980 -0.580718 -0.701157
v 0.463673 -0.599472 -0.677430
v 0.483571 -0.759865 -0.552635
v 0.498956 -0.725271 -0.565610
v 0.496222 -0.636464 -0.631381
v 0.523159 -0.662104 -0.591499
v 0.484204 -0.553423 -0.691211
v 0.513238 -0.581067 -0.652708
v 0.542271 -0.608711 -0.613095
v 0.034537 -0.918085 -0.518051
v 0.034537 -0.941803 -0.448977
v 0.034537 -0.952528 -0.379904
v 0.034537 -0.954200 -0.310830
v 0.034537 -0.948587 -0.241757
v 0.034537 -0.935125 -0.172684
v 0.034537 -0.915518 -0.103610
v 0.034537 -0.902845 -0.034537
v 0.103610 -0.920564 -0.518051
v 0.103610 -0.945974 -0.448977
v 0.103610 -0.958391 -0.379904
v 0.103610 -0.961340 -0.310830
v 0.103610 -0.956435 -0.241757
v 0.103610 -0.943300 -0.172684
v 0.103610 -0.925785 -0.103610
v 0.103610 -0.915086 -0.034537
v 0.195191 -0.967320 -0.348496
v 0.191117 -0.967468 -0.310830
v 0.197778 -0.967322 -0.268224
v 0.172684 -0.923315 -0.518051
v 0.172684 -0.950357 -0.448977
v 0.172374 -0.964077 -0.374874
v 0.156580 -0.966506 -0.310830
v 0.173926 -0.964445 -0.243823
v 0.172684 -0.955389 -0.172684
v 0.172684 -0.942834 -0.103610
v 0.172684 -0.933440 -0.034537
v 0.241757 -0.967358 -0.348437
v 0.241757 -0.967800 -0.310830
v 0.243848 -0.967556 -0.243823
v 0.268266 -0.967320 -0.202156
v 0.246117 -0.915570 -0.524323
v 0.241757 -0.948407 -0.448977
v 0.241757 -0.962959 -0.382974
v 0.222217 -0.966476 -0.222175
v 0.243848 -0.963996 -0.176552
v 0.241757 -0.954517 -0.103610
v 0.241757 -0.945189 -0.034537
v 0.272049 -0.897243 -0.551529
v 0.277511 -0.967177 -0.346332
v 0.286918 -0.967360 -0.310830
v 0.311692 -0.967405 -0.236987
v 0.310830 -0.967279 -0.202997
v 0.310830 -0.911023 -0.506451
v 0.310830 -0.936849 -0.448977
v 0.304654 -0.958406 -0.373575
v 0.321455 -0.964787 -0.310830
v 0.335291 -0.966795 -0.256831
v 0.310830 -0.964971 -0.168460
v 0.310830 -0.957219 -0.103610
v 0.310830 -0.948226 -0.034537
v 0.310830 -0.889417 -0.540988
v 0.345625 -0.967070 -0.210782
v 0.345625 -0.967070 -0.206653
v 0.357713 -0.903297 -0.492130
v 0.380404 -0.914246 -0.450343
v 0.379904 -0.940285 -0.379904
v 0.379904 -0.954595 -0.310830
v 0.373151 -0.961655 -0.236987
v 0.373151 -0.960492 -0.179250
v 0.379904 -0.951216 -0.103610
v 0.379904 -0.943757 -0.034537
v 0.384519 -0.866869 -0.521230
v 0.403762 -0.892504 -0.474277
v 0.411324 -0.826535 -0.550331
v 0.428028 -0.904821 -0.428228
v 0.450222 -0.913198 -0.379516
v 0.448977 -0.932666 -0.310830
v 0.448977 -0.942306 -0.241757
v 0.448977 -0.942943 -0.172684
v 0.448977 -0.936788 -0.103610
v 0.448977 -0.931588 -0.034537
v 0.448977 -0.843108 -0.500273
v 0.450222 -0.878398 -0.450343
v 0.474077 -0.892441 -0.402281
v 0.448977 -0.809896 -0.534810
v 0.490137 -0.902133 -0.356232
v 0.501445 -0.908321 -0.310830
v 0.521514 -0.911186 -0.235801
v 0.518051 -0.915740 -0.172684
v 0.523750 -0.909939 -0.106768
v 0.515469 -0.910627 -0.034537
v 0.485129 -0.830276 -0.485092
v 0.500250 -0.843060 -0.448977
v 0.520200 -0.866043 -0.383550
v 0.535982 -0.885916 -0.310830
v 0.546848 -0.894163 -0.254855
v 0.550574 -0.897045 -0.085849
v 0.550006 -0.896824 -0.034537
v 0.507374 -0.783274 -0.507724
v 0.534786 -0.810442 -0.448977
v 0.550262 -0.826495 -0.410869
v 0.533492 -0.725271 -0.534123
v 0.550095 -0.687745 -0.550199
v 0.034537 -0.518051 -0.861163
v 0.034537 -0.421099 -0.900441
v 0.034537 -0.455636 -0.887286
v 0.034537 -0.379904 -0.913778
v 0.034537 -0.310831 -0.933141
v 0.034537 -0.241757 -0.947535
v 0.034537 -0.172684 -0.957129
v 0.034537 -0.103610 -0.962910
v 0.034537 -0.034537 -0.964992
v 0.103610 -0.518051 -0.856370
v 0.080742 -0.417867 -0.899224
v 0.103704 -0.444126 -0.886734
v 0.103704 -0.384516 -0.907520
v 0.126791 -0.410616 -0.896705
v 0.103610 -0.310831 -0.928552
v 0.103610 -0.241757 -0.943195
v 0.103610 -0.172684 -0.953117
v 0.103610 -0.103610 -0.959176
v 0.103610 -0.034537 -0.961676
v 0.173665 -0.522245 -0.843266
v 0.197344 -0.548065 -0.826775
v 0.172684 -0.448977 -0.874093
v 0.172684 -0.364060 -0.903952
v 0.172684 -0.398597 -0.892676
v 0.172684 -0.310831 -0.918851
v 0.172684 -0.241757 -0.934011
v 0.172684 -0.172684 -0.944316
v 0.172684 -0.103610 -0.950643
v 0.172684 -0.034537 -0.953255
v 0.241757 -0.499518 -0.836024
v 0.241757 -0.534055 -0.820268
v 0.241757 -0.448977 -0.856881
v 0.214182 -0.351091 -0.899822
v 0.239027 -0.376431 -0.884360
v 0.239027 -0.308343 -0.905073
v 0.260231 -0.329709 -0.893536
v 0.241757 -0.241757 -0.919447
v 0.241757 -0.172684 -0.930181
v 0.241757 -0.103610 -0.936708
v 0.241757 -0.034537 -0.939226
v 0.279520 -0.486350 -0.830157
v 0.305859 -0.512845 -0.806953
v 0.305859 -0.444378 -0.836942
v 0.325569 -0.464336 -0.820722
v 0.310830 -0.379904 -0.859568
v 0.282387 -0.283660 -0.900002
v 0.307579 -0.308343 -0.884019
v 0.295556 -0.241757 -0.904354
v 0.330093 -0.241757 -0.892625
v 0.315677 -0.174222 -0.908533
v 0.341932 -0.198272 -0.896781
v 0.310830 -0.103610 -0.916984
v 0.310830 -0.034537 -0.919640
v 0.377768 -0.515346 -0.773175
v 0.399368 -0.536567 -0.751676
v 0.348772 -0.418287 -0.830468
v 0.375039 -0.444378 -0.806489
v 0.364391 -0.379904 -0.837684
v 0.398928 -0.379904 -0.821347
v 0.386173 -0.316800 -0.849338
v 0.413377 -0.343804 -0.828370
v 0.379904 -0.241757 -0.872240
v 0.349786 -0.152223 -0.899743
v 0.375648 -0.174222 -0.885977
v 0.355207 -0.103610 -0.901834
v 0.389744 -0.103610 -0.887806
v 0.359247 -0.034537 -0.903258
v 0.393784 -0.034537 -0.889805
v 0.420356 -0.490518 -0.763206
v 0.445619 -0.515346 -0.735212
v 0.445619 -0.442468 -0.770119
v 0.466405 -0.461153 -0.749494
v 0.448977 -0.379904 -0.794365
v 0.427648 -0.297755 -0.835734
v 0.449994 -0.316800 -0.817430
v 0.449994 -0.235756 -0.840419
v 0.473697 -0.254780 -0.823554
v 0.448977 -0.172684 -0.852619
v 0.448977 -0.103610 -0.861113
v 0.448977 -0.034537 -0.865561
v 0.497974 -0.518051 -0.700625
v 0.532511 -0.518051 -0.675756
v 0.483984 -0.415104 -0.760105
v 0.516069 -0.446143 -0.724172
v 0.548153 -0.477182 -0.687463
v 0.495475 -0.379904 -0.767363
v 0.530011 -0.379904 -0.744887
v 0.520430 -0.309683 -0.778381
v 0.545040 -0.331942 -0.754823
v 0.484156 -0.208731 -0.829242
v 0.511529 -0.235756 -0.805945
v 0.489474 -0.172684 -0.832174
v 0.524010 -0.172684 -0.811964
v 0.497904 -0.103610 -0.836724
v 0.532440 -0.103610 -0.817172
v 0.502678 -0.034537 -0.839174
v 0.537215 -0.034537 -0.820125
v 0.567960 -0.641696 -0.567046
v 0.560079 -0.562662 -0.627985
v 0.587044 -0.586840 -0.587184
v 0.629762 -0.564968 -0.561274
v 0.552936 -0.898198 -0.208806
v 0.553239 -0.898389 -0.172684
v 0.553108 -0.898290 -0.131898
v 0.564022 -0.839646 -0.364820
v 0.577085 -0.851379 -0.310830
v 0.586401 -0.863666 -0.239322
v 0.587776 -0.871165 -0.172684
v 0.580529 -0.876937 -0.106768
v 0.587124 -0.872162 -0.034537
v 0.553285 -0.760633 -0.484307
v 0.566537 -0.775905 -0.448977
v 0.590280 -0.798010 -0.385251
v 0.611622 -0.817441 -0.310830
v 0.619865 -0.826934 -0.269839
v 0.566877 -0.725271 -0.499586
v 0.602389 -0.728074 -0.452131
v 0.616537 -0.752966 -0.405682
v 0.592475 -0.662985 -0.524089
v 0.616991 -0.684274 -0.477257
v 0.614009 -0.611017 -0.544028
v 0.625859 -0.833170 -0.223790
v 0.629304 -0.836628 -0.172684
v 0.630819 -0.837828 -0.103610
v 0.632442 -0.838756 -0.034537
v 0.629205 -0.769526 -0.359633
v 0.639988 -0.782904 -0.310830
v 0.648088 -0.800083 -0.244791
v 0.669178 -0.789368 -0.179239
v 0.665356 -0.800179 -0.103610
v 0.666978 -0.803293 -0.034537
v 0.632895 -0.706917 -0.431208
v 0.654074 -0.722003 -0.375729
v 0.674525 -0.736093 -0.310830
v 0.686084 -0.753061 -0.241757
v 0.690665 -0.759713 -0.206635
v 0.633240 -0.638225 -0.497979
v 0.656092 -0.655284 -0.448364
v 0.678944 -0.672343 -0.391825
v 0.654525 -0.584326 -0.515838
v 0.679288 -0.603684 -0.465520
v 0.693322 -0.763025 -0.160586
v 0.695505 -0.765643 -0.103610
v 0.698143 -0.768756 -0.034537
v 0.690937 -0.691040 -0.345776
v 0.697754 -0.701556 -0.310830
v 0.709304 -0.718524 -0.241757
v 0.713170 -0.732122 -0.179239
v 0.725752 -0.725271 -0.103610
v 0.736967 -0.718392 -0.027873
v 0.693623 -0.626294 -0.419471
v 0.701044 -0.652070 -0.373242
v 0.725447 -0.656198 -0.310830
v 0.746918 -0.655722 -0.248265
v 0.751375 -0.677103 -0.172684
v 0.755518 -0.684250 -0.103610
v 0.757909 -0.687960 -0.046454
v 0.693677 -0.557635 -0.487649
v 0.703962 -0.583246 -0.445088
v 0.738282 -0.584257 -0.377917
v 0.752964 -0.609181 -0.310830
v 0.759615 -0.621312 -0.275628
v 0.759840 -0.690781 -0.000405
v 0.766118 -0.632381 -0.229579
v 0.772514 -0.642567 -0.172684
v 0.777565 -0.649714 -0.103610
v 0.776196 -0.661440 -0.027873
v 0.763415 -0.559322 -0.353568
v 0.771695 -0.574644 -0.310830
v 0.782232 -0.593822 -0.248265
v 0.808895 -0.580629 -0.166910
v 0.812102 -0.591511 -0.103610
v 0.814806 -0.595990 -0.034537
v 0.829250 -0.553275 -0.140036
v 0.831212 -0.556974 -0.103610
v 0.833502 -0.561454 -0.034537
v 0.584712 -0.511546 -0.637548
v 0.606128 -0.530233 -0.607323
v 0.563337 -0.431133 -0.698850
v 0.586667 -0.452085 -0.669099
v 0.586667 -0.374177 -0.706962
v 0.609386 -0.393384 -0.680570
v 0.557624 -0.285893 -0.763289
v 0.583239 -0.309683 -0.735496
v 0.566806 -0.241757 -0.769670
v 0.601342 -0.241757 -0.744594
v 0.577953 -0.172684 -0.777427
v 0.612490 -0.172684 -0.752881
v 0.592157 -0.099854 -0.778466
v 0.618537 -0.120375 -0.757456
v 0.587124 -0.034537 -0.787587
v 0.622087 -0.484184 -0.622062
v 0.639869 -0.511546 -0.585429
v 0.632246 -0.448977 -0.631607
v 0.670851 -0.454535 -0.587946
v 0.622702 -0.347335 -0.691626
v 0.652050 -0.371742 -0.652285
v 0.681398 -0.396148 -0.611518
v 0.630768 -0.310831 -0.698620
v 0.665305 -0.310831 -0.666681
v 0.643720 -0.241757 -0.710057
v 0.678257 -0.241757 -0.678778
v 0.660276 -0.165939 -0.712854
v 0.686019 -0.184468 -0.686179
v 0.622497 -0.074326 -0.760469
v 0.649792 -0.099854 -0.732764
v 0.624183 -0.034537 -0.761807
v 0.658720 -0.034537 -0.731264
v 0.701214 -0.435216 -0.565469
v 0.692889 -0.350099 -0.624001
v 0.710660 -0.375836 -0.587946
v 0.700302 -0.310831 -0.632144
v 0.738363 -0.313527 -0.584555
v 0.711060 -0.241757 -0.644241
v 0.745596 -0.241757 -0.603519
v 0.690786 -0.138419 -0.690787
v 0.712974 -0.165939 -0.660372
v 0.753032 -0.172684 -0.612923
v 0.693186 -0.103610 -0.693230
v 0.725823 -0.103610 -0.656198
v 0.757908 -0.103610 -0.619194
v 0.696582 -0.034537 -0.696727
v 0.736841 -0.041105 -0.650056
v 0.759782 -0.068508 -0.621627
v 0.765013 -0.292300 -0.559818
v 0.771607 -0.241757 -0.568983
v 0.778259 -0.172684 -0.578387
v 0.782455 -0.103610 -0.584657
v 0.760797 -0.022459 -0.622937
v 0.780332 -0.041105 -0.594011
v 0.678639 -0.518051 -0.537277
v 0.689530 -0.481265 -0.551062
v 0.704451 -0.518051 -0.502740
v 0.739066 -0.517037 -0.447655
v 0.752998 -0.539386 -0.399617
v 0.726672 -0.451286 -0.519743
v 0.752130 -0.467355 -0.469798
v 0.748563 -0.379904 -0.536329
v 0.757359 -0.338349 -0.549024
v 0.764660 -0.493337 -0.423749
v 0.773902 -0.517037 -0.377917
v 0.805965 -0.511661 -0.304618
v 0.817643 -0.529471 -0.241757
v 0.824679 -0.543928 -0.186085
v 0.762875 -0.421306 -0.488424
v 0.773626 -0.446189 -0.447655
v 0.808434 -0.444805 -0.375778
v 0.820888 -0.465047 -0.323500
v 0.771177 -0.379904 -0.501792
v 0.805599 -0.374810 -0.443434
v 0.820967 -0.394438 -0.396051
v 0.781811 -0.313527 -0.522820
v 0.817944 -0.310831 -0.462742
v 0.808501 -0.238771 -0.512608
v 0.825231 -0.259805 -0.476569
v 0.812796 -0.172684 -0.525970
v 0.816992 -0.103610 -0.532786
v 0.819257 -0.034537 -0.536479
v 0.829292 -0.484376 -0.277451
v 0.834282 -0.494934 -0.241757
v 0.839745 -0.519762 -0.166910
v 0.849153 -0.518051 -0.103610
v 0.853380 -0.518051 -0.034537
v 0.830797 -0.418998 -0.350002
v 0.836326 -0.444805 -0.304618
v 0.853954 -0.448977 -0.241757
v 0.869243 -0.448977 -0.172684
v 0.878072 -0.448977 -0.103610
v 0.881654 -0.448977 -0.034537
v 0.830015 -0.348389 -0.416713
v 0.837094 -0.374810 -0.375778
v 0.859737 -0.379904 -0.310830
v 0.883352 -0.374932 -0.237626
v 0.890477 -0.392715 -0.172684
v 0.894667 -0.404619 -0.103610
v 0.896313 -0.409379 -0.034537
v 0.835764 -0.310831 -0.428205
v 0.857023 -0.310831 -0.379904
v 0.884621 -0.308559 -0.308102
v 0.893436 -0.330069 -0.257896
v 0.830289 -0.213756 -0.485955
v 0.842335 -0.238771 -0.451718
v 0.874817 -0.241757 -0.379904
v 0.893593 -0.241757 -0.332214
v 0.833406 -0.172684 -0.491434
v 0.855150 -0.172684 -0.448977
v 0.887422 -0.177361 -0.376737
v 0.897457 -0.203503 -0.343890
v 0.837293 -0.103610 -0.498250
v 0.862694 -0.103610 -0.448977
v 0.888819 -0.103610 -0.392405
v 0.839355 -0.034537 -0.501942
v 0.866673 -0.034537 -0.448977
v 0.890736 -0.034537 -0.396644
v 0.899050 -0.348592 -0.211847
v 0.902202 -0.358178 -0.172684
v 0.905982 -0.370083 -0.103610
v 0.907281 -0.374842 -0.034537
v 0.900172 -0.284020 -0.283258
v 0.904528 -0.308559 -0.237626
v 0.916036 -0.310830 -0.172684
v 0.923187 -0.310830 -0.103610
v 0.925502 -0.310830 -0.034537
v 0.904865 -0.241757 -0.297677
v 0.919854 -0.241757 -0.241757
v 0.932541 -0.241757 -0.172684
v 0.939160 -0.241757 -0.103610
v 0.941112 -0.241757 -0.034537
v 0.900465 -0.157454 -0.351601
v 0.909600 -0.177361 -0.316851
v 0.931256 -0.172684 -0.241757
v 0.943698 -0.172684 -0.172684
v 0.950257 -0.172684 -0.103610
v 0.952307 -0.172684 -0.034537
v 0.902946 -0.103610 -0.357868
v 0.918861 -0.103610 -0.310830
v 0.937715 -0.103610 -0.241757
v 0.950190 -0.103610 -0.172684
v 0.956981 -0.103610 -0.103610
v 0.959377 -0.103610 -0.034537
v 0.904497 -0.034537 -0.362108
v 0.921707 -0.034537 -0.310830
v 0.940279 -0.034537 -0.241757
v 0.952807 -0.034537 -0.172684
v 0.959925 -0.034537 -0.103610
v 0.962604 -0.034537 -0.034537
v 0.034537 -0.902365 0.034537
v 0.034537 -0.913220 0.103610
v 0.034537 -0.929751 0.172684
v 0.034537 -0.938287 0.241757
v 0.034537 -0.936566 0.310831
v 0.034537 -0.927919 0.379904
v 0.028126 -0.908766 0.455771
v 0.046877 -0.899690 0.487369
v 0.000828 -0.897891 0.483325
v 0.028126 -0.886140 0.513456
v 0.103610 -0.914089 0.034537
v 0.103610 -0.921457 0.103610
v 0.103610 -0.934525 0.172684
v 0.103610 -0.943458 0.241757
v 0.103610 -0.943682 0.310831
v 0.103610 -0.935727 0.379904
v 0.103610 -0.918530 0.448977
v 0.103610 -0.902543 0.492748
v 0.103610 -0.884685 0.527285
v 0.172684 -0.930885 0.034537
v 0.172684 -0.935255 0.103610
v 0.172684 -0.944177 0.172684
v 0.172684 -0.951510 0.241757
v 0.172684 -0.953156 0.310831
v 0.172684 -0.946128 0.379904
v 0.172684 -0.927435 0.448977
v 0.172684 -0.906349 0.498706
v 0.172684 -0.886357 0.533242
v 0.241757 -0.942658 0.034537
v 0.241757 -0.946978 0.103610
v 0.241757 -0.953069 0.172684
v 0.241757 -0.957590 0.241757
v 0.241757 -0.958545 0.310831
v 0.241757 -0.951605 0.379904
v 0.241757 -0.931522 0.448977
v 0.241757 -0.907788 0.500062
v 0.241757 -0.885491 0.534599
v 0.310830 -0.947029 0.034537
v 0.310830 -0.952771 0.103610
v 0.310830 -0.958064 0.172684
v 0.310830 -0.960262 0.241757
v 0.310830 -0.958870 0.310831
v 0.310830 -0.949375 0.379904
v 0.310830 -0.926249 0.448977
v 0.310830 -0.904317 0.493585
v 0.310830 -0.878716 0.528122
v 0.379904 -0.944324 0.034537
v 0.379904 -0.951508 0.103610
v 0.379904 -0.957245 0.172684
v 0.379904 -0.957968 0.241757
v 0.379904 -0.952927 0.310831
v 0.379904 -0.938555 0.379904
v 0.376650 -0.911496 0.449649
v 0.351456 -0.900138 0.486676
v 0.397505 -0.890783 0.473121
v 0.377889 -0.863201 0.516766
v 0.404321 -0.822647 0.546856
v 0.448977 -0.934033 0.034537
v 0.448977 -0.942069 0.103610
v 0.448977 -0.947715 0.172684
v 0.448977 -0.946539 0.241757
v 0.448977 -0.937068 0.310831
v 0.451344 -0.915073 0.382016
v 0.429897 -0.905138 0.427072
v 0.475946 -0.893646 0.406448
v 0.451344 -0.877622 0.449649
v 0.448977 -0.841234 0.496970
v 0.454912 -0.797511 0.535007
v 0.481892 -0.758377 0.551394
v 0.524101 -0.910968 0.030229
v 0.518051 -0.921924 0.103610
v 0.518051 -0.925938 0.172684
v 0.518051 -0.921699 0.241757
v 0.517832 -0.909614 0.305043
v 0.494661 -0.904542 0.360399
v 0.551159 -0.897358 0.004332
v 0.540710 -0.889047 0.324209
v 0.523107 -0.868322 0.386724
v 0.500538 -0.843381 0.448977
v 0.484222 -0.829499 0.484162
v 0.551553 -0.827796 0.413049
v 0.535075 -0.811140 0.448977
v 0.511568 -0.787710 0.497267
v 0.523718 -0.731320 0.537167
v 0.550521 -0.688381 0.550663
v 0.034537 -0.848698 0.582609
v 0.034537 -0.825605 0.617146
v 0.031428 -0.784905 0.662873
v 0.006332 -0.759955 0.690874
v 0.052381 -0.759369 0.690347
v 0.031428 -0.731915 0.713030
v 0.034537 -0.681205 0.753036
v 0.034537 -0.646668 0.776307
v 0.034537 -0.589646 0.810843
v 0.034537 -0.555109 0.830242
v 0.103610 -0.850149 0.582722
v 0.103610 -0.825423 0.617259
v 0.103610 -0.790886 0.654066
v 0.103610 -0.757232 0.688603
v 0.103610 -0.722695 0.715482
v 0.103610 -0.676561 0.750019
v 0.103610 -0.642024 0.773026
v 0.097688 -0.580465 0.810055
v 0.070716 -0.553001 0.829102
v 0.172684 -0.851820 0.581998
v 0.172684 -0.824229 0.616535
v 0.172684 -0.789693 0.650339
v 0.172684 -0.752324 0.684876
v 0.172684 -0.717788 0.710469
v 0.172684 -0.668449 0.745006
v 0.172684 -0.633912 0.767595
v 0.172684 -0.587124 0.794488
v 0.241757 -0.850954 0.578084
v 0.241757 -0.819660 0.612621
v 0.241757 -0.785124 0.643992
v 0.241757 -0.743400 0.678528
v 0.241757 -0.708863 0.703390
v 0.242284 -0.652248 0.740644
v 0.219611 -0.626590 0.762913
v 0.265660 -0.616826 0.757043
v 0.242284 -0.591131 0.777012
v 0.310830 -0.844179 0.568790
v 0.310830 -0.808499 0.603327
v 0.310830 -0.773962 0.633430
v 0.312843 -0.723241 0.670600
v 0.291161 -0.698863 0.696391
v 0.337210 -0.685775 0.687534
v 0.312843 -0.660129 0.713158
v 0.310830 -0.602421 0.749058
v 0.310830 -0.567884 0.768015
v 0.358272 -0.835619 0.559442
v 0.378408 -0.793467 0.586226
v 0.352494 -0.764287 0.625247
v 0.398543 -0.748383 0.613010
v 0.377273 -0.725324 0.640649
v 0.386810 -0.660129 0.679940
v 0.368389 -0.639726 0.702190
v 0.414438 -0.621659 0.690733
v 0.381149 -0.588226 0.725947
v 0.347861 -0.554793 0.760968
v 0.435843 -0.776598 0.566962
v 0.454876 -0.730355 0.591127
v 0.427861 -0.702334 0.629897
v 0.473910 -0.681592 0.615291
v 0.450122 -0.657620 0.645916
v 0.448977 -0.604481 0.680339
v 0.448977 -0.569944 0.700476
v 0.504472 -0.712328 0.569242
v 0.523443 -0.661962 0.591460
v 0.496365 -0.635543 0.630826
v 0.542414 -0.609646 0.613678
v 0.513016 -0.581177 0.652667
v 0.483619 -0.552708 0.690803
v 0.034537 -0.518051 0.847903
v 0.034537 -0.448977 0.878455
v 0.034537 -0.406800 0.895331
v 0.034537 -0.372263 0.906878
v 0.034537 -0.310830 0.924660
v 0.034537 -0.241757 0.939626
v 0.034537 -0.172684 0.950216
v 0.034537 -0.103610 0.957273
v 0.034537 -0.034537 0.960501
v 0.116765 -0.546596 0.825929
v 0.097688 -0.521363 0.840481
v 0.103610 -0.448977 0.871858
v 0.103610 -0.397402 0.892060
v 0.103610 -0.362865 0.903783
v 0.103610 -0.310830 0.918486
v 0.103610 -0.241757 0.933579
v 0.103610 -0.172684 0.944362
v 0.103610 -0.103610 0.951427
v 0.103610 -0.034537 0.954504
v 0.172684 -0.536708 0.821237
v 0.172684 -0.502172 0.837628
v 0.172684 -0.448977 0.860550
v 0.173372 -0.377332 0.887442
v 0.150807 -0.352593 0.900381
v 0.196856 -0.337734 0.895920
v 0.173372 -0.313158 0.906829
v 0.172684 -0.241757 0.922824
v 0.172684 -0.172684 0.933693
v 0.172684 -0.103610 0.940821
v 0.172684 -0.034537 0.944407
v 0.243033 -0.515850 0.815062
v 0.220859 -0.491358 0.832498
v 0.266908 -0.477375 0.826331
v 0.243033 -0.452201 0.842978
v 0.241757 -0.379904 0.870700
v 0.244245 -0.313158 0.890692
v 0.222879 -0.291685 0.901968
v 0.268928 -0.266280 0.896020
v 0.244245 -0.242656 0.906818
v 0.241757 -0.172684 0.918562
v 0.241757 -0.103610 0.925566
v 0.241757 -0.034537 0.928971
v 0.310830 -0.518051 0.792382
v 0.315585 -0.452201 0.819951
v 0.295730 -0.431326 0.835744
v 0.341779 -0.410830 0.827557
v 0.315585 -0.384645 0.846084
v 0.310830 -0.310830 0.871133
v 0.308568 -0.242656 0.888069
v 0.284036 -0.220231 0.900420
v 0.329246 -0.172684 0.892702
v 0.294710 -0.172684 0.903888
v 0.339802 -0.103610 0.896121
v 0.305265 -0.103610 0.907324
v 0.344159 -0.052017 0.897560
v 0.317013 -0.031210 0.906832
v 0.393910 -0.532447 0.749704
v 0.374493 -0.512874 0.768552
v 0.379904 -0.448977 0.794728
v 0.383073 -0.384645 0.819541
v 0.362161 -0.364781 0.835800
v 0.408210 -0.336631 0.826216
v 0.383073 -0.312496 0.843620
v 0.379904 -0.241757 0.862540
v 0.379904 -0.172684 0.874366
v 0.379904 -0.103610 0.881457
v 0.373227 -0.031210 0.887300
v 0.345751 -0.005968 0.898093
v 0.443671 -0.512874 0.733351
v 0.417109 -0.486398 0.761206
v 0.467758 -0.448977 0.751272
v 0.433222 -0.448977 0.769441
v 0.482863 -0.413614 0.759461
v 0.455494 -0.386315 0.784335
v 0.447618 -0.312496 0.814961
v 0.423687 -0.290582 0.833091
v 0.471082 -0.241757 0.822947
v 0.436546 -0.241757 0.838909
v 0.480717 -0.198208 0.827552
v 0.454206 -0.174183 0.843032
v 0.448977 -0.103610 0.853032
v 0.448977 -0.034537 0.856238
v 0.532062 -0.518051 0.676198
v 0.497525 -0.518051 0.699779
v 0.548140 -0.477401 0.687578
v 0.522289 -0.452217 0.716531
v 0.520481 -0.386315 0.747966
v 0.499076 -0.367565 0.768881
v 0.545125 -0.331989 0.755117
v 0.520481 -0.309711 0.777029
v 0.518051 -0.241757 0.797207
v 0.513380 -0.174183 0.812758
v 0.487242 -0.152159 0.830864
v 0.525987 -0.103610 0.813528
v 0.491450 -0.103610 0.833159
v 0.528800 -0.034537 0.814979
v 0.494263 -0.034537 0.834723
v 0.557018 -0.900433 0.050381
v 0.561767 -0.903364 0.103610
v 0.563250 -0.904791 0.172684
v 0.558039 -0.901718 0.241757
v 0.553448 -0.898592 0.278160
v 0.582875 -0.880760 0.030229
v 0.596304 -0.880377 0.103610
v 0.597787 -0.879064 0.172684
v 0.592576 -0.871456 0.241757
v 0.583098 -0.859842 0.302069
v 0.566700 -0.842999 0.367000
v 0.612749 -0.818155 0.325978
v 0.592156 -0.799951 0.387531
v 0.567122 -0.776604 0.448977
v 0.552992 -0.760263 0.483956
v 0.617612 -0.754632 0.408061
v 0.603473 -0.729073 0.453091
v 0.567427 -0.725271 0.499671
v 0.618017 -0.685896 0.478858
v 0.593261 -0.664114 0.524730
v 0.614553 -0.611470 0.544847
v 0.636342 -0.842373 0.034537
v 0.638975 -0.845840 0.103610
v 0.636708 -0.844527 0.172684
v 0.629132 -0.836919 0.241757
v 0.623227 -0.830637 0.279929
v 0.670879 -0.807403 0.034537
v 0.673512 -0.808713 0.103610
v 0.671245 -0.804371 0.172684
v 0.666886 -0.789989 0.241338
v 0.639867 -0.794816 0.306105
v 0.631073 -0.772106 0.362012
v 0.687075 -0.754471 0.264083
v 0.677781 -0.740890 0.310831
v 0.655701 -0.724252 0.378707
v 0.634280 -0.708583 0.432809
v 0.680329 -0.674603 0.395402
v 0.657170 -0.657225 0.450098
v 0.634011 -0.639847 0.498798
v 0.680060 -0.604175 0.467388
v 0.655104 -0.584798 0.516487
v 0.701213 -0.772866 0.034537
v 0.701701 -0.774176 0.103610
v 0.698100 -0.769835 0.172684
v 0.693801 -0.764061 0.218034
v 0.735750 -0.725882 0.034537
v 0.740120 -0.718825 0.100370
v 0.727609 -0.725271 0.172684
v 0.709971 -0.728976 0.241338
v 0.700724 -0.706353 0.310831
v 0.692765 -0.693872 0.349353
v 0.758421 -0.688357 0.121235
v 0.754780 -0.681985 0.172684
v 0.747017 -0.668312 0.241757
v 0.735757 -0.650741 0.306145
v 0.703904 -0.653426 0.375388
v 0.694984 -0.628554 0.421339
v 0.752453 -0.608052 0.326046
v 0.740614 -0.585866 0.379515
v 0.705529 -0.583540 0.446209
v 0.693979 -0.558127 0.488127
v 0.760204 -0.691346 0.034537
v 0.760303 -0.691502 0.075186
v 0.781164 -0.656198 0.034537
v 0.775313 -0.661679 0.100370
v 0.774294 -0.647448 0.172684
v 0.766582 -0.633775 0.241757
v 0.761161 -0.624078 0.279997
v 0.815304 -0.595950 0.034537
v 0.813354 -0.591373 0.103610
v 0.810558 -0.580552 0.166726
v 0.790932 -0.587124 0.241757
v 0.771552 -0.585866 0.306145
v 0.764782 -0.562003 0.356232
v 0.833377 -0.561413 0.034537
v 0.831017 -0.556836 0.103610
v 0.829158 -0.553145 0.139730
v 0.568504 -0.642332 0.567629
v 0.587697 -0.587534 0.587652
v 0.560841 -0.563597 0.628460
v 0.630147 -0.565421 0.561625
v 0.679028 -0.518051 0.537759
v 0.689664 -0.481407 0.551228
v 0.753947 -0.540886 0.402281
v 0.739733 -0.517937 0.447927
v 0.704573 -0.518051 0.503223
v 0.751991 -0.465736 0.470251
v 0.726196 -0.450547 0.519095
v 0.746800 -0.379904 0.533510
v 0.755822 -0.333732 0.546727
v 0.825076 -0.544430 0.185779
v 0.818694 -0.530833 0.241757
v 0.807945 -0.512449 0.305688
v 0.775606 -0.517937 0.379515
v 0.765206 -0.494837 0.424202
v 0.821815 -0.466737 0.325284
v 0.809285 -0.445818 0.376468
v 0.773402 -0.445218 0.447927
v 0.762010 -0.419687 0.486963
v 0.820914 -0.392936 0.397201
v 0.804268 -0.373909 0.442685
v 0.769554 -0.379904 0.498973
v 0.816009 -0.310830 0.460137
v 0.779342 -0.310757 0.521442
v 0.823951 -0.253440 0.474343
v 0.805906 -0.234952 0.511180
v 0.810392 -0.172684 0.521793
v 0.814030 -0.103610 0.527045
v 0.815097 -0.034537 0.528310
v 0.853071 -0.518051 0.034537
v 0.848495 -0.518051 0.103610
v 0.839468 -0.520064 0.166726
v 0.834727 -0.496296 0.241757
v 0.829881 -0.485689 0.279235
v 0.881165 -0.448977 0.034537
v 0.876845 -0.448977 0.103610
v 0.868293 -0.448977 0.172684
v 0.854402 -0.448977 0.241757
v 0.837220 -0.445818 0.305688
v 0.831405 -0.420688 0.351152
v 0.896007 -0.408208 0.034537
v 0.893905 -0.401359 0.103610
v 0.889805 -0.388342 0.172684
v 0.883073 -0.373105 0.235006
v 0.859943 -0.379904 0.310831
v 0.837006 -0.373909 0.376468
v 0.829417 -0.346887 0.415466
v 0.892967 -0.325083 0.253530
v 0.883501 -0.305567 0.305212
v 0.854691 -0.310830 0.379904
v 0.834480 -0.310830 0.425600
v 0.890989 -0.241757 0.323377
v 0.870021 -0.241757 0.379904
v 0.839757 -0.234952 0.450382
v 0.828916 -0.207391 0.483575
v 0.895586 -0.172684 0.338071
v 0.879615 -0.172684 0.379904
v 0.849531 -0.172684 0.448977
v 0.830964 -0.172684 0.487256
v 0.897524 -0.127844 0.344083
v 0.886881 -0.104336 0.373811
v 0.854830 -0.103610 0.448977
v 0.833813 -0.103610 0.492508
v 0.884780 -0.034537 0.381479
v 0.855766 -0.034537 0.448977
v 0.834404 -0.034537 0.493773
v 0.906674 -0.373671 0.034537
v 0.904462 -0.366822 0.103610
v 0.900508 -0.353805 0.172684
v 0.898009 -0.345547 0.207481
v 0.924046 -0.310830 0.034537
v 0.919365 -0.310830 0.103610
v 0.911279 -0.310830 0.172684
v 0.901676 -0.305567 0.235006
v 0.898606 -0.279034 0.278442
v 0.939231 -0.241757 0.034537
v 0.934053 -0.241757 0.103610
v 0.925619 -0.241757 0.172684
v 0.913174 -0.241757 0.241757
v 0.901882 -0.241757 0.288840
v 0.950356 -0.172684 0.034537
v 0.944847 -0.172684 0.103610
v 0.935932 -0.172684 0.172684
v 0.923008 -0.172684 0.241757
v 0.906688 -0.172684 0.303534
v 0.957560 -0.103610 0.034537
v 0.951761 -0.103610 0.103610
v 0.942264 -0.103610 0.172684
v 0.928675 -0.103610 0.241757
v 0.907389 -0.104336 0.316967
v 0.898482 -0.081795 0.346724
v 0.960750 -0.034537 0.034537
v 0.954676 -0.034537 0.103610
v 0.944679 -0.034537 0.172684
v 0.930427 -0.034537 0.241757
v 0.910658 -0.034537 0.310830
v 0.898568 -0.034537 0.346942
v 0.606890 -0.530921 0.607674
v 0.585169 -0.511958 0.638137
v 0.586765 -0.452217 0.669431
v 0.563501 -0.431352 0.699060
v 0.609550 -0.392719 0.680617
v 0.586765 -0.373778 0.707077
v 0.583038 -0.309711 0.735130
v 0.557290 -0.285940 0.762995
v 0.600027 -0.241757 0.743297
v 0.565490 -0.241757 0.768605
v 0.609512 -0.172684 0.750551
v 0.574975 -0.172684 0.775188
v 0.614980 -0.103610 0.754732
v 0.580443 -0.103610 0.778991
v 0.617126 -0.034537 0.756386
v 0.582589 -0.034537 0.780442
v 0.640418 -0.511958 0.585640
v 0.622482 -0.484872 0.622454
v 0.670857 -0.454621 0.587424
v 0.632154 -0.448977 0.631936
v 0.680879 -0.393195 0.610648
v 0.651598 -0.369932 0.651571
v 0.622316 -0.346670 0.691313
v 0.664267 -0.310830 0.664473
v 0.629731 -0.310830 0.697942
v 0.676403 -0.241757 0.676471
v 0.641866 -0.241757 0.708761
v 0.684676 -0.172684 0.684708
v 0.650139 -0.172684 0.716014
v 0.688845 -0.117856 0.688862
v 0.661971 -0.098343 0.714442
v 0.656198 -0.034537 0.722464
v 0.700401 -0.435358 0.564599
v 0.708422 -0.374064 0.587424
v 0.691509 -0.347146 0.622526
v 0.735675 -0.310757 0.583317
v 0.698095 -0.310830 0.629936
v 0.743184 -0.241757 0.600438
v 0.708647 -0.241757 0.641935
v 0.750395 -0.172684 0.609652
v 0.715858 -0.172684 0.650172
v 0.754743 -0.103610 0.615148
v 0.714452 -0.098343 0.661982
v 0.690969 -0.071807 0.690966
v 0.756324 -0.034537 0.617089
v 0.722409 -0.034537 0.656198
v 0.691357 -0.034537 0.691349
v 0.763478 -0.287683 0.557754
v 0.769323 -0.241757 0.565902
v 0.775856 -0.172684 0.575115
v 0.779493 -0.103610 0.580612
v 0.780561 -0.034537 0.582552
v 0.034537 0.034537 -0.962450
v 0.034537 0.103610 -0.954636
v 0.034537 0.172684 -0.941213
v 0.034537 0.241757 -0.921530
v 0.034537 0.289885 -0.903982
v 0.034537 0.324421 -0.888014
v 0.034537 0.379904 -0.856877
v 0.034537 0.419011 -0.832281
v 0.034537 0.453548 -0.802766
v 0.034537 0.491642 -0.768229
v 0.034087 0.531372 -0.718512
v 0.010763 0.552439 -0.690455
v 0.103610 0.034537 -0.959707
v 0.103610 0.103610 -0.952471
v 0.103610 0.172684 -0.939492
v 0.103610 0.241757 -0.919974
v 0.103610 0.288056 -0.903214
v 0.103610 0.322593 -0.887053
v 0.103610 0.379904 -0.854899
v 0.103610 0.417631 -0.831264
v 0.103610 0.452168 -0.801530
v 0.103610 0.490551 -0.766993
v 0.098278 0.529805 -0.718512
v 0.117748 0.551282 -0.688387
v 0.172684 0.034537 -0.951433
v 0.172684 0.103610 -0.944565
v 0.172684 0.172684 -0.932012
v 0.176746 0.247362 -0.910144
v 0.202479 0.274123 -0.897194
v 0.156430 0.282618 -0.900789
v 0.176746 0.307718 -0.885695
v 0.168557 0.383791 -0.845203
v 0.188830 0.409406 -0.825313
v 0.142781 0.415540 -0.829708
v 0.174033 0.449333 -0.794497
v 0.205286 0.483127 -0.759417
v 0.159237 0.487345 -0.763682
v 0.178430 0.509833 -0.731944
v 0.172684 0.548076 -0.683092
v 0.241757 0.034537 -0.937357
v 0.241757 0.103610 -0.930659
v 0.241757 0.172684 -0.918170
v 0.241757 0.225636 -0.904118
v 0.241757 0.260173 -0.892288
v 0.241757 0.310830 -0.869982
v 0.241757 0.364825 -0.841112
v 0.241757 0.399362 -0.818453
v 0.241757 0.442836 -0.783917
v 0.241757 0.477373 -0.753747
v 0.241757 0.507073 -0.719210
v 0.241757 0.541610 -0.673231
v 0.310830 0.034537 -0.918009
v 0.316255 0.107085 -0.909135
v 0.342896 0.132426 -0.897141
v 0.294486 0.172684 -0.903813
v 0.329023 0.172684 -0.892391
v 0.279997 0.210920 -0.899184
v 0.306145 0.237070 -0.880828
v 0.311935 0.313507 -0.846321
v 0.335696 0.338315 -0.825109
v 0.289647 0.353321 -0.833840
v 0.311935 0.377769 -0.808881
v 0.310830 0.429331 -0.772174
v 0.310830 0.463868 -0.741110
v 0.310830 0.497190 -0.706573
v 0.312644 0.534356 -0.653808
v 0.336877 0.550016 -0.616419
v 0.357560 0.034537 -0.902538
v 0.392097 0.034537 -0.889331
v 0.351819 0.086377 -0.900379
v 0.376868 0.107085 -0.887890
v 0.379904 0.172684 -0.873239
v 0.384078 0.245718 -0.847699
v 0.409885 0.271383 -0.826840
v 0.363836 0.292266 -0.836759
v 0.384078 0.313507 -0.816708
v 0.377800 0.380647 -0.778769
v 0.399421 0.404167 -0.752114
v 0.353372 0.419071 -0.763607
v 0.378078 0.448210 -0.724316
v 0.402784 0.477349 -0.683650
v 0.356735 0.488651 -0.696519
v 0.379817 0.505819 -0.658854
v 0.379904 0.542079 -0.601124
v 0.448977 0.034537 -0.864803
v 0.448977 0.103610 -0.858044
v 0.450966 0.171435 -0.842836
v 0.475316 0.193627 -0.824798
v 0.429267 0.225334 -0.835946
v 0.450966 0.245718 -0.816790
v 0.451559 0.313629 -0.782926
v 0.476305 0.338520 -0.755578
v 0.430256 0.358118 -0.768358
v 0.451559 0.380647 -0.739578
v 0.448977 0.428084 -0.703156
v 0.455538 0.466595 -0.658854
v 0.482937 0.483174 -0.621177
v 0.436888 0.495099 -0.637601
v 0.449189 0.519011 -0.587324
v 0.502236 0.034537 -0.838890
v 0.536772 0.034537 -0.819934
v 0.495817 0.103610 -0.835477
v 0.530353 0.103610 -0.816207
v 0.488625 0.147579 -0.831626
v 0.514210 0.171435 -0.809651
v 0.519864 0.241694 -0.779744
v 0.544098 0.264677 -0.754133
v 0.498049 0.292471 -0.768805
v 0.519864 0.313629 -0.741858
v 0.512191 0.375373 -0.704558
v 0.531309 0.395377 -0.674166
v 0.485260 0.415772 -0.691966
v 0.512191 0.432502 -0.653164
v 0.518051 0.470555 -0.604699
v 0.518051 0.493975 -0.570162
v 0.065552 0.411165 -0.073957
v 0.065552 0.411165 -0.063271
v 0.034537 0.461869 -0.165490
v 0.039331 0.435444 -0.099633
v 0.033450 0.451235 -0.033190
v 0.034537 0.548162 -0.284520
v 0.034537 0.518862 -0.241757
v 0.034537 0.488751 -0.200027
v 0.008505 0.518051 -0.009676
v 0.073622 0.411165 -0.073957
v 0.073622 0.411165 -0.063271
v 0.088093 0.471997 -0.152514
v 0.103882 0.449278 -0.104022
v 0.099432 0.430420 -0.037963
v 0.074504 0.551219 -0.278958
v 0.099961 0.536998 -0.243560
v 0.108114 0.497644 -0.174397
v 0.134142 0.485629 -0.134086
v 0.153080 0.472608 -0.088037
v 0.165734 0.461660 -0.034537
v 0.159294 0.544737 -0.221738
v 0.178464 0.529874 -0.178635
v 0.174736 0.496324 -0.108081
v 0.200271 0.488135 -0.034537
v 0.227799 0.543492 -0.159578
v 0.247197 0.534279 -0.107467
v 0.241757 0.515843 -0.034537
v 0.283579 0.548888 -0.087014
v 0.289104 0.545758 -0.034537
v 0.461491 0.542924 -0.531281
v 0.512131 0.527299 -0.512174
v 0.535941 0.544821 -0.448977
v 0.551770 0.552277 -0.413519
v 0.056812 0.552745 -0.690982
v 0.034087 0.565604 -0.662937
v 0.034537 0.593675 -0.587124
v 0.071700 0.552745 -0.690982
v 0.098278 0.565527 -0.661696
v 0.103610 0.594393 -0.587124
v 0.172684 0.566367 -0.648555
v 0.172684 0.591187 -0.587124
v 0.241757 0.561697 -0.638694
v 0.241757 0.583319 -0.587124
v 0.290829 0.556692 -0.629190
v 0.312644 0.567509 -0.590887
v 0.379904 0.558752 -0.566587
v 0.415442 0.552990 -0.553471
v 0.034537 0.604309 -0.518051
v 0.034537 0.601962 -0.448977
v 0.034537 0.587639 -0.379904
v 0.034537 0.565050 -0.319057
v 0.015641 0.587124 -0.013147
v 0.010863 0.643128 -0.007736
v 0.103610 0.606862 -0.518051
v 0.103610 0.606578 -0.448977
v 0.103610 0.594745 -0.379904
v 0.099961 0.568423 -0.305522
v 0.120553 0.556724 -0.267787
v 0.172684 0.606556 -0.518051
v 0.172684 0.609714 -0.448977
v 0.172684 0.602160 -0.379904
v 0.172684 0.584470 -0.310831
v 0.178464 0.561201 -0.243560
v 0.205343 0.553224 -0.205627
v 0.241757 0.601952 -0.518051
v 0.241757 0.609030 -0.448977
v 0.241757 0.606388 -0.379904
v 0.241757 0.595201 -0.310831
v 0.241757 0.576527 -0.241757
v 0.247197 0.558327 -0.178635
v 0.273848 0.553585 -0.133063
v 0.310830 0.591973 -0.518051
v 0.310830 0.603614 -0.448977
v 0.310830 0.606159 -0.379904
v 0.310830 0.601364 -0.310831
v 0.310830 0.590811 -0.241757
v 0.310830 0.576215 -0.172684
v 0.308295 0.563271 -0.107467
v 0.323640 0.563179 -0.034537
v 0.379904 0.575509 -0.518051
v 0.379904 0.592407 -0.448977
v 0.379904 0.601023 -0.379904
v 0.379904 0.602754 -0.310831
v 0.379904 0.599712 -0.241757
v 0.379904 0.593606 -0.172684
v 0.379904 0.588139 -0.103610
v 0.379904 0.585796 -0.034537
v 0.442671 0.558199 -0.512174
v 0.448977 0.575227 -0.448977
v 0.448977 0.590465 -0.379904
v 0.448977 0.599167 -0.310831
v 0.448977 0.603039 -0.241757
v 0.448977 0.603876 -0.172684
v 0.448977 0.603707 -0.103610
v 0.448977 0.604094 -0.034537
v 0.485160 0.553289 -0.485232
v 0.501404 0.558921 -0.448977
v 0.524468 0.569145 -0.386258
v 0.518051 0.588434 -0.310831
v 0.518051 0.598556 -0.241757
v 0.518051 0.604694 -0.172684
v 0.518051 0.608385 -0.103610
v 0.518051 0.610852 -0.034537
v 0.587124 0.034537 -0.787268
v 0.591263 0.098498 -0.777592
v 0.617047 0.118115 -0.756311
v 0.572065 0.172684 -0.773369
v 0.606602 0.172684 -0.748355
v 0.560146 0.218628 -0.765096
v 0.590609 0.246999 -0.728059
v 0.621073 0.275371 -0.690221
v 0.572322 0.310830 -0.706006
v 0.606858 0.310830 -0.677922
v 0.556463 0.349328 -0.693747
v 0.581197 0.374084 -0.651141
v 0.605930 0.398840 -0.606129
v 0.559881 0.420526 -0.628117
v 0.579705 0.443642 -0.579804
v 0.553481 0.484101 -0.553480
v 0.624021 0.034537 -0.761679
v 0.658558 0.034537 -0.731099
v 0.622282 0.072066 -0.760298
v 0.655776 0.101483 -0.725050
v 0.689271 0.130900 -0.689260
v 0.647162 0.172684 -0.713818
v 0.681699 0.172684 -0.681671
v 0.634101 0.229322 -0.701986
v 0.662241 0.252486 -0.662148
v 0.690381 0.275651 -0.621260
v 0.643616 0.310830 -0.643385
v 0.678153 0.310830 -0.607690
v 0.628264 0.352791 -0.628116
v 0.651418 0.374581 -0.581757
v 0.628523 0.420709 -0.560080
v 0.696408 0.034537 -0.696562
v 0.736555 0.038513 -0.650056
v 0.759537 0.064188 -0.621299
v 0.693719 0.084851 -0.693790
v 0.717451 0.106169 -0.662220
v 0.756428 0.103610 -0.617127
v 0.713010 0.172684 -0.647134
v 0.747546 0.172684 -0.605511
v 0.701646 0.229602 -0.634075
v 0.728179 0.247444 -0.590511
v 0.707102 0.310830 -0.573154
v 0.694630 0.350322 -0.557386
v 0.760797 0.018139 -0.622937
v 0.780131 0.038513 -0.593814
v 0.780723 0.103610 -0.582590
v 0.772691 0.172684 -0.570975
v 0.764887 0.219238 -0.559763
v 0.604015 0.470217 -0.518051
v 0.620265 0.482542 -0.481820
v 0.569478 0.493688 -0.518051
v 0.593194 0.511439 -0.454868
v 0.590230 0.543390 -0.386258
v 0.615326 0.549746 -0.336515
v 0.674572 0.396371 -0.533120
v 0.653407 0.433062 -0.513278
v 0.659142 0.467665 -0.454868
v 0.684129 0.478381 -0.404729
v 0.638080 0.494362 -0.435771
v 0.659142 0.505817 -0.380984
v 0.654483 0.535863 -0.312426
v 0.677033 0.544884 -0.241757
v 0.686836 0.550464 -0.195747
v 0.754711 0.265287 -0.545197
v 0.743773 0.315182 -0.520524
v 0.757308 0.341107 -0.479592
v 0.706996 0.375970 -0.513278
v 0.743061 0.382974 -0.453531
v 0.754739 0.408045 -0.405646
v 0.693416 0.417157 -0.487071
v 0.706212 0.429896 -0.448977
v 0.726551 0.450616 -0.382163
v 0.745383 0.469841 -0.310831
v 0.755971 0.479897 -0.265842
v 0.698363 0.489654 -0.358680
v 0.710847 0.499277 -0.310831
v 0.729876 0.507213 -0.242393
v 0.720275 0.531002 -0.172707
v 0.733279 0.533076 -0.103610
v 0.737809 0.536266 -0.034537
v 0.819007 0.034537 -0.535989
v 0.815259 0.103610 -0.529703
v 0.809295 0.171638 -0.513941
v 0.825108 0.193965 -0.476597
v 0.780402 0.242060 -0.520524
v 0.816278 0.241757 -0.461209
v 0.769801 0.295058 -0.499148
v 0.793544 0.308817 -0.447117
v 0.820007 0.327919 -0.379904
v 0.828644 0.344894 -0.344762
v 0.771237 0.361996 -0.433543
v 0.784697 0.382974 -0.381535
v 0.815438 0.381098 -0.317375
v 0.822473 0.404918 -0.255106
v 0.767072 0.422851 -0.359598
v 0.777718 0.435305 -0.310831
v 0.793083 0.447508 -0.237449
v 0.803833 0.454398 -0.172684
v 0.809782 0.461377 -0.103610
v 0.812835 0.464640 -0.034537
v 0.763694 0.487234 -0.219793
v 0.769296 0.492661 -0.172684
v 0.775245 0.498539 -0.103610
v 0.778298 0.501729 -0.034537
v 0.839049 0.034537 -0.501452
v 0.865956 0.034537 -0.448977
v 0.890326 0.034537 -0.395305
v 0.835501 0.103610 -0.495167
v 0.858971 0.103610 -0.448977
v 0.886888 0.103610 -0.386953
v 0.831525 0.147916 -0.488176
v 0.843818 0.171638 -0.451735
v 0.880697 0.166584 -0.373447
v 0.892989 0.185542 -0.330679
v 0.835155 0.241757 -0.426672
v 0.856405 0.241757 -0.379904
v 0.884574 0.240176 -0.308925
v 0.893369 0.262147 -0.258140
v 0.828988 0.276527 -0.414642
v 0.836667 0.293382 -0.379904
v 0.850917 0.317454 -0.317375
v 0.880843 0.305613 -0.237772
v 0.887633 0.321830 -0.172684
v 0.892371 0.332452 -0.103610
v 0.894405 0.337016 -0.034537
v 0.836894 0.358869 -0.298713
v 0.842453 0.381098 -0.235952
v 0.857117 0.379904 -0.172684
v 0.866930 0.379904 -0.103610
v 0.871188 0.379904 -0.034537
v 0.829386 0.415118 -0.209057
v 0.832902 0.419861 -0.172684
v 0.837978 0.426841 -0.103610
v 0.840201 0.430103 -0.034537
v 0.903887 0.034537 -0.360768
v 0.920425 0.034537 -0.310830
v 0.938875 0.034537 -0.241757
v 0.951506 0.034537 -0.172684
v 0.958876 0.034537 -0.103610
v 0.961544 0.034537 -0.034537
v 0.900674 0.103610 -0.352417
v 0.914122 0.103610 -0.310830
v 0.932711 0.103610 -0.241757
v 0.945593 0.103610 -0.172684
v 0.953105 0.103610 -0.103610
v 0.955624 0.103610 -0.034537
v 0.898250 0.139493 -0.346118
v 0.904252 0.166584 -0.308925
v 0.921181 0.172684 -0.241757
v 0.934361 0.172684 -0.172684
v 0.942180 0.172684 -0.103610
v 0.944917 0.172684 -0.034537
v 0.900646 0.216098 -0.284630
v 0.905080 0.240176 -0.237772
v 0.917145 0.241757 -0.172684
v 0.925404 0.241757 -0.103610
v 0.928554 0.241757 -0.034537
v 0.899127 0.279110 -0.212091
v 0.902433 0.287293 -0.172684
v 0.906654 0.297915 -0.103610
v 0.908316 0.302479 -0.034537
v 0.569277 0.559409 -0.367470
v 0.590230 0.566479 -0.312426
v 0.587124 0.583350 -0.241757
v 0.587124 0.593635 -0.172684
v 0.587124 0.600553 -0.103610
v 0.587124 0.604788 -0.034537
v 0.630315 0.556881 -0.290466
v 0.642496 0.562658 -0.241757
v 0.660766 0.566729 -0.172707
v 0.656198 0.578036 -0.103610
v 0.656198 0.583372 -0.034537
v 0.693920 0.554635 -0.149698
v 0.698742 0.557693 -0.103610
v 0.703272 0.560546 -0.034537
v 0.059828 0.409069 0.060327
v 0.059828 0.409069 0.077112
v 0.030588 0.446858 0.030820
v 0.035897 0.430237 0.101526
v 0.034537 0.461924 0.164272
v 0.008505 0.518051 0.008340
v 0.034537 0.489667 0.198809
v 0.034537 0.518907 0.241757
v 0.034537 0.547291 0.286722
v 0.077515 0.409069 0.060327
v 0.077515 0.409069 0.077112
v 0.101768 0.428961 0.036196
v 0.107573 0.447540 0.107387
v 0.091582 0.470952 0.153030
v 0.137631 0.483767 0.137661
v 0.110208 0.495503 0.174706
v 0.102923 0.535355 0.245250
v 0.079441 0.550186 0.281205
v 0.166755 0.459837 0.034537
v 0.154442 0.470176 0.091612
v 0.201292 0.487828 0.034537
v 0.175553 0.494501 0.110226
v 0.172684 0.521080 0.172684
v 0.172684 0.545556 0.220256
v 0.241757 0.515812 0.034537
v 0.246550 0.533794 0.105829
v 0.221883 0.545176 0.172684
v 0.207270 0.552568 0.207267
v 0.288512 0.546034 0.034537
v 0.282790 0.549255 0.084283
v 0.480612 0.551441 0.550160
v 0.550047 0.551370 0.480435
v 0.523434 0.543375 0.523502
v 0.034537 0.034537 0.960839
v 0.034537 0.103610 0.958085
v 0.034537 0.172684 0.950555
v 0.034537 0.241757 0.937164
v 0.034537 0.310831 0.915675
v 0.034537 0.384141 0.879658
v 0.034537 0.349605 0.900219
v 0.034537 0.469754 0.816433
v 0.034537 0.435217 0.845121
v 0.034537 0.538639 0.741211
v 0.034537 0.504102 0.781897
v 0.103610 0.034537 0.954790
v 0.103610 0.103610 0.952126
v 0.103610 0.172684 0.944842
v 0.103610 0.241757 0.931903
v 0.126908 0.342537 0.896835
v 0.103774 0.316040 0.908989
v 0.103774 0.374239 0.880676
v 0.080859 0.347438 0.899067
v 0.103610 0.466707 0.813677
v 0.103610 0.432170 0.842659
v 0.103610 0.536091 0.738058
v 0.103610 0.501555 0.779141
v 0.172684 0.034537 0.944697
v 0.172684 0.103610 0.941358
v 0.172684 0.172684 0.934029
v 0.172684 0.241757 0.921578
v 0.172684 0.332818 0.893210
v 0.172684 0.298281 0.905892
v 0.172684 0.379904 0.867897
v 0.172684 0.460986 0.808548
v 0.172684 0.426450 0.838105
v 0.172684 0.531360 0.731887
v 0.172684 0.496823 0.774011
v 0.241757 0.034537 0.928894
v 0.241757 0.103610 0.925353
v 0.241757 0.172684 0.918158
v 0.265392 0.263216 0.895041
v 0.242123 0.240818 0.906104
v 0.242123 0.309396 0.886297
v 0.219343 0.285416 0.901136
v 0.270423 0.411996 0.827273
v 0.245142 0.385345 0.849150
v 0.245142 0.445423 0.805237
v 0.224374 0.420029 0.833129
v 0.258750 0.548624 0.684048
v 0.238138 0.527254 0.719431
v 0.241757 0.489357 0.765996
v 0.343465 0.050186 0.897321
v 0.316596 0.030112 0.906756
v 0.338460 0.103610 0.895625
v 0.303923 0.103610 0.907056
v 0.327478 0.172684 0.891888
v 0.292942 0.172684 0.903480
v 0.307811 0.240818 0.886386
v 0.282773 0.217167 0.900106
v 0.310830 0.310831 0.864780
v 0.310830 0.400420 0.819941
v 0.310830 0.365883 0.840492
v 0.324946 0.475414 0.751414
v 0.305485 0.451025 0.780849
v 0.310830 0.541230 0.672838
v 0.305485 0.502597 0.727142
v 0.278897 0.484414 0.760747
v 0.373227 0.030112 0.886881
v 0.345751 0.004137 0.898093
v 0.379904 0.103610 0.879927
v 0.379904 0.172684 0.872063
v 0.379904 0.241757 0.859128
v 0.400491 0.329448 0.822636
v 0.378442 0.308187 0.840037
v 0.378442 0.377061 0.806375
v 0.354442 0.352141 0.832646
v 0.379904 0.462064 0.738230
v 0.379904 0.427527 0.770896
v 0.401645 0.548108 0.613490
v 0.379134 0.530729 0.652800
v 0.379904 0.494087 0.703693
v 0.448977 0.034537 0.855226
v 0.448977 0.103610 0.850236
v 0.477080 0.187463 0.825576
v 0.452024 0.167736 0.840964
v 0.465282 0.241757 0.819360
v 0.430746 0.241757 0.836867
v 0.445160 0.308187 0.808070
v 0.419591 0.283399 0.831436
v 0.464272 0.397845 0.747958
v 0.444339 0.376854 0.773502
v 0.464900 0.472432 0.678382
v 0.441561 0.444699 0.720670
v 0.418223 0.416965 0.761879
v 0.454144 0.540306 0.589129
v 0.444716 0.500901 0.655693
v 0.418851 0.485767 0.693382
v 0.527517 0.034537 0.814046
v 0.492980 0.034537 0.834057
v 0.522606 0.103610 0.810933
v 0.488069 0.103610 0.831397
v 0.511702 0.167736 0.808360
v 0.484445 0.141414 0.829404
v 0.550653 0.271932 0.758455
v 0.523798 0.246048 0.783063
v 0.538459 0.310831 0.749754
v 0.503922 0.310831 0.773014
v 0.545523 0.407534 0.685106
v 0.517579 0.379665 0.724832
v 0.489635 0.351796 0.763781
v 0.543370 0.477040 0.613575
v 0.521422 0.451712 0.658719
v 0.499474 0.426383 0.701909
v 0.519428 0.507570 0.589180
v 0.497321 0.491695 0.632333
v 0.015641 0.587124 0.014691
v 0.034537 0.563639 0.321258
v 0.034537 0.585275 0.379904
v 0.034537 0.601037 0.448977
v 0.034537 0.606732 0.518051
v 0.010863 0.643128 0.009781
v 0.062208 0.754093 0.060299
v 0.062208 0.754093 0.072214
v 0.054671 0.794345 0.052478
v 0.054671 0.794345 0.083127
v 0.057722 0.863418 0.056773
v 0.059360 0.868414 0.106062
v 0.068020 0.894769 0.139440
v 0.066275 0.903237 0.066026
v 0.066185 0.904294 0.103610
v 0.068020 0.901125 0.139440
v 0.125490 0.555422 0.270604
v 0.102923 0.566081 0.306870
v 0.103610 0.590999 0.379904
v 0.103610 0.603898 0.448977
v 0.103610 0.607504 0.518051
v 0.072432 0.754093 0.060299
v 0.072432 0.754093 0.072214
v 0.084433 0.794345 0.052478
v 0.084433 0.794345 0.083127
v 0.106976 0.863319 0.056443
v 0.106976 0.854890 0.106062
v 0.103610 0.887419 0.146872
v 0.103610 0.911334 0.063300
v 0.103610 0.921845 0.103610
v 0.103610 0.908466 0.146872
v 0.172684 0.561434 0.254793
v 0.172684 0.581606 0.310830
v 0.172684 0.599453 0.379904
v 0.172684 0.607919 0.448977
v 0.172684 0.607833 0.518051
v 0.143981 0.886277 0.064423
v 0.151369 0.881049 0.103610
v 0.149942 0.887092 0.148488
v 0.143981 0.910512 0.064423
v 0.151369 0.915506 0.103610
v 0.149942 0.908799 0.148488
v 0.272770 0.554243 0.130332
v 0.256420 0.560166 0.172684
v 0.234879 0.571754 0.234878
v 0.241757 0.595715 0.310830
v 0.241757 0.607385 0.379904
v 0.241757 0.610841 0.448977
v 0.241757 0.606261 0.518051
v 0.323049 0.563472 0.034537
v 0.307821 0.564772 0.105829
v 0.310830 0.579582 0.172684
v 0.310830 0.594915 0.241757
v 0.310830 0.606671 0.310830
v 0.310830 0.612280 0.379904
v 0.310830 0.610594 0.448977
v 0.310830 0.601253 0.518051
v 0.379904 0.586416 0.034537
v 0.379904 0.590913 0.103610
v 0.379904 0.599063 0.172684
v 0.379904 0.607397 0.241757
v 0.379904 0.612430 0.310830
v 0.379904 0.612318 0.379904
v 0.379904 0.605681 0.448977
v 0.379904 0.591282 0.518051
v 0.448977 0.604885 0.034537
v 0.448977 0.606657 0.103610
v 0.448977 0.609843 0.172684
v 0.448977 0.612620 0.241757
v 0.448977 0.611840 0.310830
v 0.448977 0.606319 0.379904
v 0.448977 0.594785 0.448977
v 0.454144 0.570740 0.523502
v 0.518051 0.611787 0.034537
v 0.518051 0.611560 0.103610
v 0.518051 0.610678 0.172684
v 0.518051 0.608412 0.241757
v 0.518051 0.602387 0.310830
v 0.518051 0.591623 0.379904
v 0.523434 0.570822 0.454037
v 0.503998 0.561236 0.504111
v 0.034537 0.602443 0.587124
v 0.034537 0.584958 0.656198
v 0.034537 0.562435 0.706674
v 0.103610 0.601539 0.587124
v 0.103610 0.582270 0.656198
v 0.103610 0.560596 0.703521
v 0.172684 0.598667 0.587124
v 0.172684 0.576267 0.656198
v 0.172684 0.556795 0.697350
v 0.241757 0.592624 0.587124
v 0.238138 0.565541 0.659093
v 0.212701 0.553743 0.692514
v 0.310830 0.582401 0.587124
v 0.310830 0.561393 0.638301
v 0.379134 0.566286 0.589129
v 0.355596 0.555864 0.627510
v 0.434563 0.559754 0.567441
v 0.613116 0.476389 0.542308
v 0.612647 0.547270 0.398264
v 0.588623 0.539290 0.454037
v 0.588905 0.507057 0.518791
v 0.682860 0.403944 0.541663
v 0.676770 0.469744 0.460762
v 0.656791 0.450042 0.518961
v 0.688986 0.551523 0.200991
v 0.682237 0.547013 0.241757
v 0.668856 0.537595 0.310830
v 0.651351 0.527492 0.377105
v 0.654726 0.498660 0.442234
v 0.630721 0.490912 0.496259
v 0.756000 0.264958 0.546644
v 0.745874 0.310831 0.530992
v 0.757169 0.410551 0.408718
v 0.746444 0.394386 0.448977
v 0.721808 0.374742 0.512676
v 0.756249 0.479774 0.265087
v 0.747665 0.470450 0.310830
v 0.736918 0.447677 0.383378
v 0.707760 0.447623 0.442234
v 0.698579 0.423695 0.495614
v 0.738178 0.536321 0.034537
v 0.734295 0.532983 0.103610
v 0.720793 0.531306 0.175853
v 0.730043 0.508703 0.241941
v 0.713128 0.503058 0.310830
v 0.698638 0.490670 0.379904
v 0.690881 0.483652 0.414713
v 0.813697 0.034537 0.525744
v 0.827725 0.129809 0.481173
v 0.812958 0.105515 0.513329
v 0.823583 0.172684 0.472756
v 0.798270 0.172684 0.518051
v 0.827392 0.271386 0.410935
v 0.816675 0.245720 0.448683
v 0.778304 0.241863 0.521392
v 0.827311 0.341819 0.340958
v 0.820168 0.315609 0.384708
v 0.792267 0.310831 0.448977
v 0.767443 0.310831 0.496455
v 0.827836 0.412798 0.202321
v 0.822446 0.404232 0.241757
v 0.814006 0.379630 0.315092
v 0.784021 0.384478 0.383378
v 0.768557 0.359849 0.448977
v 0.759910 0.345541 0.483689
v 0.812669 0.464116 0.034537
v 0.809213 0.459678 0.103610
v 0.807553 0.445060 0.176652
v 0.784279 0.453640 0.241941
v 0.776928 0.435913 0.310830
v 0.767147 0.423786 0.362669
v 0.778132 0.501785 0.034537
v 0.774677 0.498446 0.103610
v 0.768468 0.492248 0.172684
v 0.763126 0.486880 0.219039
v 0.896885 0.051036 0.342252
v 0.885692 0.030621 0.373442
v 0.853020 0.034537 0.448977
v 0.833010 0.034537 0.491208
v 0.894149 0.103610 0.334375
v 0.876386 0.103610 0.379904
v 0.843484 0.105515 0.454480
v 0.830854 0.083761 0.487157
v 0.897349 0.204183 0.273919
v 0.890103 0.177769 0.310814
v 0.865254 0.172684 0.379904
v 0.840077 0.172684 0.438219
v 0.896633 0.271743 0.200045
v 0.892472 0.245934 0.247240
v 0.874410 0.241757 0.310830
v 0.845480 0.245720 0.384708
v 0.834073 0.225337 0.425462
v 0.893771 0.335302 0.034537
v 0.890542 0.327380 0.103610
v 0.886776 0.308347 0.175285
v 0.870785 0.310831 0.241757
v 0.846848 0.315609 0.315092
v 0.836805 0.295770 0.364886
v 0.870080 0.379904 0.034537
v 0.863642 0.379904 0.103610
v 0.848251 0.385826 0.176652
v 0.842648 0.369696 0.241757
v 0.835088 0.356423 0.294909
v 0.839726 0.429579 0.034537
v 0.836519 0.425141 0.103610
v 0.832425 0.419424 0.156272
v 0.959544 0.034537 0.034537
v 0.953342 0.034537 0.103610
v 0.943082 0.034537 0.172684
v 0.928393 0.034537 0.241757
v 0.906885 0.030621 0.315869
v 0.898246 0.004987 0.346110
v 0.953573 0.103610 0.034537
v 0.947280 0.103610 0.103610
v 0.936949 0.103610 0.172684
v 0.922237 0.103610 0.241757
v 0.905800 0.103610 0.299839
v 0.942922 0.172684 0.034537
v 0.936519 0.172684 0.103610
v 0.926123 0.172684 0.172684
v 0.909067 0.177769 0.247240
v 0.901804 0.158134 0.287778
v 0.926742 0.241757 0.034537
v 0.920368 0.241757 0.103610
v 0.908298 0.245934 0.175286
v 0.903087 0.225694 0.227871
v 0.907490 0.300765 0.034537
v 0.904355 0.292843 0.103610
v 0.900789 0.283666 0.153996
v 0.615614 0.034537 0.755246
v 0.581077 0.034537 0.779509
v 0.610781 0.103610 0.751439
v 0.576244 0.103610 0.776396
v 0.603042 0.172684 0.745134
v 0.568505 0.172684 0.771172
v 0.584691 0.246048 0.739484
v 0.560044 0.225883 0.765211
v 0.611702 0.328201 0.681399
v 0.588056 0.307438 0.712046
v 0.617256 0.409399 0.617076
v 0.591454 0.385442 0.660228
v 0.565653 0.361485 0.701707
v 0.592161 0.453690 0.592301
v 0.571207 0.430991 0.639057
v 0.567067 0.493548 0.567526
v 0.689286 0.053108 0.689298
v 0.662236 0.031865 0.715068
v 0.685563 0.103610 0.685533
v 0.651026 0.103610 0.716902
v 0.678102 0.172684 0.677883
v 0.643565 0.172684 0.710597
v 0.667211 0.241757 0.666525
v 0.632674 0.241757 0.700881
v 0.680883 0.326717 0.609763
v 0.652800 0.304435 0.652721
v 0.624718 0.282152 0.693610
v 0.658847 0.383647 0.590395
v 0.634834 0.363350 0.635350
v 0.636811 0.430340 0.571027
v 0.754983 0.034537 0.615283
v 0.714861 0.031865 0.662243
v 0.691330 0.007059 0.691323
v 0.750834 0.103610 0.609747
v 0.716298 0.103610 0.650996
v 0.744086 0.172684 0.600590
v 0.709549 0.172684 0.643346
v 0.737037 0.241863 0.583395
v 0.699663 0.241757 0.631988
v 0.708446 0.306548 0.586893
v 0.692783 0.280668 0.624043
v 0.698988 0.357895 0.563715
v 0.779161 0.034537 0.580746
v 0.775308 0.103610 0.575210
v 0.769031 0.172684 0.566053
v 0.763440 0.218909 0.557885
v 0.587124 0.605656 0.034537
v 0.587124 0.603586 0.103610
v 0.587124 0.599196 0.172684
v 0.587124 0.592174 0.241757
v 0.587124 0.581043 0.310830
v 0.588623 0.565481 0.377105
v 0.566598 0.559703 0.434386
v 0.656198 0.584061 0.034537
v 0.656198 0.580244 0.103610
v 0.662056 0.569188 0.175853
v 0.647700 0.566664 0.241757
v 0.634319 0.559818 0.310830
v 0.625095 0.554666 0.352215
v 0.703641 0.560838 0.034537
v 0.699758 0.558486 0.103610
v 0.694783 0.555302 0.154942
vn -0.8599 -0.4721 -0.1942
vn -0.8575 -0.4959 -0.1373
vn -0.8621 -0.4990 -0.0880
vn -0.7934 -0.6006 -0.0990
vn -0.8175 -0.5132 -0.2613
vn -0.8157 -0.5473 -0.1873
vn -0.8182 -0.5424 -0.1905
vn -0.8085 -0.5744 -0.1279
vn -0.8318 -0.5378 -0.1375
vn -0.8038 -0.5861 -0.1021
vn -0.8389 -0.5358 -0.0963
vn -0.8074 -0.4738 -0.3515
vn -0.8067 -0.4775 -0.3482
vn -0.8116 -0.5068 -0.2907
vn -0.8449 -0.4511 -0.2873
vn -0.8353 -0.4930 -0.2433
vn -0.6845 -0.7227 -0.0958
vn -0.7068 -0.7010 -0.0953
vn -0.7681 -0.5475 -0.3320
vn -0.7627 -0.5925 -0.2593
vn -0.7736 -0.5776 -0.2605
vn -0.7548 -0.6356 -0.1622
vn -0.7972 -0.5775 -0.1761
vn -0.7307 -0.6762 -0.0939
vn -0.8019 -0.5857 -0.1180
vn -0.7476 -0.6572 -0.0963
vn -0.7566 -0.5013 -0.4198
vn -0.7575 -0.5372 -0.3710
vn -0.7894 -0.4953 -0.3626
vn -0.7862 -0.5298 -0.3182
vn -0.7382 -0.4548 -0.4982
vn -0.7421 -0.4924 -0.4547
vn -0.7840 -0.4425 -0.4353
vn -0.7872 -0.4766 -0.3914
vn -0.5993 -0.7973 -0.0716
vn -0.7038 -0.6354 -0.3178
vn -0.6972 -0.6384 -0.3262
vn -0.6821 -0.6942 -0.2297
vn -0.7274 -0.6401 -0.2472
vn -0.6519 -0.7493 -0.1166
vn -0.7373 -0.6605 -0.1419
vn -0.6119 -0.7900 -0.0387
vn -0.7328 -0.6768 -0.0701
vn -0.6658 -0.7460 -0.0132
vn -0.6965 -0.5746 -0.4298
vn -0.7167 -0.5466 -0.4331
vn -0.7130 -0.5749 -0.4014
vn -0.6863 -0.5076 -0.5209
vn -0.7048 -0.4872 -0.5156
vn -0.7143 -0.5106 -0.4786
vn -0.6627 -0.4557 -0.5943
vn -0.6739 -0.4501 -0.5860
vn -0.6926 -0.4626 -0.5535
vn -0.7553 -0.2440 -0.6083
vn -0.7572 -0.2377 -0.6084
vn -0.7578 -0.1743 -0.6288
vn -0.7906 -0.1677 -0.5889
vn -0.7638 -0.1080 -0.6363
vn -0.8087 -0.1010 -0.5794
vn -0.7697 -0.0505 -0.6365
vn -0.8194 -0.0441 -0.5716
vn -0.6860 -0.3502 -0.6378
vn -0.7077 -0.3535 -0.6117
vn -0.6674 -0.3216 -0.6716
vn -0.7103 -0.2887 -0.6419
vn -0.7388 -0.3188 -0.5937
vn -0.6716 -0.2584 -0.6944
vn -0.6835 -0.2540 -0.6844
vn -0.6695 -0.1908 -0.7179
vn -0.7198 -0.1835 -0.6695
vn -0.6747 -0.1224 -0.7279
vn -0.7440 -0.1157 -0.6581
vn -0.6697 -0.0757 -0.7388
vn -0.7247 -0.0307 -0.6884
vn -0.7658 -0.0670 -0.6396
vn -0.6404 -0.4157 -0.6458
vn -0.6563 -0.4177 -0.6283
vn -0.6205 -0.3918 -0.6794
vn -0.6587 -0.3646 -0.6581
vn -0.6837 -0.3960 -0.6130
vn -0.6154 -0.3430 -0.7096
vn -0.6330 -0.3441 -0.6935
vn -0.5986 -0.3118 -0.7379
vn -0.6328 -0.2913 -0.7174
vn -0.6569 -0.3173 -0.6839
vn -0.6068 -0.2529 -0.7536
vn -0.6091 -0.2548 -0.7511
vn -0.5952 -0.1960 -0.7793
vn -0.6343 -0.1953 -0.7480
vn -0.5920 -0.1313 -0.7952
vn -0.6562 -0.1295 -0.7434
vn -0.5898 -0.0756 -0.8040
vn -0.6725 -0.0736 -0.7364
vn -0.9582 -0.2580 -0.1239
vn -0.9587 -0.2759 -0.0696
vn -0.9600 -0.2068 -0.1889
vn -0.9659 -0.2200 -0.1364
vn -0.9722 -0.2223 -0.0736
vn -0.9581 -0.1564 -0.2402
vn -0.9662 -0.1631 -0.1997
vn -0.9773 -0.1610 -0.1379
vn -0.9831 -0.1653 -0.0788
vn -0.9609 -0.1014 -0.2577
vn -0.9743 -0.1085 -0.1973
vn -0.9837 -0.1115 -0.1409
vn -0.9900 -0.1143 -0.0827
vn -0.9569 -0.0247 -0.2892
vn -0.9636 -0.0378 -0.2645
vn -0.9784 -0.0435 -0.2019
vn -0.9882 -0.0492 -0.1448
vn -0.9950 -0.0524 -0.0848
vn -0.9083 -0.3664 -0.2019
vn -0.9126 -0.3850 -0.1377
vn -0.9185 -0.3883 -0.0741
vn -0.9028 -0.3312 -0.2742
vn -0.9152 -0.3425 -0.2123
vn -0.9276 -0.3454 -0.1421
vn -0.9335 -0.3336 -0.1319
vn -0.9336 -0.3502 -0.0761
vn -0.9447 -0.3196 -0.0735
vn -0.8993 -0.2884 -0.3288
vn -0.9118 -0.2973 -0.2832
vn -0.9225 -0.3105 -0.2291
vn -0.9438 -0.2558 -0.2092
vn -0.9421 -0.2885 -0.1708
vn -0.8977 -0.2318 -0.3746
vn -0.9105 -0.2422 -0.3351
vn -0.9220 -0.2531 -0.2930
vn -0.9435 -0.1974 -0.2663
vn -0.9438 -0.2276 -0.2398
vn -0.9020 -0.1637 -0.3994
vn -0.9232 -0.1810 -0.3390
vn -0.9375 -0.1698 -0.3036
vn -0.8945 -0.0855 -0.4388
vn -0.9083 -0.0973 -0.4068
vn -0.9221 -0.1152 -0.3693
vn -0.9398 -0.0678 -0.3350
vn -0.9539 -0.1089 -0.2796
vn -0.8918 -0.0337 -0.4512
vn -0.9121 -0.0346 -0.4085
vn -0.9215 -0.0246 -0.3875
vn -0.8528 -0.4008 -0.3348
vn -0.8562 -0.4349 -0.2789
vn -0.8662 -0.4498 -0.2176
vn -0.8781 -0.4299 -0.2101
vn -0.8722 -0.4667 -0.1463
vn -0.8974 -0.4176 -0.1423
vn -0.8683 -0.4865 -0.0967
vn -0.9113 -0.4024 -0.0874
vn -0.8950 -0.4430 -0.0526
vn -0.8429 -0.3725 -0.3882
vn -0.8521 -0.3866 -0.3529
vn -0.8619 -0.4062 -0.3034
vn -0.8874 -0.3598 -0.2881
vn -0.8859 -0.3901 -0.2512
vn -0.8447 -0.3450 -0.4092
vn -0.8551 -0.3647 -0.3685
vn -0.8815 -0.3202 -0.3470
vn -0.8845 -0.3443 -0.3147
vn -0.8368 -0.2974 -0.4597
vn -0.8452 -0.3256 -0.4238
vn -0.8720 -0.2813 -0.4005
vn -0.8781 -0.3049 -0.3688
vn -0.8346 -0.2261 -0.5022
vn -0.8417 -0.2526 -0.4772
vn -0.8627 -0.2425 -0.4439
vn -0.8348 -0.1580 -0.5274
vn -0.8421 -0.1766 -0.5095
vn -0.8709 -0.1208 -0.4763
vn -0.8911 -0.1709 -0.4205
vn -0.8395 -0.0960 -0.5347
vn -0.8503 -0.0879 -0.5189
vn -0.8419 -0.0400 -0.5381
vn -0.8611 -0.0373 -0.5071
vn -0.7950 -0.4308 -0.4271
vn -0.8015 -0.4241 -0.4217
vn -0.8076 -0.4301 -0.4036
vn -0.7812 -0.3876 -0.4893
vn -0.7960 -0.3892 -0.4636
vn -0.7664 -0.3472 -0.5404
vn -0.7725 -0.3740 -0.5132
vn -0.8107 -0.3318 -0.4823
vn -0.8231 -0.3589 -0.4401
vn -0.7570 -0.3237 -0.5675
vn -0.7780 -0.2953 -0.5545
vn -0.7994 -0.3143 -0.5120
vn -0.7181 -0.4162 -0.5578
vn -0.7199 -0.4517 -0.5270
vn -0.7664 -0.4001 -0.5025
vn -0.7771 -0.4336 -0.4562
vn -0.7037 -0.4016 -0.5861
vn -0.7273 -0.3779 -0.5729
vn -0.7493 -0.3948 -0.5317
vn -0.5813 -0.4545 -0.6749
vn -0.6066 -0.4424 -0.6606
vn -0.6174 -0.4533 -0.6430
vn -0.4995 -0.5011 -0.7067
vn -0.5404 -0.4748 -0.6946
vn -0.5576 -0.5048 -0.6589
vn -0.4950 -0.4553 -0.7401
vn -0.5238 -0.4471 -0.7250
vn -0.4060 -0.5596 -0.7225
vn -0.4612 -0.5269 -0.7139
vn -0.4694 -0.5600 -0.6827
vn -0.4363 -0.5036 -0.7457
vn -0.4358 -0.4934 -0.7528
vn -0.4211 -0.4474 -0.7890
vn -0.3529 -0.6053 -0.7136
vn -0.3485 -0.6129 -0.7092
vn -0.3496 -0.5408 -0.7651
vn -0.3244 -0.5225 -0.7885
vn -0.3789 -0.4778 -0.7925
vn -0.3823 -0.5355 -0.7531
vn -0.3625 -0.4748 -0.8019
vn -0.3705 -0.4775 -0.7967
vn -0.2220 -0.6627 -0.7152
vn -0.2793 -0.5903 -0.7573
vn -0.2612 -0.6786 -0.6865
vn -0.2845 -0.5565 -0.7806
vn -0.2827 -0.5780 -0.7655
vn -0.2840 -0.5142 -0.8093
vn -0.2495 -0.4921 -0.8340
vn -0.3048 -0.4484 -0.8402
vn -0.3104 -0.5119 -0.8010
vn -0.1314 -0.7371 -0.6629
vn -0.1025 -0.7276 -0.6783
vn -0.1639 -0.6264 -0.7620
vn -0.1642 -0.6035 -0.7802
vn -0.2220 -0.5436 -0.8095
vn -0.2080 -0.6220 -0.7549
vn -0.2248 -0.5186 -0.8249
vn -0.2241 -0.5378 -0.8127
vn -0.2193 -0.4760 -0.8516
vn -0.0540 -0.7551 -0.6534
vn -0.0248 -0.7751 -0.6314
vn -0.1152 -0.6628 -0.7399
vn -0.0922 -0.6675 -0.7389
vn -0.1337 -0.5834 -0.8011
vn -0.1290 -0.5525 -0.8235
vn -0.1668 -0.5071 -0.8456
vn -0.1626 -0.5708 -0.8049
vn -0.1586 -0.4816 -0.8619
vn -0.1635 -0.4941 -0.8539
vn -0.0123 -0.7769 -0.6295
vn 0.0069 -0.7991 -0.6012
vn -0.0567 -0.6780 -0.7329
vn -0.0366 -0.7058 -0.7075
vn -0.0762 -0.6056 -0.7921
vn -0.0735 -0.6094 -0.7894
vn -0.0823 -0.5145 -0.8535
vn -0.0964 -0.4692 -0.8778
vn -0.0980 -0.5029 -0.8588
vn -0.6254 -0.7324 -0.2692
vn -0.6149 -0.7319 -0.2935
vn -0.5763 -0.7983 -0.1749
vn -0.6300 -0.7498 -0.2022
vn -0.5382 -0.8416 -0.0460
vn -0.6183 -0.7821 -0.0774
vn -0.4913 -0.8703 0.0356
vn -0.5851 -0.8109 0.0017
vn -0.4384 -0.8988 -0.0017
vn -0.5502 -0.8341 -0.0395
vn -0.6281 -0.6576 -0.4160
vn -0.6699 -0.6049 -0.4305
vn -0.6529 -0.6558 -0.3790
vn -0.6102 -0.5766 -0.5433
vn -0.6651 -0.5205 -0.5355
vn -0.6720 -0.5769 -0.4643
vn -0.5900 -0.5090 -0.6268
vn -0.6378 -0.4674 -0.6122
vn -0.6533 -0.5102 -0.5593
vn -0.4245 -0.8785 -0.2190
vn -0.4430 -0.8859 -0.1378
vn -0.4294 -0.9029 -0.0170
vn -0.3987 -0.9144 0.0698
vn -0.3551 -0.9341 0.0370
vn -0.5086 -0.7676 -0.3899
vn -0.5714 -0.7138 -0.4049
vn -0.5468 -0.7582 -0.3551
vn -0.5165 -0.6642 -0.5404
vn -0.6013 -0.5777 -0.5521
vn -0.5904 -0.6644 -0.4583
vn -0.5103 -0.5666 -0.6470
vn -0.5746 -0.5109 -0.6393
vn -0.5887 -0.5728 -0.5704
vn -0.3629 -0.8821 -0.3003
vn -0.3607 -0.9070 -0.2175
vn -0.3277 -0.9376 -0.1167
vn -0.2980 -0.9546 0.0060
vn -0.2739 -0.9561 0.1041
vn -0.2434 -0.9665 0.0819
vn -0.4133 -0.7636 -0.4961
vn -0.4785 -0.7041 -0.5247
vn -0.4588 -0.7740 -0.4364
vn -0.4106 -0.6440 -0.6455
vn -0.4865 -0.5749 -0.6579
vn -0.4871 -0.6572 -0.5751
vn -0.2761 -0.8811 -0.3840
vn -0.2723 -0.9155 -0.2963
vn -0.2186 -0.9605 -0.1722
vn -0.0582 -0.9979 -0.0278
vn -0.1700 -0.9820 -0.0826
vn -0.0422 -0.9988 0.0249
vn -0.1316 -0.9907 0.0352
vn -0.1086 -0.9870 0.1188
vn -0.1015 -0.9883 0.1139
vn -0.3501 -0.7061 -0.6155
vn -0.3379 -0.7407 -0.5807
vn -0.0044 -1.0000 0.0014
vn -0.0019 -1.0000 0.0077
vn -0.1678 -0.8965 -0.4100
vn -0.1464 -0.9577 -0.2475
vn -0.0262 -0.9974 -0.0677
vn -0.1393 -0.9777 -0.1569
vn -0.0528 -0.9982 -0.0269
vn 0.0619 -0.9954 0.0731
vn 0.0313 -0.9923 0.1201
vn 0.0411 -0.9917 0.1220
vn 0.0353 -0.9929 0.1136
vn -0.1628 -0.7760 -0.6094
vn -0.2527 -0.6928 -0.6754
vn -0.2229 -0.8302 -0.5109
vn 0.0017 -1.0000 -0.0053
vn 0.0032 -1.0000 0.0035
vn -0.0683 -0.8798 -0.4703
vn -0.0672 -0.9161 -0.3952
vn -0.0294 -0.9794 -0.1997
vn -0.0067 -0.9906 -0.1365
vn 0.0754 -0.9968 -0.0262
vn 0.0869 -0.9950 0.0489
vn 0.0674 -0.9948 0.0757
vn 0.1170 -0.9851 0.1258
vn 0.1456 -0.9799 0.1366
vn 0.1600 -0.9827 0.0933
vn 0.0020 -0.8819 -0.4715
vn 0.0312 -0.9314 -0.3626
vn 0.0603 -0.9832 -0.1725
vn 0.0864 -0.9958 -0.0316
vn 0.1059 -0.9911 0.0807
vn 0.1291 -0.9797 0.1535
vn 0.1811 -0.9649 0.1904
vn 0.2354 -0.9663 0.1037
vn 0.0244 -0.8956 -0.4441
vn 0.0488 -0.9411 -0.3346
vn 0.0738 -0.9850 -0.1559
vn 0.0876 -0.9960 -0.0197
vn 0.0900 -0.9920 0.0885
vn 0.0898 -0.9801 0.1772
vn 0.1106 -0.9637 0.2430
vn 0.1597 -0.9751 0.1536
vn -0.5769 -0.4080 -0.7077
vn -0.5512 -0.3816 -0.7420
vn -0.5866 -0.3616 -0.7247
vn -0.5995 -0.3918 -0.6979
vn -0.5588 -0.3354 -0.7584
vn -0.5415 -0.3074 -0.7825
vn -0.5698 -0.2923 -0.7680
vn -0.5791 -0.3142 -0.7523
vn -0.5310 -0.2422 -0.8120
vn -0.5476 -0.1881 -0.8153
vn -0.5241 -0.1225 -0.8428
vn -0.5527 -0.1307 -0.8231
vn -0.5103 -0.0718 -0.8570
vn -0.5620 -0.0754 -0.8237
vn -0.4784 -0.4286 -0.7664
vn -0.5304 -0.3867 -0.7544
vn -0.5567 -0.4348 -0.7078
vn -0.4998 -0.3766 -0.7800
vn -0.5200 -0.3759 -0.7670
vn -0.4800 -0.3465 -0.8060
vn -0.5163 -0.3213 -0.7939
vn -0.5432 -0.3561 -0.7603
vn -0.4992 -0.2955 -0.8146
vn -0.4695 -0.2437 -0.8486
vn -0.5113 -0.2601 -0.8191
vn -0.4361 -0.1847 -0.8807
vn -0.4871 -0.1397 -0.8621
vn -0.5387 -0.2029 -0.8177
vn -0.4451 -0.1115 -0.8885
vn -0.4489 -0.0632 -0.8914
vn -0.4115 -0.4312 -0.8030
vn -0.4478 -0.4174 -0.7907
vn -0.4531 -0.4331 -0.7792
vn -0.4189 -0.3680 -0.8301
vn -0.4169 -0.3364 -0.8444
vn -0.4484 -0.3426 -0.8256
vn -0.3892 -0.2984 -0.8715
vn -0.4335 -0.2680 -0.8604
vn -0.4731 -0.3203 -0.8207
vn -0.3996 -0.2251 -0.8886
vn -0.4059 -0.1572 -0.9003
vn -0.3692 -0.0967 -0.9243
vn -0.4045 -0.1165 -0.9071
vn -0.3536 -0.0533 -0.9339
vn -0.3994 -0.0605 -0.9148
vn -0.3528 -0.4120 -0.8401
vn -0.3402 -0.3869 -0.8571
vn -0.3629 -0.3794 -0.8511
vn -0.3753 -0.3969 -0.8376
vn -0.3290 -0.3192 -0.8888
vn -0.3502 -0.2764 -0.8950
vn -0.3256 -0.2081 -0.9223
vn -0.3545 -0.2341 -0.9053
vn -0.2924 -0.1496 -0.9445
vn -0.3291 -0.1257 -0.9359
vn -0.3612 -0.1657 -0.9176
vn -0.2869 -0.0868 -0.9540
vn -0.2978 -0.0475 -0.9534
vn -0.2824 -0.4366 -0.8542
vn -0.2939 -0.4424 -0.8473
vn -0.2691 -0.3537 -0.8958
vn -0.2837 -0.3320 -0.8996
vn -0.2603 -0.2737 -0.9259
vn -0.2766 -0.2594 -0.9253
vn -0.2944 -0.2913 -0.9102
vn -0.2373 -0.1879 -0.9531
vn -0.2639 -0.1372 -0.9548
vn -0.2636 -0.0927 -0.9602
vn -0.2587 -0.0443 -0.9649
vn -0.1983 -0.4435 -0.8740
vn -0.2252 -0.4111 -0.8833
vn -0.2342 -0.4632 -0.8547
vn -0.2162 -0.3861 -0.8968
vn -0.2144 -0.3234 -0.9216
vn -0.2267 -0.3403 -0.9126
vn -0.1995 -0.2408 -0.9499
vn -0.2127 -0.2024 -0.9559
vn -0.2124 -0.1395 -0.9672
vn -0.2074 -0.0878 -0.9743
vn -0.2004 -0.0368 -0.9790
vn -0.1517 -0.4107 -0.8991
vn -0.1593 -0.3879 -0.9078
vn -0.1278 -0.3331 -0.9342
vn -0.1585 -0.2971 -0.9416
vn -0.1691 -0.3571 -0.9186
vn -0.1486 -0.2690 -0.9516
vn -0.1550 -0.2030 -0.9668
vn -0.1525 -0.1357 -0.9789
vn -0.1472 -0.0815 -0.9857
vn -0.1389 -0.0274 -0.9899
vn -0.0914 -0.4262 -0.9000
vn -0.0782 -0.3770 -0.9229
vn -0.0921 -0.3891 -0.9166
vn -0.0712 -0.2924 -0.9536
vn -0.0813 -0.2725 -0.9587
vn -0.0807 -0.2026 -0.9759
vn -0.0810 -0.1341 -0.9877
vn -0.0807 -0.0779 -0.9937
vn -0.0805 -0.0224 -0.9965
vn -0.8698 -0.4923 -0.0335
vn -0.8795 -0.4754 -0.0209
vn -0.8742 -0.4839 0.0396
vn -0.8809 -0.4717 0.0385
vn -0.8727 -0.4754 0.1111
vn -0.8668 -0.4590 0.1947
vn -0.8011 -0.5944 -0.0704
vn -0.8156 -0.5786 -0.0016
vn -0.8254 -0.5575 0.0888
vn -0.8373 -0.5191 0.1716
vn -0.8122 -0.5805 -0.0573
vn -0.8502 -0.5247 -0.0433
vn -0.8274 -0.5613 0.0179
vn -0.8586 -0.5118 0.0300
vn -0.8360 -0.5385 0.1054
vn -0.8576 -0.5022 0.1112
vn -0.8339 -0.5142 0.2006
vn -0.8392 -0.5062 0.1990
vn -0.8211 -0.4955 0.2834
vn -0.8462 -0.4738 0.2439
vn -0.8107 -0.4951 0.3125
vn -0.8487 -0.4334 0.3030
vn -0.8031 -0.4608 0.3778
vn -0.8053 -0.4656 0.3671
vn -0.7930 -0.4356 0.4259
vn -0.6954 -0.7091 -0.1161
vn -0.7181 -0.6895 -0.0943
vn -0.7199 -0.6918 -0.0561
vn -0.7518 -0.6588 -0.0281
vn -0.7466 -0.6632 0.0520
vn -0.7737 -0.6291 0.0743
vn -0.7654 -0.6222 0.1643
vn -0.7595 -0.6283 0.1683
vn -0.7869 -0.5649 0.2483
vn -0.7644 -0.5704 0.3008
vn -0.8000 -0.5240 0.2923
vn -0.7661 -0.5305 0.3629
vn -0.7980 -0.5016 0.3341
vn -0.7570 -0.5193 0.3966
vn -0.8008 -0.4554 0.3890
vn -0.7584 -0.4795 0.4414
vn -0.7562 -0.4831 0.4414
vn -0.7507 -0.4430 0.4901
vn -0.7387 -0.4365 0.5136
vn -0.5718 -0.8116 -0.1195
vn -0.5879 -0.8045 -0.0846
vn -0.6100 -0.7921 -0.0236
vn -0.6214 -0.7835 0.0049
vn -0.6520 -0.7498 0.1126
vn -0.6434 -0.7520 0.1435
vn -0.7098 -0.6666 0.2276
vn -0.6525 -0.7024 0.2844
vn -0.7592 -0.5790 0.2971
vn -0.6865 -0.6306 0.3621
vn -0.7074 -0.6029 0.3688
vn -0.7203 -0.5550 0.4160
vn -0.6817 -0.5619 0.4686
vn -0.7225 -0.5128 0.4637
vn -0.7197 -0.4895 0.4923
vn -0.6759 -0.4969 0.5443
vn -0.7126 -0.4611 0.5287
vn -0.6980 -0.4459 0.5603
vn -0.6626 -0.4431 0.6039
vn -0.6824 -0.4266 0.5936
vn -0.9599 -0.2799 -0.0188
vn -0.9591 -0.2812 0.0316
vn -0.9569 -0.2755 0.0922
vn -0.9585 -0.2403 0.1538
vn -0.9742 -0.2247 -0.0209
vn -0.9741 -0.2236 0.0336
vn -0.9704 -0.2211 0.0977
vn -0.9605 -0.2154 0.1762
vn -0.9530 -0.1951 0.2319
vn -0.9857 -0.1671 -0.0202
vn -0.9858 -0.1638 0.0374
vn -0.9820 -0.1604 0.0998
vn -0.9707 -0.1579 0.1813
vn -0.9517 -0.1464 0.2699
vn -0.9932 -0.1151 -0.0187
vn -0.9927 -0.1131 0.0414
vn -0.9887 -0.1092 0.1030
vn -0.9774 -0.1057 0.1831
vn -0.9558 -0.1059 0.2744
vn -0.9439 -0.0978 0.3155
vn -0.9983 -0.0550 -0.0200
vn -0.9975 -0.0554 0.0443
vn -0.9928 -0.0500 0.1092
vn -0.9815 -0.0429 0.1868
vn -0.9616 -0.0412 0.2715
vn -0.9443 -0.0433 0.3264
vn -0.9144 -0.4044 -0.0162
vn -0.9151 -0.4015 0.0376
vn -0.9206 -0.3901 -0.0190
vn -0.9200 -0.3897 0.0421
vn -0.9143 -0.3917 0.1031
vn -0.9061 -0.3810 0.1839
vn -0.9348 -0.3546 -0.0172
vn -0.9474 -0.3195 -0.0181
vn -0.9331 -0.3575 0.0385
vn -0.9461 -0.3221 0.0346
vn -0.9282 -0.3577 0.1028
vn -0.9405 -0.3258 0.0966
vn -0.9139 -0.3587 0.1900
vn -0.9209 -0.3522 0.1674
vn -0.8970 -0.3444 0.2769
vn -0.8827 -0.3224 0.3418
vn -0.9275 -0.2861 0.2406
vn -0.9060 -0.3047 0.2937
vn -0.9231 -0.2695 0.2743
vn -0.8872 -0.2772 0.3688
vn -0.9131 -0.2100 0.3495
vn -0.8960 -0.2292 0.3802
vn -0.8808 -0.2163 0.4212
vn -0.9328 -0.1600 0.3231
vn -0.9039 -0.1736 0.3910
vn -0.9217 -0.1427 0.3607
vn -0.8875 -0.1618 0.4316
vn -0.9085 -0.1089 0.4035
vn -0.8931 -0.1260 0.4319
vn -0.8790 -0.1189 0.4617
vn -0.9218 -0.0512 0.3843
vn -0.9013 -0.0605 0.4289
vn -0.8811 -0.0644 0.4686
vn -0.8975 -0.4349 0.0737
vn -0.8762 -0.4658 0.1238
vn -0.9091 -0.4000 0.1164
vn -0.8713 -0.4450 0.2070
vn -0.8829 -0.4274 0.1943
vn -0.8529 -0.4339 0.2903
vn -0.8420 -0.4040 0.3575
vn -0.8869 -0.4002 0.2307
vn -0.8466 -0.4296 0.3142
vn -0.8876 -0.3515 0.2977
vn -0.8390 -0.3923 0.3770
vn -0.8430 -0.3936 0.3666
vn -0.8276 -0.3689 0.4231
vn -0.8367 -0.3375 0.4313
vn -0.8249 -0.3410 0.4509
vn -0.8645 -0.2938 0.4078
vn -0.8229 -0.3076 0.4777
vn -0.8553 -0.2574 0.4498
vn -0.8208 -0.2841 0.4956
vn -0.8443 -0.2290 0.4845
vn -0.8250 -0.2383 0.5125
vn -0.8678 -0.1779 0.4640
vn -0.8247 -0.1900 0.5327
vn -0.8530 -0.1531 0.4990
vn -0.8363 -0.1272 0.5334
vn -0.8499 -0.0711 0.5221
vn -0.8032 -0.4212 0.4212
vn -0.7851 -0.4230 0.4524
vn -0.7935 -0.4122 0.4477
vn -0.7850 -0.3757 0.4926
vn -0.7742 -0.3732 0.5113
vn -0.8096 -0.3449 0.4749
vn -0.7670 -0.3511 0.5371
vn -0.7973 -0.3152 0.5147
vn -0.7845 -0.2909 0.5477
vn -0.8127 -0.2460 0.5282
vn -0.7730 -0.4200 0.4755
vn -0.7252 -0.4251 0.5417
vn -0.7620 -0.3872 0.5190
vn -0.7507 -0.3776 0.5421
vn -0.8227 -0.1802 0.5391
vn -0.8248 -0.1341 0.5492
vn -0.8278 -0.0744 0.5561
vn -0.7657 -0.3271 0.5538
vn -0.7626 -0.2944 0.5760
vn -0.7553 -0.2549 0.6038
vn -0.7950 -0.2089 0.5695
vn -0.7583 -0.2342 0.6084
vn -0.7773 -0.1896 0.5999
vn -0.7557 -0.1935 0.6257
vn -0.7952 -0.1373 0.5906
vn -0.7521 -0.1397 0.6440
vn -0.8065 -0.0772 0.5862
vn -0.7492 -0.0755 0.6580
vn -0.7228 -0.3995 0.5638
vn -0.7121 -0.3842 0.5877
vn -0.7344 -0.3547 0.5787
vn -0.7192 -0.3315 0.6106
vn -0.7025 -0.3284 0.6314
vn -0.7462 -0.2955 0.5966
vn -0.6876 -0.2954 0.6633
vn -0.7188 -0.2656 0.6425
vn -0.6956 -0.2372 0.6781
vn -0.6876 -0.2365 0.6865
vn -0.7162 -0.1897 0.6716
vn -0.6783 -0.1875 0.7105
vn -0.7302 -0.1409 0.6685
vn -0.6707 -0.1393 0.7285
vn -0.7387 -0.0682 0.6706
vn -0.6715 -0.0689 0.7378
vn -0.6654 -0.4060 0.6264
vn -0.6424 -0.4063 0.6498
vn -0.6968 -0.3823 0.6069
vn -0.6245 -0.3833 0.6805
vn -0.6720 -0.3448 0.6554
vn -0.6467 -0.3271 0.6890
vn -0.6257 -0.3271 0.7081
vn -0.6755 -0.2934 0.6765
vn -0.6076 -0.2884 0.7400
vn -0.6467 -0.2660 0.7148
vn -0.6155 -0.2311 0.7535
vn -0.6136 -0.2275 0.7562
vn -0.6340 -0.1849 0.7509
vn -0.5986 -0.1823 0.7800
vn -0.6462 -0.1351 0.7511
vn -0.5913 -0.1312 0.7957
vn -0.6590 -0.0777 0.7482
vn -0.5859 -0.0798 0.8065
vn -0.4272 -0.9027 -0.0511
vn -0.4440 -0.8935 0.0672
vn -0.3973 -0.9125 -0.0977
vn -0.5215 -0.8448 -0.1198
vn -0.3778 -0.9148 -0.1430
vn -0.5418 -0.8301 -0.1316
vn -0.4889 -0.8662 -0.1035
vn -0.5850 -0.7902 0.1825
vn -0.4988 -0.8348 0.2328
vn -0.6471 -0.7131 0.2698
vn -0.5701 -0.7516 0.3319
vn -0.6022 -0.7184 0.3482
vn -0.6383 -0.6555 0.4035
vn -0.5846 -0.6649 0.4650
vn -0.6674 -0.5790 0.4684
vn -0.6192 -0.5966 0.5105
vn -0.6685 -0.5626 0.4864
vn -0.5906 -0.5750 0.5662
vn -0.6593 -0.5009 0.5606
vn -0.6508 -0.5042 0.5676
vn -0.3183 -0.9453 -0.0719
vn -0.3162 -0.9384 -0.1391
vn -0.3411 -0.9352 -0.0955
vn -0.3814 -0.9229 0.0527
vn -0.4098 -0.8962 0.1697
vn -0.4013 -0.8754 0.2695
vn -0.5075 -0.7720 0.3828
vn -0.4457 -0.7917 0.4177
vn -0.5389 -0.7114 0.4511
vn -0.4859 -0.7245 0.4889
vn -0.5116 -0.6001 0.6150
vn -0.5717 -0.5766 0.5837
vn -0.2049 -0.9778 -0.0443
vn -0.1766 -0.9732 -0.1472
vn -0.1731 -0.9778 -0.1183
vn -0.1509 -0.9884 -0.0169
vn -0.2078 -0.9782 -0.0029
vn -0.1923 -0.9791 0.0660
vn -0.2626 -0.9550 0.1379
vn -0.3110 -0.9170 0.2497
vn -0.3248 -0.8794 0.3481
vn -0.3946 -0.7926 0.4648
vn -0.3496 -0.7822 0.5157
vn -0.4295 -0.7214 0.5433
vn -0.4541 -0.6812 0.5742
vn -0.0095 -0.9999 -0.0084
vn -0.0116 -0.9999 0.0081
vn -0.0819 -0.9966 -0.0129
vn -0.0592 -0.9895 -0.1318
vn -0.0493 -0.9901 -0.1317
vn -0.0333 -0.9924 -0.1182
vn -0.1300 -0.9837 0.1241
vn -0.1199 -0.9815 0.1496
vn -0.2057 -0.9519 0.2271
vn -0.2177 -0.9146 0.3407
vn -0.2261 -0.8796 0.4185
vn -0.2714 -0.7619 0.5881
vn 0.0061 -0.9999 -0.0118
vn 0.0010 -1.0000 0.0037
vn -0.0036 -0.9999 0.0133
vn 0.0283 -0.9996 0.0012
vn 0.0422 -0.9930 -0.1099
vn 0.0545 -0.9898 -0.1316
vn 0.0375 -0.9919 -0.1213
vn 0.0772 -0.9938 -0.0801
vn -0.0476 -0.9679 0.2470
vn -0.0962 -0.9438 0.3162
vn -0.1090 -0.8900 0.4427
vn -0.1336 -0.8282 0.5443
vn 0.0088 -1.0000 -0.0009
vn 0.0057 -0.9999 0.0109
vn 0.1445 -0.9895 -0.0033
vn 0.1432 -0.9855 -0.0914
vn 0.1349 -0.9812 -0.1379
vn 0.1225 -0.9848 -0.1227
vn 0.0797 -0.9939 -0.0762
vn 0.1441 -0.9894 -0.0200
vn 0.1816 -0.9803 0.0778
vn 0.0414 -0.9694 0.2418
vn 0.0585 -0.9538 0.2946
vn 0.0347 -0.9025 0.4294
vn 0.0135 -0.8561 0.5166
vn 0.2603 -0.9655 -0.0062
vn 0.2457 -0.9640 -0.1015
vn 0.1967 -0.9638 -0.1798
vn 0.1552 -0.9789 -0.1330
vn 0.1618 -0.9866 -0.0220
vn 0.1811 -0.9760 0.1210
vn 0.1644 -0.9489 0.2694
vn 0.1304 -0.9107 0.3920
vn 0.1050 -0.8700 0.4818
vn 0.1968 -0.9804 0.0063
vn 0.1837 -0.9728 -0.1409
vn 0.1411 -0.9626 -0.2311
vn 0.1321 -0.9817 -0.1374
vn 0.1580 -0.9874 0.0058
vn 0.1727 -0.9764 0.1301
vn 0.1570 -0.9549 0.2521
vn 0.1237 -0.9266 0.3551
vn 0.0925 -0.9241 0.3709
vn 0.1068 -0.8898 0.4436
vn -0.5794 -0.5069 0.6382
vn -0.6371 -0.4554 0.6218
vn -0.6205 -0.4443 0.6462
vn -0.5724 -0.4425 0.6903
vn -0.6028 -0.4251 0.6752
vn -0.4874 -0.5674 0.6637
vn -0.5664 -0.5053 0.6511
vn -0.5529 -0.5066 0.6615
vn -0.4821 -0.5019 0.7181
vn -0.5347 -0.4639 0.7064
vn -0.5141 -0.4390 0.7369
vn -0.4836 -0.4456 0.7533
vn -0.5102 -0.4409 0.7384
vn -0.3703 -0.6724 0.6409
vn -0.4581 -0.5816 0.6722
vn -0.4552 -0.5712 0.6831
vn -0.3898 -0.5688 0.7242
vn -0.4504 -0.5246 0.7224
vn -0.4264 -0.4916 0.7593
vn -0.4251 -0.4947 0.7580
vn -0.4119 -0.4252 0.8060
vn -0.2878 -0.7507 0.5946
vn -0.3089 -0.6423 0.7014
vn -0.3204 -0.6299 0.7076
vn -0.3237 -0.5475 0.7717
vn -0.3660 -0.5405 0.7576
vn -0.2917 -0.5207 0.8024
vn -0.3615 -0.4615 0.8101
vn -0.3501 -0.4625 0.8145
vn -0.3418 -0.4612 0.8188
vn -0.1550 -0.7674 0.6222
vn -0.1845 -0.7149 0.6744
vn -0.2088 -0.6391 0.7403
vn -0.2350 -0.5950 0.7686
vn -0.2433 -0.5673 0.7867
vn -0.2471 -0.5097 0.8241
vn -0.2801 -0.4997 0.8197
vn -0.2217 -0.4837 0.8467
vn -0.2787 -0.4349 0.8563
vn -0.0138 -0.7955 0.6058
vn -0.0530 -0.7674 0.6390
vn -0.0859 -0.6735 0.7342
vn -0.1240 -0.6542 0.7461
vn -0.1481 -0.5754 0.8043
vn -0.1687 -0.5432 0.8224
vn -0.1776 -0.5276 0.8307
vn -0.1830 -0.4706 0.8632
vn 0.0737 -0.8246 0.5609
vn 0.0327 -0.8001 0.5990
vn 0.0019 -0.7096 0.7046
vn -0.0346 -0.7012 0.7121
vn -0.0620 -0.6010 0.7968
vn -0.0892 -0.5815 0.8086
vn -0.1084 -0.5337 0.8387
vn -0.1194 -0.4975 0.8592
vn 0.0798 -0.8579 0.5075
vn 0.0396 -0.8214 0.5690
vn 0.0208 -0.7372 0.6754
vn -0.0002 -0.7275 0.6861
vn -0.0084 -0.6894 0.7243
vn -0.0180 -0.6208 0.7837
vn -0.0345 -0.6124 0.7898
vn -0.0499 -0.5496 0.8340
vn -0.0597 -0.5136 0.8560
vn -0.0559 -0.5065 0.8604
vn -0.5767 -0.4034 0.7104
vn -0.5572 -0.4067 0.7239
vn -0.6070 -0.3847 0.6954
vn -0.5408 -0.3823 0.7493
vn -0.5905 -0.3507 0.7269
vn -0.5601 -0.3210 0.7637
vn -0.5841 -0.2910 0.7577
vn -0.5379 -0.2826 0.7942
vn -0.5719 -0.2678 0.7754
vn -0.5220 -0.2160 0.8251
vn -0.5364 -0.1713 0.8264
vn -0.5426 -0.1275 0.8303
vn -0.5207 -0.1194 0.8454
vn -0.5493 -0.0770 0.8321
vn -0.5075 -0.0734 0.8585
vn -0.4740 -0.3997 0.7846
vn -0.5041 -0.3789 0.7761
vn -0.4675 -0.3780 0.7991
vn -0.5398 -0.3526 0.7644
vn -0.4451 -0.3442 0.8267
vn -0.5068 -0.2961 0.8096
vn -0.4871 -0.2701 0.8305
vn -0.5010 -0.2340 0.8332
vn -0.4668 -0.2213 0.8562
vn -0.5194 -0.1807 0.8352
vn -0.4428 -0.1681 0.8807
vn -0.4829 -0.1424 0.8640
vn -0.4400 -0.1102 0.8912
vn -0.4487 -0.0672 0.8912
vn -0.4347 -0.4250 0.7940
vn -0.3947 -0.4177 0.8184
vn -0.4226 -0.4101 0.8082
vn -0.3961 -0.3665 0.8419
vn -0.4216 -0.3360 0.8422
vn -0.4477 -0.3106 0.8385
vn -0.3750 -0.2911 0.8801
vn -0.4248 -0.2510 0.8698
vn -0.3939 -0.2094 0.8950
vn -0.4106 -0.1542 0.8987
vn -0.4095 -0.1145 0.9051
vn -0.4070 -0.0695 0.9108
vn -0.3819 -0.0608 0.9222
vn -0.3332 -0.3993 0.8541
vn -0.3523 -0.3854 0.8528
vn -0.3777 -0.3678 0.8498
vn -0.3060 -0.3465 0.8867
vn -0.3551 -0.3065 0.8832
vn -0.3393 -0.2769 0.8990
vn -0.3509 -0.2219 0.9097
vn -0.3536 -0.1660 0.9206
vn -0.3176 -0.1557 0.9354
vn -0.3748 -0.1223 0.9190
vn -0.3011 -0.1153 0.9466
vn -0.3435 -0.0894 0.9349
vn -0.3135 -0.0590 0.9477
vn -0.2720 -0.4307 0.8605
vn -0.2994 -0.4088 0.8621
vn -0.2424 -0.3947 0.8863
vn -0.2861 -0.3583 0.8887
vn -0.2741 -0.3349 0.9015
vn -0.2864 -0.2919 0.9126
vn -0.3065 -0.2450 0.9198
vn -0.2328 -0.2195 0.9474
vn -0.2790 -0.1753 0.9442
vn -0.2585 -0.1478 0.9546
vn -0.2756 -0.1100 0.9550
vn -0.2816 -0.0692 0.9570
vn -0.2075 -0.4482 0.8695
vn -0.2064 -0.4333 0.8773
vn -0.2031 -0.3794 0.9026
vn -0.2158 -0.3473 0.9126
vn -0.2381 -0.3103 0.9203
vn -0.1720 -0.2832 0.9435
vn -0.2134 -0.2395 0.9471
vn -0.1973 -0.2032 0.9590
vn -0.2079 -0.1588 0.9652
vn -0.2058 -0.1168 0.9716
vn -0.2062 -0.0699 0.9760
vn -0.1426 -0.4786 0.8664
vn -0.1079 -0.4588 0.8820
vn -0.1429 -0.4173 0.8974
vn -0.1371 -0.4001 0.9062
vn -0.1508 -0.3516 0.9239
vn -0.1428 -0.3252 0.9348
vn -0.1335 -0.2577 0.9570
vn -0.1428 -0.2132 0.9665
vn -0.1376 -0.1553 0.9782
vn -0.1332 -0.1153 0.9844
vn -0.1300 -0.0696 0.9891
vn -0.0549 -0.4171 0.9072
vn -0.0660 -0.4042 0.9123
vn -0.0691 -0.3662 0.9280
vn -0.0671 -0.3151 0.9467
vn -0.0658 -0.2737 0.9596
vn -0.0688 -0.2100 0.9753
vn -0.0670 -0.1521 0.9861
vn -0.0618 -0.1097 0.9920
vn -0.0545 -0.0652 0.9964
vn -0.7830 0.0098 -0.6220
vn -0.7721 0.0201 -0.6352
vn -0.8228 0.0260 -0.5678
vn -0.7759 0.1043 -0.6222
vn -0.8174 0.1055 -0.5663
vn -0.7744 0.1871 -0.6044
vn -0.8032 0.1864 -0.5659
vn -0.7723 0.2690 -0.5754
vn -0.7678 0.2629 -0.5843
vn -0.6697 0.0046 -0.7426
vn -0.7286 0.0619 -0.6822
vn -0.6822 0.1111 -0.7227
vn -0.7701 0.1115 -0.6282
vn -0.6923 0.1899 -0.6962
vn -0.7446 0.1889 -0.6402
vn -0.6971 0.2829 -0.6588
vn -0.7042 0.2808 -0.6521
vn -0.7263 0.3302 -0.6029
vn -0.6582 0.4202 -0.6247
vn -0.7405 0.4025 -0.5382
vn -0.6711 0.4832 -0.5623
vn -0.6598 0.4798 -0.5783
vn -0.5906 0.0030 -0.8069
vn -0.6864 0.0053 -0.7272
vn -0.5939 0.0993 -0.7984
vn -0.6812 0.1021 -0.7249
vn -0.5983 0.1900 -0.7784
vn -0.6612 0.1912 -0.7255
vn -0.6143 0.2829 -0.7366
vn -0.6211 0.2840 -0.7305
vn -0.6453 0.3373 -0.6855
vn -0.5695 0.4225 -0.7051
vn -0.6638 0.4246 -0.6157
vn -0.6013 0.4934 -0.6285
vn -0.5876 0.4926 -0.6420
vn -0.5885 0.5749 -0.5685
vn -0.5652 0.5976 -0.5687
vn -0.5806 0.5872 -0.5640
vn -0.9578 0.0351 -0.2854
vn -0.9622 0.0454 -0.2685
vn -0.9771 0.0391 -0.2094
vn -0.9882 0.0320 -0.1498
vn -0.9957 0.0267 -0.0882
vn -0.9563 0.1182 -0.2676
vn -0.9690 0.1215 -0.2152
vn -0.9810 0.1161 -0.1554
vn -0.9895 0.1110 -0.0924
vn -0.9542 0.1712 -0.2451
vn -0.9588 0.1832 -0.2170
vn -0.9702 0.1814 -0.1605
vn -0.9793 0.1789 -0.0948
vn -0.9522 0.2298 -0.2013
vn -0.9564 0.2427 -0.1628
vn -0.9657 0.2409 -0.0970
vn -0.9492 0.2756 -0.1517
vn -0.9498 0.2978 -0.0956
vn -0.8939 0.0341 -0.4470
vn -0.9133 0.0420 -0.4052
vn -0.9201 0.0346 -0.3901
vn -0.9386 0.0914 -0.3326
vn -0.8983 0.0975 -0.4283
vn -0.9105 0.1094 -0.3988
vn -0.9262 0.1260 -0.3553
vn -0.9510 0.1226 -0.2839
vn -0.9028 0.1724 -0.3939
vn -0.9250 0.1870 -0.3307
vn -0.9366 0.1773 -0.3023
vn -0.9408 0.2136 -0.2632
vn -0.8979 0.2486 -0.3632
vn -0.9088 0.2618 -0.3247
vn -0.9196 0.2713 -0.2841
vn -0.9366 0.2501 -0.2454
vn -0.9312 0.2914 -0.2192
vn -0.8895 0.3393 -0.3060
vn -0.8957 0.3536 -0.2696
vn -0.9012 0.3599 -0.2413
vn -0.9189 0.3329 -0.2118
vn -0.9038 0.3925 -0.1703
vn -0.9221 0.3722 -0.1056
vn -0.8733 0.4137 -0.2572
vn -0.8739 0.4356 -0.2159
vn -0.8742 0.4500 -0.1821
vn -0.8782 0.4619 -0.1242
vn -0.8532 0.5087 -0.1152
vn -0.8441 0.0285 -0.5354
vn -0.8636 0.0316 -0.5032
vn -0.8437 0.1065 -0.5262
vn -0.8535 0.1002 -0.5114
vn -0.8732 0.1418 -0.4663
vn -0.8383 0.1789 -0.5151
vn -0.8457 0.1936 -0.4973
vn -0.8880 0.1838 -0.4216
vn -0.8374 0.2511 -0.4855
vn -0.8383 0.2766 -0.4699
vn -0.8519 0.2637 -0.4526
vn -0.8586 0.3247 -0.3968
vn -0.8268 0.3514 -0.4392
vn -0.8212 0.3905 -0.4161
vn -0.8528 0.3690 -0.3696
vn -0.8441 0.4215 -0.3314
vn -0.8101 0.4562 -0.3683
vn -0.7993 0.4910 -0.3465
vn -0.8258 0.4694 -0.3125
vn -0.8004 0.5349 -0.2707
vn -0.8226 0.5195 -0.2313
vn -0.8436 0.5017 -0.1915
vn -0.7906 0.5306 -0.3057
vn -0.7777 0.5678 -0.2698
vn -0.7618 0.6061 -0.2288
vn -0.7447 0.6365 -0.2007
vn -0.8017 0.5765 -0.1581
vn -0.7621 0.6344 -0.1292
vn -0.7402 0.6487 -0.1768
vn -0.7370 0.6616 -0.1382
vn -0.7795 0.3352 -0.5292
vn -0.7476 0.3915 -0.5364
vn -0.7759 0.3754 -0.5069
vn -0.7741 0.4342 -0.4608
vn -0.7439 0.4548 -0.4897
vn -0.7274 0.5001 -0.4699
vn -0.7587 0.4891 -0.4302
vn -0.7436 0.5426 -0.3906
vn -0.7081 0.5939 -0.3818
vn -0.7214 0.5861 -0.3688
vn -0.6924 0.6539 -0.3050
vn -0.7171 0.6444 -0.2657
vn -0.7373 0.6379 -0.2224
vn -0.6892 0.6595 -0.3003
vn -0.6661 0.7006 -0.2559
vn -0.6369 0.7418 -0.2100
vn -0.6841 0.7027 -0.1954
vn -0.6152 0.7705 -0.1668
vn -0.6245 0.7690 -0.1367
vn -0.6532 0.5635 -0.5057
vn -0.7044 0.5342 -0.4674
vn -0.6456 0.5772 -0.5001
vn -0.6115 0.6400 -0.4653
vn -0.6746 0.6154 -0.4077
vn -0.6513 0.6567 -0.3801
vn -0.5879 0.7160 -0.3765
vn -0.6291 0.6934 -0.3514
vn -0.5466 0.7897 -0.2786
vn -0.5662 0.7888 -0.2390
vn -0.5845 0.7883 -0.1921
vn -0.5938 0.7849 -0.1772
vn -0.5410 0.6848 -0.4881
vn -0.5839 0.6668 -0.4631
vn -0.4874 0.7609 -0.4284
vn -0.5529 0.7358 -0.3911
vn -0.4897 0.8075 -0.3290
vn -0.5068 0.8062 -0.3053
vn -0.5903 0.7971 -0.1274
vn -0.5242 0.8226 -0.2202
vn -0.4791 0.8605 -0.1733
vn -0.4385 0.8867 -0.1466
vn -0.5118 0.8459 -0.1500
vn -0.4080 0.9068 -0.1064
vn -0.3953 0.8814 -0.2585
vn -0.4493 0.8542 -0.2615
vn -0.3349 0.9264 -0.1723
vn -0.3391 0.9312 -0.1338
vn -0.3294 0.9382 -0.1059
vn -0.3096 0.9451 -0.1049
vn -0.5052 0.0028 -0.8630
vn -0.5655 0.0023 -0.8248
vn -0.5058 0.0937 -0.8576
vn -0.5602 0.0966 -0.8227
vn -0.5243 0.1760 -0.8332
vn -0.5444 0.1868 -0.8178
vn -0.5107 0.2705 -0.8161
vn -0.5551 0.3489 -0.7551
vn -0.5040 0.4065 -0.7621
vn -0.5633 0.4233 -0.7096
vn -0.5032 0.4821 -0.7172
vn -0.5081 0.5936 -0.6240
vn -0.5025 0.5984 -0.6240
vn -0.4826 0.6928 -0.5359
vn -0.4465 0.0045 -0.8948
vn -0.4422 0.0884 -0.8926
vn -0.4182 0.1656 -0.8931
vn -0.4661 0.2350 -0.8529
vn -0.4206 0.2899 -0.8597
vn -0.4896 0.3115 -0.8144
vn -0.4453 0.3847 -0.8086
vn -0.4640 0.4569 -0.7589
vn -0.4158 0.5291 -0.7397
vn -0.4763 0.5410 -0.6932
vn -0.4644 0.5693 -0.6784
vn -0.3928 0.6519 -0.6486
vn -0.4523 0.6711 -0.5875
vn -0.4450 0.6859 -0.5757
vn -0.3689 0.7515 -0.5470
vn -0.4077 0.7683 -0.4934
vn -0.3488 0.0102 -0.9372
vn -0.3957 0.0078 -0.9184
vn -0.3609 0.0869 -0.9286
vn -0.3876 0.0964 -0.9168
vn -0.3832 0.1810 -0.9058
vn -0.3648 0.2684 -0.8915
vn -0.3861 0.3372 -0.8586
vn -0.3368 0.4006 -0.8521
vn -0.4149 0.4316 -0.8010
vn -0.3563 0.4943 -0.7929
vn -0.3781 0.5811 -0.7207
vn -0.3452 0.6232 -0.7017
vn -0.3733 0.6355 -0.6759
vn -0.3513 0.7016 -0.6200
vn -0.3425 0.7363 -0.5835
vn -0.2989 0.8254 -0.4789
vn -0.2946 0.0129 -0.9555
vn -0.2734 0.0835 -0.9583
vn -0.3080 0.1354 -0.9417
vn -0.2623 0.1860 -0.9469
vn -0.3333 0.2076 -0.9197
vn -0.3146 0.2898 -0.9039
vn -0.2924 0.3702 -0.8817
vn -0.3163 0.4412 -0.8398
vn -0.2931 0.5014 -0.8141
vn -0.3373 0.5310 -0.7774
vn -0.2925 0.5718 -0.7665
vn -0.2904 0.6978 -0.6548
vn -0.3099 0.6969 -0.6467
vn -0.2645 0.7661 -0.5857
vn -0.2831 0.7944 -0.5375
vn -0.2601 0.8317 -0.4905
vn -0.2522 0.0191 -0.9675
vn -0.2460 0.0991 -0.9642
vn -0.2294 0.1730 -0.9578
vn -0.2432 0.2151 -0.9458
vn -0.1943 0.2799 -0.9402
vn -0.2780 0.3166 -0.9069
vn -0.2480 0.3820 -0.8902
vn -0.2321 0.4381 -0.8685
vn -0.2504 0.5680 -0.7840
vn -0.2556 0.6033 -0.7554
vn -0.2569 0.6895 -0.6772
vn -0.2477 0.7325 -0.6341
vn -0.2261 0.8201 -0.5257
vn -0.2396 0.8326 -0.4994
vn -0.1917 0.0276 -0.9811
vn -0.1837 0.1049 -0.9774
vn -0.1809 0.1885 -0.9653
vn -0.1616 0.2588 -0.9523
vn -0.1775 0.3176 -0.9315
vn -0.1538 0.3643 -0.9185
vn -0.1989 0.3924 -0.8980
vn -0.1719 0.4582 -0.8721
vn -0.1890 0.5462 -0.8160
vn -0.1908 0.6397 -0.7445
vn -0.1954 0.6750 -0.7115
vn -0.1686 0.7254 -0.6674
vn -0.1924 0.7678 -0.6111
vn -0.1834 0.8176 -0.5458
vn -0.1303 0.0360 -0.9908
vn -0.1239 0.1109 -0.9861
vn -0.1194 0.1889 -0.9747
vn -0.1153 0.2711 -0.9556
vn -0.0993 0.3084 -0.9461
vn -0.1058 0.4288 -0.8972
vn -0.1135 0.4732 -0.8736
vn -0.1248 0.5246 -0.8421
vn -0.0926 0.6002 -0.7945
vn -0.1345 0.6612 -0.7380
vn -0.1183 0.6606 -0.7414
vn -0.1217 0.7921 -0.5981
vn -0.1457 0.8115 -0.5659
vn -0.0794 0.0408 -0.9960
vn -0.0765 0.1150 -0.9904
vn -0.0732 0.1916 -0.9787
vn -0.0702 0.2736 -0.9593
vn -0.0649 0.3333 -0.9406
vn -0.0669 0.4143 -0.9077
vn -0.0704 0.4820 -0.8734
vn -0.0580 0.5202 -0.8521
vn -0.0653 0.6626 -0.7461
vn -0.0754 0.6702 -0.7384
vn -0.0784 0.7838 -0.6160
vn -0.0924 0.8056 -0.5852
vn -0.5133 0.6804 -0.5231
vn -0.4240 0.7688 -0.4787
vn -0.4671 0.7662 -0.4414
vn -0.4257 0.8164 -0.3903
vn -0.4448 0.8198 -0.3607
vn -0.3669 0.8208 -0.4378
vn -0.3873 0.8239 -0.4138
vn -0.3173 0.8320 -0.4551
vn 0.5208 0.8492 0.0870
vn 0.3978 0.8325 0.3856
vn 0.5143 0.7899 0.3341
vn 0.4638 0.8301 0.3096
vn 0.5373 0.8236 0.1819
vn 0.5378 0.8309 0.1426
vn 0.3480 0.8805 0.3218
vn 0.2981 0.9505 0.0876
vn 0.3272 0.8303 0.4512
vn 0.3571 0.7878 0.5019
vn 0.1654 0.9428 0.2896
vn -0.0555 0.9867 -0.1529
vn 0.1173 0.8433 0.5245
vn 0.1753 0.8275 0.5334
vn 0.2343 0.8017 0.5499
vn -0.2296 0.8796 -0.4166
vn -0.1818 0.8901 -0.4180
vn -0.1926 0.9102 -0.3667
vn -0.1733 0.8640 -0.4728
vn -0.1412 0.9304 -0.3382
vn -0.1334 0.8850 -0.4460
vn -0.1101 0.9347 -0.3380
vn -0.0854 0.8993 -0.4290
vn -0.0709 0.9400 -0.3338
vn -0.3131 0.9067 -0.2827
vn -0.3616 0.8961 -0.2574
vn -0.2844 0.9387 -0.1951
vn -0.2581 0.9537 -0.1542
vn -0.2053 0.9729 -0.1060
vn -0.1555 0.9844 -0.0824
vn -0.1192 0.9899 -0.0767
vn -0.2626 0.9082 -0.3260
vn -0.3011 0.9098 -0.2855
vn -0.2405 0.9443 -0.2247
vn -0.2065 0.9644 -0.1654
vn -0.1281 0.9877 -0.0899
vn -0.0546 0.9975 -0.0451
vn 0.0050 0.9994 -0.0346
vn 0.0444 0.9978 -0.0494
vn -0.2294 0.8936 -0.3859
vn -0.2552 0.9034 -0.3447
vn -0.1998 0.9435 -0.2643
vn -0.1735 0.9653 -0.1952
vn -0.0976 0.9914 -0.0868
vn -0.0159 0.9998 -0.0080
vn 0.0674 0.9973 0.0302
vn 0.1407 0.9898 0.0241
vn 0.1894 0.9817 -0.0180
vn -0.1783 0.9355 -0.3051
vn -0.1486 0.9603 -0.2362
vn -0.0769 0.9899 -0.1191
vn 0.0037 1.0000 -0.0068
vn 0.0863 0.9933 0.0764
vn 0.1782 0.9765 0.1214
vn 0.2709 0.9573 0.1009
vn 0.4290 0.9021 0.0475
vn 0.3227 0.9464 0.0161
vn -0.1387 0.9481 -0.2860
vn -0.0868 0.9824 -0.1655
vn -0.0038 0.9993 -0.0362
vn 0.0836 0.9934 0.0779
vn 0.1830 0.9676 0.1740
vn 0.3339 0.9003 0.2792
vn 0.2590 0.9451 0.1991
vn 0.3851 0.8851 0.2614
vn 0.3445 0.9218 0.1778
vn 0.4426 0.8868 0.1330
vn -0.1224 0.9617 -0.2453
vn -0.0550 0.9946 -0.0882
vn 0.0274 0.9983 0.0513
vn 0.1245 0.9767 0.1747
vn 0.2060 0.9456 0.2517
vn 0.2898 0.8995 0.3271
vn -0.0914 0.9765 -0.1954
vn -0.0436 0.9988 -0.0217
vn 0.0232 0.9909 0.1330
vn 0.1053 0.9569 0.2706
vn 0.1506 0.8828 0.4450
vn 0.1881 0.9207 0.3419
vn 0.2803 0.8815 0.3800
vn -0.0594 0.9847 -0.1636
vn -0.0336 0.9992 0.0209
vn -0.0014 0.9823 0.1875
vn 0.0339 0.9457 0.3232
vn 0.0738 0.8978 0.4342
vn -0.9995 0.0221 -0.0239
vn -0.9988 0.0188 0.0445
vn -0.9930 0.0210 0.1165
vn -0.9808 0.0276 0.1929
vn -0.9625 0.0303 0.2697
vn -0.9465 0.0270 0.3216
vn -0.9938 0.1073 -0.0278
vn -0.9937 0.1037 0.0415
vn -0.9879 0.1004 0.1183
vn -0.9758 0.0982 0.1954
vn -0.9581 0.0973 0.2693
vn -0.9486 0.0863 0.3045
vn -0.9833 0.1796 -0.0285
vn -0.9828 0.1804 0.0395
vn -0.9772 0.1784 0.1150
vn -0.9659 0.1738 0.1918
vn -0.9517 0.1622 0.2609
vn -0.9700 0.2419 -0.0247
vn -0.9675 0.2491 0.0442
vn -0.9592 0.2573 0.1170
vn -0.9512 0.2505 0.1801
vn -0.9487 0.2190 0.2283
vn -0.9520 0.3054 -0.0187
vn -0.9489 0.3114 0.0511
vn -0.9463 0.3041 0.1100
vn -0.9260 0.0250 0.3767
vn -0.9056 0.0227 0.4235
vn -0.8846 0.0182 0.4659
vn -0.9313 0.1260 0.3418
vn -0.9176 0.0925 0.3867
vn -0.9005 0.1089 0.4210
vn -0.8851 0.0998 0.4546
vn -0.9423 0.1724 0.2871
vn -0.9059 0.1891 0.3789
vn -0.8924 0.1715 0.4173
vn -0.9390 0.2840 0.1939
vn -0.9123 0.3201 0.2555
vn -0.9132 0.2461 0.3249
vn -0.8957 0.2680 0.3548
vn -0.8799 0.2505 0.4038
vn -0.9290 0.3697 -0.0163
vn -0.9242 0.3768 0.0621
vn -0.9104 0.3950 0.1228
vn -0.9258 0.3475 0.1487
vn -0.8967 0.3885 0.2121
vn -0.8933 0.3568 0.2734
vn -0.8839 0.3308 0.3307
vn -0.8888 0.4578 -0.0189
vn -0.8885 0.4536 0.0697
vn -0.8837 0.4468 0.1397
vn -0.8798 0.4392 0.1820
vn -0.8751 0.4160 0.2472
vn -0.8572 0.5144 -0.0230
vn -0.8589 0.5080 0.0643
vn -0.8611 0.4937 0.1217
vn -0.8552 0.0164 0.5181
vn -0.8622 0.1395 0.4869
vn -0.8449 0.1054 0.5245
vn -0.8772 0.1959 0.4384
vn -0.8223 0.2091 0.5292
vn -0.8493 0.3023 0.4328
vn -0.8399 0.2665 0.4728
vn -0.8218 0.2797 0.4965
vn -0.8495 0.3878 0.3578
vn -0.8491 0.3577 0.3887
vn -0.7994 0.3859 0.4604
vn -0.8079 0.3486 0.4752
vn -0.8539 0.4806 0.1999
vn -0.8177 0.5121 0.2629
vn -0.8385 0.4561 0.2981
vn -0.7827 0.4878 0.3867
vn -0.7940 0.4431 0.4162
vn -0.7851 0.6185 -0.0331
vn -0.7887 0.6112 0.0657
vn -0.7759 0.6177 0.1282
vn -0.8166 0.5557 0.1561
vn -0.7633 0.6106 0.2112
vn -0.7761 0.5701 0.2694
vn -0.7832 0.5264 0.3309
vn -0.7390 0.6725 -0.0409
vn -0.7461 0.6630 0.0608
vn -0.7549 0.6427 0.1308
vn -0.7626 0.6211 0.1808
vn -0.7722 0.4075 0.4875
vn -0.7755 0.3644 0.5156
vn -0.7499 0.5052 0.4272
vn -0.7616 0.4610 0.4555
vn -0.7252 0.4767 0.4968
vn -0.7408 0.6142 0.2719
vn -0.6946 0.6369 0.3344
vn -0.7215 0.5690 0.3947
vn -0.6961 0.5781 0.4257
vn -0.7231 0.5233 0.4510
vn -0.6419 0.7652 -0.0493
vn -0.6491 0.7589 0.0523
vn -0.6415 0.7567 0.1261
vn -0.6283 0.7581 0.1745
vn -0.6952 0.6816 0.2284
vn -0.6401 0.7204 0.2669
vn -0.6712 0.6641 0.3294
vn -0.6657 0.6215 0.4129
vn -0.6272 0.6400 0.4439
vn -0.6500 0.5611 0.5124
vn -0.6221 0.7588 0.1928
vn -0.5977 0.7619 0.2497
vn -0.5671 0.7634 0.3093
vn -0.6175 0.7015 0.3558
vn -0.5671 0.7273 0.3866
vn -0.6127 0.6587 0.4368
vn -0.5098 0.7766 0.3702
vn -0.4860 0.7793 0.3955
vn -0.5624 0.6734 0.4798
vn -0.8312 0.0132 0.5558
vn -0.8325 0.1087 0.5433
vn -0.8239 0.1886 0.5345
vn -0.8210 0.2604 0.5081
vn -0.8127 0.0091 0.5826
vn -0.7477 0.0060 0.6640
vn -0.8093 0.1034 0.5782
vn -0.7556 0.0953 0.6480
vn -0.7952 0.1921 0.5752
vn -0.7617 0.1895 0.6196
vn -0.7734 0.3258 0.5438
vn -0.7624 0.2718 0.5873
vn -0.7622 0.2743 0.5863
vn -0.7460 0.3766 0.5493
vn -0.7457 0.4395 0.5008
vn -0.7400 0.0031 0.6726
vn -0.6779 -0.0003 0.7352
vn -0.7443 0.0787 0.6632
vn -0.6790 0.0730 0.7305
vn -0.7376 0.1836 0.6498
vn -0.6792 0.1782 0.7120
vn -0.7247 0.3228 0.6088
vn -0.7039 0.2806 0.6526
vn -0.6892 0.2779 0.6692
vn -0.7418 0.3797 0.5528
vn -0.6724 0.3900 0.6291
vn -0.6745 0.5232 0.5209
vn -0.6777 0.4485 0.5827
vn -0.6856 0.4487 0.5733
vn -0.6535 0.5636 0.5053
vn -0.6699 -0.0048 0.7424
vn -0.5830 -0.0061 0.8124
vn -0.6653 0.0774 0.7426
vn -0.5834 0.0779 0.8085
vn -0.6486 0.1732 0.7412
vn -0.5889 0.1675 0.7907
vn -0.6486 0.3158 0.6926
vn -0.6186 0.2694 0.7381
vn -0.6089 0.2631 0.7484
vn -0.6759 0.3915 0.6244
vn -0.5857 0.3824 0.7147
vn -0.6199 0.5278 0.5806
vn -0.6144 0.4531 0.6460
vn -0.6173 0.4515 0.6442
vn -0.5784 0.6497 0.4934
vn -0.6031 0.5758 0.5521
vn -0.5821 0.5811 0.5688
vn -0.5459 0.6833 0.4849
vn -0.5799 0.8130 -0.0533
vn -0.5881 0.8076 0.0437
vn -0.6082 0.7855 0.1142
vn -0.4208 0.9057 -0.0519
vn -0.4331 0.9009 0.0276
vn -0.4373 0.8947 0.0913
vn -0.5378 0.8322 0.1351
vn -0.4594 0.8733 0.1625
vn -0.5030 0.8323 0.2331
vn -0.5431 0.7837 0.3013
vn -0.2927 0.9545 -0.0573
vn -0.3035 0.9528 0.0103
vn -0.3388 0.9374 0.0802
vn -0.3652 0.9237 0.1162
vn -0.3751 0.9072 0.1905
vn -0.3683 0.8963 0.2469
vn -0.4809 0.8057 0.3458
vn -0.4368 0.8301 0.3466
vn -0.4407 0.7967 0.4135
vn 0.5443 0.8369 -0.0577
vn 0.5571 0.8272 -0.0725
vn 0.5714 0.8178 -0.0684
vn 0.5595 0.7799 -0.2806
vn 0.5072 0.8226 -0.2573
vn 0.4480 0.8324 -0.3261
vn 0.2509 0.9676 -0.0276
vn 0.3246 0.9312 -0.1658
vn 0.4675 0.7761 -0.4231
vn 0.4682 0.7721 -0.4297
vn 0.4155 0.8266 -0.3796
vn 0.3622 0.8430 -0.3977
vn -0.1742 0.9829 0.0592
vn 0.0999 0.9910 0.0887
vn 0.2831 0.8843 -0.3712
vn -0.9378 0.3454 0.0345
vn 0.3075 0.7606 -0.5718
vn 0.2468 0.8445 -0.4753
vn 0.1675 0.8699 -0.4640
vn -0.5512 -0.0042 0.8343
vn -0.5036 -0.0028 0.8639
vn -0.5468 0.0764 0.8338
vn -0.5046 0.0747 0.8601
vn -0.5377 0.1590 0.8280
vn -0.5243 0.1444 0.8392
vn -0.5654 0.3091 0.7647
vn -0.5144 0.2410 0.8230
vn -0.5801 0.3810 0.7200
vn -0.5143 0.3587 0.7790
vn -0.5498 0.5293 0.6462
vn -0.5293 0.4442 0.7229
vn -0.5154 0.6581 0.5489
vn -0.5355 0.5816 0.6123
vn -0.5221 0.5794 0.6259
vn -0.4278 0.8012 0.4184
vn -0.4994 0.6895 0.5245
vn -0.4891 0.6903 0.5332
vn -0.4485 -0.0015 0.8938
vn -0.4463 0.0698 0.8922
vn -0.4764 0.1970 0.8569
vn -0.4273 0.1327 0.8943
vn -0.5095 0.2612 0.8199
vn -0.4318 0.2433 0.8685
vn -0.4902 0.3868 0.7811
vn -0.4775 0.3375 0.8113
vn -0.4748 0.3288 0.8164
vn -0.5213 0.4912 0.6978
vn -0.4392 0.4540 0.7752
vn -0.4569 0.6575 0.5991
vn -0.4661 0.5446 0.6972
vn -0.3815 0.8156 0.4351
vn -0.3771 0.8120 0.4455
vn -0.4437 0.6863 0.5763
vn -0.4088 -0.0006 0.9126
vn -0.3734 -0.0009 0.9277
vn -0.4066 0.0726 0.9107
vn -0.3860 0.0631 0.9203
vn -0.4074 0.1425 0.9020
vn -0.4055 0.2255 0.8859
vn -0.4243 0.3894 0.8175
vn -0.3729 0.2975 0.8789
vn -0.4308 0.4880 0.7591
vn -0.4259 0.4361 0.7927
vn -0.4187 0.4234 0.8034
vn -0.4271 0.6394 0.6393
vn -0.4476 0.6016 0.6616
vn -0.3816 0.5755 0.7234
vn -0.3394 0.8237 0.4542
vn -0.3876 0.7670 0.5113
vn -0.3536 0.7323 0.5820
vn -0.3253 -0.0013 0.9456
vn -0.3471 0.0982 0.9327
vn -0.3135 0.0591 0.9478
vn -0.3824 0.1543 0.9110
vn -0.3030 0.1419 0.9424
vn -0.3587 0.2347 0.9034
vn -0.3386 0.2181 0.9153
vn -0.3485 0.3140 0.8832
vn -0.3493 0.5027 0.7907
vn -0.3275 0.3650 0.8715
vn -0.3438 0.6449 0.6826
vn -0.3427 0.5389 0.7695
vn -0.3122 0.8365 0.4503
vn -0.2990 0.8148 0.4967
vn -0.3364 0.6966 0.6336
vn -0.2824 -0.0018 0.9593
vn -0.2847 0.0668 0.9563
vn -0.2803 0.1303 0.9510
vn -0.2826 0.2734 0.9195
vn -0.2522 0.2023 0.9463
vn -0.3033 0.3333 0.8927
vn -0.2570 0.3111 0.9150
vn -0.2858 0.4705 0.8348
vn -0.2674 0.4098 0.8721
vn -0.2839 0.6223 0.7294
vn -0.2932 0.5933 0.7497
vn -0.2464 0.5616 0.7898
vn -0.2724 0.8064 0.5249
vn -0.2685 0.7614 0.5901
vn -0.2433 0.7083 0.6627
vn -0.2075 -0.0033 0.9782
vn -0.2089 0.0644 0.9758
vn -0.2114 0.1339 0.9682
vn -0.2142 0.2168 0.9524
vn -0.2141 0.3742 0.9023
vn -0.2012 0.2744 0.9403
vn -0.2257 0.4304 0.8740
vn -0.1986 0.6305 0.7503
vn -0.1907 0.4889 0.8512
vn -0.1923 0.7790 0.5968
vn -0.1967 0.6444 0.7390
vn -0.1297 -0.0049 0.9915
vn -0.1319 0.0624 0.9893
vn -0.1378 0.1277 0.9822
vn -0.1473 0.2100 0.9665
vn -0.1567 0.3518 0.9229
vn -0.1432 0.3033 0.9421
vn -0.1630 0.4668 0.8692
vn -0.1265 0.4290 0.8944
vn -0.1230 0.6221 0.7732
vn -0.1274 0.5207 0.8442
vn -0.1133 0.7701 0.6277
vn -0.1141 0.6793 0.7250
vn -0.0521 -0.0067 0.9986
vn -0.0569 0.0573 0.9967
vn -0.0640 0.1201 0.9907
vn -0.0716 0.2007 0.9770
vn -0.0785 0.3054 0.9490
vn -0.0666 0.5172 0.8533
vn -0.0666 0.3521 0.9336
vn -0.0542 0.6293 0.7752
vn -0.0666 0.5428 0.8372
vn -0.0423 0.7634 0.6446
vn -0.0466 0.6999 0.7128
vn -0.1046 0.9929 -0.0572
vn -0.1150 0.9933 -0.0137
vn -0.1448 0.9888 0.0363
vn -0.1882 0.9782 0.0879
vn -0.2453 0.9563 0.1589
vn -0.2972 0.9264 0.2312
vn -0.3118 0.9100 0.2732
vn -0.3937 0.8421 0.3686
vn -0.3612 0.8555 0.3710
vn 0.0578 0.9967 -0.0568
vn 0.0443 0.9983 -0.0383
vn 0.0111 0.9999 -0.0027
vn -0.0350 0.9987 0.0371
vn -0.0963 0.9911 0.0918
vn -0.1701 0.9698 0.1750
vn -0.2345 0.9376 0.2566
vn -0.2604 0.9197 0.2939
vn -0.3376 0.8588 0.3853
vn 0.2049 0.9771 -0.0567
vn 0.1881 0.9798 -0.0672
vn 0.1453 0.9881 -0.0501
vn 0.0849 0.9961 -0.0229
vn 0.0145 0.9997 0.0199
vn -0.0612 0.9933 0.0982
vn -0.1380 0.9712 0.1944
vn -0.1991 0.9419 0.2705
vn 0.4374 0.8978 -0.0505
vn 0.3455 0.9372 -0.0488
vn 0.3309 0.9375 -0.1078
vn 0.2664 0.9566 -0.1183
vn 0.1840 0.9778 -0.0999
vn 0.1020 0.9932 -0.0566
vn 0.0256 0.9994 0.0226
vn -0.0483 0.9915 0.1206
vn -0.1210 0.9694 0.2135
vn 0.4924 0.8639 -0.1057
vn 0.4620 0.8594 -0.2192
vn 0.4121 0.8975 -0.1568
vn 0.4289 0.8652 -0.2597
vn 0.3338 0.9243 -0.1850
vn 0.2657 0.9460 -0.1859
vn 0.1816 0.9735 -0.1387
vn 0.1018 0.9934 -0.0528
vn 0.0240 0.9987 0.0447
vn -0.0562 0.9888 0.1386
vn 0.3793 0.8739 -0.3041
vn 0.3552 0.8736 -0.3326
vn 0.2957 0.9214 -0.2520
vn 0.2340 0.9472 -0.2191
vn 0.1499 0.9789 -0.1392
vn 0.0548 0.9976 -0.0426
vn -0.0365 0.9978 0.0551
vn 0.3009 0.8814 -0.3641
vn 0.2235 0.8947 -0.3866
vn 0.2197 0.9312 -0.2909
vn 0.1404 0.9604 -0.2405
vn 0.0415 0.9899 -0.1355
vn -0.0381 0.9990 -0.0223
vn -0.9999 -0.0118 -0.0000
vn 0.1062 0.9001 -0.4226
vn 0.0612 0.9473 -0.3145
vn 0.0129 0.9791 -0.2029
vn -0.0256 0.9972 -0.0708
vn -0.9951 0.0985 -0.0000
vn -0.3219 0.8622 0.3911
vn -0.2255 0.9268 0.3004
vn -0.3003 0.8631 0.4060
vn -0.1761 0.9446 0.2769
vn -0.2374 0.9118 0.3352
vn -0.2383 0.9039 0.3552
vn -0.1386 0.9650 0.2226
vn -0.1734 0.9444 0.2795
vn -0.2352 0.8923 0.3854
vn -0.2400 0.8426 0.4821
vn -0.1113 0.9825 0.1494
vn -0.1542 0.9519 0.2648
vn -0.1544 0.9282 0.3384
vn -0.1898 0.7965 0.5741
vn -0.0928 0.9910 0.0966
vn -0.1183 0.9622 0.2451
vn -0.1114 0.9220 0.3708
vn -0.1178 0.8237 0.5546
vn -0.0487 0.9965 0.0673
vn -0.0564 0.9695 0.2384
vn -0.0480 0.9188 0.3918
vn -0.0445 0.8290 0.5575
vn -0.0020 -0.7877 -0.6161
vn 0.0035 -0.8103 -0.5861
vn -0.0125 -0.6900 -0.7237
vn -0.0080 -0.7216 -0.6923
vn -0.0184 -0.6002 -0.7996
vn -0.0163 -0.6217 -0.7831
vn -0.0194 -0.5321 -0.8465
vn -0.0189 -0.4662 -0.8845
vn -0.0210 -0.5077 -0.8613
vn -0.0072 -0.7847 -0.6199
vn -0.0175 -0.8090 -0.5875
vn 0.0212 -0.6859 -0.7274
vn 0.0081 -0.7165 -0.6975
vn 0.0425 -0.6031 -0.7966
vn 0.0369 -0.6134 -0.7889
vn 0.0471 -0.5240 -0.8504
vn 0.0735 -0.5573 -0.8270
vn 0.0603 -0.4618 -0.8849
vn 0.0591 -0.5045 -0.8614
vn 0.0122 -0.7691 -0.6391
vn -0.0095 -0.7960 -0.6052
vn 0.0700 -0.6656 -0.7430
vn 0.0428 -0.6914 -0.7212
vn 0.0927 -0.5970 -0.7968
vn 0.1443 -0.4887 -0.8604
vn 0.1328 -0.5883 -0.7977
vn 0.1373 -0.4704 -0.8717
vn 0.1398 -0.4848 -0.8634
vn 0.1065 -0.7452 -0.6583
vn 0.0729 -0.7615 -0.6441
vn 0.1514 -0.6535 -0.7416
vn 0.1367 -0.6492 -0.7482
vn 0.1750 -0.5522 -0.8151
vn 0.2461 -0.5751 -0.7802
vn 0.2177 -0.4994 -0.8385
vn 0.2116 -0.5403 -0.8144
vn 0.2189 -0.4675 -0.8564
vn 0.2213 -0.7323 -0.6441
vn 0.2425 -0.5865 -0.7728
vn 0.3447 -0.6267 -0.6989
vn 0.3054 -0.5172 -0.7996
vn 0.2964 -0.5819 -0.7573
vn 0.2973 -0.5081 -0.8083
vn 0.3028 -0.5120 -0.8039
vn 0.2912 -0.4326 -0.8533
vn 0.3608 -0.4568 -0.8131
vn 0.3873 -0.5861 -0.7117
vn 0.3809 -0.6311 -0.6757
vn 0.3772 -0.5356 -0.7556
vn 0.3702 -0.5344 -0.7598
vn 0.4363 -0.5425 -0.7178
vn 0.3727 -0.4692 -0.8006
vn 0.4374 -0.4873 -0.7558
vn 0.3870 -0.4435 -0.8084
vn 0.3978 -0.4650 -0.7909
vn 0.4733 -0.5042 -0.7223
vn 0.4891 -0.5524 -0.6750
vn 0.4584 -0.4807 -0.7475
vn 0.4624 -0.4851 -0.7422
vn 0.5033 -0.4882 -0.7130
vn 0.4389 -0.4362 -0.7856
vn 0.4962 -0.4513 -0.7417
vn 0.5156 -0.5139 -0.6856
vn 0.5322 -0.4705 -0.7038
vn 0.5450 -0.4994 -0.6735
vn 0.5111 -0.4475 -0.7338
vn 0.5167 -0.4511 -0.7276
vn 0.5526 -0.4582 -0.6962
vn 0.0072 -0.9036 -0.4282
vn 0.0083 -0.9460 -0.3240
vn 0.0047 -0.9886 -0.1505
vn -0.0024 -0.9998 -0.0201
vn -0.0100 -0.9964 0.0845
vn -0.0073 -0.9826 0.1854
vn 0.0038 -0.9633 0.2685
vn 0.0081 -0.9834 0.1813
vn -0.0260 -0.9000 -0.4351
vn -0.0453 -0.9412 -0.3347
vn -0.0714 -0.9837 -0.1648
vn -0.0937 -0.9950 -0.0333
vn -0.1076 -0.9913 0.0755
vn -0.1132 -0.9757 0.1878
vn -0.1279 -0.9578 0.2574
vn -0.1586 -0.9735 0.1647
vn -0.0268 -0.8895 -0.4561
vn -0.0482 -0.9338 -0.3545
vn -0.0652 -0.9816 -0.1793
vn -0.0565 -0.9977 -0.0363
vn -0.0866 -0.9950 -0.0505
vn -0.0524 -0.9981 0.0316
vn -0.1050 -0.9924 0.0642
vn -0.1388 -0.9783 0.1536
vn -0.2019 -0.9570 0.2083
vn -0.2458 -0.9592 0.1395
vn -0.0038 -1.0000 -0.0080
vn -0.0069 -1.0000 0.0041
vn 0.0479 -0.8877 -0.4578
vn 0.0460 -0.9233 -0.3814
vn 0.0101 -0.9802 -0.1978
vn 0.0006 -0.9922 -0.1247
vn -0.0444 -0.9981 0.0419
vn -0.0412 -0.9978 0.0528
vn -0.1052 -0.9877 0.1159
vn -0.1375 -0.9791 0.1499
vn -0.1658 -0.9772 0.1324
vn 0.1206 -0.8113 -0.5721
vn 0.0079 -0.9999 -0.0096
vn 0.0052 -1.0000 0.0004
vn 0.0015 -1.0000 0.0043
vn 0.1616 -0.9047 -0.3943
vn 0.1345 -0.9615 -0.2397
vn 0.0680 -0.9814 -0.1793
vn 0.1361 -0.9854 -0.1022
vn 0.0446 -0.9986 -0.0295
vn -0.0143 -0.9961 0.0875
vn -0.0341 -0.9918 0.1235
vn -0.0411 -0.9905 0.1314
vn 0.2654 -0.6989 -0.6642
vn 0.2287 -0.8584 -0.4592
vn 0.0068 -1.0000 0.0035
vn 0.2725 -0.8803 -0.3884
vn 0.2447 -0.9250 -0.2907
vn 0.1959 -0.9646 -0.1764
vn 0.1726 -0.9818 -0.0792
vn 0.0931 -0.9953 -0.0268
vn 0.2124 -0.9770 0.0184
vn 0.0647 -0.9914 0.1135
vn 0.0884 -0.9893 0.1157
vn 0.0751 -0.9902 0.1179
vn 0.3583 -0.7107 -0.6054
vn 0.3461 -0.7612 -0.5484
vn 0.3765 -0.7802 -0.4996
vn 0.4149 -0.6518 -0.6349
vn 0.3352 -0.8871 -0.3173
vn 0.3240 -0.9195 -0.2225
vn 0.2696 -0.9579 -0.0992
vn 0.2364 -0.9717 0.0040
vn 0.2105 -0.9731 0.0939
vn 0.1883 -0.9780 0.0896
vn 0.4594 -0.7049 -0.5404
vn 0.4120 -0.8024 -0.4317
vn 0.4398 -0.8060 -0.3960
vn 0.4889 -0.5600 -0.6689
vn 0.4703 -0.6692 -0.5753
vn 0.3989 -0.8865 -0.2345
vn 0.4072 -0.9033 -0.1351
vn 0.3816 -0.9239 -0.0263
vn 0.3522 -0.9334 0.0678
vn 0.3212 -0.9458 0.0490
vn 0.4946 -0.7153 -0.4937
vn 0.5481 -0.7094 -0.4430
vn 0.5110 -0.7877 -0.3440
vn 0.5677 -0.7668 -0.2994
vn 0.4973 -0.8467 -0.1893
vn 0.3918 -0.9197 0.0246
vn 0.5298 -0.5851 -0.6140
vn 0.5217 -0.5863 -0.6197
vn 0.6160 -0.5882 -0.5239
vn 0.5719 -0.6836 -0.4534
vn 0.5910 -0.5252 -0.6122
vn 0.5655 -0.5019 -0.6544
vn -0.0149 -0.4260 -0.9046
vn -0.0081 -0.3577 -0.9338
vn -0.0114 -0.3880 -0.9216
vn -0.0063 -0.3085 -0.9512
vn -0.0051 -0.2708 -0.9626
vn -0.0047 -0.2035 -0.9791
vn -0.0070 -0.1359 -0.9907
vn -0.0117 -0.0805 -0.9967
vn -0.0184 -0.0263 -0.9995
vn 0.0609 -0.4213 -0.9049
vn 0.0613 -0.3682 -0.9277
vn 0.0674 -0.3819 -0.9217
vn 0.0583 -0.2948 -0.9538
vn 0.1029 -0.3275 -0.9392
vn 0.0663 -0.2716 -0.9601
vn 0.0631 -0.2053 -0.9767
vn 0.0598 -0.1396 -0.9884
vn 0.0558 -0.0853 -0.9948
vn 0.0509 -0.0331 -0.9982
vn 0.1344 -0.4022 -0.9056
vn 0.1841 -0.4284 -0.8846
vn 0.1446 -0.3791 -0.9140
vn 0.1445 -0.2897 -0.9462
vn 0.1559 -0.3565 -0.9212
vn 0.1317 -0.2699 -0.9538
vn 0.1325 -0.2090 -0.9689
vn 0.1278 -0.1437 -0.9813
vn 0.1240 -0.0886 -0.9883
vn 0.1217 -0.0367 -0.9919
vn 0.2347 -0.3848 -0.8926
vn 0.2427 -0.4501 -0.8594
vn 0.2225 -0.3741 -0.9003
vn 0.2119 -0.3238 -0.9221
vn 0.2274 -0.3373 -0.9135
vn 0.1933 -0.2493 -0.9489
vn 0.2568 -0.2813 -0.9246
vn 0.2039 -0.2122 -0.9557
vn 0.2012 -0.1475 -0.9684
vn 0.1983 -0.0908 -0.9759
vn 0.1983 -0.0364 -0.9795
vn 0.3021 -0.4169 -0.8573
vn 0.3126 -0.4209 -0.8516
vn 0.2868 -0.3483 -0.8924
vn 0.3548 -0.3751 -0.8564
vn 0.2974 -0.3322 -0.8951
vn 0.2830 -0.2656 -0.9216
vn 0.3054 -0.3030 -0.9027
vn 0.2475 -0.1999 -0.9480
vn 0.3345 -0.2195 -0.9165
vn 0.2720 -0.1439 -0.9515
vn 0.3011 -0.1573 -0.9405
vn 0.2758 -0.0930 -0.9567
vn 0.2735 -0.0360 -0.9612
vn 0.3668 -0.3977 -0.8410
vn 0.4259 -0.4153 -0.8038
vn 0.3745 -0.3688 -0.8507
vn 0.3868 -0.3852 -0.8379
vn 0.3465 -0.3247 -0.8801
vn 0.4139 -0.3402 -0.8444
vn 0.3613 -0.2875 -0.8870
vn 0.3907 -0.3061 -0.8681
vn 0.3689 -0.2420 -0.8974
vn 0.3495 -0.1194 -0.9293
vn 0.3878 -0.1724 -0.9055
vn 0.3125 -0.0852 -0.9461
vn 0.3879 -0.0936 -0.9170
vn 0.3215 -0.0373 -0.9462
vn 0.3693 -0.0446 -0.9282
vn 0.4468 -0.4035 -0.7985
vn 0.4602 -0.4262 -0.7788
vn 0.4252 -0.3610 -0.8300
vn 0.4779 -0.3795 -0.7922
vn 0.4400 -0.3491 -0.8274
vn 0.4304 -0.2711 -0.8610
vn 0.4620 -0.3226 -0.8261
vn 0.4104 -0.2260 -0.8834
vn 0.4537 -0.2432 -0.8573
vn 0.4153 -0.1610 -0.8953
vn 0.4113 -0.1084 -0.9051
vn 0.4061 -0.0545 -0.9122
vn 0.4815 -0.4083 -0.7755
vn 0.5415 -0.4218 -0.7272
vn 0.4939 -0.3699 -0.7869
vn 0.5012 -0.3868 -0.7741
vn 0.5189 -0.3926 -0.7593
vn 0.4653 -0.3347 -0.8194
vn 0.5223 -0.3459 -0.7795
vn 0.4825 -0.3040 -0.8215
vn 0.5068 -0.3138 -0.8029
vn 0.4775 -0.2137 -0.8523
vn 0.4962 -0.2593 -0.8286
vn 0.4322 -0.1544 -0.8885
vn 0.5164 -0.1686 -0.8396
vn 0.4454 -0.1111 -0.8884
vn 0.4952 -0.1212 -0.8603
vn 0.4427 -0.0600 -0.8947
vn 0.4867 -0.0677 -0.8709
vn 0.5750 -0.4445 -0.6869
vn 0.5903 -0.4632 -0.6611
vn 0.4243 -0.9050 -0.0298
vn 0.4188 -0.9076 0.0283
vn 0.5979 -0.7351 -0.3195
vn 0.6376 -0.7383 -0.2199
vn 0.5792 -0.8018 -0.1468
vn 0.6541 -0.7534 -0.0671
vn 0.6168 -0.7871 0.0008
vn 0.5019 -0.8634 0.0510
vn 0.5565 -0.8308 0.0064
vn 0.6006 -0.5988 -0.5298
vn 0.6707 -0.5717 -0.4725
vn 0.6390 -0.6678 -0.3817
vn 0.6858 -0.6436 -0.3399
vn 0.6452 -0.7250 -0.2411
vn 0.5948 -0.5248 -0.6089
vn 0.6819 -0.5194 -0.5150
vn 0.6716 -0.5695 -0.4739
vn 0.6123 -0.4701 -0.6357
vn 0.6338 -0.5059 -0.5852
vn 0.6616 -0.5085 -0.5511
vn 0.6250 -0.4712 -0.6224
vn 0.6344 -0.7668 -0.0973
vn 0.6259 -0.7798 -0.0137
vn 0.6045 -0.7965 -0.0135
vn 0.7080 -0.6144 -0.3482
vn 0.7605 -0.5933 -0.2640
vn 0.6974 -0.6925 -0.1845
vn 0.7647 -0.6328 -0.1215
vn 0.7497 -0.6603 -0.0429
vn 0.7264 -0.6863 -0.0371
vn 0.7303 -0.5108 -0.4535
vn 0.7259 -0.5590 -0.4007
vn 0.7678 -0.5419 -0.3418
vn 0.7681 -0.5853 -0.2597
vn 0.7528 -0.6368 -0.1663
vn 0.6934 -0.4846 -0.5332
vn 0.7125 -0.5002 -0.4921
vn 0.7484 -0.4987 -0.4373
vn 0.6563 -0.4510 -0.6048
vn 0.6766 -0.4747 -0.5630
vn 0.7163 -0.4725 -0.5135
vn 0.7537 -0.6547 -0.0570
vn 0.7468 -0.6629 -0.0529
vn 0.7650 -0.5449 -0.3432
vn 0.7999 -0.5379 -0.2660
vn 0.8285 -0.5297 -0.1815
vn 0.7898 -0.6069 -0.0892
vn 0.8072 -0.5860 -0.0712
vn 0.7964 -0.6018 -0.0605
vn 0.7533 -0.4980 -0.4295
vn 0.7664 -0.5004 -0.4028
vn 0.8153 -0.4739 -0.3327
vn 0.8173 -0.5097 -0.2689
vn 0.8265 -0.5318 -0.1845
vn 0.8156 -0.5707 -0.0954
vn 0.8051 -0.5892 -0.0684
vn 0.7276 -0.4683 -0.5013
vn 0.7467 -0.4750 -0.4657
vn 0.7974 -0.4516 -0.4002
vn 0.8098 -0.4709 -0.3500
vn 0.8141 -0.5008 -0.2939
vn 0.8331 -0.5187 -0.1919
vn 0.8427 -0.5269 -0.1106
vn 0.8419 -0.5353 -0.0686
vn 0.8216 -0.5659 -0.0691
vn 0.8178 -0.4636 -0.3409
vn 0.8504 -0.4389 -0.2901
vn 0.8443 -0.4817 -0.2350
vn 0.8588 -0.4737 -0.1951
vn 0.8573 -0.5002 -0.1216
vn 0.8573 -0.5107 -0.0651
vn 0.8597 -0.4972 -0.1173
vn 0.8755 -0.4792 -0.0627
vn 0.5596 -0.4195 -0.7147
vn 0.6040 -0.4301 -0.6710
vn 0.5527 -0.3672 -0.7481
vn 0.5812 -0.4060 -0.7052
vn 0.5373 -0.3429 -0.7705
vn 0.5818 -0.3555 -0.7315
vn 0.5392 -0.2926 -0.7897
vn 0.5570 -0.3197 -0.7665
vn 0.5063 -0.2394 -0.8285
vn 0.5821 -0.2487 -0.7742
vn 0.5280 -0.1809 -0.8297
vn 0.5733 -0.1852 -0.7981
vn 0.5404 -0.1228 -0.8324
vn 0.5659 -0.1281 -0.8144
vn 0.5452 -0.0740 -0.8350
vn 0.6214 -0.4259 -0.6576
vn 0.6314 -0.4279 -0.6468
vn 0.5930 -0.3833 -0.7081
vn 0.6745 -0.3834 -0.6309
vn 0.6092 -0.3473 -0.7130
vn 0.6204 -0.3590 -0.6973
vn 0.6590 -0.3625 -0.6590
vn 0.5699 -0.2958 -0.7666
vn 0.6587 -0.2961 -0.6917
vn 0.6003 -0.2499 -0.7597
vn 0.6546 -0.2446 -0.7153
vn 0.6349 -0.1789 -0.7516
vn 0.6537 -0.1758 -0.7361
vn 0.6179 -0.1041 -0.7793
vn 0.6546 -0.1295 -0.7448
vn 0.5606 -0.0643 -0.8256
vn 0.6695 -0.0665 -0.7398
vn 0.6828 -0.3450 -0.6440
vn 0.7081 -0.3582 -0.6086
vn 0.6582 -0.2919 -0.6940
vn 0.7489 -0.2868 -0.5974
vn 0.6931 -0.2381 -0.6803
vn 0.7478 -0.2327 -0.6218
vn 0.6985 -0.1425 -0.7013
vn 0.7258 -0.1706 -0.6664
vn 0.7472 -0.1618 -0.6446
vn 0.6573 -0.1124 -0.7452
vn 0.7500 -0.1061 -0.6529
vn 0.7512 -0.1117 -0.6506
vn 0.6701 -0.0724 -0.7388
vn 0.7496 -0.0689 -0.6583
vn 0.7478 -0.0737 -0.6598
vn 0.7670 -0.2249 -0.6009
vn 0.7927 -0.1609 -0.5880
vn 0.8068 -0.1058 -0.5813
vn 0.7896 -0.0348 -0.6127
vn 0.8213 -0.0663 -0.5667
vn 0.6921 -0.4212 -0.5862
vn 0.6745 -0.4081 -0.6152
vn 0.7127 -0.4269 -0.5565
vn 0.7816 -0.4165 -0.4643
vn 0.7896 -0.4462 -0.4212
vn 0.7286 -0.3660 -0.5789
vn 0.7469 -0.3974 -0.5331
vn 0.7695 -0.4004 -0.4975
vn 0.7513 -0.3476 -0.5610
vn 0.7439 -0.3142 -0.5898
vn 0.8125 -0.4185 -0.4059
vn 0.8197 -0.4344 -0.3735
vn 0.8468 -0.4169 -0.3302
vn 0.8535 -0.4390 -0.2806
vn 0.8599 -0.4627 -0.2157
vn 0.7871 -0.3801 -0.4858
vn 0.8065 -0.3934 -0.4414
vn 0.8417 -0.3771 -0.3865
vn 0.8472 -0.4015 -0.3479
vn 0.7724 -0.3479 -0.5314
vn 0.8312 -0.3329 -0.4452
vn 0.8388 -0.3604 -0.4080
vn 0.7893 -0.2614 -0.5555
vn 0.8093 -0.3029 -0.5033
vn 0.8297 -0.2932 -0.4750
vn 0.8277 -0.2155 -0.5181
vn 0.8309 -0.2389 -0.5026
vn 0.8274 -0.1578 -0.5389
vn 0.8293 -0.1024 -0.5493
vn 0.8305 -0.0559 -0.5543
vn 0.8583 -0.4359 -0.2706
vn 0.8874 -0.4111 -0.2087
vn 0.8778 -0.4449 -0.1775
vn 0.9102 -0.3988 -0.1117
vn 0.9073 -0.4168 -0.0563
vn 0.8613 -0.3796 -0.3376
vn 0.8621 -0.3915 -0.3217
vn 0.8953 -0.3620 -0.2596
vn 0.9000 -0.3888 -0.1969
vn 0.9142 -0.3868 -0.1209
vn 0.9227 -0.3820 -0.0522
vn 0.8509 -0.3449 -0.3961
vn 0.8593 -0.3519 -0.3711
vn 0.8861 -0.3352 -0.3201
vn 0.8986 -0.3456 -0.2703
vn 0.9155 -0.3494 -0.1995
vn 0.9295 -0.3495 -0.1177
vn 0.9361 -0.3485 -0.0474
vn 0.8419 -0.2884 -0.4561
vn 0.8877 -0.2806 -0.3650
vn 0.8936 -0.2994 -0.3345
vn 0.9066 -0.3152 -0.2805
vn 0.8580 -0.1914 -0.4767
vn 0.8724 -0.2292 -0.4318
vn 0.8883 -0.2205 -0.4029
vn 0.9065 -0.2402 -0.3472
vn 0.8403 -0.1497 -0.5210
vn 0.8876 -0.1431 -0.4378
vn 0.8977 -0.1562 -0.4119
vn 0.9070 -0.1772 -0.3820
vn 0.8561 -0.1001 -0.5070
vn 0.8853 -0.0957 -0.4550
vn 0.9046 -0.1020 -0.4138
vn 0.8619 -0.0540 -0.5041
vn 0.8876 -0.0511 -0.4577
vn 0.9070 -0.0515 -0.4180
vn 0.9232 -0.3395 -0.1804
vn 0.9430 -0.3145 -0.1086
vn 0.9509 -0.3067 -0.0414
vn 0.9241 -0.2790 -0.2610
vn 0.9267 -0.2957 -0.2319
vn 0.9520 -0.2587 -0.1635
vn 0.9554 -0.2782 -0.0996
vn 0.9605 -0.2761 -0.0346
vn 0.9192 -0.2285 -0.3208
vn 0.9489 -0.2137 -0.2324
vn 0.9571 -0.2296 -0.1767
vn 0.9689 -0.2278 -0.0966
vn 0.9744 -0.2228 -0.0301
vn 0.9311 -0.1186 -0.3448
vn 0.9431 -0.1656 -0.2883
vn 0.9531 -0.1528 -0.2611
vn 0.9714 -0.1586 -0.1767
vn 0.9829 -0.1583 -0.0938
vn 0.9868 -0.1592 -0.0286
vn 0.9175 -0.0943 -0.3863
vn 0.9463 -0.0877 -0.3112
vn 0.9592 -0.0943 -0.2665
vn 0.9800 -0.0919 -0.1768
vn 0.9909 -0.0948 -0.0958
vn 0.9945 -0.0993 -0.0320
vn 0.9263 -0.0462 -0.3740
vn 0.9469 -0.0399 -0.3190
vn 0.9645 -0.0378 -0.2613
vn 0.9833 -0.0369 -0.1780
vn 0.9942 -0.0400 -0.1001
vn 0.9983 -0.0446 -0.0367
vn 0.0030 -0.9999 0.0113
vn 0.0031 -0.9872 -0.1595
vn 0.0179 -0.9699 -0.2427
vn 0.0327 -0.9915 -0.1261
vn 0.0380 -0.9990 0.0236
vn 0.0348 -0.9911 0.1283
vn 0.0247 -0.9677 0.2511
vn 0.0171 -0.9238 0.3824
vn -0.0683 -0.9288 0.3643
vn 0.0085 -0.9343 0.3563
vn -0.1709 -0.9852 0.0105
vn -0.1418 -0.9814 -0.1295
vn -0.0917 -0.9737 -0.2086
vn -0.0712 -0.9896 -0.1251
vn -0.0886 -0.9960 0.0108
vn -0.1067 -0.9872 0.1186
vn -0.1062 -0.9656 0.2375
vn -0.0860 -0.9388 0.3336
vn -0.0735 -0.8946 0.4407
vn -0.2465 -0.9688 0.0249
vn -0.2155 -0.9730 -0.0827
vn -0.1653 -0.9740 -0.1550
vn -0.1263 -0.9852 -0.1160
vn -0.1258 -0.9920 -0.0134
vn -0.1416 -0.9842 0.1067
vn -0.1340 -0.9591 0.2492
vn -0.1009 -0.9248 0.3667
vn -0.0760 -0.8744 0.4792
vn -0.1677 -0.9852 0.0363
vn -0.1673 -0.9840 -0.0619
vn -0.1467 -0.9834 -0.1069
vn -0.1074 -0.9906 -0.0850
vn -0.0827 -0.9964 -0.0188
vn -0.0780 -0.9919 0.1003
vn -0.0665 -0.9607 0.2696
vn -0.0405 -0.9130 0.4059
vn -0.0138 -0.8528 0.5221
vn -0.0535 -0.9982 0.0269
vn -0.0732 -0.9947 -0.0724
vn -0.0776 -0.9936 -0.0819
vn -0.0554 -0.9973 -0.0485
vn -0.0217 -0.9998 0.0032
vn 0.0137 -0.9929 0.1181
vn 0.0518 -0.9531 0.2981
vn 0.0771 -0.8998 0.4294
vn 0.1136 -0.8164 0.5661
vn 0.0519 -0.9986 0.0046
vn 0.0286 -0.9952 -0.0931
vn 0.0150 -0.9967 -0.0796
vn 0.0225 -0.9995 -0.0211
vn 0.0595 -0.9972 0.0464
vn 0.1187 -0.9784 0.1690
vn 0.1737 -0.9248 0.3384
vn 0.1827 -0.8894 0.4191
vn 0.3187 -0.7722 0.5497
vn 0.2417 -0.7448 0.6219
vn 0.1604 -0.9868 -0.0215
vn 0.1405 -0.9841 -0.1084
vn 0.1356 -0.9874 -0.0814
vn 0.1500 -0.9887 0.0032
vn 0.1928 -0.9759 0.1025
vn 0.2585 -0.9361 0.2384
vn 0.2718 -0.8974 0.3477
vn 0.3991 -0.8021 0.4442
vn 0.3581 -0.7897 0.4981
vn 0.4013 -0.7008 0.5898
vn 0.4181 -0.6628 0.6212
vn 0.2956 -0.9545 -0.0389
vn 0.2820 -0.9525 -0.1150
vn 0.2897 -0.9548 -0.0668
vn 0.3195 -0.9469 0.0371
vn 0.3560 -0.9222 0.1508
vn 0.3650 -0.8963 0.2517
vn 0.3905 -0.9195 -0.0446
vn 0.5356 -0.7670 0.3532
vn 0.4863 -0.7851 0.3834
vn 0.5291 -0.6839 0.5023
vn 0.4684 -0.7034 0.5346
vn 0.5559 -0.6627 0.5018
vn 0.5921 -0.5918 0.5470
vn 0.4928 -0.5798 0.6488
vn 0.5392 -0.5804 0.6102
vn 0.0073 -0.8787 0.4774
vn 0.0043 -0.8306 0.5568
vn 0.0034 -0.7466 0.6653
vn 0.0023 -0.7448 0.6673
vn 0.0170 -0.6873 0.7261
vn 0.0048 -0.6246 0.7809
vn 0.0088 -0.6217 0.7832
vn 0.0100 -0.5575 0.8301
vn 0.0101 -0.5191 0.8547
vn 0.0122 -0.4916 0.8707
vn -0.0483 -0.8638 0.5015
vn -0.0085 -0.8222 0.5692
vn 0.0111 -0.7388 0.6739
vn 0.0358 -0.7289 0.6837
vn 0.0519 -0.6129 0.7885
vn 0.0630 -0.6100 0.7899
vn 0.0751 -0.5550 0.8284
vn 0.0799 -0.5121 0.8552
vn 0.0738 -0.5022 0.8616
vn -0.0411 -0.8328 0.5521
vn 0.0036 -0.7971 0.6038
vn 0.0349 -0.7144 0.6989
vn 0.0693 -0.6955 0.7152
vn 0.0929 -0.6023 0.7928
vn 0.1133 -0.5824 0.8050
vn 0.1268 -0.5465 0.8278
vn 0.1299 -0.4985 0.8571
vn 0.0211 -0.8003 0.5993
vn 0.0666 -0.7593 0.6473
vn 0.0989 -0.6829 0.7238
vn 0.1323 -0.6520 0.7466
vn 0.1529 -0.5829 0.7980
vn 0.1676 -0.5536 0.8158
vn 0.1738 -0.5455 0.8199
vn 0.2130 -0.4996 0.8396
vn 0.1772 -0.4777 0.8605
vn 0.1466 -0.7646 0.6276
vn 0.1837 -0.7057 0.6843
vn 0.2100 -0.6500 0.7303
vn 0.2348 -0.5989 0.7656
vn 0.2416 -0.5800 0.7780
vn 0.3034 -0.5327 0.7900
vn 0.2444 -0.5205 0.8182
vn 0.2772 -0.5180 0.8092
vn 0.2745 -0.4445 0.8527
vn 0.2672 -0.7415 0.6155
vn 0.3653 -0.6583 0.6582
vn 0.2945 -0.6373 0.7122
vn 0.3077 -0.6393 0.7047
vn 0.3893 -0.5709 0.7229
vn 0.3173 -0.5483 0.7737
vn 0.3619 -0.5369 0.7621
vn 0.3563 -0.4937 0.7933
vn 0.3837 -0.4761 0.7913
vn 0.3493 -0.4754 0.8074
vn 0.3476 -0.4728 0.8097
vn 0.4269 -0.5911 0.6844
vn 0.4565 -0.5704 0.6828
vn 0.4285 -0.5734 0.6984
vn 0.4281 -0.5387 0.7256
vn 0.4611 -0.5145 0.7230
vn 0.4114 -0.5019 0.7608
vn 0.4397 -0.4965 0.7485
vn 0.4282 -0.4352 0.7920
vn 0.5229 -0.5186 0.6764
vn 0.5378 -0.5183 0.6649
vn 0.5126 -0.5172 0.6854
vn 0.5023 -0.4862 0.7151
vn 0.5275 -0.4688 0.7086
vn 0.4792 -0.4603 0.7474
vn 0.4744 -0.4681 0.7455
vn 0.0137 -0.4315 0.9020
vn 0.0147 -0.4044 0.9145
vn 0.0148 -0.3713 0.9284
vn 0.0133 -0.3163 0.9486
vn 0.0116 -0.2775 0.9607
vn 0.0103 -0.2107 0.9775
vn 0.0089 -0.1511 0.9885
vn 0.0108 -0.1038 0.9945
vn 0.0205 -0.0541 0.9983
vn 0.1240 -0.4542 0.8822
vn 0.0733 -0.4126 0.9080
vn 0.0865 -0.4026 0.9113
vn 0.0911 -0.3662 0.9261
vn 0.0868 -0.3180 0.9441
vn 0.0829 -0.2743 0.9581
vn 0.0861 -0.2118 0.9735
vn 0.0848 -0.1523 0.9847
vn 0.0840 -0.1013 0.9913
vn 0.0853 -0.0454 0.9953
vn 0.1461 -0.4726 0.8691
vn 0.1446 -0.4181 0.8968
vn 0.1421 -0.3985 0.9061
vn 0.1569 -0.3534 0.9222
vn 0.1497 -0.3307 0.9318
vn 0.1829 -0.2843 0.9411
vn 0.1405 -0.2558 0.9565
vn 0.1522 -0.2129 0.9652
vn 0.1514 -0.1531 0.9765
vn 0.1514 -0.1010 0.9833
vn 0.1480 -0.0476 0.9878
vn 0.2012 -0.4498 0.8702
vn 0.1989 -0.4300 0.8807
vn 0.2376 -0.3902 0.8896
vn 0.1975 -0.3750 0.9057
vn 0.2116 -0.3459 0.9141
vn 0.2331 -0.3042 0.9236
vn 0.2152 -0.2458 0.9451
vn 0.2416 -0.2164 0.9460
vn 0.1994 -0.2003 0.9592
vn 0.2127 -0.1531 0.9650
vn 0.2137 -0.0994 0.9718
vn 0.2166 -0.0493 0.9750
vn 0.2668 -0.4315 0.8617
vn 0.2956 -0.4035 0.8659
vn 0.2824 -0.3586 0.8897
vn 0.3103 -0.3430 0.8866
vn 0.2698 -0.3314 0.9041
vn 0.2828 -0.2886 0.9147
vn 0.2974 -0.2369 0.9249
vn 0.2752 -0.1805 0.9443
vn 0.3167 -0.1491 0.9367
vn 0.2517 -0.1415 0.9574
vn 0.3070 -0.0939 0.9471
vn 0.2708 -0.0931 0.9581
vn 0.3006 -0.0463 0.9526
vn 0.2801 -0.0430 0.9590
vn 0.4037 -0.4230 0.8112
vn 0.3341 -0.3950 0.8558
vn 0.3525 -0.3816 0.8545
vn 0.3704 -0.3649 0.8542
vn 0.3477 -0.3122 0.8841
vn 0.3641 -0.2949 0.8835
vn 0.3296 -0.2775 0.9024
vn 0.3368 -0.2230 0.9148
vn 0.3351 -0.1597 0.9286
vn 0.3401 -0.0971 0.9354
vn 0.3514 -0.0483 0.9350
vn 0.3281 -0.0223 0.9444
vn 0.4221 -0.4287 0.7988
vn 0.4134 -0.4112 0.8124
vn 0.4431 -0.3848 0.8097
vn 0.3890 -0.3693 0.8440
vn 0.4219 -0.3571 0.8333
vn 0.4031 -0.3457 0.8474
vn 0.4176 -0.3196 0.8506
vn 0.3915 -0.2632 0.8817
vn 0.4244 -0.2301 0.8757
vn 0.3666 -0.2169 0.9047
vn 0.3981 -0.1686 0.9017
vn 0.3808 -0.1556 0.9115
vn 0.3820 -0.0982 0.9189
vn 0.3788 -0.0413 0.9246
vn 0.5250 -0.4225 0.7388
vn 0.4453 -0.4059 0.7981
vn 0.5032 -0.3959 0.7682
vn 0.4695 -0.3887 0.7928
vn 0.4921 -0.3725 0.7868
vn 0.4609 -0.3307 0.8235
vn 0.4843 -0.3103 0.8180
vn 0.4428 -0.2948 0.8468
vn 0.4595 -0.2432 0.8542
vn 0.4883 -0.1768 0.8546
vn 0.4517 -0.1275 0.8830
vn 0.5013 -0.0929 0.8603
vn 0.4112 -0.0901 0.9071
vn 0.4949 -0.0391 0.8681
vn 0.4262 -0.0399 0.9037
vn 0.3755 -0.9217 -0.0972
vn 0.4074 -0.9123 -0.0403
vn 0.4339 -0.8987 0.0639
vn 0.4219 -0.8930 0.1566
vn 0.5294 -0.8463 -0.0588
vn 0.4540 -0.8833 -0.1167
vn 0.5527 -0.8278 -0.0960
vn 0.5763 -0.8171 -0.0131
vn 0.6261 -0.7724 0.1070
vn 0.6799 -0.7038 0.2061
vn 0.5843 -0.7473 0.3165
vn 0.6193 -0.6928 0.3695
vn 0.6757 -0.6354 0.3737
vn 0.6353 -0.6465 0.4224
vn 0.6567 -0.5567 0.5087
vn 0.5948 -0.5870 0.5492
vn 0.6531 -0.5678 0.5011
vn 0.6560 -0.5323 0.5351
vn 0.5777 -0.5404 0.6118
vn 0.6389 -0.5224 0.5647
vn 0.6149 -0.5279 0.5858
vn 0.5884 -0.8053 -0.0720
vn 0.6046 -0.7920 -0.0853
vn 0.6460 -0.7631 0.0182
vn 0.6683 -0.7302 0.1423
vn 0.6605 -0.7138 0.2329
vn 0.7117 -0.6980 -0.0792
vn 0.7211 -0.6909 -0.0514
vn 0.7446 -0.6655 0.0517
vn 0.7591 -0.6294 0.1663
vn 0.7699 -0.5853 0.2545
vn 0.7006 -0.6322 0.3308
vn 0.7158 -0.5842 0.3826
vn 0.7583 -0.5825 0.2927
vn 0.7585 -0.5422 0.3615
vn 0.7185 -0.5542 0.4203
vn 0.7179 -0.5129 0.4708
vn 0.7376 -0.4998 0.4540
vn 0.7045 -0.5058 0.4979
vn 0.6892 -0.4759 0.5463
vn 0.7153 -0.4610 0.5252
vn 0.6744 -0.4664 0.5724
vn 0.7446 -0.6630 -0.0770
vn 0.7626 -0.6462 -0.0295
vn 0.7800 -0.6216 0.0722
vn 0.7679 -0.6183 0.1676
vn 0.7991 -0.5978 -0.0640
vn 0.8142 -0.5806 -0.0046
vn 0.8252 -0.5583 0.0857
vn 0.8326 -0.5272 0.1698
vn 0.7944 -0.5610 0.2329
vn 0.8106 -0.5098 0.2881
vn 0.7604 -0.5391 0.3622
vn 0.8322 -0.5437 0.1083
vn 0.8347 -0.5164 0.1913
vn 0.8215 -0.4991 0.2757
vn 0.8144 -0.4678 0.3434
vn 0.7613 -0.4987 0.4143
vn 0.7504 -0.4892 0.4445
vn 0.8058 -0.4691 0.3614
vn 0.7948 -0.4410 0.4170
vn 0.7426 -0.4618 0.4851
vn 0.7286 -0.4520 0.5147
vn 0.8037 -0.5935 -0.0421
vn 0.8116 -0.5841 0.0038
vn 0.8611 -0.5079 -0.0227
vn 0.8712 -0.4905 0.0211
vn 0.8494 -0.5231 0.0704
vn 0.8704 -0.4793 0.1126
vn 0.8543 -0.4833 0.1914
vn 0.8275 -0.4945 0.2659
vn 0.8650 -0.5015 -0.0158
vn 0.8737 -0.4842 0.0473
vn 0.8747 -0.4715 0.1119
vn 0.8706 -0.4549 0.1876
vn 0.8647 -0.4326 0.2551
vn 0.8305 -0.4583 0.3165
vn 0.8237 -0.4482 0.3473
vn 0.8827 -0.4699 -0.0021
vn 0.8867 -0.4587 0.0581
vn 0.8779 -0.4663 0.1094
vn 0.6014 -0.4723 0.6444
vn 0.6236 -0.4687 0.6256
vn 0.5829 -0.4693 0.6633
vn 0.5649 -0.4484 0.6927
vn 0.6589 -0.4443 0.6070
vn 0.7844 -0.4351 0.4421
vn 0.7779 -0.4061 0.4795
vn 0.7169 -0.4209 0.5558
vn 0.7730 -0.3807 0.5075
vn 0.7577 -0.3835 0.5280
vn 0.8754 -0.4412 0.1974
vn 0.8639 -0.4263 0.2681
vn 0.8523 -0.4065 0.3293
vn 0.8199 -0.4223 0.3866
vn 0.8113 -0.4009 0.4254
vn 0.8493 -0.3923 0.3532
vn 0.8399 -0.3582 0.4078
vn 0.8032 -0.3719 0.4655
vn 0.7916 -0.3532 0.4986
vn 0.8353 -0.3397 0.4322
vn 0.8277 -0.3145 0.4648
vn 0.7799 -0.3266 0.5340
vn 0.8264 -0.2817 0.4875
vn 0.8076 -0.2905 0.5132
vn 0.8308 -0.2302 0.5067
vn 0.9098 -0.4150 0.0030
vn 0.9095 -0.4115 0.0593
vn 0.9132 -0.3932 0.1068
vn 0.8907 -0.4257 0.1595
vn 0.8960 -0.4012 0.1905
vn 0.8674 -0.4270 0.2555
vn 0.9259 -0.3778 0.0053
vn 0.9241 -0.3776 0.0595
vn 0.9179 -0.3794 0.1163
vn 0.9070 -0.3806 0.1801
vn 0.9029 -0.3538 0.2441
vn 0.8705 -0.3825 0.3099
vn 0.8637 -0.3714 0.3409
vn 0.9387 -0.3446 0.0083
vn 0.9389 -0.3389 0.0604
vn 0.9355 -0.3333 0.1171
vn 0.9255 -0.3312 0.1837
vn 0.9102 -0.3271 0.2540
vn 0.8953 -0.3112 0.3189
vn 0.8574 -0.3305 0.3945
vn 0.8484 -0.3230 0.4194
vn 0.9230 -0.2802 0.2639
vn 0.9040 -0.2660 0.3347
vn 0.8914 -0.2558 0.3742
vn 0.8380 -0.2735 0.4722
vn 0.9180 -0.2041 0.3401
vn 0.8952 -0.1957 0.4004
vn 0.8707 -0.2157 0.4420
vn 0.8581 -0.1883 0.4778
vn 0.9279 -0.1324 0.3485
vn 0.9078 -0.1296 0.3989
vn 0.9011 -0.1196 0.4169
vn 0.8383 -0.1344 0.5284
vn 0.9263 -0.0751 0.3692
vn 0.9163 -0.0663 0.3950
vn 0.8980 -0.0695 0.4345
vn 0.8608 -0.0786 0.5029
vn 0.9192 -0.0140 0.3935
vn 0.9015 -0.0139 0.4325
vn 0.8701 -0.0195 0.4924
vn 0.9542 -0.2989 0.0114
vn 0.9542 -0.2932 0.0589
vn 0.9499 -0.2924 0.1105
vn 0.9353 -0.3132 0.1647
vn 0.9627 -0.2701 0.0167
vn 0.9632 -0.2616 0.0610
vn 0.9624 -0.2497 0.1074
vn 0.9643 -0.2178 0.1505
vn 0.9409 -0.2592 0.2182
vn 0.9383 -0.2463 0.2429
vn 0.9758 -0.2175 0.0236
vn 0.9750 -0.2108 0.0696
vn 0.9720 -0.2042 0.1162
vn 0.9657 -0.1964 0.1699
vn 0.9631 -0.1754 0.2042
vn 0.9309 -0.1877 0.3135
vn 0.9868 -0.1594 0.0274
vn 0.9848 -0.1563 0.0762
vn 0.9810 -0.1499 0.1232
vn 0.9736 -0.1420 0.1788
vn 0.9614 -0.1278 0.2439
vn 0.9450 -0.1283 0.3009
vn 0.9943 -0.1027 0.0271
vn 0.9915 -0.1013 0.0812
vn 0.9868 -0.0946 0.1315
vn 0.9785 -0.0850 0.1878
vn 0.9620 -0.0704 0.2637
vn 0.9524 -0.0731 0.2960
vn 0.9399 -0.0390 0.3391
vn 0.9986 -0.0464 0.0265
vn 0.9954 -0.0440 0.0855
vn 0.9895 -0.0382 0.1396
vn 0.9799 -0.0296 0.1975
vn 0.9616 -0.0227 0.2735
vn 0.9515 -0.0117 0.3073
vn 0.9258 -0.0095 0.3779
vn 0.6062 -0.4277 0.6706
vn 0.5461 -0.4167 0.7268
vn 0.5741 -0.4038 0.7123
vn 0.5480 -0.3699 0.7502
vn 0.5865 -0.3505 0.7302
vn 0.5281 -0.3403 0.7780
vn 0.5557 -0.3256 0.7649
vn 0.5346 -0.2778 0.7982
vn 0.5920 -0.2279 0.7731
vn 0.4891 -0.2193 0.8442
vn 0.5784 -0.1595 0.8000
vn 0.5141 -0.1548 0.8436
vn 0.5753 -0.0925 0.8127
vn 0.5262 -0.0958 0.8449
vn 0.5728 -0.0362 0.8189
vn 0.5376 -0.0370 0.8424
vn 0.6924 -0.4184 0.5878
vn 0.6369 -0.4272 0.6417
vn 0.6244 -0.4223 0.6571
vn 0.6783 -0.3968 0.6184
vn 0.6855 -0.3707 0.6266
vn 0.5947 -0.3736 0.7119
vn 0.6759 -0.3411 0.6533
vn 0.6312 -0.3467 0.6938
vn 0.6238 -0.3368 0.7053
vn 0.6767 -0.2830 0.6798
vn 0.5810 -0.2860 0.7620
vn 0.6704 -0.2341 0.7042
vn 0.6101 -0.2345 0.7568
vn 0.6684 -0.1615 0.7260
vn 0.6337 -0.1609 0.7566
vn 0.6597 -0.0966 0.7453
vn 0.6498 -0.0921 0.7545
vn 0.6539 -0.0372 0.7557
vn 0.7404 -0.3408 0.5793
vn 0.7623 -0.3236 0.5605
vn 0.7177 -0.3347 0.6107
vn 0.6972 -0.3257 0.6386
vn 0.7552 -0.2988 0.5835
vn 0.7553 -0.2763 0.5944
vn 0.6750 -0.2814 0.6820
vn 0.7535 -0.2286 0.6165
vn 0.7029 -0.2322 0.6723
vn 0.7551 -0.1592 0.6360
vn 0.7270 -0.1611 0.6675
vn 0.7533 -0.0940 0.6509
vn 0.7460 -0.0974 0.6588
vn 0.7055 -0.0648 0.7058
vn 0.7554 -0.0353 0.6544
vn 0.7559 -0.0275 0.6541
vn 0.6545 -0.0280 0.7556
vn 0.7880 -0.2642 0.5561
vn 0.8299 -0.2120 0.5160
vn 0.7665 -0.2216 0.6029
vn 0.8301 -0.1507 0.5369
vn 0.7911 -0.1575 0.5910
vn 0.8368 -0.0861 0.5407
vn 0.8054 -0.0931 0.5854
vn 0.8417 -0.0255 0.5393
vn 0.8153 -0.0319 0.5782
vn -0.0248 0.0394 -0.9989
vn -0.0294 0.1145 -0.9930
vn -0.0324 0.1918 -0.9809
vn -0.0334 0.2743 -0.9611
vn -0.0315 0.3404 -0.9397
vn -0.0310 0.4174 -0.9082
vn -0.0288 0.4863 -0.8733
vn -0.0237 0.5306 -0.8473
vn -0.0252 0.6516 -0.7581
vn -0.0274 0.6717 -0.7403
vn -0.0290 0.7817 -0.6230
vn -0.0426 0.7930 -0.6078
vn 0.0438 0.0326 -0.9985
vn 0.0353 0.1082 -0.9935
vn 0.0276 0.1876 -0.9818
vn 0.0228 0.2729 -0.9618
vn 0.0203 0.3414 -0.9397
vn 0.0225 0.4216 -0.9065
vn 0.0250 0.4892 -0.8718
vn 0.0237 0.5315 -0.8467
vn 0.0254 0.6509 -0.7588
vn 0.0253 0.6701 -0.7419
vn 0.0214 0.7797 -0.6258
vn 0.1199 0.0272 -0.9924
vn 0.1157 0.1009 -0.9881
vn 0.1089 0.1807 -0.9775
vn 0.1057 0.2724 -0.9564
vn 0.0912 0.3242 -0.9416
vn 0.1402 0.3717 -0.9177
vn 0.0972 0.4358 -0.8948
vn 0.1079 0.4806 -0.8703
vn 0.0835 0.5124 -0.8547
vn 0.1546 0.5964 -0.7876
vn 0.0880 0.6648 -0.7418
vn 0.0929 0.6576 -0.7477
vn 0.1292 0.7082 -0.6941
vn 0.0875 0.7821 -0.6170
vn 0.0980 0.7855 -0.6110
vn 0.1993 0.0262 -0.9796
vn 0.1976 0.0958 -0.9756
vn 0.1939 0.1750 -0.9653
vn 0.1827 0.2610 -0.9479
vn 0.1987 0.2945 -0.9348
vn 0.2178 0.4200 -0.8810
vn 0.1779 0.4717 -0.8636
vn 0.1923 0.5227 -0.8306
vn 0.1950 0.6261 -0.7549
vn 0.1914 0.6306 -0.7521
vn 0.1793 0.7652 -0.6184
vn 0.1565 0.7881 -0.5953
vn 0.2712 0.0244 -0.9622
vn 0.2704 0.0950 -0.9580
vn 0.2633 0.1682 -0.9499
vn 0.2835 0.1850 -0.9410
vn 0.2375 0.2310 -0.9435
vn 0.3311 0.2635 -0.9061
vn 0.2675 0.3342 -0.9037
vn 0.2872 0.3800 -0.8793
vn 0.2582 0.4404 -0.8599
vn 0.3115 0.4784 -0.8210
vn 0.2658 0.5427 -0.7967
vn 0.2642 0.5805 -0.7702
vn 0.2532 0.6417 -0.7239
vn 0.2411 0.7169 -0.6541
vn 0.2279 0.7859 -0.5748
vn 0.3174 0.0200 -0.9481
vn 0.3600 0.0169 -0.9328
vn 0.3010 0.0850 -0.9498
vn 0.3682 0.0889 -0.9255
vn 0.3280 0.1294 -0.9358
vn 0.3650 0.2039 -0.9084
vn 0.3435 0.2881 -0.8939
vn 0.3227 0.3612 -0.8749
vn 0.3589 0.3881 -0.8489
vn 0.3442 0.4225 -0.8385
vn 0.3613 0.5013 -0.7862
vn 0.3153 0.5395 -0.7807
vn 0.3692 0.5823 -0.7243
vn 0.3133 0.6468 -0.6954
vn 0.3041 0.6647 -0.6824
vn 0.3464 0.6997 -0.6249
vn 0.2821 0.7861 -0.5500
vn 0.3121 0.7981 -0.5154
vn 0.3990 0.0131 -0.9169
vn 0.3889 0.0949 -0.9164
vn 0.3862 0.1876 -0.9031
vn 0.3727 0.2777 -0.8854
vn 0.4151 0.3010 -0.8585
vn 0.3952 0.3354 -0.8552
vn 0.4230 0.4183 -0.8038
vn 0.3812 0.4689 -0.7967
vn 0.4210 0.4926 -0.7616
vn 0.3978 0.5304 -0.7486
vn 0.4016 0.5942 -0.6968
vn 0.4032 0.6379 -0.6562
vn 0.3798 0.7333 -0.5639
vn 0.3837 0.7608 -0.5234
vn 0.3491 0.8010 -0.4863
vn 0.4393 0.0082 -0.8983
vn 0.4821 0.0061 -0.8761
vn 0.4343 0.0862 -0.8967
vn 0.4823 0.0899 -0.8714
vn 0.4071 0.1719 -0.8971
vn 0.5054 0.1840 -0.8431
vn 0.4491 0.2567 -0.8558
vn 0.4750 0.3259 -0.8174
vn 0.4430 0.3849 -0.8097
vn 0.4907 0.4060 -0.7709
vn 0.4628 0.4396 -0.7698
vn 0.4810 0.5144 -0.7099
vn 0.4393 0.5458 -0.7136
vn 0.5040 0.5776 -0.6421
vn 0.4392 0.6564 -0.6133
vn 0.4741 0.6492 -0.5948
vn 0.4302 0.7765 -0.4605
vn 0.0546 0.9510 0.3042
vn 0.7357 0.6724 -0.0816
vn 0.1968 0.9454 -0.2597
vn -0.0432 0.8264 0.5614
vn -0.0403 0.8096 0.5856
vn -0.0333 0.7965 0.6037
vn 0.0347 0.3527 -0.9351
vn -0.0000 1.0000 -0.0000
vn -0.2097 0.8841 0.4177
vn -0.0823 0.6669 0.7406
vn -0.7036 0.6985 0.1308
vn 0.1460 0.6834 -0.7153
vn -0.1859 0.8315 0.5235
vn -0.2484 0.8126 0.5273
vn -0.2925 0.7494 0.5940
vn -0.4230 0.7585 0.4958
vn -0.4475 0.8600 0.2451
vn -0.3174 0.8214 0.4739
vn -0.3980 0.8176 0.4161
vn -0.4860 0.7680 0.4171
vn -0.5784 0.7629 0.2888
vn -0.4127 0.8424 0.3464
vn -0.4879 0.8446 0.2205
vn -0.4923 0.8578 0.1478
vn 0.4049 0.8079 -0.4282
vn -0.0116 0.8514 -0.5244
vn -0.0412 0.9094 -0.4139
vn -0.0332 0.9398 -0.3401
vn 0.0154 0.7795 -0.6262
vn 0.0568 0.8452 -0.5314
vn 0.0073 0.9127 -0.4087
vn -0.0012 0.9352 -0.3540
vn 0.0801 0.8906 -0.4478
vn 0.0490 0.9284 -0.3684
vn 0.1385 0.8657 -0.4810
vn 0.1104 0.9193 -0.3778
vn 0.2096 0.8295 -0.5176
vn 0.2494 0.8567 -0.4514
vn 0.1760 0.9115 -0.3717
vn 0.2731 0.8794 -0.3900
vn 0.3419 0.8280 -0.4445
vn -0.0440 0.9874 -0.1518
vn -0.0451 0.9984 0.0343
vn -0.0455 0.9780 0.2037
vn -0.0418 0.9377 0.3450
vn -0.0423 0.8978 0.4384
vn -0.0000 -0.0502 -0.9987
vn -0.0000 0.0962 -0.9954
vn -0.0233 0.9860 -0.1649
vn -0.0518 0.9985 0.0190
vn -0.0831 0.9791 0.1854
vn -0.1067 0.9359 0.3356
vn -0.1339 0.8881 0.4398
vn -0.2114 0.8717 0.4421
vn 0.0249 0.9800 -0.1975
vn -0.0205 0.9996 -0.0208
vn -0.0754 0.9875 0.1386
vn -0.1459 0.9468 0.2868
vn -0.1949 0.9148 0.3536
vn -0.2639 0.8559 0.4448
vn -0.3031 0.8583 0.4141
vn 0.0873 0.9673 -0.2381
vn 0.0381 0.9965 -0.0738
vn -0.0256 0.9970 0.0736
vn -0.1054 0.9734 0.2035
vn -0.1884 0.9364 0.2961
vn -0.2644 0.9097 0.3202
vn -0.3573 0.8632 0.3567
vn -0.3649 0.8820 0.2980
vn 0.1663 0.9441 -0.2846
vn 0.1098 0.9850 -0.1335
vn 0.0408 0.9992 0.0007
vn -0.0426 0.9925 0.1148
vn -0.1433 0.9682 0.2048
vn -0.2388 0.9402 0.2431
vn -0.3285 0.9189 0.2182
vn -0.4217 0.8887 0.1798
vn -0.4446 0.8905 0.0969
vn 0.2261 0.9234 -0.3102
vn 0.1925 0.9610 -0.1985
vn 0.1171 0.9899 -0.0800
vn 0.0271 0.9994 0.0222
vn -0.0739 0.9925 0.0977
vn -0.1850 0.9719 0.1456
vn -0.2886 0.9493 0.1247
vn -0.3490 0.9356 0.0538
vn 0.3764 0.8345 -0.4025
vn 0.2731 0.9121 -0.3058
vn 0.2554 0.9335 -0.2516
vn 0.1941 0.9667 -0.1669
vn 0.1016 0.9920 -0.0749
vn 0.0019 1.0000 -0.0060
vn -0.0979 0.9945 0.0379
vn -0.1837 0.9822 0.0401
vn -0.2381 0.9712 0.0137
vn 0.3755 0.8440 -0.3830
vn 0.3956 0.8465 -0.3564
vn 0.2831 0.9192 -0.2737
vn 0.3231 0.9007 -0.2902
vn 0.2644 0.9372 -0.2273
vn 0.2056 0.9624 -0.1773
vn 0.1089 0.9890 -0.1002
vn 0.0265 0.9984 -0.0504
vn -0.0397 0.9989 -0.0255
vn -0.0825 0.9964 -0.0206
vn 0.5452 0.0048 -0.8383
vn 0.5401 0.0935 -0.8364
vn 0.5278 0.1941 -0.8269
vn 0.5535 0.2038 -0.8075
vn 0.4910 0.2957 -0.8194
vn 0.5806 0.3133 -0.7515
vn 0.5307 0.3669 -0.7641
vn 0.5417 0.4250 -0.7252
vn 0.5447 0.4279 -0.7213
vn 0.4932 0.4758 -0.7282
vn 0.5777 0.4870 -0.6550
vn 0.5145 0.5579 -0.6512
vn 0.5104 0.5810 -0.6340
vn 0.5568 0.6005 -0.5739
vn 0.4920 0.6710 -0.5547
vn 0.4886 0.6986 -0.5227
vn 0.5705 0.0033 -0.8213
vn 0.6627 0.0031 -0.7489
vn 0.5536 0.0772 -0.8292
vn 0.6747 0.0814 -0.7336
vn 0.6217 0.1374 -0.7711
vn 0.6501 0.2099 -0.7303
vn 0.6421 0.2146 -0.7359
vn 0.5979 0.3136 -0.7377
vn 0.6636 0.3142 -0.6789
vn 0.6184 0.3542 -0.7015
vn 0.6383 0.4340 -0.6358
vn 0.6300 0.4311 -0.6460
vn 0.5751 0.4869 -0.6574
vn 0.6487 0.4864 -0.5853
vn 0.5791 0.5626 -0.5901
vn 0.5651 0.6027 -0.5634
vn 0.6740 0.0034 -0.7387
vn 0.7571 0.0031 -0.6533
vn 0.6639 0.0868 -0.7428
vn 0.7567 0.0882 -0.6477
vn 0.7018 0.1366 -0.6991
vn 0.7453 0.1055 -0.6583
vn 0.7441 0.2150 -0.6325
vn 0.7506 0.1979 -0.6305
vn 0.6844 0.3114 -0.6592
vn 0.7441 0.3008 -0.5965
vn 0.7026 0.3451 -0.6224
vn 0.7194 0.4173 -0.5552
vn 0.6453 0.4838 -0.5912
vn 0.7475 0.0018 -0.6642
vn 0.8309 0.0023 -0.5564
vn 0.7897 0.0434 -0.6119
vn 0.8254 0.1017 -0.5553
vn 0.7978 0.1937 -0.5710
vn 0.7540 0.2956 -0.5866
vn 0.5288 0.7001 -0.4798
vn 0.4253 0.8042 -0.4153
vn 0.4719 0.7732 -0.4236
vn 0.4345 0.8118 -0.3900
vn 0.4431 0.8189 -0.3649
vn 0.6169 0.5896 -0.5214
vn 0.5406 0.6837 -0.4902
vn 0.5675 0.6776 -0.4678
vn 0.5084 0.7660 -0.3933
vn 0.5255 0.7560 -0.3904
vn 0.4654 0.8114 -0.3537
vn 0.4776 0.8132 -0.3327
vn 0.7208 0.4108 -0.5582
vn 0.7196 0.4706 -0.5107
vn 0.6390 0.5576 -0.5299
vn 0.6938 0.5099 -0.5086
vn 0.6232 0.5850 -0.5191
vn 0.6929 0.5566 -0.4584
vn 0.5830 0.6795 -0.4453
vn 0.6609 0.6150 -0.4300
vn 0.6194 0.6641 -0.4186
vn 0.5875 0.7251 -0.3591
vn 0.6346 0.6963 -0.3353
vn 0.5175 0.7987 -0.3070
vn 0.5980 0.7527 -0.2755
vn 0.5445 0.7974 -0.2600
vn 0.5766 0.7916 -0.2020
vn 0.8290 0.0051 -0.5592
vn 0.8315 0.0911 -0.5481
vn 0.8250 0.1905 -0.5321
vn 0.8176 0.2765 -0.5051
vn 0.7657 0.3416 -0.5450
vn 0.8124 0.2966 -0.5020
vn 0.7726 0.3870 -0.5034
vn 0.8026 0.3627 -0.4736
vn 0.7694 0.4150 -0.4857
vn 0.7575 0.4771 -0.4456
vn 0.7822 0.4625 -0.4174
vn 0.7379 0.5229 -0.4267
vn 0.7668 0.5156 -0.3825
vn 0.7028 0.6006 -0.3813
vn 0.7656 0.5509 -0.3322
vn 0.6699 0.6607 -0.3387
vn 0.7540 0.5933 -0.2821
vn 0.7231 0.6326 -0.2775
vn 0.6783 0.6994 -0.2252
vn 0.7405 0.6476 -0.1795
vn 0.5983 0.7819 -0.1751
vn 0.7317 0.6700 -0.1254
vn 0.6199 0.7739 -0.1296
vn 0.7307 0.6797 -0.0641
vn 0.6406 0.7647 -0.0705
vn 0.8646 0.0071 -0.5024
vn 0.8893 0.0082 -0.4573
vn 0.9095 0.0114 -0.4155
vn 0.8602 0.0911 -0.5017
vn 0.8871 0.0883 -0.4530
vn 0.9073 0.0932 -0.4100
vn 0.8361 0.1790 -0.5185
vn 0.8864 0.1672 -0.4316
vn 0.8495 0.2369 -0.4714
vn 0.8956 0.1793 -0.4071
vn 0.8556 0.2770 -0.4373
vn 0.8816 0.2511 -0.3996
vn 0.8942 0.2676 -0.3590
vn 0.8029 0.3514 -0.4815
vn 0.8725 0.3138 -0.3746
vn 0.8036 0.4233 -0.4184
vn 0.8776 0.3415 -0.3364
vn 0.8536 0.3777 -0.3587
vn 0.8837 0.3667 -0.2909
vn 0.8356 0.4658 -0.2911
vn 0.8671 0.4322 -0.2477
vn 0.8155 0.5116 -0.2706
vn 0.8700 0.4515 -0.1983
vn 0.8762 0.4646 -0.1280
vn 0.8791 0.4735 -0.0557
vn 0.7808 0.5749 -0.2446
vn 0.8528 0.4927 -0.1731
vn 0.7407 0.6476 -0.1790
vn 0.8471 0.5183 -0.1175
vn 0.7638 0.6332 -0.1249
vn 0.8499 0.5244 -0.0523
vn 0.7778 0.6257 -0.0593
vn 0.9298 0.0140 -0.3678
vn 0.9485 0.0161 -0.3163
vn 0.9657 0.0188 -0.2588
vn 0.9836 0.0193 -0.1791
vn 0.9944 0.0169 -0.1043
vn 0.9991 0.0152 -0.0387
vn 0.9261 0.0889 -0.3667
vn 0.9469 0.0840 -0.3102
vn 0.9622 0.0868 -0.2580
vn 0.9798 0.0857 -0.1809
vn 0.9907 0.0838 -0.1067
vn 0.9957 0.0843 -0.0374
vn 0.9070 0.1573 -0.3906
vn 0.9487 0.1415 -0.2829
vn 0.9170 0.2170 -0.3348
vn 0.9537 0.1583 -0.2557
vn 0.9700 0.1598 -0.1830
vn 0.9815 0.1574 -0.1089
vn 0.9873 0.1546 -0.0376
vn 0.9168 0.2452 -0.3151
vn 0.9477 0.2164 -0.2348
vn 0.9175 0.2971 -0.2644
vn 0.9540 0.2381 -0.1823
vn 0.9649 0.2374 -0.1123
vn 0.9716 0.2331 -0.0414
vn 0.9108 0.3373 -0.2382
vn 0.9452 0.2815 -0.1653
vn 0.8945 0.4084 -0.1818
vn 0.9442 0.3107 -0.1092
vn 0.9151 0.3853 -0.1186
vn 0.9477 0.3161 -0.0435
vn 0.9247 0.3774 -0.0497
vn 0.3509 0.8960 -0.2722
vn 0.3721 0.8859 -0.2770
vn 0.2851 0.9329 -0.2202
vn 0.2485 0.9521 -0.1784
vn 0.1855 0.9758 -0.1160
vn 0.1351 0.9879 -0.0759
vn 0.1000 0.9938 -0.0482
vn 0.4142 0.8693 -0.2695
vn 0.4703 0.8487 -0.2420
vn 0.3379 0.9197 -0.2002
vn 0.4292 0.8853 -0.1790
vn 0.3426 0.9287 -0.1418
vn 0.3251 0.9389 -0.1131
vn 0.3024 0.9509 -0.0659
vn 0.5085 0.8470 -0.1549
vn 0.5863 0.8002 -0.1264
vn 0.4202 0.9003 -0.1132
vn 0.5762 0.8140 -0.0734
vn 0.4330 0.8989 -0.0675
vn 0.7365 0.6714 0.0829
vn 0.1749 0.9521 0.2509
vn 0.0776 0.9040 -0.4204
vn 0.9455 0.3218 0.0502
vn 0.0301 0.3173 0.9478
vn 0.0351 0.7907 -0.6112
vn 0.0122 0.8337 -0.5521
vn -0.0047 0.8506 -0.5257
vn 0.2712 0.9616 0.0416
vn 0.0936 0.6823 0.7251
vn -0.7235 0.6835 -0.0966
vn -0.0834 0.6781 -0.7302
vn -0.1958 0.8612 -0.4691
vn -0.3863 0.7583 -0.5251
vn -0.2476 0.7489 -0.6147
vn -0.2027 0.8306 -0.5187
vn -0.1544 0.8522 -0.4999
vn -0.4278 0.9033 0.0307
vn -0.4486 0.8667 -0.2182
vn -0.6190 0.7851 0.0213
vn -0.6099 0.7449 -0.2703
vn -0.5070 0.7587 -0.4090
vn -0.4163 0.7988 -0.4343
vn -0.3187 0.8240 -0.4684
vn -0.5620 0.8271 0.0062
vn -0.5111 0.8328 -0.2125
vn -0.4486 0.8272 -0.3384
vn -0.3730 0.8407 -0.3925
vn -0.5385 0.8426 -0.0038
vn -0.5067 0.8485 -0.1525
vn 0.0296 -0.0064 0.9995
vn 0.0242 0.0467 0.9986
vn 0.0130 0.1125 0.9936
vn 0.0054 0.1934 0.9811
vn -0.0008 0.2997 0.9540
vn -0.0030 0.5092 0.8607
vn -0.0039 0.3707 0.9287
vn 0.0073 0.6360 0.7717
vn 0.0013 0.5574 0.8303
vn 0.0122 0.7620 0.6475
vn 0.0107 0.7080 0.7061
vn 0.0869 -0.0045 0.9962
vn 0.0865 0.0390 0.9955
vn 0.0837 0.1062 0.9908
vn 0.0778 0.1867 0.9793
vn 0.0712 0.2950 0.9528
vn 0.0898 0.4357 0.8956
vn 0.0553 0.5204 0.8521
vn 0.0539 0.3551 0.9333
vn 0.0572 0.6398 0.7664
vn 0.0605 0.5531 0.8309
vn 0.0557 0.7627 0.6443
vn 0.0568 0.7053 0.7066
vn 0.1446 -0.0041 0.9895
vn 0.1492 0.0429 0.9879
vn 0.1535 0.1039 0.9827
vn 0.1488 0.1787 0.9726
vn 0.1338 0.3296 0.9346
vn 0.1286 0.2805 0.9512
vn 0.1402 0.4931 0.8586
vn 0.1064 0.6429 0.7585
vn 0.1050 0.5415 0.8341
vn 0.1044 0.7652 0.6352
vn 0.1054 0.6950 0.7112
vn 0.2206 -0.0015 0.9754
vn 0.2241 0.0485 0.9734
vn 0.2237 0.1019 0.9693
vn 0.2186 0.1710 0.9607
vn 0.2525 0.2685 0.9296
vn 0.2017 0.3514 0.9142
vn 0.1941 0.2381 0.9516
vn 0.2134 0.4381 0.8732
vn 0.2014 0.5780 0.7908
vn 0.1649 0.6522 0.7399
vn 0.1647 0.5161 0.8405
vn 0.1604 0.7677 0.6204
vn 0.1672 0.6732 0.7203
vn 0.2829 0.0020 0.9591
vn 0.3057 0.0530 0.9506
vn 0.2841 0.0470 0.9576
vn 0.3146 0.1000 0.9439
vn 0.2780 0.0966 0.9557
vn 0.3311 0.1610 0.9297
vn 0.2812 0.2091 0.9366
vn 0.2544 0.1530 0.9549
vn 0.3013 0.2898 0.9084
vn 0.2650 0.4731 0.8402
vn 0.2517 0.4062 0.8784
vn 0.2672 0.6287 0.7303
vn 0.2260 0.7782 0.5860
vn 0.2708 0.6943 0.6667
vn 0.2050 0.7735 0.5998
vn 0.2180 0.6460 0.7316
vn 0.3717 0.0054 0.9283
vn 0.3310 0.0322 0.9431
vn 0.2879 0.0027 0.9577
vn 0.3586 0.0588 0.9317
vn 0.3519 0.1061 0.9300
vn 0.3472 0.1736 0.9216
vn 0.3392 0.2653 0.9025
vn 0.3807 0.4060 0.8308
vn 0.3220 0.5021 0.8026
vn 0.3107 0.3572 0.8809
vn 0.3082 0.6400 0.7039
vn 0.3141 0.5714 0.7582
vn 0.2762 0.7759 0.5672
vn 0.2990 0.7202 0.6261
vn 0.3824 0.0101 0.9239
vn 0.3878 0.0589 0.9198
vn 0.3963 0.1082 0.9117
vn 0.4285 0.1816 0.8851
vn 0.3982 0.1666 0.9021
vn 0.4650 0.2653 0.8446
vn 0.4076 0.3317 0.8508
vn 0.3673 0.2464 0.8969
vn 0.4252 0.4314 0.7957
vn 0.4442 0.5617 0.6980
vn 0.3596 0.6544 0.6652
vn 0.3662 0.5058 0.7810
vn 0.3437 0.7805 0.5223
vn 0.3973 0.6844 0.6113
vn 0.3214 0.7750 0.5441
vn 0.3522 0.6658 0.6578
vn 0.4987 0.0193 0.8665
vn 0.4312 0.0150 0.9021
vn 0.5043 0.0718 0.8606
vn 0.4329 0.0652 0.8991
vn 0.5207 0.1121 0.8463
vn 0.4742 0.1480 0.8679
vn 0.4207 0.1020 0.9014
vn 0.5128 0.1974 0.8355
vn 0.5037 0.3021 0.8093
vn 0.4863 0.2827 0.8268
vn 0.5489 0.4035 0.7321
vn 0.4640 0.5055 0.7274
vn 0.4335 0.3852 0.8147
vn 0.4781 0.5799 0.6597
vn 0.4317 0.6459 0.6297
vn 0.4467 0.5665 0.6925
vn 0.4106 0.7813 0.4700
vn 0.4485 0.7030 0.5519
vn 0.3763 0.7794 0.5009
vn 0.4209 0.6924 0.5860
vn 0.9947 -0.1028 -0.0000
vn -0.0000 -0.0916 0.9958
vn -0.0130 0.9055 -0.4242
vn -0.0161 0.9387 -0.3444
vn -0.0168 0.9745 -0.2240
vn -0.0140 0.9964 -0.0837
vn 0.9964 0.0850 -0.0000
vn -0.0000 0.0873 0.9962
vn -0.9829 -0.1840 -0.0000
vn -0.9986 0.0507 0.0173
vn -0.9800 0.1988 0.0036
vn -0.9820 0.1641 0.0939
vn -0.2003 0.8768 -0.4372
vn -0.1181 0.8938 -0.4326
vn -0.0905 0.9391 -0.3315
vn -0.0607 0.9773 -0.2028
vn -0.0262 0.9974 -0.0672
vn -0.0000 -1.0000 -0.0000
vn -0.0000 -0.1907 -0.9816
vn 0.9583 -0.2857 -0.0000
vn -0.0000 -0.2617 0.9652
vn -0.0041 0.0605 -0.9982
vn 0.9460 -0.3223 -0.0338
vn -0.0546 -0.3121 0.9485
vn -0.2433 -0.7512 0.6136
vn -0.0516 0.1831 -0.9817
vn -0.3259 0.9351 -0.1393
vn -0.3344 0.9209 0.2004
vn -0.2044 -0.0000 0.9789
vn -0.2668 0.8674 -0.4201
vn -0.2040 0.9125 -0.3546
vn -0.1553 0.9462 -0.2840
vn -0.0889 0.9843 -0.1522
vn -0.0315 0.9992 -0.0255
vn 0.5175 -0.8382 -0.1720
vn 0.2534 -0.8767 0.4088
vn 0.0885 0.0982 -0.9912
vn 0.9827 -0.0000 -0.1853
vn 0.0819 0.9768 -0.1981
vn 0.9995 -0.0000 0.0318
vn 0.0583 0.9731 0.2227
vn -0.0349 -0.0000 0.9994
vn -0.3939 0.8734 -0.2864
vn -0.3514 0.8852 -0.3049
vn -0.2847 0.8835 -0.3720
vn -0.2183 0.9289 -0.2992
vn -0.1542 0.9662 -0.2064
vn -0.0780 0.9933 -0.0857
vn -0.0098 0.9994 0.0338
vn -0.4505 0.8927 -0.0075
vn -0.4501 0.8861 -0.1110
vn -0.4429 0.8759 -0.1913
vn -0.3627 0.9064 -0.2164
vn -0.2902 0.9270 -0.2377
vn -0.2131 0.9510 -0.2241
vn -0.1131 0.9859 -0.1233
vn -0.0336 0.9994 -0.0128
vn 0.0378 0.9942 0.1002
vn -0.3736 0.9276 -0.0077
vn -0.3559 0.9314 -0.0771
vn -0.3061 0.9398 -0.1520
vn -0.2223 0.9610 -0.1646
vn -0.1300 0.9843 -0.1196
vn -0.0419 0.9983 -0.0397
vn 0.0352 0.9976 0.0601
vn 0.1056 0.9800 0.1684
vn -0.2572 0.9663 -0.0099
vn -0.2402 0.9697 -0.0440
vn -0.1880 0.9789 -0.0803
vn -0.1147 0.9902 -0.0796
vn -0.0335 0.9990 -0.0308
vn 0.0476 0.9980 0.0407
vn 0.1204 0.9843 0.1295
vn 0.1987 0.9485 0.2468
vn -0.0984 0.9951 -0.0124
vn -0.0851 0.9963 -0.0112
vn -0.0415 0.9990 -0.0167
vn 0.0244 0.9997 -0.0037
vn 0.0983 0.9940 0.0490
vn 0.1711 0.9785 0.1153
vn 0.2479 0.9470 0.2045
vn 0.3619 0.8670 0.3426
vn 0.2795 0.9184 0.2799
vn 0.3429 0.8682 0.3588
vn -0.0109 0.9981 0.0605
vn -0.0052 0.9703 0.2417
vn 0.0023 0.9150 0.4035
vn 0.0097 0.8259 0.5637
vn 0.0010 0.9973 0.0740
vn 0.0251 0.9661 0.2570
vn 0.0392 0.9106 0.4115
vn 0.0521 0.8184 0.5723
vn 0.0183 0.9939 0.1089
vn 0.0614 0.9556 0.2882
vn 0.0829 0.9036 0.4202
vn 0.1019 0.8062 0.5829
vn 0.0543 0.9852 0.1626
vn 0.1097 0.9370 0.3316
vn 0.1889 0.8292 0.5261
vn 0.1252 0.8990 0.4197
vn 0.1517 0.7851 0.6005
vn 0.1067 0.9679 0.2276
vn 0.1466 0.9200 0.3636
vn 0.1996 0.8611 0.4676
vn 0.1741 0.9395 0.2949
vn 0.2834 0.8373 0.4676
vn 0.2023 0.9062 0.3712
vn 0.2568 0.8165 0.5172
vn 0.3062 0.8636 0.4005
vn 0.2322 0.9158 0.3276
vn 0.2959 0.8542 0.4275
vn 0.4825 0.7755 0.4072
vn 0.5471 0.7702 0.3279
vn 0.6216 0.6692 0.4073
vn 0.5217 0.7716 0.3639
vn 0.5775 0.6889 0.4381
vn 0.7063 0.5962 0.3818
vn 0.7332 0.5404 0.4129
vn 0.6577 0.6272 0.4171
vn 0.6865 0.5534 0.4717
vn 0.6186 0.7649 0.1796
vn 0.6449 0.7262 0.2383
vn 0.6055 0.7658 0.2166
vn 0.6830 0.6711 0.2883
vn 0.5875 0.7643 0.2659
vn 0.7099 0.6238 0.3269
vn 0.5659 0.7678 0.3003
vn 0.6370 0.6619 0.3951
vn 0.8545 0.1628 0.4933
vn 0.8534 0.2295 0.4681
vn 0.8401 0.3428 0.4203
vn 0.8393 0.3037 0.4510
vn 0.8187 0.3185 0.4778
vn 0.8094 0.4662 0.3571
vn 0.8260 0.4236 0.3718
vn 0.7907 0.4797 0.3805
vn 0.8347 0.3732 0.4049
vn 0.7460 0.5100 0.4282
vn 0.7520 0.4049 0.5202
vn 0.7633 0.6114 0.2088
vn 0.7829 0.5672 0.2557
vn 0.7498 0.6131 0.2489
vn 0.7968 0.5270 0.2957
vn 0.7198 0.6283 0.2951
vn 0.7578 0.5648 0.3266
vn 0.7345 0.6786 0.0041
vn 0.6515 0.7587 -0.0016
vn 0.7399 0.6686 0.0746
vn 0.6503 0.7563 0.0711
vn 0.7493 0.6481 0.1364
vn 0.6385 0.7583 0.1313
vn 0.7587 0.6272 0.1764
vn 0.6274 0.7605 0.1674
vn 0.6966 0.6861 0.2099
vn 0.9180 0.0362 0.3949
vn 0.9026 0.0350 0.4291
vn 0.8723 0.0358 0.4877
vn 0.9231 0.0927 0.3731
vn 0.9142 0.0867 0.3960
vn 0.9045 0.0829 0.4182
vn 0.8813 0.1193 0.4572
vn 0.8631 0.0889 0.4971
vn 0.9236 0.1555 0.3503
vn 0.9075 0.1439 0.3946
vn 0.8981 0.1540 0.4120
vn 0.9161 0.2560 0.3087
vn 0.9116 0.2238 0.3447
vn 0.9026 0.2089 0.3763
vn 0.8821 0.2533 0.3972
vn 0.8734 0.2174 0.4358
vn 0.9069 0.3512 0.2329
vn 0.9050 0.3236 0.2762
vn 0.8972 0.3028 0.3216
vn 0.8733 0.3540 0.3347
vn 0.8811 0.3191 0.3491
vn 0.8812 0.4725 0.0170
vn 0.8834 0.4602 0.0882
vn 0.8828 0.4426 0.1570
vn 0.8828 0.4298 0.1895
vn 0.8539 0.4792 0.2030
vn 0.8815 0.4027 0.2466
vn 0.8265 0.5019 0.2548
vn 0.8534 0.4378 0.2830
vn 0.8521 0.5233 0.0118
vn 0.7855 0.6189 0.0083
vn 0.8529 0.5165 0.0761
vn 0.7835 0.6166 0.0774
vn 0.8558 0.5003 0.1318
vn 0.7708 0.6224 0.1360
vn 0.8134 0.5589 0.1615
vn 0.9995 0.0164 0.0279
vn 0.9959 0.0183 0.0885
vn 0.9892 0.0210 0.1450
vn 0.9784 0.0257 0.2050
vn 0.9602 0.0311 0.2776
vn 0.9514 0.0249 0.3068
vn 0.9369 0.0566 0.3449
vn 0.9237 0.0272 0.3820
vn 0.9959 0.0857 0.0292
vn 0.9922 0.0864 0.0897
vn 0.9853 0.0870 0.1469
vn 0.9744 0.0867 0.2074
vn 0.9575 0.0801 0.2772
vn 0.9475 0.0874 0.3075
vn 0.9878 0.1527 0.0289
vn 0.9842 0.1525 0.0904
vn 0.9773 0.1527 0.1466
vn 0.9659 0.1539 0.2082
vn 0.9559 0.1407 0.2577
vn 0.9433 0.1759 0.2814
vn 0.9330 0.1490 0.3276
vn 0.9730 0.2292 0.0268
vn 0.9698 0.2270 0.0897
vn 0.9627 0.2271 0.1469
vn 0.9573 0.2148 0.1933
vn 0.9437 0.2577 0.2076
vn 0.9466 0.2304 0.2256
vn 0.9494 0.3132 0.0220
vn 0.9283 0.3713 0.0190
vn 0.9491 0.3040 0.0828
vn 0.9256 0.3689 0.0850
vn 0.9497 0.2835 0.1333
vn 0.9146 0.3785 0.1424
vn 0.9320 0.3214 0.1673
vn 0.5730 0.0248 0.8192
vn 0.5410 0.0223 0.8407
vn 0.5784 0.0811 0.8117
vn 0.5401 0.0759 0.8382
vn 0.5887 0.1325 0.7974
vn 0.5365 0.1240 0.8347
vn 0.6059 0.1990 0.7702
vn 0.5662 0.2315 0.7911
vn 0.5225 0.1835 0.8327
vn 0.6056 0.3164 0.7302
vn 0.6037 0.4227 0.6759
vn 0.5535 0.4858 0.6764
vn 0.5463 0.4031 0.7342
vn 0.5561 0.5834 0.5919
vn 0.5209 0.6322 0.5736
vn 0.5423 0.5868 0.6014
vn 0.5258 0.6993 0.4843
vn 0.4488 0.7793 0.4373
vn 0.4984 0.7023 0.5083
vn 0.6543 0.0258 0.7558
vn 0.6599 0.0924 0.7456
vn 0.6512 0.0848 0.7541
vn 0.6729 0.1459 0.7252
vn 0.6436 0.1395 0.7526
vn 0.6805 0.2142 0.7008
vn 0.6289 0.2099 0.7487
vn 0.6933 0.2857 0.6616
vn 0.6391 0.3608 0.6792
vn 0.6020 0.2819 0.7471
vn 0.6738 0.4245 0.6049
vn 0.6366 0.4819 0.6020
vn 0.6377 0.4233 0.6435
vn 0.6487 0.5666 0.5080
vn 0.6026 0.6219 0.5001
vn 0.6225 0.5783 0.5273
vn 0.7573 0.0293 0.6524
vn 0.7587 0.0169 0.6513
vn 0.7071 0.0624 0.7044
vn 0.6528 0.0157 0.7574
vn 0.7587 0.0915 0.6449
vn 0.7507 0.0943 0.6538
vn 0.7636 0.1510 0.6278
vn 0.7349 0.1489 0.6616
vn 0.7666 0.2186 0.6037
vn 0.7166 0.2168 0.6629
vn 0.7608 0.3280 0.5600
vn 0.7726 0.2888 0.5654
vn 0.7036 0.3700 0.6067
vn 0.6816 0.2870 0.6731
vn 0.7605 0.4042 0.5083
vn 0.7032 0.4921 0.5133
vn 0.7045 0.4275 0.5664
vn 0.8447 0.0340 0.5341
vn 0.8185 0.0312 0.5737
vn 0.8463 0.0949 0.5242
vn 0.8140 0.0931 0.5733
vn 0.8438 0.1466 0.5162
vn 0.8038 0.1520 0.5751
vn 0.8430 0.2074 0.4963
vn 0.8037 0.2604 0.5349
vn 0.7813 0.2144 0.5862
vn 0.0879 0.9960 -0.0130
vn 0.1016 0.9947 0.0165
vn 0.1394 0.9895 0.0378
vn 0.1963 0.9783 0.0658
vn 0.2606 0.9581 0.1190
vn 0.3200 0.9306 0.1775
vn 0.4532 0.8439 0.2873
vn 0.3434 0.9111 0.2278
vn 0.4148 0.8575 0.3043
vn 0.2973 0.9547 -0.0108
vn 0.3091 0.9502 0.0405
vn 0.3444 0.9347 0.0879
vn 0.4675 0.8712 0.1500
vn 0.3749 0.9211 0.1050
vn 0.5082 0.8384 0.1971
vn 0.3930 0.9062 0.1560
vn 0.5473 0.7990 0.2491
vn 0.4018 0.8934 0.2007
vn 0.4992 0.8242 0.2673
vn 0.5770 0.8167 -0.0051
vn 0.4380 0.8990 -0.0076
vn 0.5852 0.8082 0.0662
vn 0.4425 0.8952 0.0524
vn 0.6029 0.7886 0.1212
vn 0.4435 0.8908 0.0995
vn 0.5370 0.8326 0.1359
s 0
f 13//1 12//1 6//1 7//1
f 14//2 13//2 7//2 8//2
f 15//3 14//3 8//3 9//3
f 22//4 21//4 16//4 17//4
f 25//5 24//5 18//5 19//5
f 26//6 25//6 19//6 20//6
f 26//7 7//7 6//7 25//7
f 27//8 26//8 20//8 21//8
f 27//9 8//9 7//9 26//9
f 28//10 27//10 21//10 22//10
f 28//11 9//11 8//11 27//11
f 31//12 30//12 23//12 24//12
f 31//13 11//13 10//13 30//13
f 32//14 31//14 24//14 25//14
f 32//15 12//15 11//15 31//15
f 12//16 32//16 25//16 6//16
f 40//17 39//17 33//17 34//17
f 40//18 17//18 16//18 39//18
f 43//19 42//19 35//19 36//19
f 44//20 43//20 36//20 37//20
f 44//21 19//21 18//21 43//21
f 45//22 44//22 37//22 38//22
f 45//23 20//23 19//23 44//23
f 46//24 45//24 38//24 39//24
f 46//25 21//25 20//25 45//25
f 21//26 46//26 39//26 16//26
f 49//27 48//27 41//27 42//27
f 50//28 49//28 42//28 43//28
f 50//29 24//29 23//29 49//29
f 24//30 50//30 43//30 18//30
f 52//31 51//31 47//31 48//31
f 53//32 52//32 48//32 49//32
f 53//33 30//33 29//33 52//33
f 30//34 53//34 49//34 23//34
f 59//35 34//35 33//35 58//35
f 62//36 61//36 54//36 55//36
f 62//37 36//37 35//37 61//37
f 63//38 62//38 55//38 56//38
f 63//39 37//39 36//39 62//39
f 64//40 63//40 56//40 57//40
f 64//41 38//41 37//41 63//41
f 65//42 64//42 57//42 58//42
f 65//43 39//43 38//43 64//43
f 39//44 65//44 58//44 33//44
f 68//45 67//45 60//45 61//45
f 68//46 42//46 41//46 67//46
f 42//47 68//47 61//47 35//47
f 70//48 69//48 66//48 67//48
f 70//49 48//49 47//49 69//49
f 48//50 70//50 67//50 41//50
f 71//51 4//51 2//51 69//51
f 71//52 51//52 1//52 4//52
f 51//53 71//53 69//53 47//53
f 82//54 81//54 79//54 80//54
f 73//55 82//55 80//55 72//55
f 84//56 83//56 81//56 82//56
f 74//57 84//57 82//57 73//57
f 86//58 85//58 83//58 84//58
f 75//59 86//59 84//59 74//59
f 89//60 88//60 85//60 86//60
f 76//61 89//61 86//61 75//61
f 94//62 93//62 91//62 92//62
f 78//63 94//63 92//63 77//63
f 97//64 96//64 93//64 94//64
f 97//65 80//65 79//65 96//65
f 80//66 97//66 94//66 78//66
f 99//67 98//67 95//67 96//67
f 81//68 99//68 96//68 79//68
f 101//69 100//69 98//69 99//69
f 83//70 101//70 99//70 81//70
f 103//71 102//71 100//71 101//71
f 85//72 103//72 101//72 83//72
f 105//73 104//73 102//73 103//73
f 105//74 88//74 87//74 104//74
f 88//75 105//75 103//75 85//75
f 107//76 106//76 3//76 4//76
f 90//77 107//77 4//77 1//77
f 110//78 109//78 106//78 107//78
f 110//79 92//79 91//79 109//79
f 92//80 110//80 107//80 90//80
f 112//81 111//81 108//81 109//81
f 93//82 112//82 109//82 91//82
f 115//83 114//83 111//83 112//83
f 115//84 96//84 95//84 114//84
f 96//85 115//85 112//85 93//85
f 117//86 116//86 113//86 114//86
f 98//87 117//87 114//87 95//87
f 119//88 118//88 116//88 117//88
f 100//89 119//89 117//89 98//89
f 121//90 120//90 118//90 119//90
f 102//91 121//91 119//91 100//91
f 123//92 122//92 120//92 121//92
f 104//93 123//93 121//93 102//93
f 129//94 128//94 124//94 125//94
f 130//95 129//95 125//95 126//95
f 133//96 132//96 127//96 128//96
f 134//97 133//97 128//97 129//97
f 135//98 134//98 129//98 130//98
f 137//99 136//99 131//99 132//99
f 138//100 137//100 132//100 133//100
f 139//101 138//101 133//101 134//101
f 140//102 139//102 134//102 135//102
f 143//103 142//103 136//103 137//103
f 144//104 143//104 137//104 138//104
f 145//105 144//105 138//105 139//105
f 146//106 145//106 139//106 140//106
f 148//107 147//107 141//107 142//107
f 149//108 148//108 142//108 143//108
f 150//109 149//109 143//109 144//109
f 151//110 150//110 144//110 145//110
f 152//111 151//111 145//111 146//111
f 159//112 158//112 153//112 154//112
f 160//113 159//113 154//113 155//113
f 161//114 160//114 155//114 156//114
f 164//115 163//115 157//115 158//115
f 165//116 164//116 158//116 159//116
f 166//117 165//117 159//117 160//117
f 166//118 125//118 124//118 165//118
f 167//119 166//119 160//119 161//119
f 167//120 126//120 125//120 166//120
f 170//121 169//121 162//121 163//121
f 171//122 170//122 163//122 164//122
f 172//123 171//123 164//123 165//123
f 172//124 128//124 127//124 171//124
f 128//125 172//125 165//125 124//125
f 174//126 173//126 168//126 169//126
f 175//127 174//127 169//127 170//127
f 176//128 175//128 170//128 171//128
f 176//129 132//129 131//129 175//129
f 132//130 176//130 171//130 127//130
f 179//131 178//131 173//131 174//131
f 180//132 179//132 174//132 175//132
f 136//133 180//133 175//133 131//133
f 182//134 181//134 177//134 178//134
f 183//135 182//135 178//135 179//135
f 184//136 183//136 179//136 180//136
f 184//137 142//137 141//137 183//137
f 142//138 184//138 180//138 136//138
f 186//139 185//139 181//139 182//139
f 187//140 186//140 182//140 183//140
f 147//141 187//141 183//141 141//141
f 190//142 189//142 10//142 11//142
f 191//143 190//143 11//143 12//143
f 192//144 191//144 12//144 13//144
f 192//145 154//145 153//145 191//145
f 193//146 192//146 13//146 14//146
f 193//147 155//147 154//147 192//147
f 194//148 193//148 14//148 15//148
f 194//149 156//149 155//149 193//149
f 156//150 194//150 15//150 5//150
f 196//151 195//151 188//151 189//151
f 197//152 196//152 189//152 190//152
f 198//153 197//153 190//153 191//153
f 198//154 158//154 157//154 197//154
f 158//155 198//155 191//155 153//155
f 201//156 200//156 195//156 196//156
f 202//157 201//157 196//157 197//157
f 202//158 163//158 162//158 201//158
f 163//159 202//159 197//159 157//159
f 204//160 203//160 199//160 200//160
f 205//161 204//161 200//161 201//161
f 205//162 169//162 168//162 204//162
f 169//163 205//163 201//163 162//163
f 206//164 73//164 72//164 203//164
f 207//165 206//165 203//165 204//165
f 173//166 207//166 204//166 168//166
f 208//167 74//167 73//167 206//167
f 209//168 208//168 206//168 207//168
f 209//169 178//169 177//169 208//169
f 178//170 209//170 207//170 173//170
f 210//171 75//171 74//171 208//171
f 181//172 210//172 208//172 177//172
f 211//173 76//173 75//173 210//173
f 185//174 211//174 210//174 181//174
f 214//175 213//175 29//175 30//175
f 214//176 189//176 188//176 213//176
f 189//177 214//177 30//177 10//177
f 216//178 215//178 212//178 213//178
f 195//179 216//179 213//179 188//179
f 217//180 78//180 77//180 215//180
f 218//181 217//181 215//181 216//181
f 218//182 200//182 199//182 217//182
f 200//183 218//183 216//183 195//183
f 219//184 80//184 78//184 217//184
f 219//185 203//185 72//185 80//185
f 203//186 219//186 217//186 199//186
f 220//187 90//187 1//187 51//187
f 221//188 220//188 51//188 52//188
f 221//189 213//189 212//189 220//189
f 213//190 221//190 52//190 29//190
f 222//191 92//191 90//191 220//191
f 222//192 215//192 77//192 92//192
f 215//193 222//193 220//193 212//193
f 227//194 226//194 224//194 225//194
f 227//195 4//195 3//195 226//195
f 4//196 227//196 225//196 2//196
f 233//197 232//197 229//197 230//197
f 233//198 225//198 224//198 232//198
f 225//199 233//199 230//199 223//199
f 235//200 234//200 231//200 232//200
f 226//201 235//201 232//201 224//201
f 240//202 239//202 237//202 238//202
f 240//203 230//203 229//203 239//203
f 230//204 240//204 238//204 228//204
f 242//205 232//205 231//205 241//205
f 232//206 242//206 239//206 229//206
f 234//207 244//207 241//207 231//207
f 247//208 238//208 237//208 246//208
f 238//209 247//209 245//209 236//209
f 239//210 249//210 246//210 237//210
f 251//211 250//211 248//211 249//211
f 251//212 242//212 241//212 250//212
f 242//213 251//213 249//213 239//213
f 253//214 244//214 243//214 252//214
f 244//215 253//215 250//215 241//215
f 258//216 257//216 255//216 256//216
f 258//217 247//217 246//217 257//217
f 247//218 258//218 256//218 245//218
f 260//219 249//219 248//219 259//219
f 249//220 260//220 257//220 246//220
f 250//221 262//221 259//221 248//221
f 264//222 263//222 261//222 262//222
f 264//223 253//223 252//223 263//223
f 253//224 264//224 262//224 250//224
f 267//225 256//225 255//225 266//225
f 256//226 267//226 265//226 254//226
f 257//227 269//227 266//227 255//227
f 271//228 270//228 268//228 269//228
f 271//229 260//229 259//229 270//229
f 260//230 271//230 269//230 257//230
f 273//231 262//231 261//231 272//231
f 262//232 273//232 270//232 259//232
f 263//233 275//233 272//233 261//233
f 278//234 267//234 266//234 277//234
f 267//235 278//235 276//235 265//235
f 280//236 269//236 268//236 279//236
f 269//237 280//237 277//237 266//237
f 270//238 282//238 279//238 268//238
f 284//239 283//239 281//239 282//239
f 284//240 273//240 272//240 283//240
f 273//241 284//241 282//241 270//241
f 286//242 275//242 274//242 285//242
f 275//243 286//243 283//243 272//243
f 289//244 278//244 277//244 288//244
f 278//245 289//245 287//245 276//245
f 291//246 280//246 279//246 290//246
f 280//247 291//247 288//247 277//247
f 293//248 282//248 281//248 292//248
f 282//249 293//249 290//249 279//249
f 283//250 294//250 292//250 281//250
f 296//251 286//251 285//251 295//251
f 286//252 296//252 294//252 283//252
f 305//253 304//253 297//253 298//253
f 305//254 55//254 54//254 304//254
f 306//255 305//255 298//255 299//255
f 306//256 56//256 55//256 305//256
f 307//257 306//257 299//257 300//257
f 307//258 57//258 56//258 306//258
f 308//259 307//259 300//259 301//259
f 308//260 58//260 57//260 307//260
f 309//261 308//261 301//261 302//261
f 309//262 59//262 58//262 308//262
f 312//263 311//263 303//263 304//263
f 312//264 61//264 60//264 311//264
f 61//265 312//265 304//265 54//265
f 314//266 313//266 310//266 311//266
f 314//267 67//267 66//267 313//267
f 67//268 314//268 311//268 60//268
f 315//269 225//269 223//269 313//269
f 315//270 69//270 2//270 225//270
f 69//271 315//271 313//271 66//271
f 318//272 298//272 297//272 317//272
f 319//273 299//273 298//273 318//273
f 320//274 300//274 299//274 319//274
f 321//275 301//275 300//275 320//275
f 322//276 302//276 301//276 321//276
f 325//277 324//277 316//277 317//277
f 325//278 304//278 303//278 324//278
f 304//279 325//279 317//279 297//279
f 327//280 326//280 323//280 324//280
f 327//281 311//281 310//281 326//281
f 311//282 327//282 324//282 303//282
f 328//283 230//283 228//283 326//283
f 328//284 313//284 223//284 230//284
f 313//285 328//285 326//285 310//285
f 331//286 317//286 316//286 330//286
f 332//287 318//287 317//287 331//287
f 333//288 319//288 318//288 332//288
f 334//289 320//289 319//289 333//289
f 335//290 321//290 320//290 334//290
f 336//291 322//291 321//291 335//291
f 338//292 337//292 329//292 330//292
f 338//293 324//293 323//293 337//293
f 324//294 338//294 330//294 316//294
f 339//295 238//295 236//295 337//295
f 339//296 326//296 228//296 238//296
f 326//297 339//297 337//297 323//297
f 344//298 330//298 329//298 343//298
f 345//299 331//299 330//299 344//299
f 346//300 332//300 331//300 345//300
f 347//301 346//301 340//301 341//301
f 347//302 333//302 332//302 346//302
f 348//303 347//303 341//303 342//303
f 348//304 334//304 333//304 347//304
f 349//305 335//305 334//305 348//305
f 350//306 336//306 335//306 349//306
f 351//307 337//307 236//307 245//307
f 337//308 351//308 343//308 329//308
f 354//309 341//309 340//309 353//309
f 355//310 342//310 341//310 354//310
f 357//311 344//311 343//311 356//311
f 358//312 345//312 344//312 357//312
f 359//313 358//313 352//313 353//313
f 359//314 346//314 345//314 358//314
f 346//315 359//315 353//315 340//315
f 360//316 361//316 355//316 354//316
f 361//317 348//317 342//317 355//317
f 362//318 349//318 348//318 361//318
f 363//319 350//319 349//319 362//319
f 364//320 256//320 254//320 356//320
f 364//321 351//321 245//321 256//321
f 351//322 364//322 356//322 343//322
f 366//323 353//323 352//323 365//323
f 367//324 354//324 353//324 366//324
f 368//325 356//325 254//325 265//325
f 369//326 357//326 356//326 368//326
f 370//327 358//327 357//327 369//327
f 358//328 370//328 365//328 352//328
f 370//329 371//329 366//329 365//329
f 371//330 372//330 367//330 366//330
f 372//331 360//331 354//331 367//331
f 373//332 361//332 360//332 372//332
f 374//333 362//333 361//333 373//333
f 375//334 363//334 362//334 374//334
f 376//335 368//335 265//335 276//335
f 377//336 369//336 368//336 376//336
f 378//337 370//337 369//337 377//337
f 379//338 371//338 370//338 378//338
f 380//339 372//339 371//339 379//339
f 381//340 373//340 372//340 380//340
f 382//341 374//341 373//341 381//341
f 383//342 375//342 374//342 382//342
f 384//343 376//343 276//343 287//343
f 385//344 377//344 376//344 384//344
f 386//345 378//345 377//345 385//345
f 387//346 379//346 378//346 386//346
f 388//347 380//347 379//347 387//347
f 389//348 381//348 380//348 388//348
f 390//349 382//349 381//349 389//349
f 391//350 383//350 382//350 390//350
f 106//351 393//351 226//351 3//351
f 395//352 394//352 392//352 393//352
f 395//353 109//353 108//353 394//353
f 109//354 395//354 393//354 106//354
f 111//355 397//355 394//355 108//355
f 399//356 398//356 396//356 397//356
f 399//357 114//357 113//357 398//357
f 114//358 399//358 397//358 111//358
f 116//359 400//359 398//359 113//359
f 118//360 402//360 400//360 116//360
f 404//361 403//361 401//361 402//361
f 120//362 404//362 402//362 118//362
f 406//363 405//363 403//363 404//363
f 122//364 406//364 404//364 120//364
f 409//365 408//365 234//365 235//365
f 409//366 393//366 392//366 408//366
f 393//367 409//367 235//367 226//367
f 411//368 410//368 407//368 408//368
f 394//369 411//369 408//369 392//369
f 413//370 412//370 410//370 411//370
f 413//371 397//371 396//371 412//371
f 397//372 413//372 411//372 394//372
f 398//373 415//373 412//373 396//373
f 417//374 416//374 414//374 415//374
f 400//375 417//375 415//375 398//375
f 419//376 418//376 416//376 417//376
f 419//377 402//377 401//377 418//377
f 402//378 419//378 417//378 400//378
f 403//379 420//379 418//379 401//379
f 405//380 421//380 420//380 403//380
f 423//381 422//381 243//381 244//381
f 423//382 408//382 407//382 422//382
f 408//383 423//383 244//383 234//383
f 410//384 425//384 422//384 407//384
f 427//385 426//385 424//385 425//385
f 412//386 427//386 425//386 410//386
f 429//387 428//387 426//387 427//387
f 429//388 415//388 414//388 428//388
f 415//389 429//389 427//389 412//389
f 416//390 430//390 428//390 414//390
f 418//391 432//391 430//391 416//391
f 434//392 433//392 431//392 432//392
f 420//393 434//393 432//393 418//393
f 436//394 435//394 433//394 434//394
f 421//395 436//395 434//395 420//395
f 422//396 438//396 252//396 243//396
f 440//397 439//397 437//397 438//397
f 440//398 425//398 424//398 439//398
f 425//399 440//399 438//399 422//399
f 426//400 441//400 439//400 424//400
f 428//401 443//401 441//401 426//401
f 445//402 444//402 442//402 443//402
f 430//403 445//403 443//403 428//403
f 447//404 446//404 444//404 445//404
f 447//405 432//405 431//405 446//405
f 432//406 447//406 445//406 430//406
f 433//407 448//407 446//407 431//407
f 435//408 449//408 448//408 433//408
f 451//409 438//409 437//409 450//409
f 438//410 451//410 263//410 252//410
f 439//411 452//411 450//411 437//411
f 441//412 454//412 452//412 439//412
f 456//413 455//413 453//413 454//413
f 456//414 443//414 442//414 455//414
f 443//415 456//415 454//415 441//415
f 444//416 457//416 455//416 442//416
f 446//417 458//417 457//417 444//417
f 448//418 459//418 458//418 446//418
f 449//419 460//419 459//419 448//419
f 462//420 461//420 274//420 275//420
f 462//421 451//421 450//421 461//421
f 451//422 462//422 275//422 263//422
f 452//423 463//423 461//423 450//423
f 465//424 454//424 453//424 464//424
f 454//425 465//425 463//425 452//425
f 455//426 466//426 464//426 453//426
f 457//427 467//427 466//427 455//427
f 458//428 468//428 467//428 457//428
f 459//429 469//429 468//429 458//429
f 460//430 470//430 469//430 459//430
f 461//431 471//431 285//431 274//431
f 463//432 473//432 471//432 461//432
f 475//433 474//433 472//433 473//433
f 475//434 465//434 464//434 474//434
f 465//435 475//435 473//435 463//435
f 466//436 476//436 474//436 464//436
f 467//437 477//437 476//437 466//437
f 468//438 478//438 477//438 467//438
f 469//439 479//439 478//439 468//439
f 470//440 480//440 479//440 469//440
f 471//441 481//441 295//441 285//441
f 483//442 473//442 472//442 482//442
f 473//443 483//443 481//443 471//443
f 474//444 484//444 482//444 472//444
f 476//445 485//445 484//445 474//445
f 477//446 486//446 485//446 476//446
f 478//447 487//447 486//447 477//447
f 479//448 488//448 487//448 478//448
f 480//449 489//449 488//449 479//449
f 496//450 15//450 9//450 492//450
f 496//451 490//451 5//451 15//451
f 497//452 496//452 492//452 493//452
f 497//453 491//453 490//453 496//453
f 498//454 497//454 493//454 494//454
f 499//455 498//455 494//455 495//455
f 506//456 22//456 17//456 502//456
f 507//457 506//457 502//457 503//457
f 508//458 507//458 503//458 504//458
f 509//459 508//459 504//459 505//459
f 511//460 28//460 22//460 506//460
f 511//461 492//461 9//461 28//461
f 512//462 511//462 506//462 507//462
f 512//463 493//463 492//463 511//463
f 513//464 512//464 507//464 508//464
f 513//465 494//465 493//465 512//465
f 514//466 513//466 508//466 509//466
f 514//467 495//467 494//467 513//467
f 515//468 514//468 509//468 510//468
f 518//469 499//469 495//469 514//469
f 519//470 518//470 514//470 515//470
f 519//471 500//471 499//471 518//471
f 520//472 519//472 515//472 516//472
f 520//473 501//473 500//473 519//473
f 521//474 520//474 516//474 517//474
f 526//475 40//475 34//475 522//475
f 526//476 502//476 17//476 40//476
f 527//477 526//477 522//477 523//477
f 527//478 503//478 502//478 526//478
f 528//479 527//479 523//479 524//479
f 528//480 504//480 503//480 527//480
f 529//481 528//481 524//481 525//481
f 529//482 505//482 504//482 528//482
f 532//483 509//483 505//483 529//483
f 533//484 532//484 529//484 530//484
f 533//485 510//485 509//485 532//485
f 534//486 533//486 530//486 531//486
f 536//487 515//487 510//487 533//487
f 537//488 536//488 533//488 534//488
f 537//489 516//489 515//489 536//489
f 538//490 537//490 534//490 535//490
f 538//491 517//491 516//491 537//491
f 540//492 521//492 517//492 538//492
f 541//493 540//493 538//493 539//493
f 545//494 522//494 34//494 59//494
f 546//495 523//495 522//495 545//495
f 547//496 546//496 542//496 543//496
f 547//497 524//497 523//497 546//497
f 548//498 547//498 543//498 544//498
f 548//499 525//499 524//499 547//499
f 551//500 529//500 525//500 548//500
f 552//501 551//501 548//501 549//501
f 552//502 530//502 529//502 551//502
f 553//503 552//503 549//503 550//503
f 553//504 531//504 530//504 552//504
f 555//505 534//505 531//505 553//505
f 556//506 555//506 553//506 554//506
f 556//507 535//507 534//507 555//507
f 558//508 538//508 535//508 556//508
f 559//509 558//509 556//509 557//509
f 559//510 539//510 538//510 558//510
f 560//511 541//511 539//511 559//511
f 563//512 560//512 559//512 562//512
f 563//513 561//513 541//513 560//513
f 569//514 130//514 126//514 565//514
f 570//515 569//515 565//515 566//515
f 571//516 570//516 566//516 567//516
f 572//517 571//517 567//517 568//517
f 574//518 135//518 130//518 569//518
f 575//519 574//519 569//519 570//519
f 576//520 575//520 570//520 571//520
f 577//521 576//521 571//521 572//521
f 578//522 577//522 572//522 573//522
f 579//523 140//523 135//523 574//523
f 580//524 579//524 574//524 575//524
f 581//525 580//525 575//525 576//525
f 582//526 581//526 576//526 577//526
f 583//527 582//527 577//527 578//527
f 585//528 146//528 140//528 579//528
f 586//529 585//529 579//529 580//529
f 587//530 586//530 580//530 581//530
f 588//531 587//531 581//531 582//531
f 589//532 588//532 582//532 583//532
f 590//533 589//533 583//533 584//533
f 591//534 152//534 146//534 585//534
f 592//535 591//535 585//535 586//535
f 593//536 592//536 586//536 587//536
f 594//537 593//537 587//537 588//537
f 595//538 594//538 588//538 589//538
f 596//539 595//539 589//539 590//539
f 597//540 156//540 5//540 490//540
f 598//541 597//541 490//541 491//541
f 601//542 161//542 156//542 597//542
f 602//543 601//543 597//543 598//543
f 603//544 602//544 598//544 599//544
f 604//545 603//545 599//545 600//545
f 607//546 167//546 161//546 601//546
f 607//547 565//547 126//547 167//547
f 608//548 607//548 601//548 602//548
f 608//549 566//549 565//549 607//549
f 609//550 608//550 602//550 603//550
f 609//551 567//551 566//551 608//551
f 610//552 609//552 603//552 604//552
f 610//553 568//553 567//553 609//553
f 611//554 610//554 604//554 605//554
f 612//555 611//555 605//555 606//555
f 613//556 572//556 568//556 610//556
f 614//557 613//557 610//557 611//557
f 614//558 573//558 572//558 613//558
f 615//559 614//559 611//559 612//559
f 617//560 578//560 573//560 614//560
f 618//561 617//561 614//561 615//561
f 619//562 618//562 615//562 616//562
f 620//563 583//563 578//563 617//563
f 621//564 620//564 617//564 618//564
f 621//565 584//565 583//565 620//565
f 622//566 621//566 618//566 619//566
f 624//567 590//567 584//567 621//567
f 625//568 624//568 621//568 622//568
f 626//569 625//569 622//569 623//569
f 627//570 596//570 590//570 624//570
f 628//571 627//571 624//571 625//571
f 629//572 628//572 625//572 626//572
f 630//573 598//573 491//573 497//573
f 631//574 630//574 497//574 498//574
f 631//575 599//575 598//575 630//575
f 632//576 631//576 498//576 499//576
f 632//577 600//577 599//577 631//577
f 633//578 632//578 499//578 500//578
f 634//579 633//579 500//579 501//579
f 636//580 604//580 600//580 632//580
f 637//581 636//581 632//581 633//581
f 637//582 605//582 604//582 636//582
f 638//583 637//583 633//583 634//583
f 638//584 606//584 605//584 637//584
f 639//585 638//585 634//585 635//585
f 640//586 612//586 606//586 638//586
f 641//587 640//587 638//587 639//587
f 643//588 615//588 612//588 640//588
f 644//589 643//589 640//589 641//589
f 644//590 616//590 615//590 643//590
f 645//591 644//591 641//591 642//591
f 646//592 619//592 616//592 644//592
f 647//593 646//593 644//593 645//593
f 648//594 622//594 619//594 646//594
f 649//595 648//595 646//595 647//595
f 649//596 623//596 622//596 648//596
f 650//597 626//597 623//597 649//597
f 651//598 629//598 626//598 650//598
f 652//599 634//599 501//599 520//599
f 653//600 652//600 520//600 521//600
f 653//601 635//601 634//601 652//601
f 655//602 639//602 635//602 653//602
f 656//603 655//603 653//603 654//603
f 657//604 641//604 639//604 655//604
f 658//605 657//605 655//605 656//605
f 658//606 642//606 641//606 657//606
f 659//607 645//607 642//607 658//607
f 660//608 647//608 645//608 659//608
f 661//609 653//609 521//609 540//609
f 662//610 661//610 540//610 541//610
f 662//611 654//611 653//611 661//611
f 663//612 656//612 654//612 662//612
f 665//613 649//613 647//613 664//613
f 666//614 650//614 649//614 665//614
f 667//615 651//615 650//615 666//615
f 669//616 658//616 656//616 668//616
f 670//617 659//617 658//617 669//617
f 672//618 660//618 659//618 670//618
f 672//619 664//619 647//619 660//619
f 673//620 672//620 670//620 671//620
f 674//621 665//621 664//621 672//621
f 675//622 674//622 672//622 673//622
f 676//623 666//623 665//623 674//623
f 677//624 676//624 674//624 675//624
f 678//625 667//625 666//625 676//625
f 679//626 678//626 676//626 677//626
f 680//627 662//627 541//627 561//627
f 681//628 663//628 662//628 680//628
f 681//629 668//629 656//629 663//629
f 683//630 669//630 668//630 681//630
f 684//631 683//631 681//631 682//631
f 685//632 670//632 669//632 683//632
f 686//633 685//633 683//633 684//633
f 686//634 671//634 670//634 685//634
f 688//635 673//635 671//635 686//635
f 689//636 688//636 686//636 687//636
f 690//637 675//637 673//637 688//637
f 691//638 690//638 688//638 689//638
f 692//639 677//639 675//639 690//639
f 693//640 692//640 690//640 691//640
f 694//641 679//641 677//641 692//641
f 695//642 694//642 692//642 693//642
f 696//643 680//643 561//643 563//643
f 697//644 696//644 563//644 564//644
f 698//645 681//645 680//645 696//645
f 699//646 698//646 696//646 697//646
f 699//647 682//647 681//647 698//647
f 701//648 684//648 682//648 699//648
f 702//649 701//649 699//649 700//649
f 703//650 686//650 684//650 701//650
f 704//651 703//651 701//651 702//651
f 704//652 687//652 686//652 703//652
f 706//653 689//653 687//653 704//653
f 707//654 706//654 704//654 705//654
f 708//655 691//655 689//655 706//655
f 709//656 708//656 706//656 707//656
f 710//657 693//657 691//657 708//657
f 711//658 710//658 708//658 709//658
f 712//659 695//659 693//659 710//659
f 713//660 712//660 710//660 711//660
f 716//661 543//661 542//661 715//661
f 717//662 544//662 543//662 716//662
f 720//663 309//663 302//663 714//663
f 720//664 545//664 59//664 309//664
f 721//665 720//665 714//665 715//665
f 721//666 546//666 545//666 720//666
f 546//667 721//667 715//667 542//667
f 722//668 548//668 544//668 717//668
f 723//669 722//669 717//669 718//669
f 723//670 549//670 548//670 722//670
f 724//671 723//671 718//671 719//671
f 724//672 550//672 549//672 723//672
f 727//673 553//673 550//673 724//673
f 728//674 727//674 724//674 725//674
f 728//675 554//675 553//675 727//675
f 729//676 728//676 725//676 726//676
f 730//677 556//677 554//677 728//677
f 731//678 730//678 728//678 729//678
f 731//679 557//679 556//679 730//679
f 732//680 559//680 557//680 731//680
f 733//681 714//681 302//681 322//681
f 734//682 715//682 714//682 733//682
f 735//683 716//683 715//683 734//683
f 736//684 717//684 716//684 735//684
f 737//685 718//685 717//685 736//685
f 738//686 719//686 718//686 737//686
f 740//687 724//687 719//687 738//687
f 741//688 740//688 738//688 739//688
f 741//689 725//689 724//689 740//689
f 742//690 726//690 725//690 741//690
f 743//691 729//691 726//691 742//691
f 744//692 731//692 729//692 743//692
f 748//693 733//693 322//693 336//693
f 749//694 734//694 733//694 748//694
f 750//695 735//695 734//695 749//695
f 751//696 750//696 745//696 746//696
f 751//697 736//697 735//697 750//697
f 752//698 751//698 746//698 747//698
f 752//699 737//699 736//699 751//699
f 753//700 738//700 737//700 752//700
f 754//701 739//701 738//701 753//701
f 756//702 741//702 739//702 754//702
f 757//703 756//703 754//703 755//703
f 757//704 742//704 741//704 756//704
f 758//705 743//705 742//705 757//705
f 760//706 746//706 745//706 759//706
f 761//707 747//707 746//707 760//707
f 763//708 748//708 336//708 350//708
f 764//709 749//709 748//709 763//709
f 765//710 750//710 749//710 764//710
f 750//711 765//711 759//711 745//711
f 766//712 752//712 747//712 761//712
f 767//713 766//713 761//713 762//713
f 767//714 753//714 752//714 766//714
f 768//715 754//715 753//715 767//715
f 769//716 755//716 754//716 768//716
f 770//717 757//717 755//717 769//717
f 772//718 760//718 759//718 771//718
f 773//719 761//719 760//719 772//719
f 774//720 762//720 761//720 773//720
f 775//721 763//721 350//721 363//721
f 776//722 764//722 763//722 775//722
f 777//723 765//723 764//723 776//723
f 765//724 777//724 771//724 759//724
f 777//725 778//725 772//725 771//725
f 779//726 767//726 762//726 774//726
f 780//727 768//727 767//727 779//727
f 781//728 769//728 768//728 780//728
f 782//729 770//729 769//729 781//729
f 784//730 773//730 772//730 783//730
f 785//731 774//731 773//731 784//731
f 786//732 775//732 363//732 375//732
f 787//733 776//733 775//733 786//733
f 788//734 777//734 776//734 787//734
f 789//735 778//735 777//735 788//735
f 778//736 789//736 783//736 772//736
f 789//737 790//737 784//737 783//737
f 790//738 791//738 785//738 784//738
f 791//739 779//739 774//739 785//739
f 792//740 780//740 779//740 791//740
f 793//741 781//741 780//741 792//741
f 794//742 782//742 781//742 793//742
f 795//743 786//743 375//743 383//743
f 796//744 787//744 786//744 795//744
f 797//745 788//745 787//745 796//745
f 798//746 789//746 788//746 797//746
f 799//747 790//747 789//747 798//747
f 800//748 791//748 790//748 799//748
f 801//749 792//749 791//749 800//749
f 802//750 793//750 792//750 801//750
f 803//751 794//751 793//751 802//751
f 804//752 795//752 383//752 391//752
f 805//753 796//753 795//753 804//753
f 806//754 797//754 796//754 805//754
f 807//755 798//755 797//755 806//755
f 808//756 799//756 798//756 807//756
f 809//757 800//757 799//757 808//757
f 810//758 801//758 800//758 809//758
f 811//759 802//759 801//759 810//759
f 812//760 813//760 811//760 810//760
f 813//761 803//761 802//761 811//761
f 815//762 732//762 731//762 814//762
f 815//763 562//763 559//763 732//763
f 817//764 563//764 562//764 815//764
f 818//765 817//765 815//765 816//765
f 818//766 564//766 563//766 817//766
f 821//767 744//767 743//767 820//767
f 821//768 814//768 731//768 744//768
f 823//769 815//769 814//769 821//769
f 824//770 823//770 821//770 822//770
f 824//771 816//771 815//771 823//771
f 826//772 818//772 816//772 824//772
f 827//773 826//773 824//773 825//773
f 827//774 819//774 818//774 826//774
f 829//775 758//775 757//775 828//775
f 829//776 820//776 743//776 758//776
f 831//777 821//777 820//777 829//777
f 832//778 831//778 829//778 830//778
f 832//779 822//779 821//779 831//779
f 833//780 824//780 822//780 832//780
f 834//781 825//781 824//781 833//781
f 835//782 827//782 825//782 834//782
f 837//783 828//783 757//783 770//783
f 838//784 829//784 828//784 837//784
f 839//785 830//785 829//785 838//785
f 840//786 832//786 830//786 839//786
f 842//787 833//787 832//787 840//787
f 843//788 842//788 840//788 841//788
f 843//789 834//789 833//789 842//789
f 844//790 835//790 834//790 843//790
f 845//791 836//791 835//791 844//791
f 846//792 837//792 770//792 782//792
f 847//793 838//793 837//793 846//793
f 848//794 839//794 838//794 847//794
f 849//795 840//795 839//795 848//795
f 850//796 841//796 840//796 849//796
f 851//797 843//797 841//797 850//797
f 853//798 844//798 843//798 851//798
f 854//799 853//799 851//799 852//799
f 854//800 845//800 844//800 853//800
f 855//801 846//801 782//801 794//801
f 856//802 847//802 846//802 855//802
f 857//803 848//803 847//803 856//803
f 858//804 849//804 848//804 857//804
f 859//805 850//805 849//805 858//805
f 860//806 851//806 850//806 859//806
f 861//807 852//807 851//807 860//807
f 862//808 854//808 852//808 861//808
f 863//809 855//809 794//809 803//809
f 864//810 856//810 855//810 863//810
f 865//811 857//811 856//811 864//811
f 866//812 858//812 857//812 865//812
f 867//813 859//813 858//813 866//813
f 868//814 860//814 859//814 867//814
f 869//815 861//815 860//815 868//815
f 870//816 862//816 861//816 869//816
f 872//817 863//817 803//817 813//817
f 873//818 864//818 863//818 872//818
f 874//819 865//819 864//819 873//819
f 876//820 866//820 865//820 874//820
f 877//821 876//821 874//821 875//821
f 877//822 867//822 866//822 876//822
f 878//823 868//823 867//823 877//823
f 879//824 869//824 868//824 878//824
f 880//825 870//825 869//825 879//825
f 881//826 871//826 870//826 880//826
f 882//827 697//827 564//827 818//827
f 883//828 882//828 818//828 819//828
f 884//829 699//829 697//829 882//829
f 885//830 884//830 882//830 883//830
f 885//831 700//831 699//831 884//831
f 886//832 702//832 700//832 885//832
f 888//833 704//833 702//833 886//833
f 889//834 888//834 886//834 887//834
f 889//835 705//835 704//835 888//835
f 890//836 707//836 705//836 889//836
f 891//837 709//837 707//837 890//837
f 893//838 711//838 709//838 891//838
f 894//839 893//839 891//839 892//839
f 895//840 713//840 711//840 893//840
f 896//841 895//841 893//841 894//841
f 897//842 883//842 819//842 827//842
f 899//843 885//843 883//843 897//843
f 900//844 899//844 897//844 898//844
f 901//845 886//845 885//845 899//845
f 902//846 901//846 899//846 900//846
f 902//847 887//847 886//847 901//847
f 903//848 889//848 887//848 902//848
f 905//849 890//849 889//849 903//849
f 906//850 905//850 903//850 904//850
f 907//851 891//851 890//851 905//851
f 908//852 907//852 905//852 906//852
f 908//853 892//853 891//853 907//853
f 909//854 894//854 892//854 908//854
f 910//855 896//855 894//855 909//855
f 911//856 897//856 827//856 835//856
f 912//857 911//857 835//857 836//857
f 912//858 898//858 897//858 911//858
f 913//859 900//859 898//859 912//859
f 914//860 902//860 900//860 913//860
f 916//861 903//861 902//861 914//861
f 917//862 916//862 914//862 915//862
f 917//863 904//863 903//863 916//863
f 918//864 906//864 904//864 917//864
f 919//865 908//865 906//865 918//865
f 920//866 909//866 908//866 919//866
f 922//867 910//867 909//867 920//867
f 923//868 922//868 920//868 921//868
f 924//869 912//869 836//869 845//869
f 925//870 913//870 912//870 924//870
f 927//871 914//871 913//871 925//871
f 928//872 927//872 925//872 926//872
f 928//873 915//873 914//873 927//873
f 929//874 917//874 915//874 928//874
f 930//875 918//875 917//875 929//875
f 932//876 919//876 918//876 930//876
f 933//877 932//877 930//877 931//877
f 934//878 920//878 919//878 932//878
f 935//879 934//879 932//879 933//879
f 935//880 921//880 920//880 934//880
f 936//881 923//881 921//881 935//881
f 937//882 924//882 845//882 854//882
f 939//883 925//883 924//883 937//883
f 940//884 939//884 937//884 938//884
f 940//885 926//885 925//885 939//885
f 941//886 928//886 926//886 940//886
f 942//887 929//887 928//887 941//887
f 944//888 930//888 929//888 942//888
f 945//889 944//889 942//889 943//889
f 945//890 931//890 930//890 944//890
f 946//891 933//891 931//891 945//891
f 947//892 935//892 933//892 946//892
f 948//893 936//893 935//893 947//893
f 949//894 937//894 854//894 862//894
f 950//895 938//895 937//895 949//895
f 951//896 940//896 938//896 950//896
f 952//897 941//897 940//897 951//897
f 954//898 942//898 941//898 952//898
f 955//899 954//899 952//899 953//899
f 955//900 943//900 942//900 954//900
f 956//901 945//901 943//901 955//901
f 957//902 946//902 945//902 956//902
f 958//903 947//903 946//903 957//903
f 959//904 948//904 947//904 958//904
f 960//905 949//905 862//905 870//905
f 961//906 960//906 870//906 871//906
f 961//907 950//907 949//907 960//907
f 962//908 951//908 950//908 961//908
f 963//909 952//909 951//909 962//909
f 964//910 953//910 952//910 963//910
f 965//911 955//911 953//911 964//911
f 966//912 956//912 955//912 965//912
f 967//913 957//913 956//913 966//913
f 968//914 958//914 957//914 967//914
f 969//915 959//915 958//915 968//915
f 970//916 961//916 871//916 881//916
f 971//917 962//917 961//917 970//917
f 972//918 963//918 962//918 971//918
f 973//919 964//919 963//919 972//919
f 974//920 965//920 964//920 973//920
f 975//921 966//921 965//921 974//921
f 976//922 967//922 966//922 975//922
f 977//923 968//923 967//923 976//923
f 978//924 969//924 968//924 977//924
f 984//925 983//925 87//925 88//925
f 985//926 984//926 88//926 89//926
f 979//927 985//927 89//927 76//927
f 987//928 986//928 984//928 985//928
f 980//929 987//929 985//929 979//929
f 989//930 988//930 986//930 987//930
f 981//931 989//931 987//931 980//931
f 991//932 990//932 988//932 989//932
f 982//933 991//933 989//933 981//933
f 983//934 994//934 104//934 87//934
f 984//935 995//935 994//935 983//935
f 997//936 996//936 994//936 995//936
f 986//937 997//937 995//937 984//937
f 999//938 998//938 996//938 997//938
f 988//939 999//939 997//939 986//939
f 1001//940 1000//940 998//940 999//940
f 990//941 1001//941 999//941 988//941
f 991//942 1002//942 1001//942 990//942
f 1004//943 1003//943 1001//943 1002//943
f 992//944 1004//944 1002//944 991//944
f 1006//945 1005//945 1003//945 1004//945
f 993//946 1006//946 1004//946 992//946
f 1009//947 1008//947 122//947 123//947
f 994//948 1009//948 123//948 104//948
f 1011//949 1010//949 1008//949 1009//949
f 996//950 1011//950 1009//950 994//950
f 1013//951 1012//951 1010//951 1011//951
f 998//952 1013//952 1011//952 996//952
f 1015//953 1014//953 1012//953 1013//953
f 1000//954 1015//954 1013//954 998//954
f 1001//955 1016//955 1015//955 1000//955
f 1018//956 1017//956 1015//956 1016//956
f 1003//957 1018//957 1016//957 1001//957
f 1020//958 1019//958 1017//958 1018//958
f 1005//959 1020//959 1018//959 1003//959
f 1006//960 1021//960 1020//960 1005//960
f 1023//961 1022//961 1020//961 1021//961
f 1007//962 1023//962 1021//962 1006//962
f 1025//963 1024//963 147//963 148//963
f 1026//964 1025//964 148//964 149//964
f 1027//965 1026//965 149//965 150//965
f 1028//966 1027//966 150//966 151//966
f 1029//967 1028//967 151//967 152//967
f 1031//968 1030//968 1025//968 1026//968
f 1032//969 1031//969 1026//969 1027//969
f 1033//970 1032//970 1027//970 1028//970
f 1034//971 1033//971 1028//971 1029//971
f 1036//972 1035//972 1030//972 1031//972
f 1037//973 1036//973 1031//973 1032//973
f 1038//974 1037//974 1032//974 1033//974
f 1039//975 1038//975 1033//975 1034//975
f 1041//976 1040//976 1036//976 1037//976
f 1042//977 1041//977 1037//977 1038//977
f 1043//978 1042//978 1038//978 1039//978
f 1045//979 1044//979 1041//979 1042//979
f 1046//980 1045//980 1042//980 1043//980
f 1048//981 1047//981 185//981 186//981
f 1049//982 1048//982 186//982 187//982
f 1024//983 1049//983 187//983 147//983
f 1025//984 1050//984 1049//984 1024//984
f 1052//985 1051//985 1047//985 1048//985
f 1053//986 1052//986 1048//986 1049//986
f 1054//987 1053//987 1049//987 1050//987
f 1030//988 1054//988 1050//988 1025//988
f 1056//989 1055//989 1052//989 1053//989
f 1057//990 1056//990 1053//990 1054//990
f 1035//991 1057//991 1054//991 1030//991
f 1036//992 1058//992 1057//992 1035//992
f 1060//993 1059//993 1055//993 1056//993
f 1061//994 1060//994 1056//994 1057//994
f 1062//995 1061//995 1057//995 1058//995
f 1040//996 1062//996 1058//996 1036//996
f 1041//997 1063//997 1062//997 1040//997
f 1065//998 1064//998 1060//998 1061//998
f 1066//999 1065//999 1061//999 1062//999
f 1067//1000 1066//1000 1062//1000 1063//1000
f 1044//1001 1067//1001 1063//1001 1041//1001
f 1045//1002 1068//1002 1067//1002 1044//1002
f 1046//1003 1069//1003 1068//1003 1045//1003
f 1071//1004 1070//1004 1065//1004 1066//1004
f 1072//1005 1071//1005 1066//1005 1067//1005
f 1073//1006 1072//1006 1067//1006 1068//1006
f 1074//1007 1073//1007 1068//1007 1069//1007
f 1076//1008 1075//1008 1073//1008 1074//1008
f 1077//1009 979//1009 76//1009 211//1009
f 1047//1010 1077//1010 211//1010 185//1010
f 1078//1011 980//1011 979//1011 1077//1011
f 1051//1012 1078//1012 1077//1012 1047//1012
f 1052//1013 1079//1013 1078//1013 1051//1013
f 1080//1014 981//1014 980//1014 1078//1014
f 1081//1015 1080//1015 1078//1015 1079//1015
f 1055//1016 1081//1016 1079//1016 1052//1016
f 1082//1017 982//1017 981//1017 1080//1017
f 1083//1018 1082//1018 1080//1018 1081//1018
f 1059//1019 1083//1019 1081//1019 1055//1019
f 1060//1020 1084//1020 1083//1020 1059//1020
f 1086//1021 1085//1021 1082//1021 1083//1021
f 1087//1022 1086//1022 1083//1022 1084//1022
f 1064//1023 1087//1023 1084//1023 1060//1023
f 1065//1024 1088//1024 1087//1024 1064//1024
f 1090//1025 1089//1025 1086//1025 1087//1025
f 1091//1026 1090//1026 1087//1026 1088//1026
f 1070//1027 1091//1027 1088//1027 1065//1027
f 1071//1028 1092//1028 1091//1028 1070//1028
f 1072//1029 1093//1029 1092//1029 1071//1029
f 1073//1030 1094//1030 1093//1030 1072//1030
f 1096//1031 1095//1031 1090//1031 1091//1031
f 1097//1032 1096//1032 1091//1032 1092//1032
f 1098//1033 1097//1033 1092//1033 1093//1033
f 1099//1034 1098//1034 1093//1034 1094//1034
f 1075//1035 1099//1035 1094//1035 1073//1035
f 1076//1036 1100//1036 1099//1036 1075//1036
f 1102//1037 1101//1037 1098//1037 1099//1037
f 1103//1038 1102//1038 1099//1038 1100//1038
f 1082//1039 1104//1039 991//1039 982//1039
f 1105//1040 992//1040 991//1040 1104//1040
f 1085//1041 1105//1041 1104//1041 1082//1041
f 1086//1042 1106//1042 1105//1042 1085//1042
f 1107//1043 993//1043 992//1043 1105//1043
f 1108//1044 1107//1044 1105//1044 1106//1044
f 1089//1045 1108//1045 1106//1045 1086//1045
f 1090//1046 1109//1046 1108//1046 1089//1046
f 1111//1047 1110//1047 1108//1047 1109//1047
f 1095//1048 1111//1048 1109//1048 1090//1048
f 1096//1049 1112//1049 1111//1049 1095//1049
f 1097//1050 1113//1050 1112//1050 1096//1050
f 1098//1051 1114//1051 1113//1051 1097//1051
f 1116//1052 1115//1052 1111//1052 1112//1052
f 1117//1053 1116//1053 1112//1053 1113//1053
f 1118//1054 1117//1054 1113//1054 1114//1054
f 1101//1055 1118//1055 1114//1055 1098//1055
f 1102//1056 1119//1056 1118//1056 1101//1056
f 1103//1057 1120//1057 1119//1057 1102//1057
f 1107//1058 1121//1058 1006//1058 993//1058
f 1108//1059 1122//1059 1121//1059 1107//1059
f 1123//1060 1007//1060 1006//1060 1121//1060
f 1124//1061 1123//1061 1121//1061 1122//1061
f 1110//1062 1124//1062 1122//1062 1108//1062
f 1111//1063 1125//1063 1124//1063 1110//1063
f 1127//1064 1126//1064 1124//1064 1125//1064
f 1115//1065 1127//1065 1125//1065 1111//1065
f 1116//1066 1128//1066 1127//1066 1115//1066
f 1117//1067 1129//1067 1128//1067 1116//1067
f 1118//1068 1130//1068 1129//1068 1117//1068
f 1119//1069 1131//1069 1130//1069 1118//1069
f 1123//1070 1132//1070 1023//1070 1007//1070
f 1124//1071 1133//1071 1132//1071 1123//1071
f 1135//1072 1134//1072 1132//1072 1133//1072
f 1126//1073 1135//1073 1133//1073 1124//1073
f 1127//1074 1136//1074 1135//1074 1126//1074
f 1128//1075 1137//1075 1136//1075 1127//1075
f 1139//1076 1138//1076 1119//1076 1120//1076
f 1141//1077 1140//1077 1128//1077 1129//1077
f 1142//1078 1141//1078 1129//1078 1130//1078
f 1143//1079 1142//1079 1130//1079 1131//1079
f 1138//1080 1143//1080 1131//1080 1119//1080
f 1139//1081 1144//1081 1143//1081 1138//1081
f 1146//1082 1145//1082 1136//1082 1137//1082
f 1140//1083 1146//1083 1137//1083 1128//1083
f 1141//1084 1147//1084 1146//1084 1140//1084
f 1142//1085 1148//1085 1147//1085 1141//1085
f 1143//1086 1149//1086 1148//1086 1142//1086
f 1144//1087 1150//1087 1149//1087 1143//1087
f 1152//1088 1151//1088 405//1088 406//1088
f 1008//1089 1152//1089 406//1089 122//1089
f 1154//1090 1153//1090 1151//1090 1152//1090
f 1010//1091 1154//1091 1152//1091 1008//1091
f 1156//1092 1155//1092 1153//1092 1154//1092
f 1012//1093 1156//1093 1154//1093 1010//1093
f 1014//1094 1157//1094 1156//1094 1012//1094
f 1015//1095 1158//1095 1157//1095 1014//1095
f 1160//1096 1159//1096 1157//1096 1158//1096
f 1017//1097 1160//1097 1158//1097 1015//1097
f 1019//1098 1161//1098 1160//1098 1017//1098
f 1020//1099 1162//1099 1161//1099 1019//1099
f 1022//1100 1163//1100 1162//1100 1020//1100
f 1023//1101 1164//1101 1163//1101 1022//1101
f 1151//1102 1166//1102 421//1102 405//1102
f 1153//1103 1167//1103 1166//1103 1151//1103
f 1155//1104 1168//1104 1167//1104 1153//1104
f 1156//1105 1169//1105 1168//1105 1155//1105
f 1171//1106 1170//1106 1168//1106 1169//1106
f 1157//1107 1171//1107 1169//1107 1156//1107
f 1159//1108 1172//1108 1171//1108 1157//1108
f 1160//1109 1173//1109 1172//1109 1159//1109
f 1175//1110 1174//1110 1172//1110 1173//1110
f 1161//1111 1175//1111 1173//1111 1160//1111
f 1162//1112 1176//1112 1175//1112 1161//1112
f 1178//1113 1177//1113 1175//1113 1176//1113
f 1163//1114 1178//1114 1176//1114 1162//1114
f 1164//1115 1179//1115 1178//1115 1163//1115
f 1181//1116 1180//1116 1178//1116 1179//1116
f 1165//1117 1181//1117 1179//1117 1164//1117
f 1183//1118 1182//1118 435//1118 436//1118
f 1166//1119 1183//1119 436//1119 421//1119
f 1185//1120 1184//1120 1182//1120 1183//1120
f 1167//1121 1185//1121 1183//1121 1166//1121
f 1168//1122 1186//1122 1185//1122 1167//1122
f 1170//1123 1187//1123 1186//1123 1168//1123
f 1171//1124 1188//1124 1187//1124 1170//1124
f 1190//1125 1189//1125 1187//1125 1188//1125
f 1172//1126 1190//1126 1188//1126 1171//1126
f 1174//1127 1191//1127 1190//1127 1172//1127
f 1175//1128 1192//1128 1191//1128 1174//1128
f 1194//1129 1193//1129 1191//1129 1192//1129
f 1177//1130 1194//1130 1192//1130 1175//1130
f 1178//1131 1195//1131 1194//1131 1177//1131
f 1180//1132 1196//1132 1195//1132 1178//1132
f 1181//1133 1197//1133 1196//1133 1180//1133
f 1182//1134 1198//1134 449//1134 435//1134
f 1184//1135 1199//1135 1198//1135 1182//1135
f 1185//1136 1200//1136 1199//1136 1184//1136
f 1202//1137 1201//1137 1199//1137 1200//1137
f 1186//1138 1202//1138 1200//1138 1185//1138
f 1187//1139 1203//1139 1202//1139 1186//1139
f 1189//1140 1204//1140 1203//1140 1187//1140
f 1190//1141 1205//1141 1204//1141 1189//1141
f 1207//1142 1206//1142 1204//1142 1205//1142
f 1191//1143 1207//1143 1205//1143 1190//1143
f 1193//1144 1208//1144 1207//1144 1191//1144
f 1194//1145 1209//1145 1208//1145 1193//1145
f 1195//1146 1210//1146 1209//1146 1194//1146
f 1212//1147 1211//1147 1209//1147 1210//1147
f 1196//1148 1212//1148 1210//1148 1195//1148
f 1197//1149 1213//1149 1212//1149 1196//1149
f 1198//1150 1214//1150 460//1150 449//1150
f 1199//1151 1215//1151 1214//1151 1198//1151
f 1201//1152 1216//1152 1215//1152 1199//1152
f 1202//1153 1217//1153 1216//1153 1201//1153
f 1219//1154 1218//1154 1216//1154 1217//1154
f 1203//1155 1219//1155 1217//1155 1202//1155
f 1204//1156 1220//1156 1219//1156 1203//1156
f 1206//1157 1221//1157 1220//1157 1204//1157
f 1207//1158 1222//1158 1221//1158 1206//1158
f 1208//1159 1223//1159 1222//1159 1207//1159
f 1209//1160 1224//1160 1223//1160 1208//1160
f 1211//1161 1225//1161 1224//1161 1209//1161
f 1212//1162 1226//1162 1225//1162 1211//1162
f 1213//1163 1227//1163 1226//1163 1212//1163
f 1214//1164 1228//1164 470//1164 460//1164
f 1215//1165 1229//1165 1228//1165 1214//1165
f 1216//1166 1230//1166 1229//1166 1215//1166
f 1218//1167 1231//1167 1230//1167 1216//1167
f 1219//1168 1232//1168 1231//1168 1218//1168
f 1234//1169 1233//1169 1231//1169 1232//1169
f 1220//1170 1234//1170 1232//1170 1219//1170
f 1221//1171 1235//1171 1234//1171 1220//1171
f 1222//1172 1236//1172 1235//1172 1221//1172
f 1223//1173 1237//1173 1236//1173 1222//1173
f 1224//1174 1238//1174 1237//1174 1223//1174
f 1240//1175 1239//1175 1237//1175 1238//1175
f 1225//1176 1240//1176 1238//1176 1224//1176
f 1226//1177 1241//1177 1240//1177 1225//1177
f 1228//1178 1242//1178 480//1178 470//1178
f 1229//1179 1243//1179 1242//1179 1228//1179
f 1230//1180 1244//1180 1243//1180 1229//1180
f 1231//1181 1245//1181 1244//1181 1230//1181
f 1233//1182 1246//1182 1245//1182 1231//1182
f 1234//1183 1247//1183 1246//1183 1233//1183
f 1235//1184 1248//1184 1247//1184 1234//1184
f 1236//1185 1249//1185 1248//1185 1235//1185
f 1251//1186 1250//1186 1248//1186 1249//1186
f 1237//1187 1251//1187 1249//1187 1236//1187
f 1239//1188 1252//1188 1251//1188 1237//1188
f 1240//1189 1253//1189 1252//1189 1239//1189
f 1241//1190 1254//1190 1253//1190 1240//1190
f 1242//1191 1255//1191 489//1191 480//1191
f 1243//1192 1256//1192 1255//1192 1242//1192
f 1244//1193 1257//1193 1256//1193 1243//1193
f 1245//1194 1258//1194 1257//1194 1244//1194
f 1246//1195 1259//1195 1258//1195 1245//1195
f 1247//1196 1260//1196 1259//1196 1246//1196
f 1248//1197 1261//1197 1260//1197 1247//1197
f 1250//1198 1262//1198 1261//1198 1248//1198
f 1251//1199 1263//1199 1262//1199 1250//1199
f 1252//1200 1264//1200 1263//1200 1251//1200
f 1253//1201 1265//1201 1264//1201 1252//1201
f 1254//1202 1266//1202 1265//1202 1253//1202
f 1132//1203 1267//1203 1164//1203 1023//1203
f 1268//1204 1165//1204 1164//1204 1267//1204
f 1134//1205 1268//1205 1267//1205 1132//1205
f 1135//1206 1269//1206 1268//1206 1134//1206
f 1136//1207 1270//1207 1269//1207 1135//1207
f 1268//1208 1271//1208 1181//1208 1165//1208
f 1269//1209 1272//1209 1271//1209 1268//1209
f 1271//1210 1273//1210 1197//1210 1181//1210
f 1275//1211 1279//1211 1278//1211 1274//1211
f 1277//1212 1284//1212 1283//1212 1276//1212
f 1284//1213 1285//1213 1281//1213 1280//1213
f 1278//1214 1285//1214 1284//1214 1277//1214
f 1285//1215 1286//1215 1282//1215 1281//1215
f 1279//1216 1286//1216 1285//1216 1278//1216
f 1281//1217 1288//1217 1287//1217 1280//1217
f 1282//1218 1289//1218 1288//1218 1281//1218
f 1284//1219 1292//1219 1291//1219 1283//1219
f 1292//1220 1284//1220 1280//1220 1287//1220
f 1288//1221 1294//1221 1293//1221 1287//1221
f 1289//1222 1295//1222 1294//1222 1288//1222
f 1291//1223 1297//1223 1296//1223 1290//1223
f 1292//1224 1298//1224 1297//1224 1291//1224
f 1298//1225 1292//1225 1287//1225 1293//1225
f 1300//1226 1301//1226 1213//1226 1197//1226
f 1303//1227 1302//1227 1226//1227 1227//1227
f 1301//1228 1303//1228 1227//1228 1213//1228
f 1302//1229 1304//1229 1241//1229 1226//1229
f 1303//1230 1305//1230 1304//1230 1302//1230
f 1304//1231 1306//1231 1254//1231 1241//1231
f 1305//1232 1307//1232 1306//1232 1304//1232
f 1306//1233 1308//1233 1266//1233 1254//1233
f 1307//1234 1309//1234 1308//1234 1306//1234
f 1311//1235 1310//1235 1269//1235 1270//1235
f 1145//1236 1311//1236 1270//1236 1136//1236
f 1146//1237 1312//1237 1311//1237 1145//1237
f 1147//1238 1313//1238 1312//1238 1146//1238
f 1148//1239 1314//1239 1313//1239 1147//1239
f 1149//1240 1315//1240 1314//1240 1148//1240
f 1150//1241 1316//1241 1315//1241 1149//1241
f 1318//1242 1317//1242 1271//1242 1272//1242
f 1310//1243 1318//1243 1272//1243 1269//1243
f 1311//1244 1319//1244 1318//1244 1310//1244
f 1312//1245 1320//1245 1319//1245 1311//1245
f 1313//1246 1321//1246 1320//1246 1312//1246
f 1314//1247 1322//1247 1321//1247 1313//1247
f 1315//1248 1323//1248 1322//1248 1314//1248
f 1316//1249 1324//1249 1323//1249 1315//1249
f 1325//1250 1300//1250 1197//1250 1273//1250
f 1317//1251 1325//1251 1273//1251 1271//1251
f 1318//1252 1326//1252 1325//1252 1317//1252
f 1319//1253 1327//1253 1326//1253 1318//1253
f 1320//1254 1328//1254 1327//1254 1319//1254
f 1321//1255 1329//1255 1328//1255 1320//1255
f 1322//1256 1330//1256 1329//1256 1321//1256
f 1323//1257 1331//1257 1330//1257 1322//1257
f 1324//1258 1332//1258 1331//1258 1323//1258
f 1325//1259 1333//1259 1301//1259 1300//1259
f 1326//1260 1334//1260 1333//1260 1325//1260
f 1327//1261 1335//1261 1334//1261 1326//1261
f 1328//1262 1336//1262 1335//1262 1327//1262
f 1329//1263 1337//1263 1336//1263 1328//1263
f 1330//1264 1338//1264 1337//1264 1329//1264
f 1331//1265 1339//1265 1338//1265 1330//1265
f 1339//1266 1340//1266 1275//1266 1274//1266
f 1332//1267 1340//1267 1339//1267 1331//1267
f 1333//1268 1341//1268 1303//1268 1301//1268
f 1334//1269 1342//1269 1341//1269 1333//1269
f 1335//1270 1343//1270 1342//1270 1334//1270
f 1336//1271 1344//1271 1343//1271 1335//1271
f 1337//1272 1345//1272 1344//1272 1336//1272
f 1345//1273 1346//1273 1277//1273 1276//1273
f 1338//1274 1346//1274 1345//1274 1337//1274
f 1346//1275 1347//1275 1278//1275 1277//1275
f 1339//1276 1347//1276 1346//1276 1338//1276
f 1347//1277 1339//1277 1274//1277 1278//1277
f 1341//1278 1348//1278 1305//1278 1303//1278
f 1342//1279 1349//1279 1348//1279 1341//1279
f 1343//1280 1350//1280 1349//1280 1342//1280
f 1344//1281 1351//1281 1350//1281 1343//1281
f 1345//1282 1352//1282 1351//1282 1344//1282
f 1352//1283 1345//1283 1276//1283 1283//1283
f 1348//1284 1353//1284 1307//1284 1305//1284
f 1349//1285 1354//1285 1353//1285 1348//1285
f 1350//1286 1355//1286 1354//1286 1349//1286
f 1351//1287 1356//1287 1355//1287 1350//1287
f 1356//1288 1357//1288 1291//1288 1290//1288
f 1352//1289 1357//1289 1356//1289 1351//1289
f 1357//1290 1352//1290 1283//1290 1291//1290
f 1353//1291 1358//1291 1309//1291 1307//1291
f 1354//1292 1359//1292 1358//1292 1353//1292
f 1355//1293 1360//1293 1359//1293 1354//1293
f 1356//1294 1361//1294 1360//1294 1355//1294
f 1361//1295 1356//1295 1290//1295 1296//1295
f 1364//1296 1029//1296 152//1296 591//1296
f 1365//1297 1364//1297 591//1297 592//1297
f 1366//1298 1365//1298 592//1298 593//1298
f 1367//1299 1366//1299 593//1299 594//1299
f 1368//1300 1367//1300 594//1300 595//1300
f 1369//1301 1368//1301 595//1301 596//1301
f 1370//1302 1034//1302 1029//1302 1364//1302
f 1371//1303 1370//1303 1364//1303 1365//1303
f 1372//1304 1371//1304 1365//1304 1366//1304
f 1373//1305 1372//1305 1366//1305 1367//1305
f 1374//1306 1373//1306 1367//1306 1368//1306
f 1375//1307 1374//1307 1368//1307 1369//1307
f 1376//1308 1039//1308 1034//1308 1370//1308
f 1377//1309 1376//1309 1370//1309 1371//1309
f 1378//1310 1377//1310 1371//1310 1372//1310
f 1379//1311 1378//1311 1372//1311 1373//1311
f 1380//1312 1379//1312 1373//1312 1374//1312
f 1381//1313 1043//1313 1039//1313 1376//1313
f 1382//1314 1381//1314 1376//1314 1377//1314
f 1383//1315 1382//1315 1377//1315 1378//1315
f 1384//1316 1383//1316 1378//1316 1379//1316
f 1385//1317 1384//1317 1379//1317 1380//1317
f 1386//1318 1046//1318 1043//1318 1381//1318
f 1387//1319 1386//1319 1381//1319 1382//1319
f 1388//1320 1387//1320 1382//1320 1383//1320
f 1389//1321 1369//1321 596//1321 627//1321
f 1390//1322 1389//1322 627//1322 628//1322
f 1391//1323 1390//1323 628//1323 629//1323
f 1375//1324 1393//1324 1392//1324 1374//1324
f 1393//1325 1375//1325 1369//1325 1389//1325
f 1394//1326 1393//1326 1389//1326 1390//1326
f 1395//1327 1394//1327 1390//1327 1391//1327
f 1396//1328 1380//1328 1374//1328 1392//1328
f 1397//1329 1396//1329 1392//1329 1393//1329
f 1398//1330 1397//1330 1393//1330 1394//1330
f 1384//1331 1400//1331 1399//1331 1383//1331
f 1385//1332 1401//1332 1400//1332 1384//1332
f 1401//1333 1385//1333 1380//1333 1396//1333
f 1402//1334 1401//1334 1396//1334 1397//1334
f 1403//1335 1402//1335 1397//1335 1398//1335
f 1386//1336 1404//1336 1069//1336 1046//1336
f 1387//1337 1405//1337 1404//1337 1386//1337
f 1388//1338 1406//1338 1405//1338 1387//1338
f 1406//1339 1388//1339 1383//1339 1399//1339
f 1407//1340 1406//1340 1399//1340 1400//1340
f 1408//1341 1407//1341 1400//1341 1401//1341
f 1409//1342 1408//1342 1401//1342 1402//1342
f 1410//1343 1074//1343 1069//1343 1404//1343
f 1411//1344 1410//1344 1404//1344 1405//1344
f 1412//1345 1411//1345 1405//1345 1406//1345
f 1413//1346 1412//1346 1406//1346 1407//1346
f 1414//1347 1413//1347 1407//1347 1408//1347
f 1415//1348 1076//1348 1074//1348 1410//1348
f 1416//1349 1415//1349 1410//1349 1411//1349
f 1417//1350 1416//1350 1411//1350 1412//1350
f 1418//1351 1391//1351 629//1351 651//1351
f 1395//1352 1420//1352 1419//1352 1394//1352
f 1420//1353 1395//1353 1391//1353 1418//1353
f 1421//1354 1398//1354 1394//1354 1419//1354
f 1422//1355 1421//1355 1419//1355 1420//1355
f 1403//1356 1424//1356 1423//1356 1402//1356
f 1424//1357 1403//1357 1398//1357 1421//1357
f 1425//1358 1424//1358 1421//1358 1422//1358
f 1409//1359 1427//1359 1426//1359 1408//1359
f 1427//1360 1409//1360 1402//1360 1423//1360
f 1428//1361 1427//1361 1423//1361 1424//1361
f 1429//1362 1428//1362 1424//1362 1425//1362
f 1413//1363 1431//1363 1430//1363 1412//1363
f 1414//1364 1432//1364 1431//1364 1413//1364
f 1432//1365 1414//1365 1408//1365 1426//1365
f 1433//1366 1432//1366 1426//1366 1427//1366
f 1434//1367 1433//1367 1427//1367 1428//1367
f 1415//1368 1435//1368 1100//1368 1076//1368
f 1416//1369 1436//1369 1435//1369 1415//1369
f 1417//1370 1437//1370 1436//1370 1416//1370
f 1437//1371 1417//1371 1412//1371 1430//1371
f 1438//1372 1437//1372 1430//1372 1431//1372
f 1439//1373 1438//1373 1431//1373 1432//1373
f 1440//1374 1439//1374 1432//1374 1433//1374
f 1441//1375 1103//1375 1100//1375 1435//1375
f 1442//1376 1441//1376 1435//1376 1436//1376
f 1443//1377 1442//1377 1436//1377 1437//1377
f 1444//1378 1443//1378 1437//1378 1438//1378
f 1429//1379 1447//1379 1446//1379 1428//1379
f 1447//1380 1429//1380 1425//1380 1445//1380
f 1434//1381 1449//1381 1448//1381 1433//1381
f 1449//1382 1434//1382 1428//1382 1446//1382
f 1450//1383 1449//1383 1446//1383 1447//1383
f 1439//1384 1452//1384 1451//1384 1438//1384
f 1440//1385 1453//1385 1452//1385 1439//1385
f 1453//1386 1440//1386 1433//1386 1448//1386
f 1454//1387 1453//1387 1448//1387 1449//1387
f 1455//1388 1454//1388 1449//1388 1450//1388
f 1441//1389 1456//1389 1120//1389 1103//1389
f 1442//1390 1457//1390 1456//1390 1441//1390
f 1443//1391 1458//1391 1457//1391 1442//1391
f 1444//1392 1459//1392 1458//1392 1443//1392
f 1459//1393 1444//1393 1438//1393 1451//1393
f 1460//1394 1459//1394 1451//1394 1452//1394
f 1461//1395 1460//1395 1452//1395 1453//1395
f 1454//1396 1464//1396 1463//1396 1453//1396
f 1455//1397 1465//1397 1464//1397 1454//1397
f 1465//1398 1455//1398 1450//1398 1462//1398
f 1459//1399 1467//1399 1466//1399 1458//1399
f 1460//1400 1468//1400 1467//1400 1459//1400
f 1461//1401 1469//1401 1468//1401 1460//1401
f 1469//1402 1461//1402 1453//1402 1463//1402
f 1470//1403 1469//1403 1463//1403 1464//1403
f 1471//1404 1470//1404 1464//1404 1465//1404
f 1470//1405 1474//1405 1473//1405 1469//1405
f 1471//1406 1475//1406 1474//1406 1470//1406
f 1475//1407 1471//1407 1465//1407 1472//1407
f 1476//1408 1418//1408 651//1408 667//1408
f 1477//1409 1420//1409 1418//1409 1476//1409
f 1478//1410 1422//1410 1420//1410 1477//1410
f 1479//1411 1425//1411 1422//1411 1478//1411
f 1480//1412 1476//1412 667//1412 678//1412
f 1481//1413 1480//1413 678//1413 679//1413
f 1482//1414 1477//1414 1476//1414 1480//1414
f 1483//1415 1482//1415 1480//1415 1481//1415
f 1484//1416 1478//1416 1477//1416 1482//1416
f 1485//1417 1484//1417 1482//1417 1483//1417
f 1479//1418 1486//1418 1445//1418 1425//1418
f 1486//1419 1479//1419 1478//1419 1484//1419
f 1487//1420 1486//1420 1484//1420 1485//1420
f 1488//1421 1447//1421 1445//1421 1486//1421
f 1489//1422 1450//1422 1447//1422 1488//1422
f 1490//1423 1481//1423 679//1423 694//1423
f 1491//1424 1490//1424 694//1424 695//1424
f 1492//1425 1483//1425 1481//1425 1490//1425
f 1493//1426 1492//1426 1490//1426 1491//1426
f 1494//1427 1485//1427 1483//1427 1492//1427
f 1495//1428 1494//1428 1492//1428 1493//1428
f 1487//1429 1497//1429 1496//1429 1486//1429
f 1497//1430 1487//1430 1485//1430 1494//1430
f 1498//1431 1497//1431 1494//1431 1495//1431
f 1499//1432 1488//1432 1486//1432 1496//1432
f 1500//1433 1499//1433 1496//1433 1497//1433
f 1489//1434 1501//1434 1462//1434 1450//1434
f 1501//1435 1489//1435 1488//1435 1499//1435
f 1502//1436 1501//1436 1499//1436 1500//1436
f 1503//1437 1465//1437 1462//1437 1501//1437
f 1504//1438 1491//1438 695//1438 712//1438
f 1505//1439 1504//1439 712//1439 713//1439
f 1506//1440 1493//1440 1491//1440 1504//1440
f 1507//1441 1506//1441 1504//1441 1505//1441
f 1508//1442 1495//1442 1493//1442 1506//1442
f 1509//1443 1508//1443 1506//1443 1507//1443
f 1498//1444 1511//1444 1510//1444 1497//1444
f 1511//1445 1498//1445 1495//1445 1508//1445
f 1512//1446 1511//1446 1508//1446 1509//1446
f 1513//1447 1500//1447 1497//1447 1510//1447
f 1514//1448 1513//1448 1510//1448 1511//1448
f 1502//1449 1516//1449 1515//1449 1501//1449
f 1516//1450 1502//1450 1500//1450 1513//1450
f 1517//1451 1516//1451 1513//1451 1514//1451
f 1503//1452 1518//1452 1472//1452 1465//1452
f 1518//1453 1503//1453 1501//1453 1515//1453
f 1519//1454 1518//1454 1515//1454 1516//1454
f 1520//1455 1475//1455 1472//1455 1518//1455
f 1521//1456 1139//1456 1120//1456 1456//1456
f 1522//1457 1521//1457 1456//1457 1457//1457
f 1523//1458 1522//1458 1457//1458 1458//1458
f 1521//1459 1524//1459 1144//1459 1139//1459
f 1522//1460 1525//1460 1524//1460 1521//1460
f 1523//1461 1526//1461 1525//1461 1522//1461
f 1526//1462 1523//1462 1458//1462 1466//1462
f 1527//1463 1526//1463 1466//1463 1467//1463
f 1528//1464 1527//1464 1467//1464 1468//1464
f 1529//1465 1528//1465 1468//1465 1469//1465
f 1524//1466 1530//1466 1150//1466 1144//1466
f 1525//1467 1531//1467 1530//1467 1524//1467
f 1526//1468 1532//1468 1531//1468 1525//1468
f 1527//1469 1533//1469 1532//1469 1526//1469
f 1528//1470 1534//1470 1533//1470 1527//1470
f 1529//1471 1535//1471 1534//1471 1528//1471
f 1535//1472 1529//1472 1469//1472 1473//1472
f 1536//1473 1535//1473 1473//1473 1474//1473
f 1475//1474 1538//1474 1537//1474 1474//1474
f 1540//1475 1541//1475 1279//1475 1275//1475
f 1286//1476 1546//1476 1544//1476 1282//1476
f 1541//1477 1546//1477 1286//1477 1279//1477
f 1546//1478 1547//1478 1545//1478 1544//1478
f 1542//1479 1547//1479 1546//1479 1541//1479
f 1543//1480 1548//1480 1547//1480 1542//1480
f 1544//1481 1550//1481 1289//1481 1282//1481
f 1545//1482 1551//1482 1550//1482 1544//1482
f 1547//1483 1553//1483 1551//1483 1545//1483
f 1553//1484 1554//1484 1552//1484 1551//1484
f 1548//1485 1554//1485 1553//1485 1547//1485
f 1549//1486 1555//1486 1554//1486 1548//1486
f 1550//1487 1557//1487 1295//1487 1289//1487
f 1551//1488 1558//1488 1557//1488 1550//1488
f 1552//1489 1559//1489 1558//1489 1551//1489
f 1560//1490 1299//1490 1295//1490 1557//1490
f 1554//1491 1561//1491 1559//1491 1552//1491
f 1555//1492 1562//1492 1561//1492 1554//1492
f 1556//1493 1563//1493 1562//1493 1555//1493
f 1564//1494 1505//1494 713//1494 895//1494
f 1565//1495 1564//1495 895//1495 896//1495
f 1566//1496 1507//1496 1505//1496 1564//1496
f 1567//1497 1566//1497 1564//1497 1565//1497
f 1568//1498 1509//1498 1507//1498 1566//1498
f 1569//1499 1568//1499 1566//1499 1567//1499
f 1512//1500 1571//1500 1570//1500 1511//1500
f 1571//1501 1512//1501 1509//1501 1568//1501
f 1572//1502 1514//1502 1511//1502 1570//1502
f 1573//1503 1572//1503 1570//1503 1571//1503
f 1517//1504 1575//1504 1574//1504 1516//1504
f 1575//1505 1517//1505 1514//1505 1572//1505
f 1519//1506 1577//1506 1576//1506 1518//1506
f 1577//1507 1519//1507 1516//1507 1574//1507
f 1578//1508 1577//1508 1574//1508 1575//1508
f 1520//1509 1579//1509 1538//1509 1475//1509
f 1579//1510 1520//1510 1518//1510 1576//1510
f 1580//1511 1579//1511 1576//1511 1577//1511
f 1581//1512 1565//1512 896//1512 910//1512
f 1582//1513 1567//1513 1565//1513 1581//1513
f 1569//1514 1584//1514 1583//1514 1568//1514
f 1584//1515 1569//1515 1567//1515 1582//1515
f 1585//1516 1571//1516 1568//1516 1583//1516
f 1586//1517 1585//1517 1583//1517 1584//1517
f 1573//1518 1588//1518 1587//1518 1572//1518
f 1588//1519 1573//1519 1571//1519 1585//1519
f 1589//1520 1588//1520 1585//1520 1586//1520
f 1590//1521 1575//1521 1572//1521 1587//1521
f 1591//1522 1590//1522 1587//1522 1588//1522
f 1578//1523 1593//1523 1592//1523 1577//1523
f 1593//1524 1578//1524 1575//1524 1590//1524
f 1579//1525 1594//1525 1539//1525 1538//1525
f 1580//1526 1595//1526 1594//1526 1579//1526
f 1595//1527 1580//1527 1577//1527 1592//1527
f 1596//1528 1581//1528 910//1528 922//1528
f 1597//1529 1596//1529 922//1529 923//1529
f 1598//1530 1582//1530 1581//1530 1596//1530
f 1599//1531 1598//1531 1596//1531 1597//1531
f 1600//1532 1584//1532 1582//1532 1598//1532
f 1601//1533 1586//1533 1584//1533 1600//1533
f 1589//1534 1603//1534 1602//1534 1588//1534
f 1603//1535 1589//1535 1586//1535 1601//1535
f 1591//1536 1605//1536 1604//1536 1590//1536
f 1605//1537 1591//1537 1588//1537 1602//1537
f 1606//1538 1605//1538 1602//1538 1603//1538
f 1593//1539 1608//1539 1607//1539 1592//1539
f 1608//1540 1593//1540 1590//1540 1604//1540
f 1609//1541 1608//1541 1604//1541 1605//1541
f 1595//1542 1611//1542 1610//1542 1594//1542
f 1611//1543 1595//1543 1592//1543 1607//1543
f 1612//1544 1611//1544 1607//1544 1608//1544
f 1613//1545 1597//1545 923//1545 936//1545
f 1599//1546 1615//1546 1614//1546 1598//1546
f 1615//1547 1599//1547 1597//1547 1613//1547
f 1616//1548 1600//1548 1598//1548 1614//1548
f 1617//1549 1616//1549 1614//1549 1615//1549
f 1618//1550 1601//1550 1600//1550 1616//1550
f 1619//1551 1618//1551 1616//1551 1617//1551
f 1620//1552 1603//1552 1601//1552 1618//1552
f 1606//1553 1622//1553 1621//1553 1605//1553
f 1622//1554 1606//1554 1603//1554 1620//1554
f 1609//1555 1624//1555 1623//1555 1608//1555
f 1624//1556 1609//1556 1605//1556 1621//1556
f 1611//1557 1626//1557 1625//1557 1610//1557
f 1612//1558 1627//1558 1626//1558 1611//1558
f 1627//1559 1612//1559 1608//1559 1623//1559
f 1628//1560 1613//1560 936//1560 948//1560
f 1629//1561 1615//1561 1613//1561 1628//1561
f 1630//1562 1617//1562 1615//1562 1629//1562
f 1619//1563 1632//1563 1631//1563 1618//1563
f 1632//1564 1619//1564 1617//1564 1630//1564
f 1633//1565 1620//1565 1618//1565 1631//1565
f 1634//1566 1633//1566 1631//1566 1632//1566
f 1622//1567 1636//1567 1635//1567 1621//1567
f 1636//1568 1622//1568 1620//1568 1633//1568
f 1624//1569 1638//1569 1637//1569 1623//1569
f 1638//1570 1624//1570 1621//1570 1635//1570
f 1639//1571 1638//1571 1635//1571 1636//1571
f 1627//1572 1641//1572 1640//1572 1626//1572
f 1641//1573 1627//1573 1623//1573 1637//1573
f 1642//1574 1641//1574 1637//1574 1638//1574
f 1643//1575 1628//1575 948//1575 959//1575
f 1644//1576 1629//1576 1628//1576 1643//1576
f 1645//1577 1630//1577 1629//1577 1644//1577
f 1646//1578 1632//1578 1630//1578 1645//1578
f 1634//1579 1648//1579 1647//1579 1633//1579
f 1648//1580 1634//1580 1632//1580 1646//1580
f 1649//1581 1636//1581 1633//1581 1647//1581
f 1639//1582 1651//1582 1650//1582 1638//1582
f 1651//1583 1639//1583 1636//1583 1649//1583
f 1642//1584 1653//1584 1652//1584 1641//1584
f 1653//1585 1642//1585 1638//1585 1650//1585
f 1654//1586 1643//1586 959//1586 969//1586
f 1655//1587 1644//1587 1643//1587 1654//1587
f 1656//1588 1645//1588 1644//1588 1655//1588
f 1657//1589 1646//1589 1645//1589 1656//1589
f 1648//1590 1659//1590 1658//1590 1647//1590
f 1659//1591 1648//1591 1646//1591 1657//1591
f 1660//1592 1649//1592 1647//1592 1658//1592
f 1661//1593 1660//1593 1658//1593 1659//1593
f 1651//1594 1663//1594 1662//1594 1650//1594
f 1663//1595 1651//1595 1649//1595 1660//1595
f 1653//1596 1665//1596 1664//1596 1652//1596
f 1665//1597 1653//1597 1650//1597 1662//1597
f 1666//1598 1654//1598 969//1598 978//1598
f 1667//1599 1655//1599 1654//1599 1666//1599
f 1668//1600 1656//1600 1655//1600 1667//1600
f 1669//1601 1657//1601 1656//1601 1668//1601
f 1670//1602 1659//1602 1657//1602 1669//1602
f 1661//1603 1672//1603 1671//1603 1660//1603
f 1672//1604 1661//1604 1659//1604 1670//1604
f 1663//1605 1674//1605 1673//1605 1662//1605
f 1674//1606 1663//1606 1660//1606 1671//1606
f 1665//1607 1676//1607 1675//1607 1664//1607
f 1676//1608 1665//1608 1662//1608 1673//1608
f 1530//1609 1677//1609 1316//1609 1150//1609
f 1531//1610 1678//1610 1677//1610 1530//1610
f 1532//1611 1679//1611 1678//1611 1531//1611
f 1533//1612 1680//1612 1679//1612 1532//1612
f 1534//1613 1681//1613 1680//1613 1533//1613
f 1535//1614 1682//1614 1681//1614 1534//1614
f 1536//1615 1683//1615 1682//1615 1535//1615
f 1683//1616 1536//1616 1474//1616 1537//1616
f 1684//1617 1683//1617 1537//1617 1538//1617
f 1677//1618 1685//1618 1324//1618 1316//1618
f 1678//1619 1686//1619 1685//1619 1677//1619
f 1679//1620 1687//1620 1686//1620 1678//1620
f 1680//1621 1688//1621 1687//1621 1679//1621
f 1681//1622 1689//1622 1688//1622 1680//1622
f 1682//1623 1690//1623 1689//1623 1681//1623
f 1683//1624 1691//1624 1690//1624 1682//1624
f 1684//1625 1692//1625 1691//1625 1683//1625
f 1692//1626 1684//1626 1538//1626 1539//1626
f 1685//1627 1693//1627 1332//1627 1324//1627
f 1686//1628 1694//1628 1693//1628 1685//1628
f 1687//1629 1695//1629 1694//1629 1686//1629
f 1688//1630 1696//1630 1695//1630 1687//1630
f 1689//1631 1697//1631 1696//1631 1688//1631
f 1690//1632 1698//1632 1697//1632 1689//1632
f 1691//1633 1699//1633 1698//1633 1690//1633
f 1692//1634 1700//1634 1699//1634 1691//1634
f 1340//1635 1701//1635 1540//1635 1275//1635
f 1693//1636 1701//1636 1340//1636 1332//1636
f 1694//1637 1702//1637 1701//1637 1693//1637
f 1695//1638 1703//1638 1702//1638 1694//1638
f 1696//1639 1704//1639 1703//1639 1695//1639
f 1697//1640 1705//1640 1704//1640 1696//1640
f 1698//1641 1706//1641 1705//1641 1697//1641
f 1699//1642 1707//1642 1706//1642 1698//1642
f 1700//1643 1708//1643 1707//1643 1699//1643
f 1701//1644 1709//1644 1541//1644 1540//1644
f 1709//1645 1710//1645 1542//1645 1541//1645
f 1702//1646 1710//1646 1709//1646 1701//1646
f 1710//1647 1711//1647 1543//1647 1542//1647
f 1703//1648 1711//1648 1710//1648 1702//1648
f 1704//1649 1712//1649 1711//1649 1703//1649
f 1705//1650 1713//1650 1712//1650 1704//1650
f 1706//1651 1714//1651 1713//1651 1705//1651
f 1707//1652 1715//1652 1714//1652 1706//1652
f 1708//1653 1716//1653 1715//1653 1707//1653
f 1711//1654 1717//1654 1548//1654 1543//1654
f 1717//1655 1718//1655 1549//1655 1548//1655
f 1712//1656 1718//1656 1717//1656 1711//1656
f 1713//1657 1719//1657 1718//1657 1712//1657
f 1714//1658 1720//1658 1719//1658 1713//1658
f 1715//1659 1721//1659 1720//1659 1714//1659
f 1716//1660 1722//1660 1721//1660 1715//1660
f 1718//1661 1723//1661 1555//1661 1549//1661
f 1723//1662 1724//1662 1556//1662 1555//1662
f 1719//1663 1724//1663 1723//1663 1718//1663
f 1720//1664 1725//1664 1724//1664 1719//1664
f 1721//1665 1726//1665 1725//1665 1720//1665
f 1722//1666 1727//1666 1726//1666 1721//1666
f 1728//1667 1362//1667 1299//1667 1560//1667
f 1724//1668 1729//1668 1563//1668 1556//1668
f 1725//1669 1730//1669 1729//1669 1724//1669
f 1726//1670 1731//1670 1730//1670 1725//1670
f 1727//1671 1732//1671 1731//1671 1726//1671
f 1733//1672 1363//1672 1362//1672 1728//1672
f 1734//1673 1692//1673 1539//1673 1594//1673
f 1734//1674 1735//1674 1700//1674 1692//1674
f 1735//1675 1734//1675 1594//1675 1610//1675
f 1735//1676 1736//1676 1708//1676 1700//1676
f 1736//1677 1735//1677 1610//1677 1625//1677
f 1737//1678 1736//1678 1625//1678 1626//1678
f 1736//1679 1738//1679 1716//1679 1708//1679
f 1737//1680 1739//1680 1738//1680 1736//1680
f 1739//1681 1737//1681 1626//1681 1640//1681
f 1740//1682 1739//1682 1640//1682 1641//1682
f 1738//1683 1741//1683 1722//1683 1716//1683
f 1739//1684 1742//1684 1741//1684 1738//1684
f 1740//1685 1743//1685 1742//1685 1739//1685
f 1743//1686 1740//1686 1641//1686 1652//1686
f 1741//1687 1744//1687 1727//1687 1722//1687
f 1742//1688 1745//1688 1744//1688 1741//1688
f 1743//1689 1746//1689 1745//1689 1742//1689
f 1746//1690 1743//1690 1652//1690 1664//1690
f 1744//1691 1747//1691 1732//1691 1727//1691
f 1745//1692 1748//1692 1747//1692 1744//1692
f 1746//1693 1749//1693 1748//1693 1745//1693
f 1749//1694 1746//1694 1664//1694 1675//1694
f 1752//1695 289//1695 288//1695 1751//1695
f 289//1696 1752//1696 1750//1696 287//1696
f 1754//1697 291//1697 290//1697 1753//1697
f 291//1698 1754//1698 1751//1698 288//1698
f 1756//1699 293//1699 292//1699 1755//1699
f 293//1700 1756//1700 1753//1700 290//1700
f 294//1701 1757//1701 1755//1701 292//1701
f 1759//1702 296//1702 295//1702 1758//1702
f 296//1703 1759//1703 1757//1703 294//1703
f 1762//1704 1752//1704 1751//1704 1761//1704
f 1752//1705 1762//1705 1760//1705 1750//1705
f 1764//1706 1754//1706 1753//1706 1763//1706
f 1754//1707 1764//1707 1761//1707 1751//1707
f 1766//1708 1756//1708 1755//1708 1765//1708
f 1756//1709 1766//1709 1763//1709 1753//1709
f 1757//1710 1767//1710 1765//1710 1755//1710
f 1767//1711 1768//1711 1766//1711 1765//1711
f 1770//1712 1759//1712 1758//1712 1769//1712
f 1759//1713 1770//1713 1767//1713 1757//1713
f 1773//1714 1762//1714 1761//1714 1772//1714
f 1762//1715 1773//1715 1771//1715 1760//1715
f 1775//1716 1764//1716 1763//1716 1774//1716
f 1764//1717 1775//1717 1772//1717 1761//1717
f 1766//1718 1776//1718 1774//1718 1763//1718
f 1778//1719 1768//1719 1767//1719 1777//1719
f 1768//1720 1778//1720 1776//1720 1766//1720
f 1780//1721 1770//1721 1769//1721 1779//1721
f 1770//1722 1780//1722 1777//1722 1767//1722
f 1783//1723 1773//1723 1772//1723 1782//1723
f 1773//1724 1783//1724 1781//1724 1771//1724
f 1785//1725 1775//1725 1774//1725 1784//1725
f 1775//1726 1785//1726 1782//1726 1772//1726
f 1776//1727 1786//1727 1784//1727 1774//1727
f 1786//1728 1787//1728 1785//1728 1784//1728
f 1789//1729 1778//1729 1777//1729 1788//1729
f 1778//1730 1789//1730 1786//1730 1776//1730
f 1780//1731 1790//1731 1788//1731 1777//1731
f 1792//1732 1783//1732 1782//1732 1791//1732
f 1785//1733 1793//1733 1791//1733 1782//1733
f 1793//1734 1794//1734 1792//1734 1791//1734
f 1796//1735 1787//1735 1786//1735 1795//1735
f 1787//1736 1796//1736 1793//1736 1785//1736
f 1798//1737 1789//1737 1788//1737 1797//1737
f 1789//1738 1798//1738 1795//1738 1786//1738
f 1790//1739 1799//1739 1797//1739 1788//1739
f 1799//1740 1800//1740 1798//1740 1797//1740
f 1803//1741 1794//1741 1793//1741 1802//1741
f 1794//1742 1803//1742 1801//1742 1792//1742
f 1805//1743 1796//1743 1795//1743 1804//1743
f 1796//1744 1805//1744 1802//1744 1793//1744
f 1805//1745 1806//1745 1803//1745 1802//1745
f 1798//1746 1807//1746 1804//1746 1795//1746
f 1807//1747 1808//1747 1805//1747 1804//1747
f 1810//1748 1800//1748 1799//1748 1809//1748
f 1800//1749 1810//1749 1807//1749 1798//1749
f 1813//1750 1806//1750 1805//1750 1812//1750
f 1806//1751 1813//1751 1811//1751 1803//1751
f 1815//1752 1808//1752 1807//1752 1814//1752
f 1808//1753 1815//1753 1812//1753 1805//1753
f 1815//1754 1816//1754 1813//1754 1812//1754
f 1810//1755 1817//1755 1814//1755 1807//1755
f 1817//1756 1818//1756 1815//1756 1814//1756
f 1813//1757 1820//1757 1819//1757 1811//1757
f 1822//1758 1816//1758 1815//1758 1821//1758
f 1816//1759 1822//1759 1820//1759 1813//1759
f 1824//1760 1818//1760 1817//1760 1823//1760
f 1818//1761 1824//1761 1821//1761 1815//1761
f 1824//1762 1825//1762 1822//1762 1821//1762
f 1826//1763 384//1763 287//1763 1750//1763
f 1827//1764 385//1764 384//1764 1826//1764
f 1828//1765 386//1765 385//1765 1827//1765
f 1829//1766 387//1766 386//1766 1828//1766
f 1830//1767 388//1767 387//1767 1829//1767
f 1831//1768 389//1768 388//1768 1830//1768
f 1832//1769 390//1769 389//1769 1831//1769
f 1833//1770 391//1770 390//1770 1832//1770
f 1834//1771 1826//1771 1750//1771 1760//1771
f 1835//1772 1827//1772 1826//1772 1834//1772
f 1836//1773 1828//1773 1827//1773 1835//1773
f 1837//1774 1829//1774 1828//1774 1836//1774
f 1838//1775 1830//1775 1829//1775 1837//1775
f 1839//1776 1831//1776 1830//1776 1838//1776
f 1840//1777 1832//1777 1831//1777 1839//1777
f 1841//1778 1833//1778 1832//1778 1840//1778
f 1845//1779 1834//1779 1760//1779 1771//1779
f 1846//1780 1835//1780 1834//1780 1845//1780
f 1847//1781 1836//1781 1835//1781 1846//1781
f 1848//1782 1847//1782 1842//1782 1843//1782
f 1848//1783 1837//1783 1836//1783 1847//1783
f 1849//1784 1848//1784 1843//1784 1844//1784
f 1849//1785 1838//1785 1837//1785 1848//1785
f 1850//1786 1839//1786 1838//1786 1849//1786
f 1851//1787 1840//1787 1839//1787 1850//1787
f 1852//1788 1841//1788 1840//1788 1851//1788
f 1854//1789 1843//1789 1842//1789 1853//1789
f 1855//1790 1844//1790 1843//1790 1854//1790
f 1857//1791 1845//1791 1771//1791 1781//1791
f 1858//1792 1846//1792 1845//1792 1857//1792
f 1859//1793 1847//1793 1846//1793 1858//1793
f 1847//1794 1859//1794 1853//1794 1842//1794
f 1860//1795 1849//1795 1844//1795 1855//1795
f 1861//1796 1860//1796 1855//1796 1856//1796
f 1861//1797 1850//1797 1849//1797 1860//1797
f 1862//1798 1851//1798 1850//1798 1861//1798
f 1863//1799 1852//1799 1851//1799 1862//1799
f 1783//1800 1864//1800 1857//1800 1781//1800
f 1866//1801 1854//1801 1853//1801 1865//1801
f 1867//1802 1855//1802 1854//1802 1866//1802
f 1868//1803 1856//1803 1855//1803 1867//1803
f 1870//1804 1858//1804 1857//1804 1869//1804
f 1871//1805 1859//1805 1858//1805 1870//1805
f 1859//1806 1871//1806 1865//1806 1853//1806
f 1871//1807 1872//1807 1866//1807 1865//1807
f 1872//1808 1873//1808 1867//1808 1866//1808
f 1874//1809 1861//1809 1856//1809 1868//1809
f 1875//1810 1862//1810 1861//1810 1874//1810
f 1876//1811 1863//1811 1862//1811 1875//1811
f 1877//1812 1864//1812 1783//1812 1792//1812
f 1864//1813 1877//1813 1869//1813 1857//1813
f 1879//1814 1868//1814 1867//1814 1878//1814
f 1881//1815 1870//1815 1869//1815 1880//1815
f 1882//1816 1871//1816 1870//1816 1881//1816
f 1883//1817 1872//1817 1871//1817 1882//1817
f 1884//1818 1873//1818 1872//1818 1883//1818
f 1873//1819 1884//1819 1878//1819 1867//1819
f 1884//1820 1885//1820 1879//1820 1878//1820
f 1885//1821 1874//1821 1868//1821 1879//1821
f 1886//1822 1875//1822 1874//1822 1885//1822
f 1887//1823 1876//1823 1875//1823 1886//1823
f 1888//1824 1877//1824 1792//1824 1801//1824
f 1877//1825 1888//1825 1880//1825 1869//1825
f 1888//1826 1889//1826 1881//1826 1880//1826
f 1803//1827 1890//1827 1888//1827 1801//1827
f 1892//1828 1882//1828 1881//1828 1891//1828
f 1893//1829 1883//1829 1882//1829 1892//1829
f 1894//1830 1884//1830 1883//1830 1893//1830
f 1895//1831 1885//1831 1884//1831 1894//1831
f 1896//1832 1886//1832 1885//1832 1895//1832
f 1897//1833 1887//1833 1886//1833 1896//1833
f 1899//1834 1889//1834 1888//1834 1898//1834
f 1889//1835 1899//1835 1891//1835 1881//1835
f 1899//1836 1900//1836 1892//1836 1891//1836
f 1901//1837 1890//1837 1803//1837 1811//1837
f 1890//1838 1901//1838 1898//1838 1888//1838
f 1903//1839 1893//1839 1892//1839 1902//1839
f 1904//1840 1894//1840 1893//1840 1903//1840
f 1905//1841 1895//1841 1894//1841 1904//1841
f 1906//1842 1896//1842 1895//1842 1905//1842
f 1907//1843 1897//1843 1896//1843 1906//1843
f 1909//1844 1899//1844 1898//1844 1908//1844
f 1910//1845 1900//1845 1899//1845 1909//1845
f 1900//1846 1910//1846 1902//1846 1892//1846
f 1910//1847 1911//1847 1903//1847 1902//1847
f 1911//1848 1912//1848 1904//1848 1903//1848
f 1913//1849 1914//1849 1907//1849 1906//1849
f 1915//1850 1901//1850 1811//1850 1819//1850
f 1901//1851 1915//1851 1908//1851 1898//1851
f 1915//1852 1916//1852 1909//1852 1908//1852
f 1916//1853 1917//1853 1910//1853 1909//1853
f 1820//1854 1918//1854 1915//1854 1819//1854
f 1822//1855 1919//1855 1918//1855 1820//1855
f 481//1856 1920//1856 1758//1856 295//1856
f 1922//1857 483//1857 482//1857 1921//1857
f 483//1858 1922//1858 1920//1858 481//1858
f 484//1859 1923//1859 1921//1859 482//1859
f 485//1860 1924//1860 1923//1860 484//1860
f 486//1861 1925//1861 1924//1861 485//1861
f 487//1862 1926//1862 1925//1862 486//1862
f 488//1863 1927//1863 1926//1863 487//1863
f 489//1864 1928//1864 1927//1864 488//1864
f 1920//1865 1929//1865 1769//1865 1758//1865
f 1931//1866 1922//1866 1921//1866 1930//1866
f 1922//1867 1931//1867 1929//1867 1920//1867
f 1923//1868 1932//1868 1930//1868 1921//1868
f 1932//1869 1933//1869 1931//1869 1930//1869
f 1924//1870 1934//1870 1932//1870 1923//1870
f 1925//1871 1935//1871 1934//1871 1924//1871
f 1926//1872 1936//1872 1935//1872 1925//1872
f 1927//1873 1937//1873 1936//1873 1926//1873
f 1928//1874 1938//1874 1937//1874 1927//1874
f 1929//1875 1939//1875 1779//1875 1769//1875
f 1939//1876 1940//1876 1780//1876 1779//1876
f 1931//1877 1941//1877 1939//1877 1929//1877
f 1943//1878 1933//1878 1932//1878 1942//1878
f 1933//1879 1943//1879 1941//1879 1931//1879
f 1934//1880 1944//1880 1942//1880 1932//1880
f 1935//1881 1945//1881 1944//1881 1934//1881
f 1936//1882 1946//1882 1945//1882 1935//1882
f 1937//1883 1947//1883 1946//1883 1936//1883
f 1938//1884 1948//1884 1947//1884 1937//1884
f 1950//1885 1940//1885 1939//1885 1949//1885
f 1940//1886 1950//1886 1790//1886 1780//1886
f 1941//1887 1951//1887 1949//1887 1939//1887
f 1953//1888 1943//1888 1942//1888 1952//1888
f 1943//1889 1953//1889 1951//1889 1941//1889
f 1944//1890 1954//1890 1952//1890 1942//1890
f 1954//1891 1955//1891 1953//1891 1952//1891
f 1945//1892 1956//1892 1954//1892 1944//1892
f 1946//1893 1957//1893 1956//1893 1945//1893
f 1947//1894 1958//1894 1957//1894 1946//1894
f 1948//1895 1959//1895 1958//1895 1947//1895
f 1961//1896 1950//1896 1949//1896 1960//1896
f 1950//1897 1961//1897 1799//1897 1790//1897
f 1951//1898 1962//1898 1960//1898 1949//1898
f 1962//1899 1963//1899 1961//1899 1960//1899
f 1953//1900 1964//1900 1962//1900 1951//1900
f 1966//1901 1955//1901 1954//1901 1965//1901
f 1955//1902 1966//1902 1964//1902 1953//1902
f 1956//1903 1967//1903 1965//1903 1954//1903
f 1967//1904 1968//1904 1966//1904 1965//1904
f 1957//1905 1969//1905 1967//1905 1956//1905
f 1969//1906 1970//1906 1968//1906 1967//1906
f 1958//1907 1971//1907 1969//1907 1957//1907
f 1959//1908 1972//1908 1971//1908 1958//1908
f 1961//1909 1973//1909 1809//1909 1799//1909
f 1973//1910 1974//1910 1810//1910 1809//1910
f 1976//1911 1963//1911 1962//1911 1975//1911
f 1963//1912 1976//1912 1973//1912 1961//1912
f 1964//1913 1977//1913 1975//1913 1962//1913
f 1977//1914 1978//1914 1976//1914 1975//1914
f 1966//1915 1979//1915 1977//1915 1964//1915
f 1979//1916 1980//1916 1978//1916 1977//1916
f 1968//1917 1981//1917 1979//1917 1966//1917
f 1983//1918 1970//1918 1969//1918 1982//1918
f 1970//1919 1983//1919 1981//1919 1968//1919
f 1971//1920 1984//1920 1982//1920 1969//1920
f 1984//1921 1985//1921 1983//1921 1982//1921
f 1972//1922 1986//1922 1984//1922 1971//1922
f 1986//1923 1987//1923 1985//1923 1984//1923
f 1989//1924 1974//1924 1973//1924 1988//1924
f 1974//1925 1989//1925 1817//1925 1810//1925
f 1976//1926 1990//1926 1988//1926 1973//1926
f 1990//1927 1991//1927 1989//1927 1988//1927
f 1978//1928 1992//1928 1990//1928 1976//1928
f 1994//1929 1980//1929 1979//1929 1993//1929
f 1980//1930 1994//1930 1992//1930 1978//1930
f 1981//1931 1995//1931 1993//1931 1979//1931
f 1995//1932 1996//1932 1994//1932 1993//1932
f 1983//1933 1997//1933 1995//1933 1981//1933
f 1985//1934 1998//1934 1997//1934 1983//1934
f 1987//1935 1999//1935 1998//1935 1985//1935
f 1989//1936 2000//1936 1823//1936 1817//1936
f 2000//1937 2001//1937 1824//1937 1823//1937
f 2003//1938 1991//1938 1990//1938 2002//1938
f 1991//1939 2003//1939 2000//1939 1989//1939
f 2003//1940 2004//1940 2001//1940 2000//1940
f 1992//1941 2005//1941 2002//1941 1990//1941
f 2005//1942 2006//1942 2003//1942 2002//1942
f 1994//1943 2007//1943 2005//1943 1992//1943
f 2007//1944 2008//1944 2006//1944 2005//1944
f 2010//1945 1996//1945 1995//1945 2009//1945
f 1996//1946 2010//1946 2007//1946 1994//1946
f 1997//1947 2011//1947 2009//1947 1995//1947
f 2011//1948 2012//1948 2010//1948 2009//1948
f 1998//1949 2013//1949 2011//1949 1997//1949
f 2013//1950 2014//1950 2012//1950 2011//1950
f 1999//1951 2015//1951 2013//1951 1998//1951
f 2015//1952 2016//1952 2014//1952 2013//1952
f 2019//1953 1825//1953 1824//1953 2018//1953
f 1825//1954 2019//1954 2017//1954 1822//1954
f 2022//1955 1905//1955 1904//1955 2021//1955
f 2023//1956 1906//1956 1905//1956 2022//1956
f 2025//1957 1911//1957 1910//1957 2024//1957
f 2026//1958 1912//1958 1911//1958 2025//1958
f 1912//1959 2026//1959 2021//1959 1904//1959
f 2026//1960 2027//1960 2022//1960 2021//1960
f 2027//1961 2028//1961 2023//1961 2022//1961
f 2028//1962 1913//1962 1906//1962 2023//1962
f 2029//1963 1914//1963 1913//1963 2028//1963
f 2031//1964 1916//1964 1915//1964 2030//1964
f 2032//1965 1917//1965 1916//1965 2031//1965
f 1917//1966 2032//1966 2024//1966 1910//1966
f 2032//1967 2033//1967 2025//1967 2024//1967
f 2033//1968 2034//1968 2026//1968 2025//1968
f 1918//1969 2035//1969 2030//1969 1915//1969
f 2035//1970 2036//1970 2031//1970 2030//1970
f 2036//1971 2037//1971 2032//1971 2031//1971
f 2038//1972 1919//1972 1822//1972 2017//1972
f 1919//1973 2038//1973 2035//1973 1918//1973
f 2038//1974 2039//1974 2036//1974 2035//1974
f 2019//1975 2040//1975 2038//1975 2017//1975
f 2042//1976 2027//1976 2026//1976 2041//1976
f 2043//1977 2028//1977 2027//1977 2042//1977
f 2044//1978 2029//1978 2028//1978 2043//1978
f 2046//1979 2033//1979 2032//1979 2045//1979
f 2047//1980 2034//1980 2033//1980 2046//1980
f 2034//1981 2047//1981 2041//1981 2026//1981
f 2047//1982 2048//1982 2042//1982 2041//1982
f 2048//1983 2049//1983 2043//1983 2042//1983
f 2049//1984 2050//1984 2044//1984 2043//1984
f 2052//1985 2037//1985 2036//1985 2051//1985
f 2037//1986 2052//1986 2045//1986 2032//1986
f 2052//1987 2053//1987 2046//1987 2045//1987
f 2053//1988 2054//1988 2047//1988 2046//1988
f 2054//1989 2055//1989 2048//1989 2047//1989
f 2057//1990 2039//1990 2038//1990 2056//1990
f 2039//1991 2057//1991 2051//1991 2036//1991
f 2057//1992 2058//1992 2052//1992 2051//1992
f 2059//1993 2040//1993 2019//1993 2020//1993
f 2040//1994 2059//1994 2056//1994 2038//1994
f 2059//1995 2060//1995 2057//1995 2056//1995
f 2062//1996 2049//1996 2048//1996 2061//1996
f 2063//1997 2050//1997 2049//1997 2062//1997
f 2065//1998 2053//1998 2052//1998 2064//1998
f 2066//1999 2054//1999 2053//1999 2065//1999
f 2067//2000 2055//2000 2054//2000 2066//2000
f 2055//2001 2067//2001 2061//2001 2048//2001
f 2067//2002 2068//2002 2062//2002 2061//2002
f 2068//2003 2069//2003 2063//2003 2062//2003
f 2071//2004 2058//2004 2057//2004 2070//2004
f 2058//2005 2071//2005 2064//2005 2052//2005
f 2071//2006 2072//2006 2065//2006 2064//2006
f 2072//2007 2073//2007 2066//2007 2065//2007
f 2073//2008 2074//2008 2067//2008 2066//2008
f 2074//2009 2075//2009 2068//2009 2067//2009
f 2075//2010 2076//2010 2069//2010 2068//2010
f 2078//2011 2060//2011 2059//2011 2077//2011
f 2060//2012 2078//2012 2070//2012 2057//2012
f 2078//2013 2079//2013 2071//2013 2070//2013
f 2079//2014 2080//2014 2072//2014 2071//2014
f 2080//2015 2081//2015 2073//2015 2072//2015
f 2084//2016 2074//2016 2073//2016 2083//2016
f 2085//2017 2075//2017 2074//2017 2084//2017
f 2086//2018 2076//2018 2075//2018 2085//2018
f 2076//2019 2086//2019 2082//2019 2069//2019
f 2088//2020 2080//2020 2079//2020 2087//2020
f 2089//2021 2081//2021 2080//2021 2088//2021
f 2081//2022 2089//2022 2083//2022 2073//2022
f 2089//2023 2090//2023 2084//2023 2083//2023
f 2090//2024 2091//2024 2085//2024 2084//2024
f 2091//2025 2092//2025 2086//2025 2085//2025
f 2094//2026 2091//2026 2090//2026 2093//2026
f 2095//2027 2092//2027 2091//2027 2094//2027
f 2001//2028 2096//2028 2018//2028 1824//2028
f 2096//2029 2097//2029 2019//2029 2018//2029
f 2099//2030 2004//2030 2003//2030 2098//2030
f 2004//2031 2099//2031 2096//2031 2001//2031
f 2006//2032 2100//2032 2098//2032 2003//2032
f 2100//2033 2101//2033 2099//2033 2098//2033
f 2103//2034 2008//2034 2007//2034 2102//2034
f 2008//2035 2103//2035 2100//2035 2006//2035
f 2010//2036 2104//2036 2102//2036 2007//2036
f 2104//2037 2105//2037 2103//2037 2102//2037
f 2012//2038 2106//2038 2104//2038 2010//2038
f 2106//2039 2107//2039 2105//2039 2104//2039
f 2014//2040 2108//2040 2106//2040 2012//2040
f 2108//2041 2109//2041 2107//2041 2106//2041
f 2016//2042 2110//2042 2108//2042 2014//2042
f 2112//2043 2097//2043 2096//2043 2111//2043
f 2097//2044 2112//2044 2020//2044 2019//2044
f 2099//2045 2113//2045 2111//2045 2096//2045
f 2113//2046 2114//2046 2112//2046 2111//2046
f 2116//2047 2101//2047 2100//2047 2115//2047
f 2101//2048 2116//2048 2113//2048 2099//2048
f 2116//2049 2117//2049 2114//2049 2113//2049
f 2103//2050 2118//2050 2115//2050 2100//2050
f 2118//2051 2119//2051 2116//2051 2115//2051
f 2105//2052 2120//2052 2118//2052 2103//2052
f 2120//2053 2121//2053 2119//2053 2118//2053
f 2107//2054 2122//2054 2120//2054 2105//2054
f 2122//2055 2123//2055 2121//2055 2120//2055
f 2125//2056 2109//2056 2108//2056 2124//2056
f 2109//2057 2125//2057 2122//2057 2107//2057
f 2110//2058 2126//2058 2124//2058 2108//2058
f 2126//2059 2127//2059 2125//2059 2124//2059
f 2130//2060 2117//2060 2116//2060 2129//2060
f 2117//2061 2130//2061 2128//2061 2114//2061
f 2119//2062 2131//2062 2129//2062 2116//2062
f 2131//2063 2132//2063 2130//2063 2129//2063
f 2121//2064 2133//2064 2131//2064 2119//2064
f 2133//2065 2134//2065 2132//2065 2131//2065
f 2136//2066 2123//2066 2122//2066 2135//2066
f 2123//2067 2136//2067 2133//2067 2121//2067
f 2136//2068 2137//2068 2134//2068 2133//2068
f 2125//2069 2138//2069 2135//2069 2122//2069
f 2138//2070 2139//2070 2136//2070 2135//2070
f 2139//2071 2140//2071 2137//2071 2136//2071
f 2127//2072 2141//2072 2138//2072 2125//2072
f 2141//2073 2142//2073 2139//2073 2138//2073
f 2142//2074 2143//2074 2140//2074 2139//2074
f 2134//2075 2145//2075 2144//2075 2132//2075
f 2137//2076 2146//2076 2145//2076 2134//2076
f 2140//2077 2147//2077 2146//2077 2137//2077
f 2149//2078 2143//2078 2142//2078 2148//2078
f 2143//2079 2149//2079 2147//2079 2140//2079
f 2112//2080 2150//2080 2059//2080 2020//2080
f 2114//2081 2151//2081 2150//2081 2112//2081
f 2150//2082 2152//2082 2077//2082 2059//2082
f 2152//2083 2153//2083 2078//2083 2077//2083
f 2153//2084 2154//2084 2079//2084 2078//2084
f 2155//2085 2151//2085 2114//2085 2128//2085
f 2151//2086 2155//2086 2152//2086 2150//2086
f 2155//2087 2156//2087 2153//2087 2152//2087
f 2130//2088 2157//2088 2155//2088 2128//2088
f 2132//2089 2158//2089 2157//2089 2130//2089
f 2160//2090 2154//2090 2153//2090 2159//2090
f 2154//2091 2160//2091 2087//2091 2079//2091
f 2160//2092 2161//2092 2088//2092 2087//2092
f 2161//2093 2162//2093 2089//2093 2088//2093
f 2162//2094 2163//2094 2090//2094 2089//2094
f 2165//2095 2156//2095 2155//2095 2164//2095
f 2156//2096 2165//2096 2159//2096 2153//2096
f 2165//2097 2166//2097 2160//2097 2159//2097
f 2166//2098 2167//2098 2161//2098 2160//2098
f 2157//2099 2168//2099 2164//2099 2155//2099
f 2168//2100 2169//2100 2165//2100 2164//2100
f 2169//2101 2170//2101 2166//2101 2165//2101
f 2171//2102 2158//2102 2132//2102 2144//2102
f 2158//2103 2171//2103 2168//2103 2157//2103
f 2171//2104 2172//2104 2169//2104 2168//2104
f 2145//2105 2173//2105 2171//2105 2144//2105
f 2173//2106 2174//2106 2172//2106 2171//2106
f 2146//2107 2175//2107 2173//2107 2145//2107
f 2147//2108 2176//2108 2175//2108 2146//2108
f 2149//2109 2177//2109 2176//2109 2147//2109
f 2179//2110 2162//2110 2161//2110 2178//2110
f 2180//2111 2163//2111 2162//2111 2179//2111
f 2163//2112 2180//2112 2093//2112 2090//2112
f 2180//2113 2181//2113 2094//2113 2093//2113
f 2181//2114 2182//2114 2095//2114 2094//2114
f 2184//2115 2167//2115 2166//2115 2183//2115
f 2167//2116 2184//2116 2178//2116 2161//2116
f 2184//2117 2185//2117 2179//2117 2178//2117
f 2185//2118 2186//2118 2180//2118 2179//2118
f 2186//2119 2187//2119 2181//2119 2180//2119
f 2187//2120 2188//2120 2182//2120 2181//2120
f 2190//2121 2170//2121 2169//2121 2189//2121
f 2170//2122 2190//2122 2183//2122 2166//2122
f 2190//2123 2191//2123 2184//2123 2183//2123
f 2191//2124 2192//2124 2185//2124 2184//2124
f 2192//2125 2193//2125 2186//2125 2185//2125
f 2193//2126 2194//2126 2187//2126 2186//2126
f 2194//2127 2195//2127 2188//2127 2187//2127
f 2172//2128 2196//2128 2189//2128 2169//2128
f 2196//2129 2197//2129 2190//2129 2189//2129
f 2197//2130 2198//2130 2191//2130 2190//2130
f 2198//2131 2199//2131 2192//2131 2191//2131
f 2201//2132 2174//2132 2173//2132 2200//2132
f 2174//2133 2201//2133 2196//2133 2172//2133
f 2201//2134 2202//2134 2197//2134 2196//2134
f 2202//2135 2203//2135 2198//2135 2197//2135
f 2175//2136 2204//2136 2200//2136 2173//2136
f 2204//2137 2205//2137 2201//2137 2200//2137
f 2205//2138 2206//2138 2202//2138 2201//2138
f 2206//2139 2207//2139 2203//2139 2202//2139
f 2176//2140 2208//2140 2204//2140 2175//2140
f 2208//2141 2209//2141 2205//2141 2204//2141
f 2209//2142 2210//2142 2206//2142 2205//2142
f 2177//2143 2211//2143 2208//2143 2176//2143
f 2211//2144 2212//2144 2209//2144 2208//2144
f 2212//2145 2213//2145 2210//2145 2209//2145
f 2215//2146 2193//2146 2192//2146 2214//2146
f 2216//2147 2194//2147 2193//2147 2215//2147
f 2217//2148 2195//2148 2194//2148 2216//2148
f 2219//2149 2199//2149 2198//2149 2218//2149
f 2199//2150 2219//2150 2214//2150 2192//2150
f 2219//2151 2220//2151 2215//2151 2214//2151
f 2220//2152 2221//2152 2216//2152 2215//2152
f 2221//2153 2222//2153 2217//2153 2216//2153
f 2203//2154 2223//2154 2218//2154 2198//2154
f 2223//2155 2224//2155 2219//2155 2218//2155
f 2224//2156 2225//2156 2220//2156 2219//2156
f 2225//2157 2226//2157 2221//2157 2220//2157
f 2226//2158 2227//2158 2222//2158 2221//2158
f 2229//2159 2207//2159 2206//2159 2228//2159
f 2207//2160 2229//2160 2223//2160 2203//2160
f 2229//2161 2230//2161 2224//2161 2223//2161
f 2230//2162 2231//2162 2225//2162 2224//2162
f 2231//2163 2232//2163 2226//2163 2225//2163
f 2232//2164 2233//2164 2227//2164 2226//2164
f 2210//2165 2234//2165 2228//2165 2206//2165
f 2234//2166 2235//2166 2229//2166 2228//2166
f 2235//2167 2236//2167 2230//2167 2229//2167
f 2236//2168 2237//2168 2231//2168 2230//2168
f 2237//2169 2238//2169 2232//2169 2231//2169
f 2238//2170 2239//2170 2233//2170 2232//2170
f 2213//2171 2240//2171 2234//2171 2210//2171
f 2240//2172 2241//2172 2235//2172 2234//2172
f 2241//2173 2242//2173 2236//2173 2235//2173
f 2242//2174 2243//2174 2237//2174 2236//2174
f 2243//2175 2244//2175 2238//2175 2237//2175
f 2244//2176 2245//2176 2239//2176 2238//2176
f 2246//2177 804//2177 391//2177 1833//2177
f 2247//2178 805//2178 804//2178 2246//2178
f 2248//2179 806//2179 805//2179 2247//2179
f 2249//2180 807//2180 806//2180 2248//2180
f 2250//2181 808//2181 807//2181 2249//2181
f 2251//2182 809//2182 808//2182 2250//2182
f 2252//2183 810//2183 809//2183 2251//2183
f 2254//2184 812//2184 810//2184 2252//2184
f 2255//2185 2254//2185 2252//2185 2253//2185
f 2255//2186 813//2186 812//2186 2254//2186
f 2256//2187 2246//2187 1833//2187 1841//2187
f 2257//2188 2247//2188 2246//2188 2256//2188
f 2258//2189 2248//2189 2247//2189 2257//2189
f 2259//2190 2249//2190 2248//2190 2258//2190
f 2260//2191 2250//2191 2249//2191 2259//2191
f 2261//2192 2251//2192 2250//2192 2260//2192
f 2262//2193 2252//2193 2251//2193 2261//2193
f 2263//2194 2253//2194 2252//2194 2262//2194
f 2264//2195 2255//2195 2253//2195 2263//2195
f 2265//2196 2256//2196 1841//2196 1852//2196
f 2266//2197 2257//2197 2256//2197 2265//2197
f 2267//2198 2258//2198 2257//2198 2266//2198
f 2268//2199 2259//2199 2258//2199 2267//2199
f 2269//2200 2260//2200 2259//2200 2268//2200
f 2270//2201 2261//2201 2260//2201 2269//2201
f 2271//2202 2262//2202 2261//2202 2270//2202
f 2272//2203 2263//2203 2262//2203 2271//2203
f 2273//2204 2264//2204 2263//2204 2272//2204
f 2274//2205 2265//2205 1852//2205 1863//2205
f 2275//2206 2266//2206 2265//2206 2274//2206
f 2276//2207 2267//2207 2266//2207 2275//2207
f 2277//2208 2268//2208 2267//2208 2276//2208
f 2278//2209 2269//2209 2268//2209 2277//2209
f 2279//2210 2270//2210 2269//2210 2278//2210
f 2280//2211 2271//2211 2270//2211 2279//2211
f 2281//2212 2272//2212 2271//2212 2280//2212
f 2282//2213 2273//2213 2272//2213 2281//2213
f 2283//2214 2274//2214 1863//2214 1876//2214
f 2284//2215 2275//2215 2274//2215 2283//2215
f 2285//2216 2276//2216 2275//2216 2284//2216
f 2286//2217 2277//2217 2276//2217 2285//2217
f 2287//2218 2278//2218 2277//2218 2286//2218
f 2288//2219 2279//2219 2278//2219 2287//2219
f 2289//2220 2280//2220 2279//2220 2288//2220
f 2290//2221 2281//2221 2280//2221 2289//2221
f 2291//2222 2282//2222 2281//2222 2290//2222
f 2292//2223 2283//2223 1876//2223 1887//2223
f 2293//2224 2284//2224 2283//2224 2292//2224
f 2294//2225 2285//2225 2284//2225 2293//2225
f 2295//2226 2286//2226 2285//2226 2294//2226
f 2296//2227 2287//2227 2286//2227 2295//2227
f 2297//2228 2288//2228 2287//2228 2296//2228
f 2298//2229 2289//2229 2288//2229 2297//2229
f 2299//2230 2290//2230 2289//2230 2298//2230
f 2300//2231 2301//2231 2299//2231 2298//2231
f 2301//2232 2291//2232 2290//2232 2299//2232
f 2303//2233 2292//2233 1887//2233 1897//2233
f 2304//2234 2293//2234 2292//2234 2303//2234
f 2305//2235 2294//2235 2293//2235 2304//2235
f 2306//2236 2295//2236 2294//2236 2305//2236
f 2307//2237 2296//2237 2295//2237 2306//2237
f 2308//2238 2297//2238 2296//2238 2307//2238
f 2309//2239 2298//2239 2297//2239 2308//2239
f 2310//2240 2311//2240 2309//2240 2308//2240
f 2311//2241 2300//2241 2298//2241 2309//2241
f 2312//2242 2301//2242 2300//2242 2311//2242
f 2313//2243 2302//2243 2301//2243 2312//2243
f 2315//2244 2303//2244 1897//2244 1907//2244
f 2316//2245 2304//2245 2303//2245 2315//2245
f 2317//2246 2305//2246 2304//2246 2316//2246
f 2318//2247 2306//2247 2305//2247 2317//2247
f 2319//2248 2307//2248 2306//2248 2318//2248
f 2320//2249 2308//2249 2307//2249 2319//2249
f 1914//2250 2321//2250 2315//2250 1907//2250
f 2322//2251 2323//2251 2320//2251 2319//2251
f 2323//2252 2310//2252 2308//2252 2320//2252
f 2324//2253 2311//2253 2310//2253 2323//2253
f 2325//2254 2312//2254 2311//2254 2324//2254
f 2326//2255 2327//2255 2324//2255 2323//2255
f 2327//2256 2328//2256 2325//2256 2324//2256
f 2328//2257 2313//2257 2312//2257 2325//2257
f 2329//2258 2314//2258 2313//2258 2328//2258
f 2331//2259 872//2259 813//2259 2255//2259
f 2332//2260 873//2260 872//2260 2331//2260
f 2333//2261 874//2261 873//2261 2332//2261
f 2334//2262 875//2262 874//2262 2333//2262
f 2335//2263 2336//2263 2334//2263 2333//2263
f 2336//2264 877//2264 875//2264 2334//2264
f 2337//2265 878//2265 877//2265 2336//2265
f 2338//2266 879//2266 878//2266 2337//2266
f 2339//2267 880//2267 879//2267 2338//2267
f 2340//2268 881//2268 880//2268 2339//2268
f 2341//2269 2331//2269 2255//2269 2264//2269
f 2342//2270 2332//2270 2331//2270 2341//2270
f 2343//2271 2333//2271 2332//2271 2342//2271
f 2344//2272 2335//2272 2333//2272 2343//2272
f 2345//2273 2336//2273 2335//2273 2344//2273
f 2346//2274 2337//2274 2336//2274 2345//2274
f 2347//2275 2338//2275 2337//2275 2346//2275
f 2348//2276 2339//2276 2338//2276 2347//2276
f 2349//2277 2340//2277 2339//2277 2348//2277
f 2350//2278 2341//2278 2264//2278 2273//2278
f 2351//2279 2342//2279 2341//2279 2350//2279
f 2352//2280 2343//2280 2342//2280 2351//2280
f 2353//2281 2344//2281 2343//2281 2352//2281
f 2354//2282 2345//2282 2344//2282 2353//2282
f 2355//2283 2346//2283 2345//2283 2354//2283
f 2356//2284 2347//2284 2346//2284 2355//2284
f 2357//2285 2348//2285 2347//2285 2356//2285
f 2358//2286 2350//2286 2273//2286 2282//2286
f 2359//2287 2351//2287 2350//2287 2358//2287
f 2360//2288 2352//2288 2351//2288 2359//2288
f 2361//2289 2353//2289 2352//2289 2360//2289
f 2362//2290 2354//2290 2353//2290 2361//2290
f 2363//2291 2355//2291 2354//2291 2362//2291
f 2364//2292 2356//2292 2355//2292 2363//2292
f 2365//2293 2366//2293 2364//2293 2363//2293
f 2366//2294 2357//2294 2356//2294 2364//2294
f 2367//2295 2358//2295 2282//2295 2291//2295
f 2368//2296 2359//2296 2358//2296 2367//2296
f 2369//2297 2360//2297 2359//2297 2368//2297
f 2370//2298 2361//2298 2360//2298 2369//2298
f 2371//2299 2362//2299 2361//2299 2370//2299
f 2372//2300 2373//2300 2371//2300 2370//2300
f 2373//2301 2363//2301 2362//2301 2371//2301
f 2374//2302 2365//2302 2363//2302 2373//2302
f 2375//2303 2366//2303 2365//2303 2374//2303
f 2376//2304 2367//2304 2291//2304 2301//2304
f 2302//2305 2377//2305 2376//2305 2301//2305
f 2377//2306 2368//2306 2367//2306 2376//2306
f 2378//2307 2369//2307 2368//2307 2377//2307
f 2379//2308 2380//2308 2378//2308 2377//2308
f 2380//2309 2370//2309 2369//2309 2378//2309
f 2381//2310 2372//2310 2370//2310 2380//2310
f 2382//2311 2373//2311 2372//2311 2381//2311
f 2383//2312 2384//2312 2382//2312 2381//2312
f 2384//2313 2374//2313 2373//2313 2382//2313
f 2385//2314 2375//2314 2374//2314 2384//2314
f 2386//2315 2377//2315 2302//2315 2313//2315
f 2314//2316 2387//2316 2386//2316 2313//2316
f 2387//2317 2379//2317 2377//2317 2386//2317
f 2388//2318 2380//2318 2379//2318 2387//2318
f 2389//2319 2390//2319 2388//2319 2387//2319
f 2390//2320 2381//2320 2380//2320 2388//2320
f 2391//2321 2383//2321 2381//2321 2390//2321
f 2392//2322 2384//2322 2383//2322 2391//2322
f 2393//2323 2387//2323 2314//2323 2329//2323
f 2330//2324 2394//2324 2393//2324 2329//2324
f 2394//2325 2389//2325 2387//2325 2393//2325
f 2395//2326 2390//2326 2389//2326 2394//2326
f 2396//2327 2397//2327 2395//2327 2394//2327
f 2397//2328 2391//2328 2390//2328 2395//2328
f 2398//2329 2392//2329 2391//2329 2397//2329
f 2399//2330 970//2330 881//2330 2340//2330
f 2400//2331 971//2331 970//2331 2399//2331
f 2401//2332 972//2332 971//2332 2400//2332
f 2402//2333 973//2333 972//2333 2401//2333
f 2403//2334 974//2334 973//2334 2402//2334
f 2404//2335 975//2335 974//2335 2403//2335
f 2405//2336 976//2336 975//2336 2404//2336
f 2406//2337 977//2337 976//2337 2405//2337
f 2407//2338 978//2338 977//2338 2406//2338
f 2408//2339 2409//2339 2349//2339 2348//2339
f 2409//2340 2399//2340 2340//2340 2349//2340
f 2410//2341 2400//2341 2399//2341 2409//2341
f 2411//2342 2401//2342 2400//2342 2410//2342
f 2412//2343 2402//2343 2401//2343 2411//2343
f 2413//2344 2403//2344 2402//2344 2412//2344
f 2414//2345 2404//2345 2403//2345 2413//2345
f 2415//2346 2405//2346 2404//2346 2414//2346
f 2416//2347 2406//2347 2405//2347 2415//2347
f 2417//2348 2407//2348 2406//2348 2416//2348
f 2418//2349 2408//2349 2348//2349 2357//2349
f 2419//2350 2409//2350 2408//2350 2418//2350
f 2420//2351 2410//2351 2409//2351 2419//2351
f 2421//2352 2411//2352 2410//2352 2420//2352
f 2422//2353 2412//2353 2411//2353 2421//2353
f 2423//2354 2424//2354 2422//2354 2421//2354
f 2424//2355 2413//2355 2412//2355 2422//2355
f 2425//2356 2414//2356 2413//2356 2424//2356
f 2426//2357 2415//2357 2414//2357 2425//2357
f 2427//2358 2416//2358 2415//2358 2426//2358
f 2428//2359 2417//2359 2416//2359 2427//2359
f 2429//2360 2418//2360 2357//2360 2366//2360
f 2430//2361 2419//2361 2418//2361 2429//2361
f 2431//2362 2432//2362 2430//2362 2429//2362
f 2432//2363 2420//2363 2419//2363 2430//2363
f 2433//2364 2421//2364 2420//2364 2432//2364
f 2434//2365 2423//2365 2421//2365 2433//2365
f 2435//2366 2424//2366 2423//2366 2434//2366
f 2436//2367 2437//2367 2435//2367 2434//2367
f 2437//2368 2425//2368 2424//2368 2435//2368
f 2438//2369 2426//2369 2425//2369 2437//2369
f 2439//2370 2427//2370 2426//2370 2438//2370
f 2440//2371 2428//2371 2427//2371 2439//2371
f 2441//2372 2429//2372 2366//2372 2375//2372
f 2442//2373 2431//2373 2429//2373 2441//2373
f 2443//2374 2432//2374 2431//2374 2442//2374
f 2444//2375 2445//2375 2443//2375 2442//2375
f 2445//2376 2433//2376 2432//2376 2443//2376
f 2446//2377 2434//2377 2433//2377 2445//2377
f 2447//2378 2436//2378 2434//2378 2446//2378
f 2448//2379 2437//2379 2436//2379 2447//2379
f 2449//2380 2450//2380 2448//2380 2447//2380
f 2450//2381 2438//2381 2437//2381 2448//2381
f 2451//2382 2452//2382 2450//2382 2449//2382
f 2452//2383 2439//2383 2438//2383 2450//2383
f 2453//2384 2454//2384 2452//2384 2451//2384
f 2454//2385 2440//2385 2439//2385 2452//2385
f 2455//2386 2456//2386 2385//2386 2384//2386
f 2456//2387 2441//2387 2375//2387 2385//2387
f 2457//2388 2442//2388 2441//2388 2456//2388
f 2458//2389 2444//2389 2442//2389 2457//2389
f 2459//2390 2445//2390 2444//2390 2458//2390
f 2460//2391 2461//2391 2459//2391 2458//2391
f 2461//2392 2446//2392 2445//2392 2459//2392
f 2462//2393 2447//2393 2446//2393 2461//2393
f 2463//2394 2449//2394 2447//2394 2462//2394
f 2464//2395 2451//2395 2449//2395 2463//2395
f 2465//2396 2453//2396 2451//2396 2464//2396
f 2466//2397 2454//2397 2453//2397 2465//2397
f 2467//2398 2455//2398 2384//2398 2392//2398
f 2468//2399 2456//2399 2455//2399 2467//2399
f 2469//2400 2470//2400 2468//2400 2467//2400
f 2470//2401 2457//2401 2456//2401 2468//2401
f 2471//2402 2472//2402 2470//2402 2469//2402
f 2472//2403 2458//2403 2457//2403 2470//2403
f 2473//2404 2460//2404 2458//2404 2472//2404
f 2474//2405 2461//2405 2460//2405 2473//2405
f 2475//2406 2476//2406 2474//2406 2473//2406
f 2476//2407 2462//2407 2461//2407 2474//2407
f 2477//2408 2478//2408 2476//2408 2475//2408
f 2478//2409 2463//2409 2462//2409 2476//2409
f 2479//2410 2464//2410 2463//2410 2478//2410
f 2480//2411 2465//2411 2464//2411 2479//2411
f 2481//2412 2482//2412 2398//2412 2397//2412
f 2482//2413 2467//2413 2392//2413 2398//2413
f 2483//2414 2484//2414 2482//2414 2481//2414
f 2484//2415 2469//2415 2467//2415 2482//2415
f 2485//2416 2471//2416 2469//2416 2484//2416
f 2486//2417 2472//2417 2471//2417 2485//2417
f 2487//2418 2488//2418 2486//2418 2485//2418
f 2488//2419 2473//2419 2472//2419 2486//2419
f 2489//2420 2475//2420 2473//2420 2488//2420
f 2490//2421 2477//2421 2475//2421 2489//2421
f 2491//2422 2478//2422 2477//2422 2490//2422
f 2492//2423 2493//2423 2491//2423 2490//2423
f 2493//2424 2479//2424 2478//2424 2491//2424
f 2494//2425 2495//2425 2493//2425 2492//2425
f 2495//2426 2480//2426 2479//2426 2493//2426
f 2497//2427 2316//2427 2315//2427 2496//2427
f 2498//2428 2317//2428 2316//2428 2497//2428
f 2499//2429 2318//2429 2317//2429 2498//2429
f 2500//2430 2319//2430 2318//2430 2499//2430
f 2501//2431 2321//2431 1914//2431 2029//2431
f 2321//2432 2501//2432 2496//2432 2315//2432
f 2501//2433 2502//2433 2497//2433 2496//2433
f 2502//2434 2503//2434 2498//2434 2497//2434
f 2503//2435 2504//2435 2499//2435 2498//2435
f 2504//2436 2505//2436 2500//2436 2499//2436
f 2505//2437 2322//2437 2319//2437 2500//2437
f 2506//2438 2323//2438 2322//2438 2505//2438
f 2507//2439 2508//2439 2506//2439 2505//2439
f 2508//2440 2326//2440 2323//2440 2506//2440
f 2509//2441 2327//2441 2326//2441 2508//2441
f 2510//2442 2328//2442 2327//2442 2509//2442
f 2511//2443 2512//2443 2509//2443 2508//2443
f 2512//2444 2513//2444 2510//2444 2509//2444
f 2513//2445 2329//2445 2328//2445 2510//2445
f 2514//2446 2515//2446 2513//2446 2512//2446
f 2515//2447 2330//2447 2329//2447 2513//2447
f 2517//2448 2501//2448 2029//2448 2044//2448
f 2518//2449 2502//2449 2501//2449 2517//2449
f 2519//2450 2503//2450 2502//2450 2518//2450
f 2520//2451 2504//2451 2503//2451 2519//2451
f 2521//2452 2505//2452 2504//2452 2520//2452
f 2050//2453 2522//2453 2517//2453 2044//2453
f 2522//2454 2523//2454 2518//2454 2517//2454
f 2523//2455 2524//2455 2519//2455 2518//2455
f 2524//2456 2525//2456 2520//2456 2519//2456
f 2525//2457 2526//2457 2521//2457 2520//2457
f 2526//2458 2507//2458 2505//2458 2521//2458
f 2527//2459 2508//2459 2507//2459 2526//2459
f 2528//2460 2529//2460 2526//2460 2525//2460
f 2529//2461 2530//2461 2527//2461 2526//2461
f 2530//2462 2511//2462 2508//2462 2527//2462
f 2531//2463 2512//2463 2511//2463 2530//2463
f 2532//2464 2533//2464 2531//2464 2530//2464
f 2533//2465 2514//2465 2512//2465 2531//2465
f 2534//2466 2515//2466 2514//2466 2533//2466
f 2535//2467 2536//2467 2534//2467 2533//2467
f 2536//2468 2516//2468 2515//2468 2534//2468
f 2537//2469 2522//2469 2050//2469 2063//2469
f 2538//2470 2523//2470 2522//2470 2537//2470
f 2539//2471 2524//2471 2523//2471 2538//2471
f 2540//2472 2525//2472 2524//2472 2539//2472
f 2069//2473 2541//2473 2537//2473 2063//2473
f 2541//2474 2542//2474 2538//2474 2537//2474
f 2542//2475 2543//2475 2539//2475 2538//2475
f 2543//2476 2544//2476 2540//2476 2539//2476
f 2544//2477 2528//2477 2525//2477 2540//2477
f 2545//2478 2529//2478 2528//2478 2544//2478
f 2546//2479 2530//2479 2529//2479 2545//2479
f 2547//2480 2548//2480 2543//2480 2542//2480
f 2548//2481 2549//2481 2544//2481 2543//2481
f 2549//2482 2550//2482 2545//2482 2544//2482
f 2550//2483 2551//2483 2546//2483 2545//2483
f 2551//2484 2532//2484 2530//2484 2546//2484
f 2552//2485 2533//2485 2532//2485 2551//2485
f 2553//2486 2554//2486 2551//2486 2550//2486
f 2554//2487 2555//2487 2552//2487 2551//2487
f 2555//2488 2535//2488 2533//2488 2552//2488
f 2556//2489 2536//2489 2535//2489 2555//2489
f 2557//2490 2541//2490 2069//2490 2082//2490
f 2558//2491 2542//2491 2541//2491 2557//2491
f 2086//2492 2559//2492 2557//2492 2082//2492
f 2559//2493 2560//2493 2558//2493 2557//2493
f 2560//2494 2547//2494 2542//2494 2558//2494
f 2561//2495 2548//2495 2547//2495 2560//2495
f 2562//2496 2549//2496 2548//2496 2561//2496
f 2563//2497 2550//2497 2549//2497 2562//2497
f 2092//2498 2564//2498 2559//2498 2086//2498
f 2564//2499 2565//2499 2560//2499 2559//2499
f 2565//2500 2566//2500 2561//2500 2560//2500
f 2566//2501 2567//2501 2562//2501 2561//2501
f 2567//2502 2568//2502 2563//2502 2562//2502
f 2568//2503 2553//2503 2550//2503 2563//2503
f 2569//2504 2554//2504 2553//2504 2568//2504
f 2570//2505 2564//2505 2092//2505 2095//2505
f 2571//2506 2565//2506 2564//2506 2570//2506
f 2572//2507 2566//2507 2565//2507 2571//2507
f 2573//2508 2394//2508 2330//2508 2515//2508
f 2516//2509 2574//2509 2573//2509 2515//2509
f 2574//2510 2396//2510 2394//2510 2573//2510
f 2575//2511 2397//2511 2396//2511 2574//2511
f 2576//2512 2574//2512 2516//2512 2536//2512
f 2579//2513 2580//2513 2555//2513 2554//2513
f 2580//2514 2581//2514 2556//2514 2555//2514
f 2581//2515 2577//2515 2536//2515 2556//2515
f 2582//2516 2583//2516 2581//2516 2580//2516
f 2583//2517 2578//2517 2577//2517 2581//2517
f 2586//2518 2587//2518 2567//2518 2566//2518
f 2587//2519 2588//2519 2568//2519 2567//2519
f 2588//2520 2589//2520 2569//2520 2568//2520
f 2589//2521 2579//2521 2554//2521 2569//2521
f 2590//2522 2580//2522 2579//2522 2589//2522
f 2591//2523 2592//2523 2589//2523 2588//2523
f 2592//2524 2593//2524 2590//2524 2589//2524
f 2593//2525 2582//2525 2580//2525 2590//2525
f 2594//2526 2583//2526 2582//2526 2593//2526
f 2595//2527 2596//2527 2593//2527 2592//2527
f 2596//2528 2597//2528 2594//2528 2593//2528
f 2597//2529 2584//2529 2583//2529 2594//2529
f 2598//2530 2599//2530 2597//2530 2596//2530
f 2599//2531 2585//2531 2584//2531 2597//2531
f 2600//2532 2601//2532 2599//2532 2598//2532
f 2182//2533 2605//2533 2570//2533 2095//2533
f 2605//2534 2606//2534 2571//2534 2570//2534
f 2606//2535 2607//2535 2572//2535 2571//2535
f 2607//2536 2586//2536 2566//2536 2572//2536
f 2608//2537 2587//2537 2586//2537 2607//2537
f 2609//2538 2588//2538 2587//2538 2608//2538
f 2188//2539 2610//2539 2605//2539 2182//2539
f 2610//2540 2611//2540 2606//2540 2605//2540
f 2611//2541 2612//2541 2607//2541 2606//2541
f 2612//2542 2613//2542 2608//2542 2607//2542
f 2613//2543 2614//2543 2609//2543 2608//2543
f 2614//2544 2591//2544 2588//2544 2609//2544
f 2615//2545 2592//2545 2591//2545 2614//2545
f 2195//2546 2616//2546 2610//2546 2188//2546
f 2616//2547 2617//2547 2611//2547 2610//2547
f 2617//2548 2618//2548 2612//2548 2611//2548
f 2618//2549 2619//2549 2613//2549 2612//2549
f 2619//2550 2620//2550 2614//2550 2613//2550
f 2620//2551 2621//2551 2615//2551 2614//2551
f 2621//2552 2595//2552 2592//2552 2615//2552
f 2622//2553 2596//2553 2595//2553 2621//2553
f 2623//2554 2624//2554 2620//2554 2619//2554
f 2624//2555 2625//2555 2621//2555 2620//2555
f 2625//2556 2626//2556 2622//2556 2621//2556
f 2626//2557 2598//2557 2596//2557 2622//2557
f 2627//2558 2628//2558 2625//2558 2624//2558
f 2628//2559 2629//2559 2626//2559 2625//2559
f 2629//2560 2600//2560 2598//2560 2626//2560
f 2630//2561 2601//2561 2600//2561 2629//2561
f 2631//2562 2632//2562 2628//2562 2627//2562
f 2632//2563 2633//2563 2629//2563 2628//2563
f 2633//2564 2634//2564 2630//2564 2629//2564
f 2634//2565 2602//2565 2601//2565 2630//2565
f 2635//2566 2636//2566 2632//2566 2631//2566
f 2636//2567 2637//2567 2633//2567 2632//2567
f 2637//2568 2638//2568 2634//2568 2633//2568
f 2638//2569 2603//2569 2602//2569 2634//2569
f 2639//2570 2640//2570 2637//2570 2636//2570
f 2640//2571 2641//2571 2638//2571 2637//2571
f 2641//2572 2604//2572 2603//2572 2638//2572
f 2642//2573 2616//2573 2195//2573 2217//2573
f 2643//2574 2617//2574 2616//2574 2642//2574
f 2644//2575 2618//2575 2617//2575 2643//2575
f 2645//2576 2619//2576 2618//2576 2644//2576
f 2222//2577 2646//2577 2642//2577 2217//2577
f 2646//2578 2647//2578 2643//2578 2642//2578
f 2647//2579 2648//2579 2644//2579 2643//2579
f 2648//2580 2649//2580 2645//2580 2644//2580
f 2649//2581 2623//2581 2619//2581 2645//2581
f 2650//2582 2624//2582 2623//2582 2649//2582
f 2227//2583 2651//2583 2646//2583 2222//2583
f 2651//2584 2652//2584 2647//2584 2646//2584
f 2652//2585 2653//2585 2648//2585 2647//2585
f 2653//2586 2654//2586 2649//2586 2648//2586
f 2654//2587 2655//2587 2650//2587 2649//2587
f 2655//2588 2627//2588 2624//2588 2650//2588
f 2233//2589 2656//2589 2651//2589 2227//2589
f 2656//2590 2657//2590 2652//2590 2651//2590
f 2657//2591 2658//2591 2653//2591 2652//2591
f 2658//2592 2659//2592 2654//2592 2653//2592
f 2659//2593 2660//2593 2655//2593 2654//2593
f 2660//2594 2631//2594 2627//2594 2655//2594
f 2239//2595 2661//2595 2656//2595 2233//2595
f 2661//2596 2662//2596 2657//2596 2656//2596
f 2662//2597 2663//2597 2658//2597 2657//2597
f 2663//2598 2664//2598 2659//2598 2658//2598
f 2664//2599 2665//2599 2660//2599 2659//2599
f 2665//2600 2635//2600 2631//2600 2660//2600
f 2666//2601 2636//2601 2635//2601 2665//2601
f 2245//2602 2667//2602 2661//2602 2239//2602
f 2667//2603 2668//2603 2662//2603 2661//2603
f 2668//2604 2669//2604 2663//2604 2662//2604
f 2669//2605 2670//2605 2664//2605 2663//2605
f 2670//2606 2671//2606 2665//2606 2664//2606
f 2671//2607 2672//2607 2666//2607 2665//2607
f 2672//2608 2639//2608 2636//2608 2666//2608
f 2673//2609 2674//2609 2575//2609 2574//2609
f 2674//2610 2481//2610 2397//2610 2575//2610
f 2675//2611 2483//2611 2481//2611 2674//2611
f 2676//2612 2484//2612 2483//2612 2675//2612
f 2677//2613 2678//2613 2676//2613 2675//2613
f 2678//2614 2485//2614 2484//2614 2676//2614
f 2679//2615 2487//2615 2485//2615 2678//2615
f 2680//2616 2488//2616 2487//2616 2679//2616
f 2681//2617 2682//2617 2680//2617 2679//2617
f 2682//2618 2489//2618 2488//2618 2680//2618
f 2683//2619 2684//2619 2682//2619 2681//2619
f 2684//2620 2490//2620 2489//2620 2682//2620
f 2685//2621 2686//2621 2684//2621 2683//2621
f 2686//2622 2492//2622 2490//2622 2684//2622
f 2687//2623 2688//2623 2686//2623 2685//2623
f 2688//2624 2494//2624 2492//2624 2686//2624
f 2577//2625 2689//2625 2576//2625 2536//2625
f 2689//2626 2673//2626 2574//2626 2576//2626
f 2690//2627 2674//2627 2673//2627 2689//2627
f 2578//2628 2691//2628 2689//2628 2577//2628
f 2691//2629 2692//2629 2690//2629 2689//2629
f 2692//2630 2675//2630 2674//2630 2690//2630
f 2693//2631 2694//2631 2692//2631 2691//2631
f 2694//2632 2677//2632 2675//2632 2692//2632
f 2695//2633 2678//2633 2677//2633 2694//2633
f 2696//2634 2697//2634 2695//2634 2694//2634
f 2697//2635 2679//2635 2678//2635 2695//2635
f 2698//2636 2699//2636 2697//2636 2696//2636
f 2699//2637 2681//2637 2679//2637 2697//2637
f 2700//2638 2701//2638 2699//2638 2698//2638
f 2701//2639 2683//2639 2681//2639 2699//2639
f 2702//2640 2703//2640 2701//2640 2700//2640
f 2703//2641 2685//2641 2683//2641 2701//2641
f 2704//2642 2687//2642 2685//2642 2703//2642
f 2705//2643 2691//2643 2578//2643 2583//2643
f 2584//2644 2706//2644 2705//2644 2583//2644
f 2706//2645 2693//2645 2691//2645 2705//2645
f 2707//2646 2694//2646 2693//2646 2706//2646
f 2585//2647 2708//2647 2706//2647 2584//2647
f 2708//2648 2709//2648 2707//2648 2706//2648
f 2709//2649 2696//2649 2694//2649 2707//2649
f 2710//2650 2711//2650 2709//2650 2708//2650
f 2711//2651 2698//2651 2696//2651 2709//2651
f 2712//2652 2713//2652 2711//2652 2710//2652
f 2713//2653 2700//2653 2698//2653 2711//2653
f 2714//2654 2715//2654 2713//2654 2712//2654
f 2715//2655 2702//2655 2700//2655 2713//2655
f 2716//2656 2703//2656 2702//2656 2715//2656
f 2717//2657 2718//2657 2715//2657 2714//2657
f 2718//2658 2719//2658 2716//2658 2715//2658
f 2719//2659 2704//2659 2703//2659 2716//2659
f 2720//2660 2708//2660 2585//2660 2599//2660
f 2601//2661 2721//2661 2720//2661 2599//2661
f 2721//2662 2710//2662 2708//2662 2720//2662
f 2602//2663 2722//2663 2721//2663 2601//2663
f 2722//2664 2712//2664 2710//2664 2721//2664
f 2603//2665 2723//2665 2722//2665 2602//2665
f 2723//2666 2714//2666 2712//2666 2722//2666
f 2604//2667 2724//2667 2723//2667 2603//2667
f 2724//2668 2717//2668 2714//2668 2723//2668
f 1255//2669 2725//2669 1928//2669 489//2669
f 1256//2670 2726//2670 2725//2670 1255//2670
f 1257//2671 2727//2671 2726//2671 1256//2671
f 1258//2672 2728//2672 2727//2672 1257//2672
f 1259//2673 2729//2673 2728//2673 1258//2673
f 1260//2674 2730//2674 2729//2674 1259//2674
f 1261//2675 2731//2675 2730//2675 1260//2675
f 1262//2676 2732//2676 2731//2676 1261//2676
f 1263//2677 2733//2677 2732//2677 1262//2677
f 1264//2678 2734//2678 2733//2678 1263//2678
f 1265//2679 2735//2679 2734//2679 1264//2679
f 1266//2680 2736//2680 2735//2680 1265//2680
f 2725//2681 2737//2681 1938//2681 1928//2681
f 2726//2682 2738//2682 2737//2682 2725//2682
f 2727//2683 2739//2683 2738//2683 2726//2683
f 2728//2684 2740//2684 2739//2684 2727//2684
f 2729//2685 2741//2685 2740//2685 2728//2685
f 2730//2686 2742//2686 2741//2686 2729//2686
f 2731//2687 2743//2687 2742//2687 2730//2687
f 2732//2688 2744//2688 2743//2688 2731//2688
f 2733//2689 2745//2689 2744//2689 2732//2689
f 2734//2690 2746//2690 2745//2690 2733//2690
f 2735//2691 2747//2691 2746//2691 2734//2691
f 2737//2692 2749//2692 1948//2692 1938//2692
f 2738//2693 2750//2693 2749//2693 2737//2693
f 2739//2694 2751//2694 2750//2694 2738//2694
f 2740//2695 2752//2695 2751//2695 2739//2695
f 2741//2696 2754//2696 2752//2696 2740//2696
f 2754//2697 2755//2697 2753//2697 2752//2697
f 2742//2698 2755//2698 2754//2698 2741//2698
f 2743//2699 2756//2699 2755//2699 2742//2699
f 2744//2700 2758//2700 2756//2700 2743//2700
f 2758//2701 2759//2701 2757//2701 2756//2701
f 2745//2702 2759//2702 2758//2702 2744//2702
f 2746//2703 2761//2703 2759//2703 2745//2703
f 2761//2704 2762//2704 2760//2704 2759//2704
f 2747//2705 2762//2705 2761//2705 2746//2705
f 2748//2706 2763//2706 2762//2706 2747//2706
f 2749//2707 2764//2707 1959//2707 1948//2707
f 2750//2708 2765//2708 2764//2708 2749//2708
f 2751//2709 2766//2709 2765//2709 2750//2709
f 2752//2710 2767//2710 2766//2710 2751//2710
f 2753//2711 2768//2711 2767//2711 2752//2711
f 2755//2712 2769//2712 2768//2712 2753//2712
f 2756//2713 2770//2713 2769//2713 2755//2713
f 2757//2714 2771//2714 2770//2714 2756//2714
f 2759//2715 2772//2715 2771//2715 2757//2715
f 2760//2716 2773//2716 2772//2716 2759//2716
f 2762//2717 2774//2717 2773//2717 2760//2717
f 2763//2718 2775//2718 2774//2718 2762//2718
f 2764//2719 2776//2719 1972//2719 1959//2719
f 2765//2720 2777//2720 2776//2720 2764//2720
f 2766//2721 2779//2721 2777//2721 2765//2721
f 2779//2722 2780//2722 2778//2722 2777//2722
f 2767//2723 2781//2723 2779//2723 2766//2723
f 2781//2724 2782//2724 2780//2724 2779//2724
f 2768//2725 2782//2725 2781//2725 2767//2725
f 2769//2726 2783//2726 2782//2726 2768//2726
f 2770//2727 2785//2727 2783//2727 2769//2727
f 2785//2728 2786//2728 2784//2728 2783//2728
f 2771//2729 2786//2729 2785//2729 2770//2729
f 2772//2730 2787//2730 2786//2730 2771//2730
f 2773//2731 2788//2731 2787//2731 2772//2731
f 2774//2732 2789//2732 2788//2732 2773//2732
f 2775//2733 2790//2733 2789//2733 2774//2733
f 2776//2734 2792//2734 1986//2734 1972//2734
f 2792//2735 2793//2735 1987//2735 1986//2735
f 2777//2736 2794//2736 2792//2736 2776//2736
f 2794//2737 2795//2737 2793//2737 2792//2737
f 2778//2738 2795//2738 2794//2738 2777//2738
f 2780//2739 2796//2739 2795//2739 2778//2739
f 2782//2740 2797//2740 2796//2740 2780//2740
f 2783//2741 2799//2741 2797//2741 2782//2741
f 2799//2742 2800//2742 2798//2742 2797//2742
f 2784//2743 2800//2743 2799//2743 2783//2743
f 2786//2744 2801//2744 2800//2744 2784//2744
f 2787//2745 2803//2745 2801//2745 2786//2745
f 2803//2746 2804//2746 2802//2746 2801//2746
f 2788//2747 2804//2747 2803//2747 2787//2747
f 2789//2748 2806//2748 2804//2748 2788//2748
f 2806//2749 2807//2749 2805//2749 2804//2749
f 2790//2750 2807//2750 2806//2750 2789//2750
f 2791//2751 2808//2751 2807//2751 2790//2751
f 2793//2752 2809//2752 1999//2752 1987//2752
f 2795//2753 2810//2753 2809//2753 2793//2753
f 2796//2754 2811//2754 2810//2754 2795//2754
f 2797//2755 2813//2755 2811//2755 2796//2755
f 2813//2756 2814//2756 2812//2756 2811//2756
f 2798//2757 2814//2757 2813//2757 2797//2757
f 2800//2758 2815//2758 2814//2758 2798//2758
f 2801//2759 2817//2759 2815//2759 2800//2759
f 2817//2760 2818//2760 2816//2760 2815//2760
f 2802//2761 2818//2761 2817//2761 2801//2761
f 2804//2762 2819//2762 2818//2762 2802//2762
f 2805//2763 2820//2763 2819//2763 2804//2763
f 2807//2764 2822//2764 2820//2764 2805//2764
f 2822//2765 2823//2765 2821//2765 2820//2765
f 2808//2766 2823//2766 2822//2766 2807//2766
f 2809//2767 2824//2767 2015//2767 1999//2767
f 2824//2768 2825//2768 2016//2768 2015//2768
f 2810//2769 2826//2769 2824//2769 2809//2769
f 2826//2770 2827//2770 2825//2770 2824//2770
f 2811//2771 2828//2771 2826//2771 2810//2771
f 2828//2772 2829//2772 2827//2772 2826//2772
f 2812//2773 2829//2773 2828//2773 2811//2773
f 2814//2774 2830//2774 2829//2774 2812//2774
f 2815//2775 2832//2775 2830//2775 2814//2775
f 2832//2776 2833//2776 2831//2776 2830//2776
f 2816//2777 2833//2777 2832//2777 2815//2777
f 2818//2778 2834//2778 2833//2778 2816//2778
f 2819//2779 2836//2779 2834//2779 2818//2779
f 2836//2780 2837//2780 2835//2780 2834//2780
f 2820//2781 2837//2781 2836//2781 2819//2781
f 2821//2782 2838//2782 2837//2782 2820//2782
f 2823//2783 2839//2783 2838//2783 2821//2783
f 1294//2784 2843//2784 2842//2784 1293//2784
f 2843//2785 2844//2785 2841//2785 2840//2785
f 1295//2786 2844//2786 2843//2786 1294//2786
f 1297//2787 2846//2787 2845//2787 1296//2787
f 1298//2788 2847//2788 2846//2788 1297//2788
f 2847//2789 1298//2789 1293//2789 2842//2789
f 1299//2790 2848//2790 2844//2790 1295//2790
f 2841//2791 2850//2791 2849//2791 2840//2791
f 2843//2792 2852//2792 2851//2792 2842//2792
f 2852//2793 2843//2793 2840//2793 2849//2793
f 2853//2794 2852//2794 2849//2794 2850//2794
f 2844//2795 2853//2795 2850//2795 2841//2795
f 2846//2796 2855//2796 2854//2796 2845//2796
f 2847//2797 2856//2797 2855//2797 2846//2797
f 2856//2798 2847//2798 2842//2798 2851//2798
f 2857//2799 2856//2799 2851//2799 2852//2799
f 2853//2800 2859//2800 2858//2800 2852//2800
f 2856//2801 2861//2801 2860//2801 2855//2801
f 2857//2802 2862//2802 2861//2802 2856//2802
f 2862//2803 2857//2803 2852//2803 2858//2803
f 2863//2804 2862//2804 2858//2804 2859//2804
f 2862//2805 2865//2805 2864//2805 2861//2805
f 2863//2806 2866//2806 2865//2806 2862//2806
f 2866//2807 2868//2807 2867//2807 2865//2807
f 2869//2808 2870//2808 2839//2808 2823//2808
f 2874//2809 2873//2809 2735//2809 2736//2809
f 1308//2810 2874//2810 2736//2810 1266//2810
f 1309//2811 2875//2811 2874//2811 1308//2811
f 2873//2812 2876//2812 2747//2812 2735//2812
f 2876//2813 2877//2813 2748//2813 2747//2813
f 2874//2814 2877//2814 2876//2814 2873//2814
f 2875//2815 2878//2815 2877//2815 2874//2815
f 2877//2816 2879//2816 2763//2816 2748//2816
f 2878//2817 2880//2817 2879//2817 2877//2817
f 2879//2818 2881//2818 2775//2818 2763//2818
f 2880//2819 2882//2819 2881//2819 2879//2819
f 2881//2820 2883//2820 2790//2820 2775//2820
f 2883//2821 2884//2821 2791//2821 2790//2821
f 2882//2822 2884//2822 2883//2822 2881//2822
f 2884//2823 2885//2823 2808//2823 2791//2823
f 2885//2824 2886//2824 2823//2824 2808//2824
f 1358//2825 2887//2825 2875//2825 1309//2825
f 1359//2826 2888//2826 2887//2826 1358//2826
f 1360//2827 2889//2827 2888//2827 1359//2827
f 1361//2828 2890//2828 2889//2828 1360//2828
f 2890//2829 1361//2829 1296//2829 2845//2829
f 1362//2830 2891//2830 2848//2830 1299//2830
f 1363//2831 2892//2831 2891//2831 1362//2831
f 2887//2832 2893//2832 2878//2832 2875//2832
f 2888//2833 2894//2833 2893//2833 2887//2833
f 2889//2834 2895//2834 2894//2834 2888//2834
f 2890//2835 2896//2835 2895//2835 2889//2835
f 2896//2836 2890//2836 2845//2836 2854//2836
f 2897//2837 2896//2837 2854//2837 2855//2837
f 2893//2838 2898//2838 2880//2838 2878//2838
f 2894//2839 2899//2839 2898//2839 2893//2839
f 2895//2840 2900//2840 2899//2840 2894//2840
f 2896//2841 2901//2841 2900//2841 2895//2841
f 2897//2842 2902//2842 2901//2842 2896//2842
f 2902//2843 2897//2843 2855//2843 2860//2843
f 2903//2844 2902//2844 2860//2844 2861//2844
f 2898//2845 2904//2845 2882//2845 2880//2845
f 2899//2846 2905//2846 2904//2846 2898//2846
f 2900//2847 2906//2847 2905//2847 2899//2847
f 2901//2848 2907//2848 2906//2848 2900//2848
f 2902//2849 2908//2849 2907//2849 2901//2849
f 2903//2850 2909//2850 2908//2850 2902//2850
f 2909//2851 2903//2851 2861//2851 2864//2851
f 2910//2852 2909//2852 2864//2852 2865//2852
f 2904//2853 2911//2853 2884//2853 2882//2853
f 2905//2854 2912//2854 2911//2854 2904//2854
f 2906//2855 2913//2855 2912//2855 2905//2855
f 2907//2856 2914//2856 2913//2856 2906//2856
f 2908//2857 2915//2857 2914//2857 2907//2857
f 2909//2858 2916//2858 2915//2858 2908//2858
f 2910//2859 2917//2859 2916//2859 2909//2859
f 2917//2860 2910//2860 2865//2860 2867//2860
f 2918//2861 2917//2861 2867//2861 2868//2861
f 2911//2862 2919//2862 2885//2862 2884//2862
f 2912//2863 2920//2863 2919//2863 2911//2863
f 2913//2864 2921//2864 2920//2864 2912//2864
f 2914//2865 2922//2865 2921//2865 2913//2865
f 2915//2866 2923//2866 2922//2866 2914//2866
f 2916//2867 2924//2867 2923//2867 2915//2867
f 2917//2868 2925//2868 2924//2868 2916//2868
f 2918//2869 2926//2869 2925//2869 2917//2869
f 2886//2870 2927//2870 2869//2870 2823//2870
f 2919//2871 2927//2871 2886//2871 2885//2871
f 2920//2872 2928//2872 2927//2872 2919//2872
f 2921//2873 2929//2873 2928//2873 2920//2873
f 2922//2874 2930//2874 2929//2874 2921//2874
f 2923//2875 2931//2875 2930//2875 2922//2875
f 2924//2876 2932//2876 2931//2876 2923//2876
f 2925//2877 2933//2877 2932//2877 2924//2877
f 2926//2878 2934//2878 2933//2878 2925//2878
f 2927//2879 2935//2879 2870//2879 2869//2879
f 2935//2880 2936//2880 2871//2880 2870//2880
f 2928//2881 2936//2881 2935//2881 2927//2881
f 2936//2882 2937//2882 2872//2882 2871//2882
f 2929//2883 2937//2883 2936//2883 2928//2883
f 2930//2884 2938//2884 2937//2884 2929//2884
f 2931//2885 2939//2885 2938//2885 2930//2885
f 2932//2886 2940//2886 2939//2886 2931//2886
f 2933//2887 2941//2887 2940//2887 2932//2887
f 2934//2888 2942//2888 2941//2888 2933//2888
f 2825//2889 2943//2889 2110//2889 2016//2889
f 2827//2890 2944//2890 2943//2890 2825//2890
f 2829//2891 2946//2891 2944//2891 2827//2891
f 2946//2892 2947//2892 2945//2892 2944//2892
f 2830//2893 2948//2893 2946//2893 2829//2893
f 2948//2894 2949//2894 2947//2894 2946//2894
f 2831//2895 2949//2895 2948//2895 2830//2895
f 2833//2896 2951//2896 2949//2896 2831//2896
f 2951//2897 2952//2897 2950//2897 2949//2897
f 2834//2898 2953//2898 2951//2898 2833//2898
f 2953//2899 2954//2899 2952//2899 2951//2899
f 2835//2900 2954//2900 2953//2900 2834//2900
f 2837//2901 2956//2901 2954//2901 2835//2901
f 2956//2902 2957//2902 2955//2902 2954//2902
f 2838//2903 2957//2903 2956//2903 2837//2903
f 2839//2904 2958//2904 2957//2904 2838//2904
f 2943//2905 2959//2905 2126//2905 2110//2905
f 2959//2906 2960//2906 2127//2906 2126//2906
f 2944//2907 2961//2907 2959//2907 2943//2907
f 2961//2908 2962//2908 2960//2908 2959//2908
f 2945//2909 2962//2909 2961//2909 2944//2909
f 2947//2910 2964//2910 2962//2910 2945//2910
f 2964//2911 2965//2911 2963//2911 2962//2911
f 2949//2912 2966//2912 2964//2912 2947//2912
f 2966//2913 2967//2913 2965//2913 2964//2913
f 2950//2914 2967//2914 2966//2914 2949//2914
f 2952//2915 2969//2915 2967//2915 2950//2915
f 2969//2916 2970//2916 2968//2916 2967//2916
f 2954//2917 2971//2917 2969//2917 2952//2917
f 2971//2918 2972//2918 2970//2918 2969//2918
f 2955//2919 2972//2919 2971//2919 2954//2919
f 2957//2920 2973//2920 2972//2920 2955//2920
f 2960//2921 2974//2921 2141//2921 2127//2921
f 2974//2922 2975//2922 2142//2922 2141//2922
f 2962//2923 2977//2923 2974//2923 2960//2923
f 2977//2924 2978//2924 2975//2924 2974//2924
f 2963//2925 2978//2925 2977//2925 2962//2925
f 2978//2926 2979//2926 2976//2926 2975//2926
f 2965//2927 2980//2927 2978//2927 2963//2927
f 2980//2928 2981//2928 2979//2928 2978//2928
f 2967//2929 2982//2929 2980//2929 2965//2929
f 2982//2930 2983//2930 2981//2930 2980//2930
f 2968//2931 2983//2931 2982//2931 2967//2931
f 2970//2932 2984//2932 2983//2932 2968//2932
f 2972//2933 2985//2933 2984//2933 2970//2933
f 2975//2934 2986//2934 2148//2934 2142//2934
f 2986//2935 2987//2935 2149//2935 2148//2935
f 2976//2936 2987//2936 2986//2936 2975//2936
f 2979//2937 2988//2937 2987//2937 2976//2937
f 2981//2938 2989//2938 2988//2938 2979//2938
f 2983//2939 2990//2939 2989//2939 2981//2939
f 2958//2940 2993//2940 2991//2940 2957//2940
f 2870//2941 2993//2941 2958//2941 2839//2941
f 2993//2942 2994//2942 2992//2942 2991//2942
f 2871//2943 2994//2943 2993//2943 2870//2943
f 2872//2944 2995//2944 2994//2944 2871//2944
f 2973//2945 2998//2945 2997//2945 2972//2945
f 2991//2946 2998//2946 2973//2946 2957//2946
f 2992//2947 2999//2947 2998//2947 2991//2947
f 2994//2948 3001//2948 2999//2948 2992//2948
f 3001//2949 3002//2949 3000//2949 2999//2949
f 2995//2950 3002//2950 3001//2950 2994//2950
f 2996//2951 3003//2951 3002//2951 2995//2951
f 2984//2952 3007//2952 3006//2952 2983//2952
f 2985//2953 3009//2953 3007//2953 2984//2953
f 2997//2954 3009//2954 2985//2954 2972//2954
f 3009//2955 3010//2955 3008//2955 3007//2955
f 2998//2956 3012//2956 3009//2956 2997//2956
f 3012//2957 3013//2957 3010//2957 3009//2957
f 2999//2958 3013//2958 3012//2958 2998//2958
f 3013//2959 3014//2959 3011//2959 3010//2959
f 3000//2960 3014//2960 3013//2960 2999//2960
f 3002//2961 3017//2961 3014//2961 3000//2961
f 3017//2962 3018//2962 3015//2962 3014//2962
f 3003//2963 3018//2963 3017//2963 3002//2963
f 3018//2964 3019//2964 3016//2964 3015//2964
f 3004//2965 3019//2965 3018//2965 3003//2965
f 3005//2966 3020//2966 3019//2966 3004//2966
f 2987//2967 3023//2967 2177//2967 2149//2967
f 2988//2968 3024//2968 3023//2968 2987//2968
f 2989//2969 3025//2969 3024//2969 2988//2969
f 2990//2970 3027//2970 3025//2970 2989//2970
f 3006//2971 3027//2971 2990//2971 2983//2971
f 3027//2972 3028//2972 3026//2972 3025//2972
f 3007//2973 3029//2973 3027//2973 3006//2973
f 3029//2974 3030//2974 3028//2974 3027//2974
f 3008//2975 3030//2975 3029//2975 3007//2975
f 3010//2976 3033//2976 3030//2976 3008//2976
f 3033//2977 3034//2977 3031//2977 3030//2977
f 3011//2978 3034//2978 3033//2978 3010//2978
f 3034//2979 3035//2979 3032//2979 3031//2979
f 3014//2980 3037//2980 3034//2980 3011//2980
f 3037//2981 3038//2981 3035//2981 3034//2981
f 3015//2982 3038//2982 3037//2982 3014//2982
f 3038//2983 3039//2983 3036//2983 3035//2983
f 3016//2984 3039//2984 3038//2984 3015//2984
f 3019//2985 3043//2985 3039//2985 3016//2985
f 3043//2986 3044//2986 3040//2986 3039//2986
f 3020//2987 3044//2987 3043//2987 3019//2987
f 3044//2988 3045//2988 3041//2988 3040//2988
f 3021//2989 3045//2989 3044//2989 3020//2989
f 3045//2990 3046//2990 3042//2990 3041//2990
f 3022//2991 3046//2991 3045//2991 3021//2991
f 3023//2992 3047//2992 2211//2992 2177//2992
f 3047//2993 3048//2993 2212//2993 2211//2993
f 3048//2994 3049//2994 2213//2994 2212//2994
f 3024//2995 3050//2995 3047//2995 3023//2995
f 3050//2996 3051//2996 3048//2996 3047//2996
f 3051//2997 3052//2997 3049//2997 3048//2997
f 3025//2998 3053//2998 3050//2998 3024//2998
f 3053//2999 3054//2999 3051//2999 3050//2999
f 3026//3000 3054//3000 3053//3000 3025//3000
f 3054//3001 3055//3001 3052//3001 3051//3001
f 3028//3002 3057//3002 3054//3002 3026//3002
f 3057//3003 3058//3003 3055//3003 3054//3003
f 3058//3004 3059//3004 3056//3004 3055//3004
f 3030//3005 3061//3005 3057//3005 3028//3005
f 3061//3006 3062//3006 3058//3006 3057//3006
f 3031//3007 3062//3007 3061//3007 3030//3007
f 3062//3008 3063//3008 3059//3008 3058//3008
f 3032//3009 3063//3009 3062//3009 3031//3009
f 3063//3010 3064//3010 3060//3010 3059//3010
f 3035//3011 3068//3011 3063//3011 3032//3011
f 3068//3012 3069//3012 3064//3012 3063//3012
f 3036//3013 3069//3013 3068//3013 3035//3013
f 3069//3014 3070//3014 3065//3014 3064//3014
f 3070//3015 3071//3015 3066//3015 3065//3015
f 3071//3016 3072//3016 3067//3016 3066//3016
f 3039//3017 3073//3017 3069//3017 3036//3017
f 3073//3018 3074//3018 3070//3018 3069//3018
f 3040//3019 3074//3019 3073//3019 3039//3019
f 3074//3020 3075//3020 3071//3020 3070//3020
f 3041//3021 3075//3021 3074//3021 3040//3021
f 3075//3022 3076//3022 3072//3022 3071//3022
f 3042//3023 3076//3023 3075//3023 3041//3023
f 3049//3024 3077//3024 2240//3024 2213//3024
f 3077//3025 3078//3025 2241//3025 2240//3025
f 3078//3026 3079//3026 2242//3026 2241//3026
f 3079//3027 3080//3027 2243//3027 2242//3027
f 3080//3028 3081//3028 2244//3028 2243//3028
f 3081//3029 3082//3029 2245//3029 2244//3029
f 3052//3030 3083//3030 3077//3030 3049//3030
f 3083//3031 3084//3031 3078//3031 3077//3031
f 3084//3032 3085//3032 3079//3032 3078//3032
f 3085//3033 3086//3033 3080//3033 3079//3033
f 3086//3034 3087//3034 3081//3034 3080//3034
f 3087//3035 3088//3035 3082//3035 3081//3035
f 3055//3036 3089//3036 3083//3036 3052//3036
f 3089//3037 3090//3037 3084//3037 3083//3037
f 3056//3038 3090//3038 3089//3038 3055//3038
f 3090//3039 3091//3039 3085//3039 3084//3039
f 3091//3040 3092//3040 3086//3040 3085//3040
f 3092//3041 3093//3041 3087//3041 3086//3041
f 3093//3042 3094//3042 3088//3042 3087//3042
f 3059//3043 3095//3043 3090//3043 3056//3043
f 3095//3044 3096//3044 3091//3044 3090//3044
f 3060//3045 3096//3045 3095//3045 3059//3045
f 3096//3046 3097//3046 3092//3046 3091//3046
f 3097//3047 3098//3047 3093//3047 3092//3047
f 3098//3048 3099//3048 3094//3048 3093//3048
f 3064//3049 3100//3049 3096//3049 3060//3049
f 3100//3050 3101//3050 3097//3050 3096//3050
f 3065//3051 3101//3051 3100//3051 3064//3051
f 3101//3052 3102//3052 3098//3052 3097//3052
f 3066//3053 3102//3053 3101//3053 3065//3053
f 3102//3054 3103//3054 3099//3054 3098//3054
f 3067//3055 3103//3055 3102//3055 3066//3055
f 2937//3056 3104//3056 2995//3056 2872//3056
f 3104//3057 3105//3057 2996//3057 2995//3057
f 2938//3058 3105//3058 3104//3058 2937//3058
f 2939//3059 3106//3059 3105//3059 2938//3059
f 2940//3060 3107//3060 3106//3060 2939//3060
f 2941//3061 3108//3061 3107//3061 2940//3061
f 2942//3062 3109//3062 3108//3062 2941//3062
f 3105//3063 3110//3063 3003//3063 2996//3063
f 3110//3064 3111//3064 3004//3064 3003//3064
f 3106//3065 3111//3065 3110//3065 3105//3065
f 3111//3066 3112//3066 3005//3066 3004//3066
f 3107//3067 3112//3067 3111//3067 3106//3067
f 3108//3068 3113//3068 3112//3068 3107//3068
f 3109//3069 3114//3069 3113//3069 3108//3069
f 3112//3070 3115//3070 3020//3070 3005//3070
f 3115//3071 3116//3071 3021//3071 3020//3071
f 3113//3072 3116//3072 3115//3072 3112//3072
f 3116//3073 3117//3073 3022//3073 3021//3073
f 3114//3074 3117//3074 3116//3074 3113//3074
f 3120//3075 3121//3075 3119//3075 3118//3075
f 1558//3076 3121//3076 3120//3076 1557//3076
f 1559//3077 3122//3077 3121//3077 1558//3077
f 2848//3078 3123//3078 3120//3078 2844//3078
f 3123//3079 1560//3079 1557//3079 3120//3079
f 1561//3080 3124//3080 3122//3080 1559//3080
f 1562//3081 3125//3081 3124//3081 1561//3081
f 1563//3082 3126//3082 3125//3082 1562//3082
f 3119//2791 3128//2791 3127//2791 3118//2791
f 3120//3083 3129//3083 2853//3083 2844//3083
f 3129//3084 3120//3084 3118//3084 3127//3084
f 3130//3085 3129//3085 3127//3085 3128//3085
f 3121//3086 3130//3086 3128//3086 3119//3086
f 3122//3087 3131//3087 3130//3087 3121//3087
f 3133//3088 3132//3088 3130//3088 3131//3088
f 3124//3089 3133//3089 3131//3089 3122//3089
f 3125//3090 3134//3090 3133//3090 3124//3090
f 3126//3091 3135//3091 3134//3091 3125//3091
f 3129//3092 3136//3092 2859//3092 2853//3092
f 3130//3093 3137//3093 3136//3093 3129//3093
f 3138//3094 2863//3094 2859//3094 3136//3094
f 3139//3095 3138//3095 3136//3095 3137//3095
f 3132//3096 3139//3096 3137//3096 3130//3096
f 3133//3097 3140//3097 3139//3097 3132//3097
f 3134//3098 3141//3098 3140//3098 3133//3098
f 3138//3099 3142//3099 2866//3099 2863//3099
f 3139//3100 3143//3100 3142//3100 3138//3100
f 3140//3101 3144//3101 3143//3101 3139//3101
f 3141//3102 3145//3102 3144//3102 3140//3102
f 3142//3103 3146//3103 2868//3103 2866//3103
f 3143//3104 3147//3104 3146//3104 3142//3104
f 3151//3105 1666//3105 978//3105 2407//3105
f 3152//3106 1667//3106 1666//3106 3151//3106
f 3153//3107 1668//3107 1667//3107 3152//3107
f 3154//3108 1669//3108 1668//3108 3153//3108
f 3155//3109 1670//3109 1669//3109 3154//3109
f 1672//3110 3157//3110 3156//3110 1671//3110
f 3157//3111 1672//3111 1670//3111 3155//3111
f 1674//3112 3159//3112 3158//3112 1673//3112
f 3159//3113 1674//3113 1671//3113 3156//3113
f 1676//3114 3161//3114 3160//3114 1675//3114
f 3161//3115 1676//3115 1673//3115 3158//3115
f 3162//3116 3151//3116 2407//3116 2417//3116
f 3163//3117 3152//3117 3151//3117 3162//3117
f 3164//3118 3153//3118 3152//3118 3163//3118
f 3165//3119 3154//3119 3153//3119 3164//3119
f 3167//3120 3155//3120 3154//3120 3165//3120
f 3168//3121 3169//3121 3167//3121 3166//3121
f 3157//3122 3169//3122 3168//3122 3156//3122
f 3169//3123 3157//3123 3155//3123 3167//3123
f 3159//3124 3171//3124 3170//3124 3158//3124
f 3171//3125 3159//3125 3156//3125 3168//3125
f 3161//3126 3173//3126 3172//3126 3160//3126
f 3173//3127 3161//3127 3158//3127 3170//3127
f 3174//3128 3162//3128 2417//3128 2428//3128
f 3175//3129 3163//3129 3162//3129 3174//3129
f 3176//3130 3164//3130 3163//3130 3175//3130
f 3177//3131 3165//3131 3164//3131 3176//3131
f 3167//3132 3179//3132 3178//3132 3166//3132
f 3179//3133 3167//3133 3165//3133 3177//3133
f 3180//3134 3168//3134 3166//3134 3178//3134
f 3171//3135 3182//3135 3181//3135 3170//3135
f 3182//3136 3171//3136 3168//3136 3180//3136
f 3173//3137 3184//3137 3183//3137 3172//3137
f 3184//3138 3173//3138 3170//3138 3181//3138
f 3185//3139 3174//3139 2428//3139 2440//3139
f 3186//3140 3175//3140 3174//3140 3185//3140
f 3187//3141 3176//3141 3175//3141 3186//3141
f 3189//3142 3177//3142 3176//3142 3187//3142
f 3190//3143 3191//3143 3189//3143 3188//3143
f 3179//3144 3191//3144 3190//3144 3178//3144
f 3191//3145 3179//3145 3177//3145 3189//3145
f 3193//3146 3180//3146 3178//3146 3190//3146
f 3194//3147 3195//3147 3193//3147 3192//3147
f 3182//3148 3195//3148 3194//3148 3181//3148
f 3195//3149 3182//3149 3180//3149 3193//3149
f 3184//3150 3198//3150 3197//3150 3183//3150
f 3198//3151 3184//3151 3181//3151 3194//3151
f 3200//3152 3185//3152 2440//3152 2454//3152
f 3201//3153 3202//3153 3200//3153 3199//3153
f 3202//3154 3186//3154 3185//3154 3200//3154
f 3203//3155 3204//3155 3202//3155 3201//3155
f 3204//3156 3187//3156 3186//3156 3202//3156
f 3205//3157 3206//3157 3204//3157 3203//3157
f 3189//3158 3206//3158 3205//3158 3188//3158
f 3206//3159 3189//3159 3187//3159 3204//3159
f 3207//3160 3190//3160 3188//3160 3205//3160
f 3193//3161 3209//3161 3208//3161 3192//3161
f 3209//3162 3193//3162 3190//3162 3207//3162
f 3211//3163 3194//3163 3192//3163 3208//3163
f 3197//3164 3213//3164 3212//3164 3196//3164
f 3213//3165 3214//3165 3211//3165 3210//3165
f 3198//3166 3214//3166 3213//3166 3197//3166
f 3214//3167 3198//3167 3194//3167 3211//3167
f 3215//3168 3216//3168 2466//3168 2465//3168
f 3200//3169 3216//3169 3215//3169 3199//3169
f 3216//3170 3200//3170 2454//3170 2466//3170
f 3217//3171 3201//3171 3199//3171 3215//3171
f 3218//3172 3203//3172 3201//3172 3217//3172
f 3219//3173 3205//3173 3203//3173 3218//3173
f 3221//3174 3207//3174 3205//3174 3219//3174
f 3222//3175 3223//3175 3221//3175 3220//3175
f 3209//3176 3223//3176 3222//3176 3208//3176
f 3223//3177 3209//3177 3207//3177 3221//3177
f 3211//3178 3225//3178 3224//3178 3210//3178
f 3225//3179 3211//3179 3208//3179 3222//3179
f 3213//3180 3228//3180 3227//3180 3212//3180
f 3228//3181 3213//3181 3210//3181 3224//3181
f 3229//3182 3215//3182 2465//3182 2480//3182
f 3230//3183 3217//3183 3215//3183 3229//3183
f 3232//3184 3218//3184 3217//3184 3230//3184
f 3233//3185 3234//3185 3232//3185 3231//3185
f 3234//3186 3219//3186 3218//3186 3232//3186
f 3235//3187 3236//3187 3234//3187 3233//3187
f 3221//3188 3236//3188 3235//3188 3220//3188
f 3236//3189 3221//3189 3219//3189 3234//3189
f 3238//3190 3222//3190 3220//3190 3235//3190
f 3240//3191 3241//3191 3238//3191 3237//3191
f 3225//3192 3241//3192 3240//3192 3224//3192
f 3241//3193 3225//3193 3222//3193 3238//3193
f 3227//3194 3243//3194 3242//3194 3226//3194
f 3243//3195 3244//3195 3240//3195 3239//3195
f 3228//3196 3244//3196 3243//3196 3227//3196
f 3244//3197 3228//3197 3224//3197 3240//3197
f 3245//3198 3246//3198 2495//3198 2494//3198
f 3246//3199 3229//3199 2480//3199 2495//3199
f 3247//3200 3248//3200 3246//3200 3245//3200
f 3248//3201 3230//3201 3229//3201 3246//3201
f 3249//3202 3250//3202 3248//3202 3247//3202
f 3232//3203 3250//3203 3249//3203 3231//3203
f 3250//3204 3232//3204 3230//3204 3248//3204
f 3252//3205 3233//3205 3231//3205 3249//3205
f 3253//3206 3254//3206 3252//3206 3251//3206
f 3254//3207 3235//3207 3233//3207 3252//3207
f 3256//3208 3257//3208 3254//3208 3253//3208
f 3238//3209 3257//3209 3256//3209 3237//3209
f 3257//3210 3238//3210 3235//3210 3254//3210
f 3259//3211 3260//3211 3256//3211 3255//3211
f 3240//3212 3260//3212 3259//3212 3239//3212
f 3260//3213 3240//3213 3237//3213 3256//3213
f 3242//3214 3261//3214 3150//3214 3148//3214
f 3261//3215 3262//3215 3259//3215 3258//3215
f 3243//3216 3262//3216 3261//3216 3242//3216
f 3262//3217 3243//3217 3239//3217 3259//3217
f 2891//3218 3263//3218 3123//3218 2848//3218
f 3263//3219 1728//3219 1560//3219 3123//3219
f 1729//3220 3264//3220 3126//3220 1563//3220
f 1730//3221 3265//3221 3264//3221 1729//3221
f 1731//3222 3266//3222 3265//3222 1730//3222
f 1732//3223 3267//3223 3266//3223 1731//3223
f 2892//3224 3268//3224 3263//3224 2891//3224
f 1733//2791 3268//2791 2892//2791 1363//2791
f 3268//3225 1733//3225 1728//3225 3263//3225
f 3272//3226 3271//3226 3269//3226 3270//3226
f 3274//3227 3273//3227 3271//3227 3272//3227
f 3277//3228 3276//3228 3273//3228 3274//3228
f 3278//3229 3277//3229 3274//3229 3275//3229
f 3280//3230 3279//3230 3134//3230 3135//3230
f 3264//3231 3280//3231 3135//3231 3126//3231
f 3265//3232 3281//3232 3280//3232 3264//3232
f 3266//3233 3282//3233 3281//3233 3265//3233
f 3267//3234 3283//3234 3282//3234 3266//3234
f 3285//3235 3270//3235 3269//3235 3284//3235
f 3271//3236 3286//3236 3284//3236 3269//3236
f 3286//3237 3287//3237 3285//3237 3284//3237
f 3287//3238 3272//3238 3270//3238 3285//3238
f 3273//3239 3288//3239 3286//3239 3271//3239
f 3288//3240 3289//3240 3287//3240 3286//3240
f 3289//3241 3274//3241 3272//3241 3287//3241
f 3290//3242 3275//3242 3274//3242 3289//3242
f 3276//3243 3291//3243 3288//3243 3273//3243
f 3277//3244 3292//3244 3291//3244 3276//3244
f 3278//3245 3293//3245 3292//3245 3277//3245
f 3293//3246 3278//3246 3275//3246 3290//3246
f 3279//3247 3294//3247 3141//3247 3134//3247
f 3280//3248 3295//3248 3294//3248 3279//3248
f 3281//3249 3296//3249 3295//3249 3280//3249
f 3282//3250 3297//3250 3296//3250 3281//3250
f 3283//3251 3298//3251 3297//3251 3282//3251
f 3300//3252 3289//3252 3288//3252 3299//3252
f 3301//3253 3290//3253 3289//3253 3300//3253
f 3291//3254 3302//3254 3299//3254 3288//3254
f 3302//3255 3303//3255 3300//3255 3299//3255
f 3292//3256 3303//3256 3302//3256 3291//3256
f 3303//3257 3304//3257 3301//3257 3300//3257
f 3293//3258 3304//3258 3303//3258 3292//3258
f 3304//3259 3293//3259 3290//3259 3301//3259
f 3306//3260 3305//3260 3143//3260 3144//3260
f 3307//3261 3306//3261 3144//3261 3145//3261
f 3294//3262 3307//3262 3145//3262 3141//3262
f 3295//3263 3308//3263 3307//3263 3294//3263
f 3296//3264 3309//3264 3308//3264 3295//3264
f 3297//3265 3310//3265 3309//3265 3296//3265
f 3298//3266 3311//3266 3310//3266 3297//3266
f 3312//3267 2918//3267 2868//3267 3146//3267
f 3313//3268 3312//3268 3146//3268 3147//3268
f 3305//3269 3313//3269 3147//3269 3143//3269
f 3306//3270 3314//3270 3313//3270 3305//3270
f 3307//3271 3315//3271 3314//3271 3306//3271
f 3308//3272 3316//3272 3315//3272 3307//3272
f 3309//3273 3317//3273 3316//3273 3308//3273
f 3310//3274 3318//3274 3317//3274 3309//3274
f 3311//3275 3319//3275 3318//3275 3310//3275
f 3312//3276 3320//3276 2926//3276 2918//3276
f 3313//3277 3321//3277 3320//3277 3312//3277
f 3314//3278 3322//3278 3321//3278 3313//3278
f 3315//3279 3323//3279 3322//3279 3314//3279
f 3316//3280 3324//3280 3323//3280 3315//3280
f 3317//3281 3325//3281 3324//3281 3316//3281
f 3318//3282 3326//3282 3325//3282 3317//3282
f 3319//3283 3327//3283 3326//3283 3318//3283
f 3320//3284 3328//3284 2934//3284 2926//3284
f 3321//3285 3329//3285 3328//3285 3320//3285
f 3322//3286 3330//3286 3329//3286 3321//3286
f 3323//3287 3331//3287 3330//3287 3322//3287
f 3324//3288 3332//3288 3331//3288 3323//3288
f 3325//3289 3333//3289 3332//3289 3324//3289
f 3326//3290 3334//3290 3333//3290 3325//3290
f 3327//3291 3335//3291 3334//3291 3326//3291
f 3328//3292 3336//3292 2942//3292 2934//3292
f 3329//3293 3337//3293 3336//3293 3328//3293
f 3330//3294 3338//3294 3337//3294 3329//3294
f 3331//3295 3339//3295 3338//3295 3330//3295
f 3332//3296 3340//3296 3339//3296 3331//3296
f 3333//3297 3341//3297 3340//3297 3332//3297
f 3334//3298 3342//3298 3341//3298 3333//3298
f 3342//3299 3343//3299 3150//3299 3149//3299
f 3335//3300 3343//3300 3342//3300 3334//3300
f 3343//3301 3335//3301 3148//3301 3150//3301
f 1747//3302 3344//3302 3267//3302 1732//3302
f 1748//3303 3345//3303 3344//3303 1747//3303
f 1749//3304 3346//3304 3345//3304 1748//3304
f 3346//3305 1749//3305 1675//3305 3160//3305
f 3344//3306 3347//3306 3283//3306 3267//3306
f 3345//3307 3348//3307 3347//3307 3344//3307
f 3346//3308 3349//3308 3348//3308 3345//3308
f 3349//3309 3346//3309 3160//3309 3172//3309
f 3347//3310 3350//3310 3298//3310 3283//3310
f 3348//3311 3351//3311 3350//3311 3347//3311
f 3349//3312 3352//3312 3351//3312 3348//3312
f 3352//3313 3349//3313 3172//3313 3183//3313
f 3350//3314 3353//3314 3311//3314 3298//3314
f 3351//3315 3354//3315 3353//3315 3350//3315
f 3354//3316 3355//3316 3197//3316 3196//3316
f 3352//3317 3355//3317 3354//3317 3351//3317
f 3355//3318 3352//3318 3183//3318 3197//3318
f 3353//3319 3356//3319 3319//3319 3311//3319
f 3354//3320 3357//3320 3356//3320 3353//3320
f 3357//3321 3354//3321 3196//3321 3212//3321
f 3356//3322 3358//3322 3327//3322 3319//3322
f 3358//3323 3359//3323 3227//3323 3226//3323
f 3357//3324 3359//3324 3358//3324 3356//3324
f 3359//3325 3357//3325 3212//3325 3227//3325
f 3335//3326 3360//3326 3242//3326 3148//3326
f 3358//3327 3360//3327 3335//3327 3327//3327
f 3360//3328 3358//3328 3226//3328 3242//3328
f 3150//3329 3364//3329 3363//3329 3149//3329
f 3363//3330 3372//3330 3371//3330 3362//3330
f 3372//3331 3373//3331 3367//3331 3366//3331
f 3364//3332 3373//3332 3372//3332 3363//3332
f 3373//3333 3364//3333 3361//3333 3367//3333
f 3381//3334 3382//3334 3377//3334 3376//3334
f 3382//3335 3383//3335 3378//3335 3377//3335
f 3367//3336 3383//3336 3382//3336 3366//3336
f 3383//3337 3367//3337 3365//3337 3378//3337
f 3369//3338 3387//3338 3386//3338 3368//3338
f 3387//3339 3388//3339 3380//3339 3379//3339
f 3370//3340 3388//3340 3387//3340 3369//3340
f 3388//3341 3389//3341 3381//3341 3380//3341
f 3371//3342 3389//3342 3388//3342 3370//3342
f 3389//3343 3390//3343 3382//3343 3381//3343
f 3372//3344 3390//3344 3389//3344 3371//3344
f 3390//3345 3372//3345 3366//3345 3382//3345
f 3394//3346 3395//3346 3393//3346 3392//3346
f 3397//3347 3398//3347 3395//3347 3394//3347
f 3400//3348 3401//3348 3397//3348 3396//3348
f 3401//3349 3402//3349 3398//3349 3397//3349
f 3402//3350 3375//3350 3374//3350 3398//3350
f 3405//3351 3406//3351 3400//3351 3399//3351
f 3406//3352 3407//3352 3401//3352 3400//3352
f 3377//3353 3407//3353 3406//3353 3376//3353
f 3407//3354 3408//3354 3402//3354 3401//3354
f 3378//3355 3408//3355 3407//3355 3377//3355
f 3408//3356 3378//3356 3375//3356 3402//3356
f 3411//3357 3412//3357 3404//3357 3403//3357
f 3412//3358 3413//3358 3405//3358 3404//3358
f 3380//3359 3413//3359 3412//3359 3379//3359
f 3413//3360 3414//3360 3406//3360 3405//3360
f 3381//3361 3414//3361 3413//3361 3380//3361
f 3414//3362 3381//3362 3376//3362 3406//3362
f 3046//3363 3415//3363 3409//3363 3042//3363
f 3384//3364 3415//3364 3046//3364 3022//3364
f 3415//3365 3416//3365 3410//3365 3409//3365
f 3385//3366 3416//3366 3415//3366 3384//3366
f 3416//3367 3417//3367 3411//3367 3410//3367
f 3386//3368 3417//3368 3416//3368 3385//3368
f 3417//3369 3418//3369 3412//3369 3411//3369
f 3387//3370 3418//3370 3417//3370 3386//3370
f 3418//3371 3387//3371 3379//3371 3412//3371
f 3420//3372 3421//3372 2640//3372 2639//3372
f 3421//3373 3422//3373 2641//3373 2640//3373
f 3422//3374 3391//3374 2604//3374 2641//3374
f 3423//3375 3424//3375 3420//3375 3419//3375
f 3424//3376 3425//3376 3421//3376 3420//3376
f 3425//3377 3426//3377 3422//3377 3421//3377
f 3393//3378 3426//3378 3425//3378 3392//3378
f 3426//3379 3393//3379 3391//3379 3422//3379
f 3428//3380 3429//3380 3424//3380 3423//3380
f 3429//3381 3430//3381 3425//3381 3424//3381
f 3430//3382 3394//3382 3392//3382 3425//3382
f 3432//3383 3433//3383 3428//3383 3427//3383
f 3433//3384 3434//3384 3429//3384 3428//3384
f 3434//3385 3435//3385 3430//3385 3429//3385
f 3397//3386 3435//3386 3434//3386 3396//3386
f 3435//3387 3397//3387 3394//3387 3430//3387
f 3438//3388 3439//3388 3432//3388 3431//3388
f 3439//3389 3440//3389 3433//3389 3432//3389
f 3440//3390 3441//3390 3434//3390 3433//3390
f 3400//3391 3441//3391 3440//3391 3399//3391
f 3441//3392 3400//3392 3396//3392 3434//3392
f 3072//3393 3442//3393 3436//3393 3067//3393
f 3442//3394 3443//3394 3437//3394 3436//3394
f 3443//3395 3444//3395 3438//3395 3437//3395
f 3444//3396 3445//3396 3439//3396 3438//3396
f 3404//3397 3445//3397 3444//3397 3403//3397
f 3445//3398 3446//3398 3440//3398 3439//3398
f 3405//3399 3446//3399 3445//3399 3404//3399
f 3446//3400 3405//3400 3399//3400 3440//3400
f 3076//3401 3447//3401 3442//3401 3072//3401
f 3409//3402 3447//3402 3076//3402 3042//3402
f 3447//3403 3448//3403 3443//3403 3442//3403
f 3410//3404 3448//3404 3447//3404 3409//3404
f 3448//3405 3449//3405 3444//3405 3443//3405
f 3411//3406 3449//3406 3448//3406 3410//3406
f 3449//3407 3411//3407 3403//3407 3444//3407
f 3082//3408 3450//3408 2667//3408 2245//3408
f 3450//3409 3451//3409 2668//3409 2667//3409
f 3451//3410 3452//3410 2669//3410 2668//3410
f 3452//3411 3453//3411 2670//3411 2669//3411
f 3453//3412 3454//3412 2671//3412 2670//3412
f 3454//3413 3455//3413 2672//3413 2671//3413
f 3420//3414 3455//3414 3454//3414 3419//3414
f 3455//3415 3420//3415 2639//3415 2672//3415
f 3088//3416 3456//3416 3450//3416 3082//3416
f 3456//3417 3457//3417 3451//3417 3450//3417
f 3457//3418 3458//3418 3452//3418 3451//3418
f 3458//3419 3459//3419 3453//3419 3452//3419
f 3459//3420 3460//3420 3454//3420 3453//3420
f 3460//3421 3423//3421 3419//3421 3454//3421
f 3094//3422 3461//3422 3456//3422 3088//3422
f 3461//3423 3462//3423 3457//3423 3456//3423
f 3462//3424 3463//3424 3458//3424 3457//3424
f 3463//3425 3464//3425 3459//3425 3458//3425
f 3464//3426 3465//3426 3460//3426 3459//3426
f 3428//3427 3465//3427 3464//3427 3427//3427
f 3465//3428 3428//3428 3423//3428 3460//3428
f 3099//3429 3466//3429 3461//3429 3094//3429
f 3466//3430 3467//3430 3462//3430 3461//3430
f 3467//3431 3468//3431 3463//3431 3462//3431
f 3468//3432 3469//3432 3464//3432 3463//3432
f 3432//3433 3469//3433 3468//3433 3431//3433
f 3469//3434 3432//3434 3427//3434 3464//3434
f 3103//3435 3470//3435 3466//3435 3099//3435
f 3436//3436 3470//3436 3103//3436 3067//3436
f 3470//3437 3471//3437 3467//3437 3466//3437
f 3437//3438 3471//3438 3470//3438 3436//3438
f 3471//3439 3472//3439 3468//3439 3467//3439
f 3438//3440 3472//3440 3471//3440 3437//3440
f 3472//3441 3438//3441 3431//3441 3468//3441
f 3473//3442 3474//3442 2688//3442 2687//3442
f 3474//3443 3245//3443 2494//3443 2688//3443
f 3475//3444 3476//3444 3474//3444 3473//3444
f 3476//3445 3247//3445 3245//3445 3474//3445
f 3477//3446 3478//3446 3476//3446 3475//3446
f 3478//3447 3249//3447 3247//3447 3476//3447
f 3479//3448 3480//3448 3478//3448 3477//3448
f 3252//3449 3480//3449 3479//3449 3251//3449
f 3480//3450 3252//3450 3249//3450 3478//3450
f 3482//3451 3253//3451 3251//3451 3479//3451
f 3484//3452 3485//3452 3482//3452 3481//3452
f 3256//3453 3485//3453 3484//3453 3255//3453
f 3485//3454 3256//3454 3253//3454 3482//3454
f 3486//3455 3487//3455 3484//3455 3483//3455
f 3259//3456 3487//3456 3486//3456 3258//3456
f 3487//3457 3259//3457 3255//3457 3484//3457
f 3364//3458 3488//3458 3486//3458 3361//3458
f 3261//3459 3488//3459 3364//3459 3150//3459
f 3488//3460 3261//3460 3258//3460 3486//3460
f 3490//3461 3473//3461 2687//3461 2704//3461
f 3491//3462 3492//3462 3490//3462 3489//3462
f 3492//3463 3475//3463 3473//3463 3490//3463
f 3493//3464 3494//3464 3492//3464 3491//3464
f 3494//3465 3477//3465 3475//3465 3492//3465
f 3495//3466 3496//3466 3494//3466 3493//3466
f 3496//3467 3479//3467 3477//3467 3494//3467
f 3498//3468 3499//3468 3496//3468 3495//3468
f 3482//3469 3499//3469 3498//3469 3481//3469
f 3499//3470 3482//3470 3479//3470 3496//3470
f 3500//3471 3501//3471 3498//3471 3497//3471
f 3484//3472 3501//3472 3500//3472 3483//3472
f 3501//3473 3484//3473 3481//3473 3498//3473
f 3367//3474 3502//3474 3500//3474 3365//3474
f 3486//3475 3502//3475 3367//3475 3361//3475
f 3502//3476 3486//3476 3483//3476 3500//3476
f 3503//3477 3504//3477 2718//3477 2717//3477
f 3504//3478 3505//3478 2719//3478 2718//3478
f 3490//3479 3505//3479 3504//3479 3489//3479
f 3505//3480 3490//3480 2704//3480 2719//3480
f 3506//3481 3507//3481 3504//3481 3503//3481
f 3507//3482 3491//3482 3489//3482 3504//3482
f 3508//3483 3509//3483 3507//3483 3506//3483
f 3509//3484 3493//3484 3491//3484 3507//3484
f 3510//3485 3511//3485 3509//3485 3508//3485
f 3511//3486 3495//3486 3493//3486 3509//3486
f 3375//3487 3512//3487 3510//3487 3374//3487
f 3512//3488 3513//3488 3511//3488 3510//3488
f 3498//3489 3513//3489 3512//3489 3497//3489
f 3513//3490 3498//3490 3495//3490 3511//3490
f 3378//3491 3514//3491 3512//3491 3375//3491
f 3500//3492 3514//3492 3378//3492 3365//3492
f 3514//3493 3500//3493 3497//3493 3512//3493
f 3391//3494 3515//3494 2724//3494 2604//3494
f 3515//3495 3503//3495 2717//3495 2724//3495
f 3393//3496 3516//3496 3515//3496 3391//3496
f 3516//3497 3506//3497 3503//3497 3515//3497
f 3395//3498 3517//3498 3516//3498 3393//3498
f 3517//3499 3508//3499 3506//3499 3516//3499
f 3398//3500 3518//3500 3517//3500 3395//3500
f 3510//3501 3518//3501 3398//3501 3374//3501
f 3518//3502 3510//3502 3508//3502 3517//3502
f 3336//3503 3519//3503 3109//3503 2942//3503
f 3337//3504 3520//3504 3519//3504 3336//3504
f 3338//3505 3521//3505 3520//3505 3337//3505
f 3339//3506 3522//3506 3521//3506 3338//3506
f 3340//3507 3523//3507 3522//3507 3339//3507
f 3341//3508 3524//3508 3523//3508 3340//3508
f 3524//3509 3525//3509 3363//3509 3362//3509
f 3342//3510 3525//3510 3524//3510 3341//3510
f 3525//3511 3342//3511 3149//3511 3363//3511
f 3519//3512 3526//3512 3114//3512 3109//3512
f 3520//3513 3527//3513 3526//3513 3519//3513
f 3521//3514 3528//3514 3527//3514 3520//3514
f 3528//3515 3529//3515 3369//3515 3368//3515
f 3522//3516 3529//3516 3528//3516 3521//3516
f 3529//3517 3530//3517 3370//3517 3369//3517
f 3523//3518 3530//3518 3529//3518 3522//3518
f 3530//3519 3531//3519 3371//3519 3370//3519
f 3524//3520 3531//3520 3530//3520 3523//3520
f 3531//3521 3524//3521 3362//3521 3371//3521
f 3117//3522 3532//3522 3384//3522 3022//3522
f 3526//3523 3532//3523 3117//3523 3114//3523
f 3532//3524 3533//3524 3385//3524 3384//3524
f 3527//3525 3533//3525 3532//3525 3526//3525
f 3533//3526 3534//3526 3386//3526 3385//3526
f 3528//3527 3534//3527 3533//3527 3527//3527
f 3534//3528 3528//3528 3368//3528 3386//3528
